index,Date,Open,High,Low,Close,volume,oi
0,2016-02-19,14243.45,14395.85,14207.35,14344.2,0,0
1,2016-02-22,14331.2,14467.15,14322.65,14384.8,0,0
2,2016-02-23,14373.3,14373.3,13961.75,14008.35,0,0
3,2016-02-24,13873.7,13974.5,13760.25,13794.05,0,0
4,2016-02-25,13844.45,13844.45,13519.9,13555.7,0,0
5,2016-02-26,13715.1,13889.25,13595.2,13791.45,0,0
6,2016-02-29,13818.9,14222.3,13407.25,13946.4,0,0
7,2016-03-01,14064.8,14445.7,14064.8,14412.9,0,0
8,2016-03-02,14770.35,15138.7,14767.3,15092.45,0,0
9,2016-03-03,15150.05,15206.25,15000.05,15177.75,0,0
10,2016-03-04,15243.75,15451.75,15005.5,15339.2,0,0
11,2016-03-08,15323.45,15326.65,15066.5,15146.5,0,0
12,2016-03-09,15022.35,15331.25,14989.4,15279.05,0,0
13,2016-03-10,15347.45,15354.15,15098.5,15180.65,0,0
14,2016-03-11,15133.75,15343.55,15024.8,15168.2,0,0
15,2016-03-14,15309.05,15416.15,15220.15,15277.8,0,0
16,2016-03-15,15310.45,15386.85,15268.1,15326.8,0,0
17,2016-03-16,15304.35,15489.5,15178.3,15461.7,0,0
18,2016-03-17,15622.3,15704.75,15312.5,15444.0,0,0
19,2016-03-18,15485.8,15678.55,15456.2,15654.85,0,0
20,2016-03-21,15735.55,15945.8,15735.55,15926.1,0,0
21,2016-03-22,15930.45,15967.85,15779.15,15936.0,0,0
22,2016-03-23,15884.25,15919.6,15799.95,15887.75,0,0
23,2016-03-28,15867.75,15890.7,15522.2,15604.9,0,0
24,2016-03-29,15583.1,15774.1,15580.8,15666.25,0,0
25,2016-03-30,15829.6,16167.5,15762.2,16134.85,0,0
26,2016-03-31,16134.4,16282.75,16062.05,16141.65,0,0
27,2016-04-01,16099.65,16235.8,16020.6,16174.9,0,0
28,2016-04-04,16236.9,16278.5,16046.5,16190.6,0,0
29,2016-04-05,16127.45,16147.15,15659.75,15695.0,0,0
30,2016-04-06,15750.15,15768.55,15578.55,15636.95,0,0
31,2016-04-07,15668.95,15726.6,15458.05,15530.75,0,0
32,2016-04-08,15519.3,15642.7,15483.05,15568.35,0,0
33,2016-04-11,15623.35,15853.85,15440.25,15818.5,0,0
34,2016-04-12,15809.1,15958.8,15794.15,15880.2,0,0
35,2016-04-13,16087.95,16349.7,16080.55,16278.55,0,0
36,2016-04-18,16328.7,16330.55,16011.9,16222.7,0,0
37,2016-04-20,16299.5,16386.35,16160.55,16349.7,0,0
38,2016-04-21,16526.55,16769.55,16526.55,16637.15,0,0
39,2016-04-22,16641.05,16755.85,16549.1,16703.4,0,0
40,2016-04-25,16746.95,16767.9,16605.0,16678.65,0,0
41,2016-04-26,16647.75,17029.85,16572.0,17002.55,0,0
42,2016-04-27,16869.35,16995.0,16827.35,16872.95,0,0
43,2016-04-28,16885.8,17023.35,16692.7,16716.9,0,0
44,2016-04-29,16712.95,16841.3,16527.55,16795.0,0,0
45,2016-05-02,16614.0,16674.15,16519.55,16543.0,0,0
46,2016-05-03,16570.75,16719.4,16358.4,16388.7,0,0
47,2016-05-04,16320.1,16465.6,16250.5,16274.25,0,0
48,2016-05-05,16292.4,16398.25,16193.7,16281.0,0,0
49,2016-05-06,16264.45,16346.25,16186.25,16296.6,0,0
50,2016-05-09,16357.0,16712.9,16357.0,16686.1,0,0
51,2016-05-10,16710.05,16812.2,16613.9,16784.95,0,0
52,2016-05-11,16544.25,16861.95,16518.75,16754.45,0,0
53,2016-05-12,16881.25,16962.0,16779.5,16923.7,0,0
54,2016-05-13,16891.7,16891.7,16594.55,16716.9,0,0
55,2016-05-16,16744.15,16780.05,16431.65,16737.55,0,0
56,2016-05-17,16818.4,16903.35,16738.7,16762.75,0,0
57,2016-05-18,16671.7,16759.05,16556.6,16728.95,0,0
58,2016-05-19,16725.45,16726.15,16535.75,16565.25,0,0
59,2016-05-20,16600.8,16623.2,16455.4,16481.45,0,0
60,2016-05-23,16560.15,16604.15,16368.0,16407.55,0,0
61,2016-05-24,16422.35,16501.05,16368.6,16456.65,0,0
62,2016-05-25,16600.65,17025.85,16599.05,16997.45,0,0
63,2016-05-26,17037.6,17424.05,16971.35,17359.3,0,0
64,2016-05-27,17348.35,17543.3,17327.65,17511.8,0,0
65,2016-05-30,17580.85,17666.05,17484.8,17520.65,0,0
66,2016-05-31,17615.1,17648.25,17462.2,17620.9,0,0
67,2016-06-01,17670.85,17670.85,17392.85,17423.45,0,0
68,2016-06-02,17405.15,17596.4,17350.45,17567.8,0,0
69,2016-06-03,17657.2,17762.05,17649.05,17680.8,0,0
70,2016-06-06,17710.45,17754.15,17636.9,17671.4,0,0
71,2016-06-07,17796.55,18000.95,17713.35,17948.15,0,0
72,2016-06-08,17976.25,17995.8,17855.2,17946.8,0,0
73,2016-06-09,17955.8,17986.15,17801.55,17887.7,0,0
74,2016-06-10,17830.2,18051.5,17815.25,17828.6,0,0
75,2016-06-13,17620.55,17666.55,17527.55,17593.95,0,0
76,2016-06-14,17698.95,17719.85,17575.95,17672.4,0,0
77,2016-06-15,17746.05,17943.65,17659.6,17917.9,0,0
78,2016-06-16,17827.6,17827.6,17545.8,17671.3,0,0
79,2016-06-17,17772.3,17843.15,17590.75,17696.05,0,0
80,2016-06-20,17425.8,17779.0,17425.8,17718.6,0,0
81,2016-06-21,17761.65,17763.3,17585.65,17619.1,0,0
82,2016-06-22,17610.1,17755.25,17518.15,17626.05,0,0
83,2016-06-23,17630.8,17907.5,17611.0,17892.45,0,0
84,2016-06-24,17213.85,17459.2,16946.35,17426.05,0,0
85,2016-06-27,17346.3,17611.2,17346.3,17514.95,0,0
86,2016-06-28,17497.0,17626.7,17481.5,17561.55,0,0
87,2016-06-29,17643.65,17728.95,17580.5,17689.9,0,0
88,2016-06-30,17825.3,17975.05,17795.9,17935.4,0,0
89,2016-07-01,18019.7,18074.95,17955.3,17985.65,0,0
90,2016-07-04,18091.75,18146.35,18054.8,18097.65,0,0
91,2016-07-05,18122.4,18124.1,17989.6,18004.25,0,0
92,2016-07-07,18036.3,18146.55,17997.1,18084.9,0,0
93,2016-07-08,18078.05,18079.2,17910.9,18016.25,0,0
94,2016-07-11,18268.15,18409.45,18243.3,18390.95,0,0
95,2016-07-12,18527.85,18684.45,18464.15,18667.6,0,0
96,2016-07-13,18704.9,18711.6,18546.25,18618.95,0,0
97,2016-07-14,18633.5,18880.9,18580.2,18863.75,0,0
98,2016-07-15,18887.9,19016.1,18772.45,18953.65,0,0
99,2016-07-18,18998.3,19158.0,18885.0,18923.4,0,0
100,2016-07-19,18970.15,19030.05,18833.6,18905.15,0,0
101,2016-07-20,18896.8,19016.25,18886.3,18968.2,0,0
102,2016-07-21,18967.4,19000.3,18644.55,18674.3,0,0
103,2016-07-22,18697.8,18735.4,18551.3,18690.4,0,0
104,2016-07-25,18594.95,19035.35,18572.1,18989.6,0,0
105,2016-07-26,18979.1,19044.45,18814.25,18860.85,0,0
106,2016-07-27,18908.45,19125.0,18882.4,19021.95,0,0
107,2016-07-28,19050.4,19126.75,18998.8,19076.55,0,0
108,2016-07-29,19047.05,19070.15,18912.6,18953.15,0,0
109,2016-08-01,18896.5,19078.5,18634.4,18740.6,0,0
110,2016-08-02,18783.6,18866.55,18671.85,18708.25,0,0
111,2016-08-03,18680.95,18775.4,18542.6,18602.0,0,0
112,2016-08-04,18724.9,18724.9,18443.65,18571.7,0,0
113,2016-08-05,18725.2,18943.15,18708.25,18925.95,0,0
114,2016-08-08,18986.75,19028.7,18896.0,18939.45,0,0
115,2016-08-09,18968.65,19008.15,18838.6,18933.3,0,0
116,2016-08-10,18966.85,18985.25,18611.25,18647.8,0,0
117,2016-08-11,18621.0,18699.2,18537.1,18640.4,0,0
118,2016-08-12,18698.3,18986.8,18695.5,18963.7,0,0
119,2016-08-16,19029.1,19062.2,18839.4,19002.15,0,0
120,2016-08-17,19044.55,19138.35,18966.35,19041.25,0,0
121,2016-08-18,19087.2,19367.45,19083.0,19352.8,0,0
122,2016-08-19,19419.0,19457.4,19327.2,19414.7,0,0
123,2016-08-22,19432.6,19493.2,19252.75,19330.25,0,0
124,2016-08-23,19311.9,19372.65,19246.9,19341.65,0,0
125,2016-08-24,19358.7,19392.2,19284.35,19355.6,0,0
126,2016-08-25,19383.7,19432.75,19282.8,19304.25,0,0
127,2016-08-26,19336.45,19358.0,19133.9,19195.75,0,0
128,2016-08-29,19174.45,19247.85,19096.7,19217.0,0,0
129,2016-08-30,19306.5,19546.35,19306.5,19531.55,0,0
130,2016-08-31,19595.9,19823.4,19595.9,19787.6,0,0
131,2016-09-01,19805.8,19928.2,19738.3,19788.85,0,0
132,2016-09-02,19830.35,19911.25,19787.6,19883.2,0,0
133,2016-09-06,19990.95,20459.45,19990.95,20426.2,0,0
134,2016-09-07,20505.8,20575.8,20376.75,20406.9,0,0
135,2016-09-08,20439.2,20477.4,20335.2,20417.25,0,0
136,2016-09-09,20274.75,20349.7,20139.15,20245.3,0,0
137,2016-09-12,19861.45,19861.45,19735.55,19790.6,0,0
138,2016-09-14,19757.05,19953.15,19732.15,19909.15,0,0
139,2016-09-15,19927.6,19955.4,19730.25,19837.55,0,0
140,2016-09-16,19935.85,20227.2,19783.6,19855.45,0,0
141,2016-09-19,19892.2,20014.4,19849.65,19906.85,0,0
142,2016-09-20,19957.35,19964.3,19797.5,19852.3,0,0
143,2016-09-21,19902.7,19937.85,19749.95,19828.45,0,0
144,2016-09-22,20153.1,20264.8,19996.9,20109.6,0,0
145,2016-09-23,20136.75,20137.55,19861.45,19901.8,0,0
146,2016-09-26,19792.2,19794.15,19568.35,19591.75,0,0
147,2016-09-27,19652.95,19696.45,19479.15,19518.7,0,0
148,2016-09-28,19542.0,19700.0,19509.65,19653.55,0,0
149,2016-09-29,19762.3,19793.2,19059.05,19183.65,0,0
150,2016-09-30,19116.0,19330.85,19085.2,19285.7,0,0
151,2016-10-03,19395.55,19611.25,19363.95,19589.05,0,0
152,2016-10-04,19641.75,19747.45,19527.35,19672.7,0,0
153,2016-10-05,19801.3,19816.5,19492.8,19536.85,0,0
154,2016-10-06,19518.55,19570.7,19325.8,19395.05,0,0
155,2016-10-07,19398.05,19456.0,19318.0,19400.1,0,0
156,2016-10-10,19489.5,19501.45,19351.35,19378.55,0,0
157,2016-10-13,19295.55,19295.55,18824.4,18954.25,0,0
158,2016-10-14,19016.7,19053.5,18926.15,19020.15,0,0
159,2016-10-17,19136.3,19241.75,19002.45,19070.4,0,0
160,2016-10-18,19174.7,19511.8,19162.85,19495.05,0,0
161,2016-10-19,19570.05,19576.3,19322.75,19412.1,0,0
162,2016-10-20,19493.9,19722.85,19479.25,19658.7,0,0
163,2016-10-21,19636.4,19744.0,19516.4,19710.9,0,0
164,2016-10-24,19763.85,19897.85,19751.65,19807.9,0,0
165,2016-10-25,19907.7,19922.7,19711.95,19834.9,0,0
166,2016-10-26,19581.7,19725.9,19434.5,19483.6,0,0
167,2016-10-27,19452.0,19544.2,19252.1,19514.6,0,0
168,2016-10-28,19507.85,19589.7,19362.0,19555.95,0,0
169,2016-10-30,19657.8,19666.8,19484.65,19523.55,0,0
170,2016-11-01,19578.6,19591.65,19417.3,19458.6,0,0
171,2016-11-02,19223.5,19296.55,19158.75,19227.9,0,0
172,2016-11-03,19201.95,19319.65,19119.3,19178.7,0,0
173,2016-11-04,19223.85,19223.9,18961.15,19058.1,0,0
174,2016-11-07,19317.85,19378.0,19233.0,19356.0,0,0
175,2016-11-08,19490.75,19549.45,19322.15,19500.8,0,0
176,2016-11-09,18270.9,19587.8,18143.7,19518.25,0,0
177,2016-11-10,19827.5,20283.15,19787.45,20200.25,0,0
178,2016-11-11,20033.85,20309.65,19704.35,19738.8,0,0
179,2016-11-15,19808.35,19861.75,19240.45,19289.75,0,0
180,2016-11-16,19591.25,19611.9,19088.4,19108.1,0,0
181,2016-11-17,19115.9,19328.75,19009.85,19087.85,0,0
182,2016-11-18,19180.3,19216.35,18897.1,18959.05,0,0
183,2016-11-21,19063.8,19075.95,18351.25,18446.4,0,0
184,2016-11-22,18626.7,18650.5,18322.7,18548.65,0,0
185,2016-11-23,18660.55,18669.05,18449.7,18540.9,0,0
186,2016-11-24,18476.0,18476.35,18215.8,18256.1,0,0
187,2016-11-25,18377.55,18546.35,18266.6,18507.3,0,0
188,2016-11-28,18237.2,18471.65,18187.4,18301.45,0,0
189,2016-11-29,18308.8,18427.4,18188.7,18223.75,0,0
190,2016-11-30,18306.1,18667.85,18262.5,18627.8,0,0
191,2016-12-01,18676.75,18713.1,18389.65,18428.45,0,0
192,2016-12-02,18329.4,18490.5,18163.8,18247.65,0,0
193,2016-12-05,18245.0,18434.25,18189.5,18408.9,0,0
194,2016-12-06,18459.7,18499.75,18365.95,18420.9,0,0
195,2016-12-07,18515.5,18588.75,17952.6,18234.15,0,0
196,2016-12-08,18342.6,18558.75,18336.95,18515.45,0,0
197,2016-12-09,18567.95,18739.65,18432.3,18695.8,0,0
198,2016-12-12,18616.05,18616.05,18364.05,18392.95,0,0
199,2016-12-13,18354.1,18492.85,18291.35,18466.05,0,0
200,2016-12-14,18480.35,18485.45,18322.9,18341.5,0,0
201,2016-12-15,18143.5,18532.0,18122.1,18401.15,0,0
202,2016-12-16,18417.9,18428.45,18268.3,18312.8,0,0
203,2016-12-19,18258.1,18316.8,18215.5,18257.05,0,0
204,2016-12-20,18264.1,18274.9,18009.8,18069.4,0,0
205,2016-12-21,18124.6,18167.15,18043.95,18084.5,0,0
206,2016-12-22,18027.0,18029.6,17839.75,17891.45,0,0
207,2016-12-23,17849.25,17962.3,17819.75,17884.0,0,0
208,2016-12-26,17825.5,17860.85,17606.9,17655.55,0,0
209,2016-12-27,17677.7,17907.35,17616.1,17879.55,0,0
210,2016-12-28,17929.2,18059.65,17829.15,17876.7,0,0
211,2016-12-29,17861.45,18053.3,17829.4,18033.15,0,0
212,2016-12-30,18026.35,18245.75,18016.8,18177.2,0,0
213,2017-01-02,18242.3,18249.0,17844.9,17969.6,0,0
214,2017-01-03,18002.75,18115.05,17830.95,18035.6,0,0
215,2017-01-04,18037.45,18092.85,17868.9,17891.0,0,0
216,2017-01-05,18000.75,18164.05,17977.8,18115.95,0,0
217,2017-01-06,18168.45,18325.5,18157.3,18264.0,0,0
218,2017-01-09,18314.25,18373.1,18256.15,18286.65,0,0
219,2017-01-10,18351.45,18441.15,18275.75,18409.6,0,0
220,2017-01-11,18535.35,18889.45,18515.25,18830.0,0,0
221,2017-01-12,18885.45,18966.3,18805.85,18873.95,0,0
222,2017-01-13,18949.7,18952.25,18781.25,18912.1,0,0
223,2017-01-16,18899.7,19134.5,18865.25,19096.45,0,0
224,2017-01-17,19128.15,19202.25,18981.85,19067.05,0,0
225,2017-01-18,19074.85,19276.5,19072.1,19164.5,0,0
226,2017-01-19,19165.35,19185.3,19046.1,19124.25,0,0
227,2017-01-20,18996.6,19071.65,18793.05,18820.8,0,0
228,2017-01-23,18762.0,18909.65,18722.85,18842.7,0,0
229,2017-01-24,18931.0,19054.3,18906.95,19023.5,0,0
230,2017-01-25,19120.05,19518.45,19114.15,19473.2,0,0
231,2017-01-27,19588.4,19794.95,19534.9,19708.3,0,0
232,2017-01-30,19718.8,19767.05,19561.1,19585.25,0,0
233,2017-01-31,19533.2,19624.1,19435.45,19515.15,0,0
234,2017-02-01,19522.4,20047.85,19470.95,20020.6,0,0
235,2017-02-02,20053.95,20146.9,19915.2,20070.3,0,0
236,2017-02-03,20061.9,20229.65,20009.95,20196.8,0,0
237,2017-02-06,20307.15,20462.45,20298.05,20371.6,0,0
238,2017-02-07,20367.3,20426.95,20281.5,20327.25,0,0
239,2017-02-08,20335.25,20362.8,20070.15,20245.4,0,0
240,2017-02-09,20312.65,20406.6,20000.35,20151.15,0,0
241,2017-02-10,20225.75,20310.0,20167.1,20213.9,0,0
242,2017-02-13,20273.65,20308.7,20116.9,20251.8,0,0
243,2017-02-14,20304.5,20314.05,20158.85,20258.1,0,0
244,2017-02-15,20282.1,20368.2,20115.85,20163.7,0,0
245,2017-02-16,20243.25,20295.55,20088.2,20243.7,0,0
246,2017-02-17,20918.45,21042.35,20449.65,20551.35,0,0
247,2017-02-20,20494.85,20702.6,20472.4,20677.1,0,0
248,2017-02-21,20695.9,20903.35,20619.25,20860.95,0,0
249,2017-02-22,20937.6,20958.25,20829.65,20868.45,0,0
250,2017-02-23,20887.65,21011.9,20828.4,20876.65,0,0
251,2017-02-27,20853.45,20853.45,20584.75,20613.05,0,0
252,2017-02-28,20632.85,20681.3,20560.6,20607.25,0,0
253,2017-03-01,20698.9,20833.75,20678.75,20783.75,0,0
254,2017-03-02,20885.0,20905.0,20516.9,20560.05,0,0
255,2017-03-03,20572.85,20580.45,20423.35,20495.6,0,0
256,2017-03-06,20548.95,20727.5,20532.2,20663.65,0,0
257,2017-03-07,20685.95,20701.25,20585.95,20627.5,0,0
258,2017-03-08,20630.15,20715.2,20534.25,20676.55,0,0
259,2017-03-09,20620.55,20780.25,20603.9,20721.35,0,0
260,2017-03-10,20825.9,20876.95,20648.8,20727.55,0,0
261,2017-03-14,21189.85,21274.45,21059.7,21102.7,0,0
262,2017-03-15,21089.4,21216.9,21063.95,21157.9,0,0
263,2017-03-16,21237.5,21289.8,21194.25,21249.9,0,0
264,2017-03-17,21308.45,21336.05,21127.95,21175.05,0,0
265,2017-03-20,21202.55,21202.55,21084.8,21110.25,0,0
266,2017-03-21,21110.65,21146.5,20967.0,21019.0,0,0
267,2017-03-22,20815.35,20899.0,20753.9,20781.35,0,0
268,2017-03-23,20848.75,20934.75,20775.35,20895.5,0,0
269,2017-03-24,20987.6,21174.1,20929.15,21122.55,0,0
270,2017-03-27,21178.1,21179.2,20979.55,21056.9,0,0
271,2017-03-28,21229.0,21264.95,21145.0,21225.4,0,0
272,2017-03-29,21291.45,21418.6,21255.75,21391.15,0,0
273,2017-03-30,21374.35,21696.0,21331.9,21620.7,0,0
274,2017-03-31,21551.85,21574.15,21414.0,21444.15,0,0
275,2017-04-03,21539.2,21565.45,21408.6,21547.75,0,0
276,2017-04-05,21602.2,21699.3,21499.75,21652.7,0,0
277,2017-04-06,21572.7,21674.0,21488.9,21622.95,0,0
278,2017-04-07,21536.5,21616.85,21397.0,21431.15,0,0
279,2017-04-10,21492.05,21552.1,21396.05,21520.15,0,0
280,2017-04-11,21521.45,21753.35,21483.55,21736.15,0,0
281,2017-04-12,21735.65,21787.1,21551.75,21666.8,0,0
282,2017-04-13,21651.25,21758.85,21627.0,21686.6,0,0
283,2017-04-17,21700.5,21743.3,21576.75,21647.6,0,0
284,2017-04-18,21706.05,21947.0,21634.15,21671.85,0,0
285,2017-04-19,21674.1,21706.3,21470.2,21556.35,0,0
286,2017-04-20,21419.45,21558.85,21396.0,21491.4,0,0
287,2017-04-21,21567.5,21614.55,21386.2,21551.45,0,0
288,2017-04-24,21591.9,21884.85,21578.65,21857.4,0,0
289,2017-04-25,21960.65,22093.25,21900.3,22054.7,0,0
290,2017-04-26,22158.65,22276.05,21814.9,22242.85,0,0
291,2017-04-27,22274.05,22380.85,22169.8,22326.3,0,0
292,2017-04-28,22296.8,22383.0,22182.55,22358.25,0,0
293,2017-05-02,22412.55,22492.15,22266.15,22341.35,0,0
294,2017-05-03,22445.85,22449.0,22240.05,22307.3,0,0
295,2017-05-04,22618.3,22743.7,22449.9,22720.1,0,0
296,2017-05-05,22844.85,22853.55,22514.0,22604.95,0,0
297,2017-05-08,22678.45,22835.15,22632.5,22767.35,0,0
298,2017-05-09,22820.8,22835.35,22664.35,22707.3,0,0
299,2017-05-10,22767.75,22859.4,22742.05,22830.35,0,0
300,2017-05-11,22916.05,22977.85,22764.65,22818.45,0,0
301,2017-05-12,22840.4,22859.15,22578.0,22671.7,0,0
302,2017-05-15,22735.85,22891.7,22730.35,22821.5,0,0
303,2017-05-16,22857.6,22944.1,22727.65,22928.6,0,0
304,2017-05-17,22972.35,22978.15,22830.1,22935.95,0,0
305,2017-05-18,22750.45,22834.55,22660.2,22698.6,0,0
306,2017-05-19,22761.95,22902.25,22628.45,22769.8,0,0
307,2017-05-22,22874.8,22918.35,22637.75,22652.85,0,0
308,2017-05-23,22674.9,22740.4,22492.2,22582.8,0,0
309,2017-05-24,22624.5,22673.4,22469.8,22536.3,0,0
310,2017-05-25,22573.65,23267.8,22570.35,23190.8,0,0
311,2017-05-26,23151.4,23408.35,23092.35,23362.2,0,0
312,2017-05-29,23310.6,23464.0,23141.15,23182.75,0,0
313,2017-05-30,23142.1,23337.15,23093.95,23307.25,0,0
314,2017-05-31,23321.2,23469.45,23248.5,23424.8,0,0
315,2017-06-01,23394.1,23396.15,23224.05,23310.15,0,0
316,2017-06-02,23435.2,23453.3,23308.4,23375.9,0,0
317,2017-06-05,23397.4,23494.7,23349.95,23459.65,0,0
318,2017-06-06,23523.05,23536.1,23381.7,23416.3,0,0
319,2017-06-07,23482.85,23606.15,23427.55,23567.65,0,0
320,2017-06-08,23630.35,23659.1,23514.2,23536.1,0,0
321,2017-06-09,23483.95,23708.65,23476.85,23690.9,0,0
322,2017-06-12,23610.15,23630.1,23441.8,23470.45,0,0
323,2017-06-13,23447.0,23615.2,23446.9,23477.85,0,0
324,2017-06-14,23555.3,23562.8,23399.4,23498.7,0,0
325,2017-06-15,23444.7,23473.3,23311.85,23391.75,0,0
326,2017-06-16,23448.6,23527.65,23391.0,23502.75,0,0
327,2017-06-19,23571.35,23806.65,23535.7,23742.15,0,0
328,2017-06-20,23720.6,23760.35,23651.2,23697.95,0,0
329,2017-06-21,23638.15,23760.75,23610.2,23708.75,0,0
330,2017-06-22,23716.85,23897.85,23694.15,23736.1,0,0
331,2017-06-23,23772.3,23786.5,23507.5,23542.75,0,0
332,2017-06-27,23636.95,23640.1,23055.75,23216.25,0,0
333,2017-06-28,23209.55,23322.55,23113.65,23235.85,0,0
334,2017-06-29,23312.4,23476.0,23124.35,23227.3,0,0
335,2017-06-30,23137.25,23254.1,22996.4,23211.2,0,0
336,2017-07-03,23240.35,23330.1,23144.3,23272.8,0,0
337,2017-07-04,23325.5,23363.05,23163.7,23214.2,0,0
338,2017-07-05,23241.9,23380.35,23205.55,23352.6,0,0
339,2017-07-06,23399.5,23540.15,23369.5,23466.65,0,0
340,2017-07-07,23463.75,23492.6,23400.6,23449.15,0,0
341,2017-07-10,23583.25,23964.8,23289.9,23675.05,0,0
342,2017-07-11,23744.55,23744.55,23552.6,23584.6,0,0
343,2017-07-12,23623.75,23736.55,23523.65,23695.45,0,0
344,2017-07-13,23817.25,23938.0,23811.0,23888.65,0,0
345,2017-07-14,23949.5,23963.65,23755.95,23937.7,0,0
346,2017-07-17,24011.4,24066.1,23913.65,24015.05,0,0
347,2017-07-18,23958.15,24147.45,23942.1,24022.05,0,0
348,2017-07-19,24069.2,24180.75,24053.7,24152.65,0,0
349,2017-07-20,24170.65,24299.6,24170.65,24213.35,0,0
350,2017-07-21,24231.4,24289.3,24066.9,24257.05,0,0
351,2017-07-24,24307.7,24460.55,24234.65,24420.85,0,0
352,2017-07-25,24622.9,24624.65,24450.2,24520.7,0,0
353,2017-07-26,24578.15,24720.9,24484.9,24670.7,0,0
354,2017-07-27,24857.5,25032.25,24799.4,24922.4,0,0
355,2017-07-28,24744.55,24859.75,24651.05,24811.3,0,0
356,2017-07-31,24880.6,25168.1,24828.5,25103.65,0,0
357,2017-08-01,25152.85,25179.5,25000.9,25122.8,0,0
358,2017-08-02,25190.4,25198.8,24926.25,25055.2,0,0
359,2017-08-03,25002.85,25005.15,24619.6,24675.05,0,0
360,2017-08-04,24629.5,24879.7,24591.8,24827.45,0,0
361,2017-08-07,24854.15,24979.35,24844.45,24906.35,0,0
362,2017-08-08,24942.2,24966.05,24534.35,24599.5,0,0
363,2017-08-09,24519.25,24532.4,24328.1,24374.6,0,0
364,2017-08-10,24300.45,24326.9,23822.2,24217.35,0,0
365,2017-08-11,23958.25,24191.2,23868.3,23985.75,0,0
366,2017-08-14,24051.05,24212.15,24038.15,24115.75,0,0
367,2017-08-16,24188.75,24461.2,23947.45,24437.7,0,0
368,2017-08-17,24495.2,24496.2,24121.55,24237.25,0,0
369,2017-08-18,24125.3,24130.15,23925.95,24074.45,0,0
370,2017-08-21,24140.55,24258.95,23882.25,23936.5,0,0
371,2017-08-22,24080.6,24127.45,23852.65,23974.45,0,0
372,2017-08-23,24084.95,24350.0,24074.15,24316.8,0,0
373,2017-08-24,24374.75,24411.05,24224.85,24274.2,0,0
374,2017-08-28,24351.25,24422.45,24301.35,24377.1,0,0
375,2017-08-29,24302.0,24320.95,24103.3,24128.95,0,0
376,2017-08-30,24253.05,24384.1,24241.3,24308.7,0,0
377,2017-08-31,24354.35,24354.35,24207.7,24318.4,0,0
378,2017-09-01,24389.2,24494.35,24319.2,24434.0,0,0
379,2017-09-04,24456.3,24459.35,24156.4,24236.85,0,0
380,2017-09-05,24272.6,24388.05,24256.3,24328.3,0,0
381,2017-09-06,24192.4,24331.3,24151.1,24279.15,0,0
382,2017-09-07,24324.85,24413.1,24246.9,24304.9,0,0
383,2017-09-08,24409.5,24419.25,24273.0,24370.8,0,0
384,2017-09-11,24468.5,24735.35,24458.25,24672.25,0,0
385,2017-09-12,24779.15,24821.35,24653.6,24784.7,0,0
386,2017-09-13,24818.35,24948.8,24737.8,24831.8,0,0
387,2017-09-14,24857.25,24994.3,24815.5,24912.25,0,0
388,2017-09-15,24840.3,24916.85,24791.55,24844.3,0,0
389,2017-09-18,24948.15,25105.35,24941.75,25046.9,0,0
390,2017-09-19,25059.75,25103.45,24993.0,25041.55,0,0
391,2017-09-20,24984.65,25052.6,24938.3,24965.05,0,0
392,2017-09-21,24934.1,24992.5,24706.45,24799.25,0,0
393,2017-09-22,24704.55,24709.7,24340.0,24368.85,0,0
394,2017-09-25,24361.55,24363.8,24015.45,24165.05,0,0
395,2017-09-26,24105.6,24236.95,24017.4,24199.15,0,0
396,2017-09-27,24308.7,24331.85,23766.6,23812.95,0,0
397,2017-09-28,23804.05,24074.2,23611.1,24008.15,0,0
398,2017-09-29,24114.0,24227.45,24004.8,24053.0,0,0
399,2017-10-03,24200.6,24226.8,24007.25,24103.4,0,0
400,2017-10-04,24124.15,24230.45,24058.65,24113.3,0,0
401,2017-10-05,24114.75,24188.3,24033.35,24058.05,0,0
402,2017-10-06,24083.55,24242.05,24074.35,24190.0,0,0
403,2017-10-09,24209.55,24311.1,24156.05,24251.9,0,0
404,2017-10-10,24304.8,24379.75,24273.65,24347.45,0,0
405,2017-10-11,24411.45,24460.25,24054.25,24107.45,0,0
406,2017-10-12,24151.45,24393.4,23978.4,24361.25,0,0
407,2017-10-13,24411.1,24779.75,24387.8,24689.15,0,0
408,2017-10-16,24815.4,24878.65,24516.55,24703.05,0,0
409,2017-10-17,24697.25,24809.15,24571.85,24645.6,0,0
410,2017-10-18,24354.75,24454.65,24270.05,24313.75,0,0
411,2017-10-19,24238.4,24255.3,23923.7,24009.75,0,0
412,2017-10-23,24085.45,24151.0,23912.55,24088.9,0,0
413,2017-10-24,24141.95,24293.25,24032.65,24222.15,0,0
414,2017-10-25,24980.65,25157.8,24560.75,25035.9,0,0
415,2017-10-26,24953.95,25186.05,24864.6,25022.2,0,0
416,2017-10-27,24887.6,24995.7,24798.65,24839.55,0,0
417,2017-10-30,24873.65,25064.85,24808.55,24988.55,0,0
418,2017-10-31,25042.1,25078.65,24948.1,25019.35,0,0
419,2017-11-01,25197.3,25549.35,25171.75,25490.45,0,0
420,2017-11-02,25508.4,25598.75,25405.5,25427.3,0,0
421,2017-11-03,25531.4,25695.5,25394.95,25650.7,0,0
422,2017-11-06,25569.0,25694.6,25529.5,25571.15,0,0
423,2017-11-07,25669.1,25695.75,25248.95,25300.8,0,0
424,2017-11-08,25375.8,25435.6,25119.5,25184.35,0,0
425,2017-11-09,25281.0,25385.2,25166.15,25291.35,0,0
426,2017-11-10,25250.9,25598.55,25237.2,25498.95,0,0
427,2017-11-13,25570.25,25611.55,25337.25,25358.3,0,0
428,2017-11-14,25352.55,25404.8,25223.1,25284.6,0,0
429,2017-11-15,25241.65,25318.05,25166.35,25218.9,0,0
430,2017-11-16,25292.9,25496.05,25273.7,25446.6,0,0
431,2017-11-17,25875.7,25924.9,25679.55,25728.4,0,0
432,2017-11-20,25733.7,25803.15,25681.7,25768.6,0,0
433,2017-11-21,25829.3,25871.1,25726.5,25757.5,0,0
434,2017-11-22,25805.65,25831.95,25665.85,25766.65,0,0
435,2017-11-23,25826.3,25838.55,25620.95,25736.25,0,0
436,2017-11-24,25776.6,25849.0,25749.1,25779.65,0,0
437,2017-11-27,25693.05,25931.85,25673.5,25891.95,0,0
438,2017-11-28,25830.45,25953.5,25795.5,25846.4,0,0
439,2017-11-29,25829.65,25877.75,25746.8,25795.7,0,0
440,2017-11-30,25693.8,25700.85,25246.85,25332.4,0,0
441,2017-12-01,25409.55,25441.35,25152.65,25191.95,0,0
442,2017-12-04,25295.05,25297.2,24993.35,25075.1,0,0
443,2017-12-05,25030.75,25217.7,24921.3,25124.85,0,0
444,2017-12-06,25066.3,25077.45,24813.6,24851.8,0,0
445,2017-12-07,24935.3,25097.4,24875.35,25057.25,0,0
446,2017-12-08,25145.5,25367.7,25145.5,25321.15,0,0
447,2017-12-11,25434.75,25448.85,25318.7,25404.85,0,0
448,2017-12-12,25413.4,25416.2,25108.6,25125.45,0,0
449,2017-12-13,25118.2,25270.75,24938.55,25000.35,0,0
450,2017-12-14,25062.4,25205.9,24888.65,25168.2,0,0
451,2017-12-15,25487.15,25559.05,25411.25,25440.3,0,0
452,2017-12-18,25181.75,25759.9,24617.15,25594.55,0,0
453,2017-12-19,25640.9,25757.95,25619.6,25716.2,0,0
454,2017-12-20,25779.05,25780.05,25566.05,25591.7,0,0
455,2017-12-21,25608.25,25629.95,25508.9,25554.3,0,0
456,2017-12-22,25615.6,25694.5,25560.5,25648.55,0,0
457,2017-12-26,25659.75,25712.95,25545.6,25675.25,0,0
458,2017-12-27,25652.85,25733.2,25429.55,25496.05,0,0
459,2017-12-28,25463.6,25561.95,25417.4,25490.0,0,0
460,2017-12-29,25484.85,25566.4,25450.25,25539.45,0,0
461,2018-01-01,25565.75,25588.0,25271.55,25318.1,0,0
462,2018-01-02,25382.2,25425.5,25232.8,25338.25,0,0
463,2018-01-03,25425.75,25454.9,25300.9,25318.6,0,0
464,2018-01-04,25367.65,25490.35,25310.3,25462.6,0,0
465,2018-01-05,25524.45,25643.35,25499.55,25601.85,0,0
466,2018-01-08,25690.25,25771.5,25643.8,25676.1,0,0
467,2018-01-09,25727.95,25803.8,25617.25,25703.8,0,0
468,2018-01-10,25709.9,25717.6,25527.5,25617.3,0,0
469,2018-01-11,25628.2,25694.65,25532.25,25660.9,0,0
470,2018-01-12,25732.4,25775.15,25557.6,25749.05,0,0
471,2018-01-15,25858.15,26091.8,25842.95,26069.2,0,0
472,2018-01-16,26129.15,26136.4,25931.7,25974.9,0,0
473,2018-01-17,25946.15,26335.85,25922.3,26289.1,0,0
474,2018-01-18,26762.25,26887.65,26423.75,26537.4,0,0
475,2018-01-19,26615.65,26957.85,26433.55,26909.5,0,0
476,2018-01-22,26940.5,27074.9,26841.2,27041.2,0,0
477,2018-01-23,27089.95,27422.05,27066.15,27390.6,0,0
478,2018-01-24,27310.15,27479.25,27219.45,27398.55,0,0
479,2018-01-25,27414.1,27522.85,27151.75,27445.65,0,0
480,2018-01-29,27446.1,27652.05,27407.4,27498.45,0,0
481,2018-01-30,27466.85,27470.25,27242.05,27269.05,0,0
482,2018-01-31,27136.25,27455.75,27116.95,27379.45,0,0
483,2018-02-01,27334.85,27613.5,27046.35,27220.7,0,0
484,2018-02-02,27017.4,27017.55,26364.05,26451.15,0,0
485,2018-02-05,25968.15,26215.1,25917.55,26098.75,0,0
486,2018-02-06,25140.1,26140.6,25023.85,25811.3,0,0
487,2018-02-07,26065.4,26078.4,25558.05,25670.0,0,0
488,2018-02-08,25759.85,26126.4,25637.4,25920.65,0,0
489,2018-02-09,25466.3,25598.3,25371.0,25463.65,0,0
490,2018-02-12,25530.1,25757.85,25485.4,25701.6,0,0
491,2018-02-14,25810.25,25810.25,25212.35,25341.25,0,0
492,2018-02-15,25360.9,25615.15,25295.15,25424.35,0,0
493,2018-02-16,25511.95,25601.0,25100.9,25163.9,0,0
494,2018-02-19,25324.6,25326.05,24824.55,25058.55,0,0
495,2018-02-20,25105.55,25158.1,24829.0,24874.4,0,0
496,2018-02-21,24996.6,24999.7,24796.35,24936.7,0,0
497,2018-02-22,24812.7,24987.05,24781.7,24955.2,0,0
498,2018-02-23,25002.25,25345.15,24962.85,25302.5,0,0
499,2018-02-26,25452.0,25722.15,25381.2,25687.9,0,0
500,2018-02-27,25684.6,25723.55,25356.4,25383.6,0,0
501,2018-02-28,25116.25,25192.95,24942.0,25107.4,0,0
502,2018-03-01,25022.35,25226.05,24854.4,24902.55,0,0
503,2018-03-05,24831.35,24873.05,24682.0,24818.7,0,0
504,2018-03-06,24964.1,25040.25,24362.05,24448.45,0,0
505,2018-03-07,24333.85,24373.4,24096.75,24134.1,0,0
506,2018-03-08,24273.9,24534.5,24048.55,24477.65,0,0
507,2018-03-09,24556.95,24564.75,24259.7,24296.45,0,0
508,2018-03-12,24443.6,24716.05,24358.5,24664.2,0,0
509,2018-03-13,24624.6,25009.65,24597.55,24738.65,0,0
510,2018-03-14,24629.65,24894.3,24487.0,24851.65,0,0
511,2018-03-15,24854.3,24939.85,24732.0,24791.85,0,0
512,2018-03-16,24753.65,24785.35,24439.15,24489.55,0,0
513,2018-03-19,24530.15,24588.05,24186.95,24245.1,0,0
514,2018-03-20,24133.95,24355.65,24082.95,24168.2,0,0
515,2018-03-21,24331.3,24459.75,24208.65,24255.6,0,0
516,2018-03-22,24252.95,24314.4,24094.85,24141.5,0,0
517,2018-03-23,23785.65,23796.3,23605.6,23670.4,0,0
518,2018-03-26,23674.9,24290.65,23657.05,24244.35,0,0
519,2018-03-27,24396.4,24496.95,24266.4,24434.15,0,0
520,2018-03-28,24299.5,24361.0,24203.4,24263.35,0,0
521,2018-04-02,24235.65,24373.4,24062.95,24328.5,0,0
522,2018-04-03,24285.95,24538.0,24254.35,24510.6,0,0
523,2018-04-04,24502.5,24666.3,24087.8,24129.5,0,0
524,2018-04-05,24394.45,24824.9,24380.85,24759.8,0,0
525,2018-04-06,24776.35,24933.6,24626.4,24873.15,0,0
526,2018-04-09,24848.85,25152.85,24828.0,25093.8,0,0
527,2018-04-10,25153.6,25279.9,25120.2,25226.8,0,0
528,2018-04-11,25198.35,25207.05,24950.3,25098.25,0,0
529,2018-04-12,25076.9,25244.8,24969.4,25195.1,0,0
530,2018-04-13,25239.65,25411.3,25076.85,25200.6,0,0
531,2018-04-16,25082.1,25348.55,25067.35,25320.85,0,0
532,2018-04-17,25383.75,25402.55,25224.0,25334.45,0,0
533,2018-04-18,25426.75,25426.75,25058.75,25102.3,0,0
534,2018-04-19,25206.45,25207.3,25049.7,25126.15,0,0
535,2018-04-20,25126.8,25126.8,24839.3,24943.85,0,0
536,2018-04-23,25065.5,25084.15,24466.1,24960.65,0,0
537,2018-04-24,24972.2,25123.45,24955.0,25042.1,0,0
538,2018-04-25,24993.4,24993.4,24734.6,24814.4,0,0
539,2018-04-26,24833.2,25064.0,24753.4,25010.9,0,0
540,2018-04-27,25030.15,25441.5,25029.65,25394.6,0,0
541,2018-04-30,25490.15,25617.5,25464.8,25531.6,0,0
542,2018-05-02,25607.05,25716.75,25499.35,25568.3,0,0
543,2018-05-03,25547.9,25653.45,25469.05,25605.25,0,0
544,2018-05-04,25632.3,25680.4,25537.7,25645.4,0,0
545,2018-05-07,25676.25,25913.5,25675.15,25852.05,0,0
546,2018-05-08,26074.15,26116.25,25954.6,26090.5,0,0
547,2018-05-09,25988.1,26206.5,25946.3,26154.45,0,0
548,2018-05-10,26216.1,26266.4,26057.2,26131.0,0,0
549,2018-05-11,26173.7,26437.25,26099.85,26413.15,0,0
550,2018-05-14,26404.45,26565.4,26338.05,26475.15,0,0
551,2018-05-15,26494.9,26972.05,26407.3,26474.0,0,0
552,2018-05-16,26269.35,26428.35,26102.15,26182.15,0,0
553,2018-05-17,26233.2,26283.55,26012.0,26073.8,0,0
554,2018-05-18,26025.6,26032.0,25839.0,25875.6,0,0
555,2018-05-21,26017.5,26066.75,25685.35,25750.8,0,0
556,2018-05-22,25780.25,25945.65,25701.35,25777.7,0,0
557,2018-05-23,25726.95,25903.9,25622.15,25684.95,0,0
558,2018-05-24,25722.9,26073.1,25658.4,26016.8,0,0
559,2018-05-25,26066.75,26325.55,26031.45,26273.55,0,0
560,2018-05-28,26291.65,26713.65,26273.9,26614.25,0,0
561,2018-05-29,26567.25,26570.95,26221.1,26254.8,0,0
562,2018-05-30,26039.9,26405.45,25980.85,26327.8,0,0
563,2018-05-31,26587.0,27164.55,26354.55,26956.2,0,0
564,2018-06-01,26913.4,26996.8,26658.55,26692.8,0,0
565,2018-06-04,27023.7,27047.55,26205.9,26257.55,0,0
566,2018-06-05,26263.0,26342.4,26069.55,26251.0,0,0
567,2018-06-06,26266.9,26425.2,26147.8,26367.6,0,0
568,2018-06-07,26577.95,26766.95,26483.9,26517.8,0,0
569,2018-06-08,26457.25,26481.0,26284.2,26451.35,0,0
570,2018-06-11,26473.2,26653.0,26421.95,26453.55,0,0
571,2018-06-12,26566.6,26656.45,26449.85,26607.1,0,0
572,2018-06-13,26721.95,26765.45,26598.2,26642.8,0,0
573,2018-06-14,26612.3,26623.25,26503.1,26562.25,0,0
574,2018-06-15,26513.7,26586.4,26344.95,26417.4,0,0
575,2018-06-18,26444.3,26477.5,26322.45,26409.3,0,0
576,2018-06-19,26448.1,26448.1,26224.75,26265.75,0,0
577,2018-06-20,26320.45,26574.75,26309.95,26557.7,0,0
578,2018-06-21,26645.3,26682.95,26454.95,26496.95,0,0
579,2018-06-22,26518.4,26806.55,26364.25,26766.85,0,0
580,2018-06-25,26718.15,26804.9,26573.0,26609.7,0,0
581,2018-06-26,26495.65,26712.6,26479.65,26601.7,0,0
582,2018-06-27,26616.3,26634.3,26336.5,26423.4,0,0
583,2018-06-28,26398.1,26487.85,26161.0,26324.6,0,0
584,2018-06-29,26312.7,26465.0,26291.35,26364.2,0,0
585,2018-07-02,26364.45,26371.6,26060.6,26230.3,0,0
586,2018-07-03,26210.1,26316.1,26142.0,26204.1,0,0
587,2018-07-04,26249.25,26480.5,26132.9,26433.95,0,0
588,2018-07-05,26481.55,26598.45,26415.2,26503.3,0,0
589,2018-07-06,26427.55,26609.85,26410.0,26493.85,0,0
590,2018-07-09,26642.35,26781.2,26611.55,26753.3,0,0
591,2018-07-10,26844.55,26939.55,26778.5,26894.55,0,0
592,2018-07-11,26900.65,26938.85,26774.6,26816.2,0,0
593,2018-07-12,26937.5,27164.8,26936.05,27026.55,0,0
594,2018-07-13,27046.85,27102.35,26902.3,26935.95,0,0
595,2018-07-16,26914.5,26939.05,26643.95,26679.8,0,0
596,2018-07-17,26662.85,27041.35,26653.65,27008.1,0,0
597,2018-07-18,27107.35,27187.15,26834.45,26880.9,0,0
598,2018-07-19,26960.2,27025.45,26730.1,26789.65,0,0
599,2018-07-20,26764.4,26946.55,26718.6,26873.2,0,0
600,2018-07-23,26701.3,27040.1,26671.35,27008.15,0,0
601,2018-07-24,26984.15,27128.0,26868.15,26974.4,0,0
602,2018-07-25,26992.55,27074.0,26939.35,27031.3,0,0
603,2018-07-26,27054.7,27455.1,27045.05,27406.4,0,0
604,2018-07-27,27497.8,27661.05,27455.0,27634.4,0,0
605,2018-07-30,27767.65,27873.7,27607.95,27842.6,0,0
606,2018-07-31,27797.2,27839.2,27651.3,27764.15,0,0
607,2018-08-01,27684.8,27820.15,27477.9,27596.6,0,0
608,2018-08-02,27469.5,27487.9,27327.95,27355.95,0,0
609,2018-08-03,27471.95,27723.0,27448.15,27695.5,0,0
610,2018-08-06,27769.55,27994.0,27766.05,27898.5,0,0
611,2018-08-07,27972.95,27988.2,27827.3,27875.9,0,0
612,2018-08-08,27930.55,28128.65,27858.75,28062.45,0,0
613,2018-08-09,28173.65,28363.4,28132.0,28320.0,0,0
614,2018-08-10,28348.95,28377.9,28087.65,28124.25,0,0
615,2018-08-13,27760.8,27911.85,27739.5,27794.4,0,0
616,2018-08-14,27864.4,28053.05,27854.9,28021.7,0,0
617,2018-08-16,27836.15,28013.1,27779.5,27826.55,0,0
618,2018-08-17,27991.75,28178.15,27953.8,28128.55,0,0
619,2018-08-20,28171.65,28322.3,28171.65,28274.25,0,0
620,2018-08-21,28295.85,28305.95,28151.9,28257.9,0,0
621,2018-08-23,28321.95,28325.45,27965.35,28027.9,0,0
622,2018-08-24,27954.25,28122.75,27782.8,27834.7,0,0
623,2018-08-27,27971.25,28317.75,27958.2,28264.2,0,0
624,2018-08-28,28379.9,28388.65,28152.7,28269.65,0,0
625,2018-08-29,28233.4,28344.1,28167.8,28224.1,0,0
626,2018-08-30,28233.7,28233.7,27961.75,28103.25,0,0
627,2018-08-31,27998.0,28157.35,27940.95,28061.75,0,0
628,2018-09-03,28199.45,28203.2,27777.4,27819.5,0,0
629,2018-09-04,27845.55,27875.15,27385.85,27430.75,0,0
630,2018-09-05,27409.3,27506.3,27136.05,27376.05,0,0
631,2018-09-06,27464.25,27552.8,27246.25,27468.7,0,0
632,2018-09-07,27439.25,27512.5,27232.8,27481.45,0,0
633,2018-09-10,27395.2,27404.85,27142.55,27201.75,0,0
634,2018-09-11,27295.2,27318.45,26772.25,26807.5,0,0
635,2018-09-12,26895.15,26895.15,26555.15,26819.2,0,0
636,2018-09-14,27059.85,27205.75,26989.8,27163.85,0,0
637,2018-09-17,27002.6,27002.6,26743.4,26820.3,0,0
638,2018-09-18,26757.0,26901.05,26407.45,26441.45,0,0
639,2018-09-19,26532.0,26611.6,26235.7,26277.35,0,0
640,2018-09-21,26331.05,26490.4,25053.35,25596.9,0,0
641,2018-09-24,25645.05,25649.7,24904.5,24970.35,0,0
642,2018-09-25,24947.7,25406.95,24678.25,25330.35,0,0
643,2018-09-26,25525.1,25525.1,25197.35,25376.3,0,0
644,2018-09-27,25442.1,25452.5,25007.05,25042.15,0,0
645,2018-09-28,25135.8,25354.7,24919.25,25119.85,0,0
646,2018-10-01,24943.9,25412.15,24707.65,25367.0,0,0
647,2018-10-03,25290.55,25470.05,25026.35,25069.9,0,0
648,2018-10-04,24735.15,24893.4,24501.05,24819.3,0,0
649,2018-10-05,24741.65,25080.2,24250.65,24443.45,0,0
650,2018-10-08,24470.75,24745.35,24240.05,24618.35,0,0
651,2018-10-09,24703.65,24759.9,24464.9,24527.65,0,0
652,2018-10-10,24596.6,25371.15,24559.9,25321.7,0,0
653,2018-10-11,24541.75,24940.1,24493.7,24783.95,0,0
654,2018-10-12,25001.95,25484.2,24975.45,25395.85,0,0
655,2018-10-15,25444.0,25466.2,25147.8,25388.05,0,0
656,2018-10-16,25414.2,25707.05,25351.8,25589.65,0,0
657,2018-10-17,25839.1,25915.35,25101.95,25188.6,0,0
658,2018-10-19,24966.5,25277.9,24922.65,25085.8,0,0
659,2018-10-22,25484.25,25504.75,25021.35,25078.6,0,0
660,2018-10-23,24786.9,25124.6,24784.9,24972.45,0,0
661,2018-10-24,25312.7,25356.9,24839.65,25064.2,0,0
662,2018-10-25,24841.5,24977.35,24696.85,24817.45,0,0
663,2018-10-26,24771.85,24771.95,24353.1,24421.05,0,0
664,2018-10-29,24647.95,25023.75,24404.55,24959.7,0,0
665,2018-10-30,24924.75,25121.5,24686.85,24807.75,0,0
666,2018-10-31,24823.8,25201.3,24528.35,25153.25,0,0
667,2018-11-01,25285.2,25401.6,25129.45,25323.65,0,0
668,2018-11-02,25545.35,25856.25,25499.15,25701.65,0,0
669,2018-11-05,25731.55,25788.2,25534.4,25732.2,0,0
670,2018-11-06,25747.4,25860.75,25558.35,25598.0,0,0
671,2018-11-07,25818.1,25824.4,25698.1,25737.5,0,0
672,2018-11-09,25742.55,25822.75,25598.75,25771.0,0,0
673,2018-11-12,25816.15,25907.2,25495.1,25539.75,0,0
674,2018-11-13,25422.0,25796.5,25384.55,25768.6,0,0
675,2018-11-14,25952.4,26045.05,25806.7,25930.15,0,0
676,2018-11-15,25946.2,26197.6,25728.0,26154.75,0,0
677,2018-11-16,26205.35,26332.75,26122.55,26245.55,0,0
678,2018-11-19,26364.6,26379.1,26204.35,26300.7,0,0
679,2018-11-20,26211.5,26259.4,26041.8,26113.35,0,0
680,2018-11-21,26105.45,26342.05,26060.55,26262.05,0,0
681,2018-11-22,26233.65,26323.95,25947.85,25999.45,0,0
682,2018-11-26,26096.0,26396.6,26025.05,26365.6,0,0
683,2018-11-27,26286.1,26491.25,26268.65,26443.1,0,0
684,2018-11-28,26489.65,26584.95,26419.65,26457.95,0,0
685,2018-11-29,26641.6,27003.75,26577.15,26939.6,0,0
686,2018-11-30,27009.3,27012.7,26764.9,26862.95,0,0
687,2018-12-03,27032.9,27037.1,26791.65,26857.55,0,0
688,2018-12-04,26809.5,26843.8,26644.75,26693.8,0,0
689,2018-12-05,26572.1,26627.35,26443.65,26519.6,0,0
690,2018-12-06,26339.1,26359.9,26149.45,26198.3,0,0
691,2018-12-07,26307.4,26659.7,26252.1,26594.3,0,0
692,2018-12-10,26073.65,26336.2,26072.0,26102.65,0,0
693,2018-12-11,25602.25,26227.9,25598.95,26163.4,0,0
694,2018-12-12,26286.25,26672.7,26214.75,26643.85,0,0
695,2018-12-13,26844.15,26951.45,26723.65,26816.35,0,0
696,2018-12-14,26810.85,26909.0,26732.7,26826.0,0,0
697,2018-12-17,26915.45,27051.4,26908.6,27015.8,0,0
698,2018-12-18,26917.3,27210.05,26840.8,27174.7,0,0
699,2018-12-19,27229.05,27364.35,27214.3,27298.4,0,0
700,2018-12-20,27128.65,27309.1,27084.5,27275.1,0,0
701,2018-12-21,27261.25,27369.1,26823.1,26869.65,0,0
702,2018-12-24,26877.05,26934.85,26676.95,26714.75,0,0
703,2018-12-26,26634.0,27029.15,26408.15,26986.8,0,0
704,2018-12-27,27200.65,27239.95,26845.1,26878.55,0,0
705,2018-12-28,27048.4,27213.45,27039.6,27125.25,0,0
706,2018-12-31,27267.8,27286.5,27105.0,27160.2,0,0
707,2019-01-01,27231.4,27430.55,27019.05,27392.4,0,0
708,2019-01-02,27297.0,27397.55,27077.6,27174.7,0,0
709,2019-01-03,27181.6,27206.2,26923.75,26959.85,0,0
710,2019-01-04,26999.7,27274.5,26926.1,27195.0,0,0
711,2019-01-07,27378.65,27477.8,27279.55,27304.55,0,0
712,2019-01-08,27301.9,27542.4,27161.95,27509.5,0,0
713,2019-01-09,27651.25,27754.45,27409.5,27720.4,0,0
714,2019-01-10,27713.55,27713.55,27488.2,27528.55,0,0
715,2019-01-11,27602.8,27612.45,27382.45,27453.9,0,0
716,2019-01-14,27389.2,27389.8,27182.2,27248.25,0,0
717,2019-01-15,27317.55,27447.55,27317.1,27400.75,0,0
718,2019-01-16,27405.65,27554.75,27403.05,27483.7,0,0
719,2019-01-17,27568.6,27611.55,27335.15,27528.75,0,0
720,2019-01-18,27550.05,27576.45,27410.65,27456.7,0,0
721,2019-01-21,27514.55,27622.2,27388.5,27533.6,0,0
722,2019-01-22,27526.55,27533.35,27385.4,27482.25,0,0
723,2019-01-23,27493.1,27564.7,27189.6,27250.75,0,0
724,2019-01-24,27273.5,27342.35,27142.8,27266.4,0,0
725,2019-01-25,27261.45,27433.55,27045.2,27115.3,0,0
726,2019-01-28,27041.45,27134.2,26587.95,26653.05,0,0
727,2019-01-29,26616.25,26743.85,26441.55,26573.4,0,0
728,2019-01-30,26789.75,26916.25,26693.7,26825.5,0,0
729,2019-01-31,26969.15,27325.05,26891.05,27295.45,0,0
730,2019-02-01,27334.55,27533.05,26930.45,27085.95,0,0
731,2019-02-04,26974.0,27243.8,26825.55,27186.6,0,0
732,2019-02-05,27226.05,27348.25,27153.2,27271.7,0,0
733,2019-02-06,27326.2,27428.65,27294.1,27402.35,0,0
734,2019-02-07,27424.1,27589.75,27322.95,27387.15,0,0
735,2019-02-08,27302.65,27482.1,27221.25,27294.4,0,0
736,2019-02-11,27240.5,27305.9,27151.55,27227.8,0,0
737,2019-02-12,27166.9,27286.65,26988.9,27010.75,0,0
738,2019-02-13,27068.85,27108.0,26839.05,26885.4,0,0
739,2019-02-14,26978.0,27030.0,26818.05,26970.6,0,0
740,2019-02-15,27017.2,27029.95,26635.25,26794.25,0,0
741,2019-02-18,26754.6,26829.95,26617.7,26654.25,0,0
742,2019-02-19,26666.55,26996.45,26625.6,26684.85,0,0
743,2019-02-20,26786.0,26985.5,26732.65,26955.5,0,0
744,2019-02-21,26994.75,27100.9,26973.0,27052.4,0,0
745,2019-02-22,26960.05,26997.35,26847.8,26867.55,0,0
746,2019-02-25,26934.2,27197.1,26932.65,27159.25,0,0
747,2019-02-26,26853.8,27127.25,26736.6,26952.95,0,0
748,2019-02-27,27078.1,27189.45,26719.4,26799.3,0,0
749,2019-02-28,26878.0,26920.5,26762.55,26789.9,0,0
750,2019-03-01,26941.0,27076.55,26928.9,27043.9,0,0
751,2019-03-05,27068.15,27580.75,26958.1,27554.05,0,0
752,2019-03-06,27618.1,27681.65,27492.05,27625.65,0,0
753,2019-03-07,27661.0,27815.5,27560.0,27764.6,0,0
754,2019-03-08,27686.15,27811.35,27645.4,27761.8,0,0
755,2019-03-11,27840.1,28035.6,27791.25,27966.65,0,0
756,2019-03-12,28168.2,28488.1,28142.25,28443.7,0,0
757,2019-03-13,28480.3,28927.7,28353.65,28884.3,0,0
758,2019-03-14,29028.9,29070.35,28819.75,28923.1,0,0
759,2019-03-15,29007.0,29520.7,28990.85,29381.45,0,0
760,2019-03-18,29521.6,29812.0,29361.65,29596.1,0,0
761,2019-03-19,29702.6,29799.75,29547.7,29767.85,0,0
762,2019-03-20,29769.65,29885.2,29633.5,29832.2,0,0
763,2019-03-22,29920.75,30008.1,29508.7,29582.5,0,0
764,2019-03-25,29329.4,29329.4,29156.25,29281.2,0,0
765,2019-03-26,29300.4,29950.15,29278.5,29882.15,0,0
766,2019-03-27,30034.15,30262.55,29790.25,30019.8,0,0
767,2019-03-28,30064.8,30496.05,29969.1,30420.55,0,0
768,2019-03-29,30480.35,30499.15,30235.9,30426.8,0,0
769,2019-04-01,30537.6,30648.1,30218.35,30326.5,0,0
770,2019-04-02,30450.1,30452.9,30155.85,30354.25,0,0
771,2019-04-03,30440.85,30602.55,30036.25,30093.3,0,0
772,2019-04-04,30147.3,30245.7,29809.9,29904.9,0,0
773,2019-04-05,30002.85,30174.0,29850.0,30084.65,0,0
774,2019-04-08,30201.5,30232.05,29716.6,29845.3,0,0
775,2019-04-09,29901.5,30165.05,29703.55,30113.85,0,0
776,2019-04-10,29916.6,30155.75,29768.1,29803.5,0,0
777,2019-04-11,29841.85,29852.25,29640.25,29786.1,0,0
778,2019-04-12,29780.55,30000.95,29707.0,29938.55,0,0
779,2019-04-15,29983.5,30163.1,29919.1,30104.25,0,0
780,2019-04-16,30236.25,30590.95,30228.2,30531.35,0,0
781,2019-04-18,30656.5,30669.8,30142.2,30223.4,0,0
782,2019-04-22,30282.5,30289.9,29647.55,29687.95,0,0
783,2019-04-23,29761.95,29906.5,29455.45,29479.7,0,0
784,2019-04-24,29550.5,29914.85,29435.05,29860.8,0,0
785,2019-04-25,29927.05,30057.7,29511.95,29561.35,0,0
786,2019-04-26,29764.85,30048.2,29563.15,30013.5,0,0
787,2019-04-30,29920.4,29920.4,29550.05,29764.8,0,0
788,2019-05-02,29699.8,29919.35,29638.8,29708.6,0,0
789,2019-05-03,29811.65,30121.75,29795.1,29954.15,0,0
790,2019-05-06,29626.5,29757.4,29528.6,29618.45,0,0
791,2019-05-07,29749.55,29835.5,29244.25,29288.2,0,0
792,2019-05-08,29261.3,29261.3,28951.35,28994.4,0,0
793,2019-05-09,28893.95,29040.3,28784.65,28884.6,0,0
794,2019-05-10,28927.6,29202.85,28900.1,29040.5,0,0
795,2019-05-13,29026.65,29049.05,28621.1,28659.95,0,0
796,2019-05-14,28718.75,29058.3,28582.6,28829.2,0,0
797,2019-05-15,28925.45,28983.15,28555.15,28616.45,0,0
798,2019-05-16,28625.9,28947.6,28525.45,28855.3,0,0
799,2019-05-17,28881.4,29559.45,28856.0,29450.15,0,0
800,2019-05-20,30230.4,30827.85,30111.2,30759.7,0,0
801,2019-05-21,30862.1,30926.7,30265.1,30308.4,0,0
802,2019-05-22,30410.65,30675.1,30268.6,30526.8,0,0
803,2019-05-23,30962.8,31705.0,30292.35,30409.1,0,0
804,2019-05-24,30685.5,31275.4,30564.4,31212.55,0,0
805,2019-05-27,31234.9,31700.75,31142.5,31647.65,0,0
806,2019-05-28,31711.3,31712.4,31328.6,31597.9,0,0
807,2019-05-29,31459.25,31546.75,31257.9,31295.55,0,0
808,2019-05-30,31256.85,31619.25,31236.1,31537.1,0,0
809,2019-05-31,31678.9,31783.6,30623.05,31375.4,0,0
810,2019-06-03,31406.05,31674.6,31284.7,31653.65,0,0
811,2019-06-04,31532.9,31752.7,31512.95,31589.05,0,0
812,2019-06-06,31523.95,31541.5,30800.8,30857.4,0,0
813,2019-06-07,30943.15,31139.6,30627.05,31066.55,0,0
814,2019-06-10,31259.2,31367.4,30861.3,31034.0,0,0
815,2019-06-11,31172.25,31399.35,30973.35,31265.45,0,0
816,2019-06-12,31219.3,31222.3,30911.45,30965.7,0,0
817,2019-06-13,30876.75,31036.9,30638.25,30976.1,0,0
818,2019-06-14,30983.45,31032.65,30508.95,30614.35,0,0
819,2019-06-17,30652.0,30684.05,30249.4,30273.25,0,0
820,2019-06-18,30299.45,30550.65,30222.85,30351.0,0,0
821,2019-06-19,30526.5,30699.15,30242.0,30362.1,0,0
822,2019-06-20,30390.2,30824.55,30220.7,30781.1,0,0
823,2019-06-21,30804.95,30804.95,30541.5,30628.35,0,0
824,2019-06-24,30680.95,30783.65,30528.0,30602.05,0,0
825,2019-06-25,30567.65,30913.25,30451.4,30847.05,0,0
826,2019-06-26,30809.2,31202.7,30766.65,31162.35,0,0
827,2019-06-27,31192.1,31490.6,31158.8,31269.5,0,0
828,2019-06-28,31281.0,31308.9,31060.6,31105.2,0,0
829,2019-07-01,31271.0,31450.35,31246.45,31372.2,0,0
830,2019-07-02,31414.65,31431.35,31105.1,31283.3,0,0
831,2019-07-03,31347.7,31467.15,31238.5,31382.3,0,0
832,2019-07-04,31471.0,31608.35,31428.05,31471.85,0,0
833,2019-07-05,31523.05,31660.75,31323.25,31475.8,0,0
834,2019-07-08,31346.85,31370.4,30536.75,30603.85,0,0
835,2019-07-09,30533.4,30702.1,30346.7,30569.15,0,0
836,2019-07-10,30618.05,30728.35,30428.6,30522.1,0,0
837,2019-07-11,30707.0,30788.05,30565.35,30716.55,0,0
838,2019-07-12,30789.75,30870.95,30548.3,30601.45,0,0
839,2019-07-15,30688.85,30695.7,30334.2,30445.95,0,0
840,2019-07-16,30532.65,30635.0,30429.9,30570.8,0,0
841,2019-07-17,30622.25,30799.7,30568.3,30735.5,0,0
842,2019-07-18,30705.8,30769.35,30378.6,30430.6,0,0
843,2019-07-19,30515.1,30543.75,29705.75,29770.35,0,0
844,2019-07-22,29617.05,29635.15,29194.1,29284.95,0,0
845,2019-07-23,29342.45,29365.8,29078.15,29128.1,0,0
846,2019-07-24,29085.45,29252.4,28871.0,28952.25,0,0
847,2019-07-25,28981.05,29240.8,28931.05,29043.05,0,0
848,2019-07-26,29062.5,29379.1,28994.5,29325.3,0,0
849,2019-07-29,29583.45,29592.95,29104.85,29295.9,0,0
850,2019-07-30,29434.85,29530.3,28737.8,28791.6,0,0
851,2019-07-31,28575.45,28979.75,28529.75,28876.0,0,0
852,2019-08-01,28660.5,28819.7,28047.35,28367.25,0,0
853,2019-08-02,28224.25,28544.55,27936.35,28204.95,0,0
854,2019-08-05,27841.2,27866.55,27389.5,27648.05,0,0
855,2019-08-06,27518.5,28148.4,27503.9,28022.1,0,0
856,2019-08-07,28053.85,28175.55,27641.85,27702.05,0,0
857,2019-08-08,27840.1,28227.55,27531.05,28110.45,0,0
858,2019-08-09,28293.65,28602.75,28251.75,28431.9,0,0
859,2019-08-13,28356.8,28358.85,27683.5,27729.1,0,0
860,2019-08-14,27885.5,28107.05,27726.65,28019.2,0,0
861,2019-08-16,27920.3,28251.05,27720.95,28217.0,0,0
862,2019-08-19,28331.25,28468.9,28146.5,28186.1,0,0
863,2019-08-20,28163.55,28215.4,27839.65,27982.45,0,0
864,2019-08-21,28021.0,28098.9,27666.2,27719.05,0,0
865,2019-08-22,27690.05,27690.05,26975.55,27034.2,0,0
866,2019-08-23,26835.35,27207.3,26560.6,26958.65,0,0
867,2019-08-26,27663.95,27995.25,26859.35,27951.35,0,0
868,2019-08-27,28106.3,28277.7,27960.8,28126.15,0,0
869,2019-08-28,28080.25,28095.55,27634.65,27804.3,0,0
870,2019-08-29,27694.95,27719.05,27239.95,27305.2,0,0
871,2019-08-30,27407.9,27586.5,27121.95,27427.85,0,0
872,2019-09-03,27239.2,27247.05,26742.6,26824.15,0,0
873,2019-09-04,26785.95,27278.7,26641.35,27123.85,0,0
874,2019-09-05,27086.95,27243.95,26815.4,26919.7,0,0
875,2019-09-06,26986.5,27311.05,26950.55,27247.9,0,0
876,2019-09-09,27240.35,27565.55,26993.9,27504.65,0,0
877,2019-09-11,27639.05,27829.65,27551.65,27776.2,0,0
878,2019-09-12,27870.8,28062.3,27764.7,27818.5,0,0
879,2019-09-13,27772.0,28126.85,27573.45,28098.75,0,0
880,2019-09-16,27868.0,28066.7,27798.85,27855.0,0,0
881,2019-09-17,27765.1,27851.4,27047.95,27131.75,0,0
882,2019-09-18,27304.7,27414.45,27088.8,27172.65,0,0
883,2019-09-19,27175.45,27175.45,26643.0,26757.65,0,0
884,2019-09-20,26878.65,29418.95,26727.55,28981.55,0,0
885,2019-09-23,30039.4,30801.3,29776.3,30566.2,0,0
886,2019-09-24,30432.0,30668.1,29889.55,30183.1,0,0
887,2019-09-25,30029.05,30067.6,29470.1,29586.05,0,0
888,2019-09-26,29640.55,30718.35,29627.0,30002.6,0,0
889,2019-09-27,29974.95,30112.65,29711.35,29876.65,0,0
890,2019-09-30,29674.8,29754.4,28943.45,29103.15,0,0
891,2019-10-01,29226.15,29526.4,28077.35,28725.5,0,0
892,2019-10-03,28606.7,28769.1,28240.8,28414.1,0,0
893,2019-10-04,28681.9,28730.3,27653.7,27731.85,0,0
894,2019-10-07,27909.9,28185.15,27568.35,27767.55,0,0
895,2019-10-09,27901.65,28857.7,27702.05,28785.85,0,0
896,2019-10-10,28542.95,28552.75,27914.15,28013.45,0,0
897,2019-10-11,28245.55,28604.05,27736.8,28042.5,0,0
898,2019-10-14,28238.5,28553.4,28043.25,28181.95,0,0
899,2019-10-15,28257.85,28694.85,28186.25,28555.1,0,0
900,2019-10-16,28689.45,28759.35,28305.4,28538.8,0,0
901,2019-10-17,28596.35,29049.05,28487.95,28989.45,0,0
902,2019-10-18,28954.8,29249.5,28864.1,29120.25,0,0
903,2019-10-22,29416.25,29690.0,29231.2,29411.15,0,0
904,2019-10-23,29478.85,29643.8,29214.05,29459.6,0,0
905,2019-10-24,29604.35,29693.25,28994.2,29107.95,0,0
906,2019-10-25,29228.65,29452.1,28923.8,29395.95,0,0
907,2019-10-27,29605.4,29644.45,29446.8,29516.3,0,0
908,2019-10-29,29527.6,29997.65,29385.45,29873.05,0,0
909,2019-10-30,30005.7,30151.1,29753.0,29987.5,0,0
910,2019-10-31,30168.65,30415.65,29987.15,30066.25,0,0
911,2019-11-01,30196.15,30409.0,30028.9,30330.55,0,0
912,2019-11-04,30415.9,30607.05,30227.25,30333.1,0,0
913,2019-11-05,30403.25,30452.7,30091.35,30219.85,0,0
914,2019-11-06,30225.2,30699.0,30013.65,30609.6,0,0
915,2019-11-07,30722.6,30821.35,30462.55,30633.15,0,0
916,2019-11-08,30571.3,31108.4,30504.05,30749.4,0,0
917,2019-11-11,30664.65,31205.2,30625.8,31115.55,0,0
918,2019-11-13,31084.75,31198.5,30488.1,30541.55,0,0
919,2019-11-14,30615.8,30789.2,30338.35,30749.95,0,0
920,2019-11-15,30912.4,31165.45,30860.7,31008.4,0,0
921,2019-11-18,31036.8,31203.55,30901.85,30992.1,0,0
922,2019-11-19,31045.15,31298.05,30974.3,31236.25,0,0
923,2019-11-20,31292.35,31471.65,31205.55,31353.85,0,0
924,2019-11-21,31413.25,31463.15,31243.0,31349.95,0,0
925,2019-11-22,31389.6,31394.2,31055.2,31111.6,0,0
926,2019-11-25,31065.1,31591.6,31049.75,31555.9,0,0
927,2019-11-26,31692.85,31850.35,31465.85,31718.35,0,0
928,2019-11-27,31832.75,31916.8,31734.5,31875.95,0,0
929,2019-11-28,31981.7,32157.05,31905.9,32122.95,0,0
930,2019-11-29,32074.15,32086.95,31770.8,31946.1,0,0
931,2019-12-02,32008.3,32024.1,31720.6,31871.45,0,0
932,2019-12-03,31920.1,31936.6,31502.95,31613.35,0,0
933,2019-12-04,31549.3,32017.75,31444.0,31979.3,0,0
934,2019-12-05,32083.8,32126.95,31628.3,31712.95,0,0
935,2019-12-06,31797.15,31883.7,31250.65,31341.55,0,0
936,2019-12-09,31321.4,31537.65,31122.05,31316.65,0,0
937,2019-12-10,31386.4,31412.8,31126.0,31160.35,0,0
938,2019-12-11,31151.65,31337.85,30996.4,31256.75,0,0
939,2019-12-12,31356.8,31711.45,31352.1,31665.45,0,0
940,2019-12-13,31775.55,32105.05,31770.5,32014.25,0,0
941,2019-12-16,32159.0,32186.95,31897.75,31974.2,0,0
942,2019-12-17,32082.4,32213.35,31987.35,32140.25,0,0
943,2019-12-18,32292.25,32293.65,32017.3,32244.25,0,0
944,2019-12-19,32281.65,32328.35,32085.05,32241.45,0,0
945,2019-12-20,32266.85,32443.35,32199.45,32384.95,0,0
946,2019-12-23,32381.0,32502.8,32196.85,32339.45,0,0
947,2019-12-24,32337.8,32390.35,32246.05,32280.75,0,0
948,2019-12-26,32276.15,32314.6,31963.25,31997.7,0,0
949,2019-12-27,32142.5,32444.85,32056.25,32412.35,0,0
950,2019-12-30,32486.6,32613.1,32248.5,32354.9,0,0
951,2019-12-31,32345.95,32345.95,32108.75,32161.65,0,0
952,2020-01-01,32237.9,32348.0,32057.2,32102.9,0,0
953,2020-01-02,32133.15,32465.45,32121.4,32443.85,0,0
954,2020-01-03,32326.95,32329.8,31960.4,32069.25,0,0
955,2020-01-06,31910.45,31914.45,31170.55,31237.15,0,0
956,2020-01-07,31598.05,31851.45,31200.9,31399.4,0,0
957,2020-01-08,30995.5,31451.85,30899.55,31373.65,0,0
958,2020-01-09,31748.25,32172.7,31667.15,32092.4,0,0
959,2020-01-10,32215.7,32347.2,31953.4,32097.4,0,0
960,2020-01-13,32139.1,32322.65,32074.05,32177.65,0,0
961,2020-01-14,32196.45,32196.45,31989.2,32071.65,0,0
962,2020-01-15,31994.75,32000.9,31670.35,31824.9,0,0
963,2020-01-16,31810.55,31988.9,31692.4,31853.9,0,0
964,2020-01-17,31571.65,31773.55,31445.5,31590.65,0,0
965,2020-01-20,31923.95,31923.95,31050.95,31080.65,0,0
966,2020-01-21,30978.85,31171.25,30858.6,30947.55,0,0
967,2020-01-22,31061.6,31149.05,30614.0,30701.45,0,0
968,2020-01-23,30742.2,31087.25,30621.35,31004.05,0,0
969,2020-01-24,31040.1,31375.45,30879.05,31241.75,0,0
970,2020-01-27,31110.55,31227.05,30808.55,30837.4,0,0
971,2020-01-28,30922.0,31048.45,30656.35,30761.4,0,0
972,2020-01-29,30915.1,31082.85,30835.8,30877.0,0,0
973,2020-01-30,30889.25,30909.5,30521.3,30647.4,0,0
974,2020-01-31,30950.5,31033.45,30691.8,30833.6,0,0
975,2020-02-01,30726.2,30918.6,29753.0,29820.9,0,0
976,2020-02-03,29811.75,30105.8,29612.55,30023.25,0,0
977,2020-02-04,30235.3,30776.95,30182.45,30686.7,0,0
978,2020-02-05,30761.95,31065.85,30630.85,31001.95,0,0
979,2020-02-06,31070.75,31470.65,30917.25,31304.05,0,0
980,2020-02-07,31367.05,31368.2,31111.05,31201.95,0,0
981,2020-02-10,31248.65,31248.8,30957.2,31058.15,0,0
982,2020-02-11,31230.2,31505.95,31225.9,31300.6,0,0
983,2020-02-12,31441.15,31588.6,31398.15,31492.9,0,0
984,2020-02-13,31586.55,31649.45,31180.6,31230.25,0,0
985,2020-02-14,31281.85,31436.65,30776.1,30834.8,0,0
986,2020-02-17,30873.85,30998.15,30630.5,30680.7,0,0
987,2020-02-18,30661.5,30692.75,30252.45,30562.5,0,0
988,2020-02-19,30905.0,30947.15,30606.15,30838.2,0,0
989,2020-02-20,30862.3,31085.3,30702.45,30942.85,0,0
990,2020-02-24,30666.35,30702.15,30428.0,30455.1,0,0
991,2020-02-25,30517.0,30610.7,30329.95,30432.7,0,0
992,2020-02-26,30279.95,30515.35,30131.75,30306.85,0,0
993,2020-02-27,30270.0,30271.95,29914.15,30187.0,0,0
994,2020-02-28,29501.55,29564.1,29051.5,29147.15,0,0
995,2020-03-02,29701.0,29791.15,28571.7,28868.4,0,0
996,2020-03-03,29012.55,29285.35,28749.55,29177.05,0,0
997,2020-03-04,29252.95,29273.65,28125.15,28653.7,0,0
998,2020-03-05,28830.3,29134.3,28535.6,28815.35,0,0
999,2020-03-06,27649.95,28047.2,27162.3,27801.45,0,0
1000,2020-03-09,27031.45,27091.6,25923.4,26462.6,0,0
1001,2020-03-11,26272.75,26791.45,26234.1,26487.8,0,0
1002,2020-03-12,25175.9,25223.1,23536.35,23971.15,0,0
1003,2020-03-13,22720.75,25670.75,21351.7,25166.45,0,0
1004,2020-03-16,24061.6,24074.15,23008.25,23101.15,0,0
1005,2020-03-17,23348.05,23449.5,22002.0,22155.15,0,0
1006,2020-03-18,22411.85,22544.05,20267.95,20580.2,0,0
1007,2020-03-19,19428.95,21035.05,18675.65,20083.5,0,0
1008,2020-03-20,19898.3,20924.55,19265.0,20317.6,0,0
1009,2020-03-23,18311.3,18895.65,16791.05,16917.65,0,0
1010,2020-03-24,17705.85,17841.4,16116.25,17107.3,0,0
1011,2020-03-25,16759.95,18740.2,16635.5,18481.05,0,0
1012,2020-03-26,18781.85,20409.35,18364.5,19613.9,0,0
1013,2020-03-27,20801.6,21462.4,19580.1,19969.0,0,0
1014,2020-03-30,19254.45,19716.25,18668.7,18782.4,0,0
1015,2020-03-31,19307.65,19466.3,18792.4,19144.0,0,0
1016,2020-04-01,19122.4,19154.75,18042.25,18208.35,0,0
1017,2020-04-03,18325.05,18326.1,17143.2,17249.3,0,0
1018,2020-04-07,18454.55,19190.55,17953.75,19062.5,0,0
1019,2020-04-08,18799.4,20324.1,18482.9,18946.45,0,0
1020,2020-04-09,19553.15,19988.3,19166.9,19913.6,0,0
1021,2020-04-13,19854.9,19887.05,19294.0,19488.0,0,0
1022,2020-04-15,20096.35,20184.1,18776.75,19057.05,0,0
1023,2020-04-16,18957.15,19520.3,18703.45,19400.0,0,0
1024,2020-04-17,20394.75,20866.55,19729.3,20681.45,0,0
1025,2020-04-20,21104.7,21122.1,20444.25,20522.65,0,0
1026,2020-04-21,19812.05,19891.45,19247.95,19409.35,0,0
1027,2020-04-22,19306.95,19806.35,19051.95,19701.85,0,0
1028,2020-04-23,19871.35,20356.5,19584.4,20267.95,0,0
1029,2020-04-24,19697.65,19950.15,19515.4,19586.65,0,0
1030,2020-04-27,19870.8,20224.75,19847.65,20081.15,0,0
1031,2020-04-28,20436.6,20751.3,20260.8,20671.1,0,0
1032,2020-04-29,20440.4,21348.15,20393.65,21090.2,0,0
1033,2020-04-30,21589.2,21967.0,21353.65,21534.5,0,0
1034,2020-05-04,20514.75,20530.45,19643.6,19743.75,0,0
1035,2020-05-05,20147.3,20223.15,19212.35,19271.75,0,0
1036,2020-05-06,19302.45,19806.6,18941.0,19694.55,0,0
1037,2020-05-07,19536.05,19757.25,19332.15,19491.8,0,0
1038,2020-05-08,19844.0,19969.6,19285.05,19352.9,0,0
1039,2020-05-11,19610.45,19733.4,18900.9,18950.5,0,0
1040,2020-05-12,18751.4,18993.4,18287.0,18862.85,0,0
1041,2020-05-13,20017.75,20122.25,19429.9,19634.95,0,0
1042,2020-05-14,19197.7,19380.1,19024.75,19068.5,0,0
1043,2020-05-15,19098.8,19119.1,18683.65,18833.95,0,0
1044,2020-05-18,18795.1,18795.1,17514.2,17573.2,0,0
1045,2020-05-19,18037.15,18175.3,17390.65,17486.25,0,0
1046,2020-05-20,17486.5,18002.65,17407.7,17840.2,0,0
1047,2020-05-21,17901.95,18200.7,17658.55,17735.1,0,0
1048,2020-05-22,17554.25,17952.25,17105.0,17278.9,0,0
1049,2020-05-26,17537.65,17681.7,17311.25,17440.35,0,0
1050,2020-05-27,17603.4,18874.25,17560.35,18710.55,0,0
1051,2020-05-28,18924.45,19455.55,18818.95,19169.8,0,0
1052,2020-05-29,18962.0,19358.05,18729.9,19297.25,0,0
1053,2020-06-01,19728.9,20225.35,19632.9,19959.9,0,0
1054,2020-06-02,20120.6,20615.75,19852.55,20530.2,0,0
1055,2020-06-03,20966.6,21619.55,20822.0,20940.7,0,0
1056,2020-06-04,20932.35,21141.8,20316.2,20390.45,0,0
1057,2020-06-05,20516.4,21198.7,20425.05,21034.5,0,0
1058,2020-06-08,21636.1,21807.4,20911.25,21187.35,0,0
1059,2020-06-09,21295.5,21568.85,20629.7,20724.9,0,0
1060,2020-06-10,20760.95,21251.45,20671.55,21100.1,0,0
1061,2020-06-11,21084.7,21244.45,20458.3,20525.15,0,0
1062,2020-06-12,19529.3,20747.7,19526.1,20654.55,0,0
1063,2020-06-15,20457.15,20470.85,19740.2,19912.9,0,0
1064,2020-06-16,20500.65,20638.85,19507.05,20296.7,0,0
1065,2020-06-17,20137.45,20627.9,19978.15,20201.75,0,0
1066,2020-06-18,20137.6,21028.35,20030.35,20956.3,0,0
1067,2020-06-19,20970.1,21467.65,20878.25,21338.1,0,0
1068,2020-06-22,21491.55,22078.25,21425.55,21708.35,0,0
1069,2020-06-23,21859.25,22322.3,21647.8,22264.9,0,0
1070,2020-06-24,22479.35,22479.55,21336.35,21426.8,0,0
1071,2020-06-25,21218.05,21703.5,20926.45,21506.15,0,0
1072,2020-06-26,21735.05,21784.65,21320.1,21592.05,0,0
1073,2020-06-29,21291.55,21440.05,21026.45,21359.0,0,0
1074,2020-06-30,21524.3,21650.5,21212.0,21370.15,0,0
1075,2020-07-01,21354.1,22061.6,21281.85,21977.6,0,0
1076,2020-07-02,22133.8,22344.85,21890.5,21953.2,0,0
1077,2020-07-03,22101.75,22130.3,21768.0,21852.4,0,0
1078,2020-07-06,22270.95,22399.25,22171.05,22198.95,0,0
1079,2020-07-07,22254.3,22674.5,22040.35,22628.0,0,0
1080,2020-07-08,22700.9,23080.6,22499.5,22584.65,0,0
1081,2020-07-09,22753.15,22998.3,22673.4,22907.2,0,0
1082,2020-07-10,22720.95,22835.2,22320.05,22398.45,0,0
1083,2020-07-13,22613.25,22657.4,21981.65,22089.25,0,0
1084,2020-07-14,21877.6,21909.7,21222.45,21392.2,0,0
1085,2020-07-15,21634.25,21935.5,21230.55,21340.75,0,0
1086,2020-07-16,21453.25,21671.25,21027.85,21597.15,0,0
1087,2020-07-17,21608.05,22065.0,21550.8,21966.8,0,0
1088,2020-07-20,22307.3,22520.45,22187.8,22321.85,0,0
1089,2020-07-21,22639.85,22861.9,22597.95,22782.0,0,0
1090,2020-07-22,23159.0,23211.35,22658.2,22882.6,0,0
1091,2020-07-23,22854.85,23122.35,22734.9,23083.9,0,0
1092,2020-07-24,22853.2,22854.05,22417.2,22662.05,0,0
1093,2020-07-27,22664.6,22668.05,21801.35,21848.75,0,0
1094,2020-07-28,21940.15,22233.0,21611.4,22105.2,0,0
1095,2020-07-29,22075.0,22346.4,21906.35,22076.6,0,0
1096,2020-07-30,22195.05,22252.6,21580.15,21646.85,0,0
1097,2020-07-31,21730.55,21806.95,21375.0,21640.05,0,0
1098,2020-08-03,21543.8,21543.8,21031.45,21072.1,0,0
1099,2020-08-04,21248.25,21576.35,21057.75,21490.5,0,0
1100,2020-08-05,21686.85,21936.5,21448.4,21509.95,0,0
1101,2020-08-06,21644.25,21926.55,21370.3,21642.6,0,0
1102,2020-08-07,21620.25,21787.25,21451.3,21754.0,0,0
1103,2020-08-10,21824.9,22071.95,21795.1,21900.25,0,0
1104,2020-08-11,22050.2,22277.6,22039.85,22227.2,0,0
1105,2020-08-12,22135.95,22326.55,21990.2,22264.0,0,0
1106,2020-08-13,22395.2,22439.95,22139.6,22196.35,0,0
1107,2020-08-14,22334.95,22334.95,21459.1,21679.4,0,0
1108,2020-08-17,21906.95,21909.4,21403.15,21700.85,0,0
1109,2020-08-18,21702.0,22227.75,21629.4,22170.6,0,0
1110,2020-08-19,22315.4,22419.35,22234.25,22285.9,0,0
1111,2020-08-20,21989.9,22079.9,21886.7,21999.45,0,0
1112,2020-08-21,22190.7,22344.05,22165.05,22299.6,0,0
1113,2020-08-24,22436.85,22897.5,22410.05,22833.0,0,0
1114,2020-08-25,22973.4,23180.3,22857.9,23092.15,0,0
1115,2020-08-26,23175.55,23453.4,23093.15,23414.2,0,0
1116,2020-08-27,23511.45,23704.05,23464.15,23600.35,0,0
1117,2020-08-28,23635.3,24611.8,23599.2,24523.8,0,0
1118,2020-08-31,25038.8,25232.6,23385.3,23754.35,0,0
1119,2020-09-01,23893.8,24199.65,23473.15,23812.0,0,0
1120,2020-09-02,23769.0,23926.15,23482.55,23874.55,0,0
1121,2020-09-03,23986.15,24051.6,23451.65,23530.85,0,0
1122,2020-09-04,23119.15,23394.8,22876.9,23011.5,0,0
1123,2020-09-07,23036.25,23109.1,22716.25,22945.05,0,0
1124,2020-09-08,22971.2,23064.15,22641.4,22744.4,0,0
1125,2020-09-09,22486.7,22554.6,22080.4,22267.0,0,0
1126,2020-09-10,22466.55,22678.65,22225.25,22466.2,0,0
1127,2020-09-11,22509.95,22668.75,22205.95,22479.95,0,0
1128,2020-09-14,22683.35,22757.3,22028.15,22101.25,0,0
1129,2020-09-15,22202.8,22514.15,22062.35,22465.65,0,0
1130,2020-09-16,22476.3,22659.4,22216.5,22573.55,0,0
1131,2020-09-17,22352.0,22504.45,22267.05,22320.35,0,0
1132,2020-09-18,22439.35,22469.4,21784.9,22031.05,0,0
1133,2020-09-21,21983.4,22098.85,21274.3,21366.8,0,0
1134,2020-09-22,21445.25,21473.35,20958.45,21139.1,0,0
1135,2020-09-23,21350.8,21365.05,20821.0,21178.5,0,0
1136,2020-09-24,20898.8,20955.6,20404.9,20456.85,0,0
1137,2020-09-25,20740.8,21064.3,20430.7,20982.35,0,0
1138,2020-09-28,21152.05,21708.85,21055.1,21665.5,0,0
1139,2020-09-29,21770.9,21811.5,21280.6,21411.3,0,0
1140,2020-09-30,21405.25,21549.35,21128.5,21451.8,0,0
1141,2020-10-01,21685.25,22293.75,21664.15,22246.0,0,0
1142,2020-10-05,22352.1,22768.55,22247.25,22370.95,0,0
1143,2020-10-06,22673.05,22893.5,22521.05,22853.7,0,0
1144,2020-10-07,22836.95,23036.2,22607.8,22964.8,0,0
1145,2020-10-08,23150.25,23450.9,23063.6,23191.35,0,0
1146,2020-10-09,23312.6,23904.1,23132.45,23846.8,0,0
1147,2020-10-12,23955.6,24190.35,23552.6,23712.8,0,0
1148,2020-10-13,23663.05,23775.15,23431.5,23492.2,0,0
1149,2020-10-14,23353.15,23962.7,23149.45,23874.65,0,0
1150,2020-10-15,23920.35,24087.85,22970.95,23072.4,0,0
1151,2020-10-16,23219.85,23646.2,23148.95,23533.25,0,0
1152,2020-10-19,23902.9,24320.95,23754.85,24266.75,0,0
1153,2020-10-20,24117.35,24410.9,24039.85,24311.8,0,0
1154,2020-10-21,24444.2,24823.6,24099.85,24635.05,0,0
1155,2020-10-22,24447.35,24691.15,24250.2,24484.15,0,0
1156,2020-10-23,24669.2,24764.15,24360.85,24478.3,0,0
1157,2020-10-26,24525.8,24577.3,23867.75,24075.45,0,0
1158,2020-10-27,24288.05,24809.65,23924.2,24769.5,0,0
1159,2020-10-28,24737.85,24780.7,24057.95,24232.5,0,0
1160,2020-10-29,24063.5,24339.1,23822.05,24092.0,0,0
1161,2020-10-30,24090.15,24277.35,23612.7,23900.9,0,0
1162,2020-11-02,24367.6,25139.0,24120.6,24892.5,0,0
1163,2020-11-03,25108.0,25760.7,25085.7,25682.8,0,0
1164,2020-11-04,25539.55,25891.0,25142.0,25771.6,0,0
1165,2020-11-05,26174.8,26375.2,26000.05,26313.1,0,0
1166,2020-11-06,26274.1,26853.45,26135.3,26798.95,0,0
1167,2020-11-09,27088.95,27595.0,27068.95,27534.1,0,0
1168,2020-11-10,28039.45,28802.5,27916.9,28606.0,0,0
1169,2020-11-11,28713.15,29030.9,28211.1,28845.0,0,0
1170,2020-11-12,28633.75,28672.9,28066.05,28278.8,0,0
1171,2020-11-13,28108.7,28520.55,27703.3,28465.7,0,0
1172,2020-11-14,28685.7,28752.45,28431.85,28594.3,0,0
1173,2020-11-17,28792.25,29239.25,28722.9,29181.3,0,0
1174,2020-11-18,29107.9,29784.75,29056.75,29749.85,0,0
1175,2020-11-19,29302.6,29627.2,28819.55,28903.05,0,0
1176,2020-11-20,28935.75,29406.7,28580.9,29236.0,0,0
1177,2020-11-23,29432.8,29492.3,28852.9,29024.2,0,0
1178,2020-11-24,29265.6,29827.8,29206.75,29737.25,0,0
1179,2020-11-25,30021.9,30197.85,29132.3,29196.4,0,0
1180,2020-11-26,29370.4,29623.0,28923.1,29549.75,0,0
1181,2020-11-27,29622.0,29716.85,29368.7,29609.05,0,0
1182,2020-12-01,29844.8,29919.75,29511.0,29817.85,0,0
1183,2020-12-02,29876.7,29886.25,29149.9,29463.15,0,0
1184,2020-12-03,29728.9,29813.0,29379.4,29448.75,0,0
1185,2020-12-04,29573.4,30162.3,29473.5,30052.4,0,0
1186,2020-12-07,30062.6,30354.2,29950.6,30211.55,0,0
1187,2020-12-08,30300.3,30363.8,30025.2,30261.9,0,0
1188,2020-12-09,30335.05,30807.25,30326.7,30709.4,0,0
1189,2020-12-10,30545.35,30610.0,30202.1,30510.35,0,0
1190,2020-12-11,30555.3,30811.8,30328.45,30604.85,0,0
1191,2020-12-14,30735.15,30845.8,30624.25,30745.9,0,0
1192,2020-12-15,30805.4,30805.85,30345.75,30691.05,0,0
1193,2020-12-16,30920.35,30932.25,30587.1,30698.4,0,0
1194,2020-12-17,30791.2,30945.2,30643.9,30847.05,0,0
1195,2020-12-18,30841.85,30854.05,30374.5,30714.65,0,0
1196,2020-12-21,30595.8,30607.5,29201.2,29456.45,0,0
1197,2020-12-22,29607.5,29711.15,28976.75,29625.95,0,0
1198,2020-12-23,29560.75,29941.4,29446.0,29883.3,0,0
1199,2020-12-24,30071.65,30545.85,30007.8,30402.2,0,0
1200,2020-12-28,30558.85,30929.05,30538.15,30880.95,0,0
1201,2020-12-29,31006.9,31359.35,31002.6,31322.5,0,0
1202,2020-12-30,31479.8,31510.25,31007.15,31303.05,0,0
1203,2020-12-31,31295.9,31409.5,31088.1,31264.05,0,0
1204,2021-01-01,31297.3,31384.35,31188.25,31225.85,0,0
1205,2021-01-04,31485.15,31489.6,30893.65,31212.45,0,0
1206,2021-01-05,31041.1,31767.65,30935.55,31722.25,0,0
1207,2021-01-06,31839.95,31982.3,31548.15,31797.9,0,0
1208,2021-01-07,32129.8,32177.4,31911.5,31956.0,0,0
1209,2021-01-08,32298.05,32298.05,32002.95,32084.2,0,0
1210,2021-01-11,32280.3,32288.45,31836.95,31998.9,0,0
1211,2021-01-12,31835.05,32397.95,31725.85,32339.0,0,0
1212,2021-01-13,32546.6,32683.5,32148.25,32574.65,0,0
1213,2021-01-14,32526.7,32718.95,32442.35,32519.75,0,0
1214,2021-01-15,32508.9,32544.8,32044.35,32246.8,0,0
1215,2021-01-18,32275.15,32441.5,31650.9,31811.75,0,0
1216,2021-01-19,32082.9,32464.95,31863.95,32424.85,0,0
1217,2021-01-20,32388.95,32607.45,32322.9,32543.7,0,0
1218,2021-01-21,32732.8,32842.3,31985.55,32186.9,0,0
1219,2021-01-22,32088.0,32131.4,31119.9,31167.25,0,0
1220,2021-01-25,31507.15,31697.55,31013.65,31198.4,0,0
1221,2021-01-27,31236.25,31287.05,30165.65,30284.55,0,0
1222,2021-01-28,29812.3,30464.4,29687.7,30358.3,0,0
1223,2021-01-29,30700.65,31111.95,30254.55,30565.5,0,0
1224,2021-02-01,30976.35,33305.3,30906.45,33089.05,0,0
1225,2021-02-02,33589.05,34652.5,33583.15,34267.9,0,0
1226,2021-02-03,34555.6,34908.05,34011.9,34758.45,0,0
1227,2021-02-04,34548.9,35413.15,34238.9,35344.8,0,0
1228,2021-02-05,35634.95,36615.2,35545.0,35654.5,0,0
1229,2021-02-08,36073.85,36466.45,35872.25,35983.65,0,0
1230,2021-02-09,36058.8,36477.15,35636.85,36056.5,0,0
1231,2021-02-10,36042.35,36227.2,35428.15,35783.1,0,0
1232,2021-02-11,35687.25,36009.45,35573.3,35752.1,0,0
1233,2021-02-12,35736.6,36322.8,35700.25,36108.9,0,0
1234,2021-02-15,36501.4,37449.9,36405.1,37306.25,0,0
1235,2021-02-16,37492.6,37708.75,36762.75,37098.4,0,0
1236,2021-02-17,37041.95,37331.45,36764.25,36910.95,0,0
1237,2021-02-18,37088.75,37108.75,36367.45,36587.0,0,0
1238,2021-02-19,36371.55,36656.2,35584.6,35841.6,0,0
1239,2021-02-22,35874.3,36128.9,35097.55,35257.2,0,0
1240,2021-02-23,35540.55,35680.85,34976.0,35116.95,0,0
1241,2021-02-24,35205.4,36567.65,35060.65,36452.3,0,0
1242,2021-02-25,36763.15,37232.2,36494.0,36549.0,0,0
1243,2021-02-26,35806.65,35902.9,34658.7,34803.6,0,0
1244,2021-03-01,35374.25,35581.1,34983.75,35296.0,0,0
1245,2021-03-02,35458.15,35747.05,35002.45,35419.7,0,0
1246,2021-03-03,35754.45,36455.15,35570.55,36368.05,0,0
1247,2021-03-04,35575.65,36316.4,35519.25,35802.5,0,0
1248,2021-03-05,35458.5,35616.05,34893.25,35228.15,0,0
1249,2021-03-08,35462.45,35827.3,35090.75,35275.75,0,0
1250,2021-03-09,35705.9,36077.8,35544.95,35865.65,0,0
1251,2021-03-10,36112.25,36176.9,35764.35,35938.3,0,0
1252,2021-03-12,36497.35,36497.35,35188.05,35496.65,0,0
1253,2021-03-15,35544.25,35544.25,34430.65,35182.55,0,0
1254,2021-03-16,35352.0,35405.05,34744.6,34804.6,0,0
1255,2021-03-17,34905.05,35100.5,34126.85,34229.25,0,0
1256,2021-03-18,34577.5,34759.85,33597.55,33856.8,0,0
1257,2021-03-19,33590.4,34355.4,33361.0,34161.6,0,0
1258,2021-03-22,34088.4,34148.9,33389.15,33603.45,0,0
1259,2021-03-23,33747.95,34360.05,33622.0,34184.4,0,0
1260,2021-03-24,33894.7,33970.65,33203.4,33293.25,0,0
1261,2021-03-25,33420.75,33550.15,32415.25,33006.45,0,0
1262,2021-03-26,33605.05,33610.65,33166.1,33318.2,0,0
1263,2021-03-30,33615.9,33990.8,33564.55,33875.1,0,0
1264,2021-03-31,33764.8,33773.1,33151.8,33303.9,0,0
1265,2021-04-01,33588.0,33949.15,33208.75,33858.0,0,0
1266,2021-04-05,33649.15,33697.75,32330.15,32678.85,0,0
1267,2021-04-06,32915.65,33007.65,32338.4,32501.35,0,0
1268,2021-04-07,32529.7,33191.7,32141.55,32991.2,0,0
1269,2021-04-08,33154.2,33306.8,32704.75,32782.85,0,0
1270,2021-04-09,32636.9,32972.15,32329.95,32448.05,0,0
1271,2021-04-12,31637.9,31698.05,30520.3,30792.0,0,0
1272,2021-04-13,30901.8,31885.45,30722.85,31771.6,0,0
1273,2021-04-15,31929.1,32187.05,31406.4,32112.85,0,0
1274,2021-04-16,32161.45,32325.15,31911.9,31977.45,0,0
1275,2021-04-19,30993.45,31304.3,30405.65,31208.4,0,0
1276,2021-04-20,31568.95,31731.65,30891.0,31112.7,0,0
1277,2021-04-22,30763.5,31834.5,30555.25,31782.6,0,0
1278,2021-04-23,31490.6,32148.4,31377.15,31722.3,0,0
1279,2021-04-26,32316.65,32603.7,32144.8,32275.15,0,0
1280,2021-04-27,32228.95,32807.1,32152.95,32735.35,0,0
1281,2021-04-28,32865.5,33777.7,32840.3,33722.8,0,0
1282,2021-04-29,33901.6,34287.0,33304.6,33714.5,0,0
1283,2021-04-30,33112.4,33455.25,32663.4,32781.8,0,0
1284,2021-05-03,32368.55,32566.6,31906.55,32465.75,0,0
1285,2021-05-04,32610.4,33011.55,32191.4,32270.35,0,0
1286,2021-05-05,32577.1,32862.15,32068.55,32783.7,0,0
1287,2021-05-06,32900.75,32956.35,32564.0,32827.8,0,0
1288,2021-05-07,33041.65,33259.15,32771.35,32904.5,0,0
1289,2021-05-10,33175.3,33297.6,33028.15,33142.4,0,0
1290,2021-05-11,32640.95,33154.3,32611.7,32872.2,0,0
1291,2021-05-12,32717.65,32747.7,32352.3,32452.3,0,0
1292,2021-05-14,32495.15,32622.65,32115.5,32169.55,0,0
1293,2021-05-17,32437.85,33506.9,32318.7,33459.25,0,0
1294,2021-05-18,33893.1,34142.85,33730.45,33922.4,0,0
1295,2021-05-19,33717.1,33959.3,33608.25,33685.2,0,0
1296,2021-05-20,33692.55,33833.7,33273.95,33334.55,0,0
1297,2021-05-21,33559.8,34694.45,33559.75,34606.9,0,0
1298,2021-05-24,34869.3,35216.1,34528.3,34943.6,0,0
1299,2021-05-25,35095.0,35125.85,34410.4,34662.0,0,0
1300,2021-05-26,34757.15,34897.95,34462.5,34684.2,0,0
1301,2021-05-27,34664.2,35220.8,34529.7,35095.05,0,0
1302,2021-05-28,35345.65,35436.65,34977.2,35141.45,0,0
1303,2021-05-31,35097.45,35584.3,34930.1,35526.65,0,0
1304,2021-06-01,35639.75,35713.9,35241.2,35337.2,0,0
1305,2021-06-02,35271.6,35415.85,35070.3,35373.75,0,0
1306,2021-06-03,35536.45,35723.7,35413.0,35649.0,0,0
1307,2021-06-04,35657.85,35810.9,35176.15,35291.65,0,0
1308,2021-06-07,35460.8,35545.85,35338.55,35443.65,0,0
1309,2021-06-08,35433.8,35449.5,34962.65,35085.3,0,0
1310,2021-06-09,35114.25,35402.45,34641.2,34800.5,0,0
1311,2021-06-10,34903.6,35165.65,34734.4,35131.2,0,0
1312,2021-06-11,35324.65,35344.0,34891.3,35047.4,0,0
1313,2021-06-14,34936.55,34995.15,34374.35,34950.6,0,0
1314,2021-06-15,35038.05,35317.4,34917.9,35247.75,0,0
1315,2021-06-16,35196.25,35380.0,34916.2,35003.5,0,0
1316,2021-06-17,34619.8,34882.4,34458.1,34605.4,0,0
1317,2021-06-18,34735.15,34787.4,33908.95,34558.0,0,0
1318,2021-06-21,34109.45,34927.65,33937.5,34871.3,0,0
1319,2021-06-22,35084.9,35281.9,34664.35,34745.0,0,0
1320,2021-06-23,34911.85,34937.65,34525.45,34574.0,0,0
1321,2021-06-24,34687.7,34935.3,34592.35,34827.0,0,0
1322,2021-06-25,34916.65,35491.95,34915.85,35364.65,0,0
1323,2021-06-28,35488.2,35576.95,35236.45,35359.45,0,0
1324,2021-06-29,35320.45,35337.45,34913.7,35010.3,0,0
1325,2021-06-30,35001.9,35214.9,34730.45,34772.2,0,0
1326,2021-07-01,34866.0,34917.65,34650.95,34684.0,0,0
1327,2021-07-02,34728.1,34894.45,34632.6,34809.9,0,0
1328,2021-07-05,35010.95,35234.3,34926.4,35212.0,0,0
1329,2021-07-06,35173.6,35807.45,35165.55,35579.15,0,0
1330,2021-07-07,35550.6,35795.75,35427.65,35771.3,0,0
1331,2021-07-08,35603.25,35811.0,35134.65,35274.1,0,0
1332,2021-07-09,35163.75,35225.2,34859.9,35071.95,0,0
1333,2021-07-12,35285.05,35394.3,35060.35,35198.9,0,0
1334,2021-07-13,35480.05,35727.85,35340.7,35673.4,0,0
1335,2021-07-14,35585.85,35804.05,35434.75,35668.25,0,0
1336,2021-07-15,35757.45,35985.25,35625.7,35907.65,0,0
1337,2021-07-16,35977.95,35977.95,35674.75,35751.8,0,0
1338,2021-07-19,35070.5,35347.05,34899.2,35079.2,0,0
1339,2021-07-20,34791.15,34894.15,34357.35,34415.45,0,0
1340,2021-07-22,34774.55,34989.1,34657.45,34857.6,0,0
1341,2021-07-23,34748.35,35088.0,34404.75,35034.4,0,0
1342,2021-07-23,34748.35,35088.0,34404.75,35034.4,0,0
1343,2021-07-26,34947.85,35138.2,34669.55,34949.7,0,0
1344,2021-07-27,35029.3,35186.1,34713.55,34797.45,0,0
1345,2021-07-28,34839.45,34841.55,34115.2,34532.9,0,0
1346,2021-07-29,34740.3,34778.15,34495.2,34691.5,0,0
1347,2021-07-30,34698.75,34738.75,34445.4,34584.35,0,0
1348,2021-08-02,34760.9,34861.75,34588.25,34710.0,0,0
1349,2021-08-03,34660.75,35238.45,34649.2,35207.45,0,0
1350,2021-08-04,35388.15,36219.8,35313.0,36028.05,0,0
1351,2021-08-05,36093.95,36115.45,35661.3,35834.75,0,0
1352,2021-08-06,35875.8,36080.1,35700.45,35809.25,0,0
1353,2021-08-09,35824.2,36159.85,35612.3,36028.95,0,0
1354,2021-08-10,35954.55,36317.0,35890.5,36034.1,0,0
1355,2021-08-11,36218.25,36227.55,35531.35,35806.4,0,0
1356,2021-08-12,35825.4,35998.15,35702.9,35937.05,0,0
1357,2021-08-13,36000.75,36233.3,35937.1,36169.35,0,0
1358,2021-08-16,36100.65,36261.55,36032.4,36094.5,0,0
1359,2021-08-17,35935.05,35993.7,35611.85,35867.45,0,0
1360,2021-08-18,36222.5,36248.9,35432.0,35554.5,0,0
1361,2021-08-20,35146.5,35306.5,34926.5,35033.85,0,0
1362,2021-08-23,35424.2,35427.4,34817.5,35124.4,0,0
1363,2021-08-24,35200.75,35795.3,35070.0,35712.1,0,0
1364,2021-08-25,35768.85,35910.3,35499.65,35586.25,0,0
1365,2021-08-26,35485.95,35785.8,35411.8,35617.55,0,0
1366,2021-08-27,35559.75,35727.9,35359.25,35627.8,0,0
1367,2021-08-30,35781.05,36398.45,35721.9,36347.65,0,0
1368,2021-08-31,36367.4,36552.8,36216.2,36424.6,0,0
1369,2021-09-01,36591.45,36997.7,36487.15,36574.3,0,0
1370,2021-09-02,36588.4,36895.55,36469.0,36831.3,0,0
1371,2021-09-03,36883.65,37140.0,36563.2,36761.15,0,0
1372,2021-09-06,36878.25,36923.65,36554.45,36592.35,0,0
1373,2021-09-07,36558.85,36685.85,36151.95,36468.8,0,0
1374,2021-09-08,36519.7,36855.9,36393.6,36768.2,0,0
1375,2021-09-09,36725.5,36857.2,36566.7,36683.2,0,0
1376,2021-09-13,36608.45,36724.85,36327.05,36471.8,0,0
1377,2021-09-14,36639.95,36756.0,36529.65,36613.05,0,0
1378,2021-09-15,36543.55,36949.7,36496.05,36852.25,0,0
1379,2021-09-16,36946.0,37720.15,36907.75,37668.6,0,0
1380,2021-09-17,37929.5,38112.75,37396.05,37811.95,0,0
1381,2021-09-20,37388.2,37802.75,37068.45,37145.7,0,0
1382,2021-09-21,37238.4,37340.7,36525.95,37235.85,0,0
1383,2021-09-22,37277.1,37328.6,36885.6,36935.9,0,0
1384,2021-09-23,37241.25,37830.75,37216.15,37771.7,0,0
1385,2021-09-24,37954.0,38112.6,37680.0,37830.3,0,0
1386,2021-09-27,38054.75,38355.2,37968.2,38171.25,0,0
1387,2021-09-28,38360.0,38377.25,37315.2,37945.0,0,0
1388,2021-09-29,37601.1,37923.45,37371.05,37743.0,0,0
1389,2021-09-30,37677.8,37884.85,37354.25,37425.1,0,0
1390,2021-10-01,37140.4,37299.4,36876.35,37225.9,0,0
1391,2021-10-04,37392.15,37670.7,37355.6,37579.65,0,0
1392,2021-10-05,37499.8,37786.6,37364.75,37741.0,0,0
1393,2021-10-06,37768.8,38106.85,37452.0,37521.55,0,0
1394,2021-10-07,37894.0,37923.65,37650.25,37753.2,0,0
1395,2021-10-08,37906.4,38105.2,37674.35,37775.25,0,0
1396,2021-10-11,37782.75,38495.3,37744.65,38293.8,0,0
1397,2021-10-12,38178.35,38609.6,38144.6,38521.5,0,0
1398,2021-10-13,38735.3,38779.05,38502.7,38635.75,0,0
1399,2021-10-14,38684.65,39375.05,38673.0,39340.9,0,0
1400,2021-10-18,39794.25,39947.6,39569.55,39684.8,0,0
1401,2021-10-19,39927.3,40011.15,39394.25,39540.5,0,0
1402,2021-10-20,39545.45,39774.55,39292.8,39518.2,0,0
1403,2021-10-21,39676.55,40200.45,39428.1,40030.2,0,0
1404,2021-10-22,40192.65,40587.35,40149.55,40323.65,0,0
1405,2021-10-25,40961.25,41829.6,40508.1,41192.4,0,0
1406,2021-10-26,41057.75,41367.25,40829.15,41238.3,0,0
1407,2021-10-27,41234.55,41347.0,40750.0,40874.35,0,0
1408,2021-10-28,40915.15,40931.05,39350.2,39508.95,0,0
1409,2021-10-29,39424.55,39775.25,38426.65,39115.6,0,0
1410,2021-11-01,39432.15,39862.6,39120.65,39763.75,0,0
1411,2021-11-02,39796.9,40107.6,39590.7,39938.45,0,0
1412,2021-11-03,40040.65,40160.2,39304.85,39402.05,0,0
1413,2021-11-04,39669.1,39734.7,39514.15,39573.7,0,0
1414,2021-11-08,39674.05,39674.05,38932.15,39438.25,0,0
1415,2021-11-09,39517.85,39560.6,39223.4,39368.8,0,0
1416,2021-11-10,39206.2,39220.3,38873.8,39023.25,0,0
1417,2021-11-11,38913.05,38929.95,38346.05,38560.2,0,0
1418,2021-11-12,38707.15,38822.85,38467.8,38733.35,0,0
1419,2021-11-15,38849.45,39117.15,38606.6,38702.35,0,0
1420,2021-11-16,38710.9,38724.7,38211.1,38307.1,0,0
1421,2021-11-17,38113.4,38456.3,37981.2,38041.55,0,0
1422,2021-11-18,38071.9,38233.95,37748.45,37976.25,0,0
1423,2021-11-22,38232.15,38241.0,36655.4,37128.8,0,0
1424,2021-11-23,36787.0,37448.75,36647.55,37272.8,0,0
1425,2021-11-24,37384.75,37891.9,37238.05,37441.95,0,0
1426,2021-11-25,37362.05,37507.95,37118.4,37364.75,0,0
1427,2021-11-26,36830.9,36868.9,35904.1,36025.5,0,0
1428,2021-11-29,36224.45,36347.85,35327.9,35976.45,0,0
1429,2021-11-30,35958.8,36774.2,35526.35,35695.3,0,0
1430,2021-12-01,35902.9,36445.35,35805.0,36364.9,0,0
1431,2021-12-02,36281.85,36563.5,36166.7,36508.25,0,0
1432,2021-12-03,36497.3,36844.0,36062.85,36197.15,0,0
1433,2021-12-06,36252.75,36344.55,35696.75,35735.9,0,0
1434,2021-12-07,36086.95,36820.7,36013.95,36618.4,0,0
1435,2021-12-08,37052.75,37384.8,36905.15,37284.7,0,0
1436,2021-12-09,37331.75,37397.55,36884.45,37082.45,0,0
1437,2021-12-10,37083.15,37153.25,36824.4,37105.65,0,0
1438,2021-12-13,37358.2,37581.05,36861.9,36925.25,0,0
1439,2021-12-14,36778.95,37039.05,36545.4,36893.95,0,0
1440,2021-12-15,36929.5,37083.5,36743.2,36789.55,0,0
1441,2021-12-16,37092.95,37159.3,36385.75,36548.65,0,0
1442,2021-12-17,36491.8,36550.75,35535.05,35618.65,0,0
1443,2021-12-20,35124.35,35231.1,34018.45,34439.85,0,0
1444,2021-12-21,34863.35,35050.0,34389.95,34607.85,0,0
1445,2021-12-22,34865.25,35112.1,34687.6,35029.5,0,0
1446,2021-12-23,35350.5,35477.3,35046.25,35191.15,0,0
1447,2021-12-24,35282.2,35327.95,34583.4,34857.05,0,0
1448,2021-12-27,34573.65,35143.7,34233.0,35057.9,0,0
1449,2021-12-28,35308.3,35352.4,35037.9,35183.8,0,0
1450,2021-12-29,35168.85,35378.3,34890.8,35045.4,0,0
1451,2021-12-30,34977.65,35179.05,34751.25,35063.6,0,0
1452,2021-12-31,35114.4,35596.95,35113.75,35481.7,0,0
1453,2022-01-03,35585.2,36492.1,35526.6,36421.9,0,0
1454,2022-01-04,36551.25,36887.8,36374.4,36840.15,0,0
1455,2022-01-05,36943.55,37862.4,36756.35,37695.9,0,0
1456,2022-01-06,37242.55,37752.5,37058.45,37490.25,0,0
1457,2022-01-07,37667.05,38134.85,37427.8,37739.6,0,0
1458,2022-01-10,37930.55,38400.35,37929.35,38347.9,0,0
1459,2022-01-11,38370.0,38504.6,38031.75,38442.2,0,0
1460,2022-01-12,38719.6,38851.45,38604.6,38727.55,0,0
1461,2022-01-13,38717.55,38717.55,38376.15,38469.95,0,0
1462,2022-01-14,38302.35,38448.05,38007.75,38370.4,0,0
1463,2022-01-17,38212.55,38617.5,38138.25,38216.15,0,0
1464,2022-01-18,38337.4,38855.55,38095.4,38210.3,0,0
1465,2022-01-19,38145.75,38330.5,37769.25,38041.35,0,0
1466,2022-01-20,38106.1,38167.95,37591.85,37850.85,0,0
1467,2022-01-21,37522.35,37741.0,37224.25,37574.3,0,0
1468,2022-01-24,37601.95,37694.7,36375.35,36947.55,0,0
1469,2022-01-25,36598.05,37788.8,36415.6,37706.75,0,0
1470,2022-01-27,37058.2,38147.65,37012.25,37982.1,0,0
1471,2022-01-28,38246.6,38421.7,37581.5,37689.4,0,0
1472,2022-01-31,38091.8,38217.25,37647.85,37975.35,0,0
1473,2022-02-01,38460.45,38802.7,37690.6,38505.5,0,0
1474,2022-02-02,38841.55,39386.6,38752.65,39330.5,0,0
1475,2022-02-03,39255.7,39424.85,38861.15,39010.0,0,0
1476,2022-02-04,39128.0,39278.6,38562.6,38789.35,0,0
1477,2022-02-07,38592.05,38837.55,37802.7,37995.45,0,0
1478,2022-02-08,38176.1,38222.1,37319.05,38028.45,0,0
1479,2022-02-09,38283.6,38648.15,38192.0,38610.25,0,0
1480,2022-02-10,38801.45,39197.2,38520.0,39010.95,0,0
1481,2022-02-11,38567.65,38790.25,38396.4,38517.25,0,0
1482,2022-02-14,37664.0,37796.55,36828.05,36908.55,0,0
1483,2022-02-15,36989.8,38231.6,36651.85,38170.1,0,0
1484,2022-02-16,38296.5,38461.7,37762.8,37953.8,0,0
1485,2022-02-17,38042.1,38124.5,37425.6,37531.65,0,0
1486,2022-02-18,37344.45,37817.55,37304.45,37599.15,0,0
1487,2022-02-21,37400.0,38054.4,37156.8,37685.6,0,0
1488,2022-02-22,36833.0,37659.4,36818.1,37371.65,0,0
1489,2022-02-23,37628.55,37774.6,37318.0,37392.05,0,0
1490,2022-02-24,36085.2,36709.15,34991.35,35228.1,0,0
1491,2022-02-25,35901.7,36684.65,35768.2,36430.75,0,0
1492,2022-02-28,35938.95,36270.25,35611.9,36205.3,0,0
1493,2022-03-02,35381.9,35553.7,34897.45,35372.8,0,0
1494,2022-03-03,35621.15,35804.15,34721.15,34944.3,0,0
1495,2022-03-04,34526.1,35097.75,34094.1,34407.8,0,0
1496,2022-03-07,33278.15,33543.3,32376.5,32871.25,0,0
1497,2022-03-08,32531.9,33263.55,32155.35,33158.1,0,0
1498,2022-03-09,33278.9,33969.5,32948.9,33815.45,0,0
1499,2022-03-10,35153.95,35374.15,34218.05,34475.6,0,0
1500,2022-03-11,34331.0,34880.05,34094.3,34546.25,0,0
1501,2022-03-14,34660.25,35435.1,34625.05,35312.15,0,0
1502,2022-03-15,35467.95,35643.8,34706.05,35022.65,0,0
1503,2022-03-16,35555.75,35806.35,35461.55,35748.25,0,0
1504,2022-03-17,36302.0,36611.95,36261.65,36428.55,0,0
1505,2022-03-21,36545.85,36600.2,35900.2,36018.5,0,0
1506,2022-03-22,35975.6,36468.8,35384.75,36348.55,0,0
1507,2022-03-23,36627.7,36827.6,36064.75,36147.35,0,0
1508,2022-03-24,35633.7,35957.7,35421.7,35527.1,0,0
1509,2022-03-25,35700.4,35717.4,35203.85,35410.1,0,0
1510,2022-03-28,35488.7,35770.8,35016.3,35710.5,0,0
1511,2022-03-29,35931.75,35977.2,35506.55,35847.4,0,0
1512,2022-03-30,36241.55,36421.1,36070.55,36334.3,0,0
1513,2022-03-31,36457.2,36590.85,36278.15,36373.6,0,0
1514,2022-04-01,36298.35,37209.8,36242.35,37148.5,0,0
1515,2022-04-04,37824.95,38765.85,37665.55,38635.2,0,0
1516,2022-04-05,38731.3,38759.25,37935.95,38067.9,0,0
1517,2022-04-06,37711.3,37868.5,37513.85,37632.8,0,0
1518,2022-04-07,37421.75,37975.9,37346.8,37557.35,0,0
1519,2022-04-08,37619.7,37884.2,37405.2,37752.05,0,0
1520,2022-04-11,37591.75,37941.75,37524.45,37613.8,0,0
1521,2022-04-12,37407.4,37920.6,37264.45,37747.4,0,0
1522,2022-04-13,37887.3,37988.6,37408.2,37463.4,0,0
1523,2022-04-18,36833.15,36965.85,36441.35,36729.0,0,0
1524,2022-04-19,36806.8,37123.55,35926.3,36341.6,0,0
1525,2022-04-20,36482.6,36513.85,36114.05,36314.9,0,0
1526,2022-04-21,36513.1,36913.35,36395.7,36816.1,0,0
1527,2022-04-22,36514.15,36578.95,35991.5,36044.75,0,0
1528,2022-04-25,35792.35,36270.15,35511.4,36082.35,0,0
1529,2022-04-26,36515.35,36604.55,36265.9,36404.8,0,0
1530,2022-04-27,36067.55,36175.9,35747.15,36028.85,0,0
1531,2022-04-28,36189.95,36501.1,35951.1,36422.2,0,0
1532,2022-04-29,36474.05,36718.8,35978.95,36088.15,0,0
1533,2022-05-02,35627.6,36235.25,35618.2,36163.75,0,0
1534,2022-05-04,36266.15,36309.3,35127.85,35264.55,0,0
1535,2022-05-05,35705.35,35934.85,35133.8,35232.85,0,0
1536,2022-05-06,34569.1,34797.95,34353.2,34591.2,0,0
1537,2022-05-09,34091.75,34554.35,33927.2,34275.4,0,0
1538,2022-05-10,34181.2,34781.8,34176.8,34482.65,0,0
1539,2022-05-11,34686.3,34793.2,34143.2,34693.15,0,0
1540,2022-05-12,34289.1,34341.2,33297.65,33532.15,0,0
1541,2022-05-13,33925.95,34002.2,33007.9,33121.35,0,0
1542,2022-05-16,33256.0,33821.65,33001.75,33597.6,0,0
1543,2022-05-17,33796.2,34366.05,33680.6,34301.9,0,0
1544,2022-05-18,34448.2,34655.8,34134.7,34163.7,0,0
1545,2022-05-19,33461.0,33633.95,33180.6,33315.65,0,0
1546,2022-05-20,33765.15,34358.05,33658.05,34276.4,0,0
1547,2022-05-23,34321.4,34819.95,34117.35,34247.6,0,0
1548,2022-05-24,34223.2,34586.45,34115.8,34290.15,0,0
1549,2022-05-25,34491.8,34722.6,34285.8,34339.5,0,0
1550,2022-05-26,34670.6,35222.05,34424.75,35094.9,0,0
1551,2022-05-27,35326.6,35694.85,35291.95,35613.3,0,0
1552,2022-05-30,35958.8,36083.7,35748.45,35826.95,0,0
1553,2022-05-31,35615.3,35881.95,35288.95,35487.4,0,0
1554,2022-06-01,35358.95,35768.7,35285.45,35620.8,0,0
1555,2022-06-02,35470.95,35676.2,35385.0,35613.65,0,0
1556,2022-06-03,35929.55,35958.45,35175.1,35275.05,0,0
1557,2022-06-06,35159.15,35424.5,35072.3,35310.2,0,0
1558,2022-06-07,35080.8,35154.3,34834.4,34996.0,0,0
1559,2022-06-08,35165.65,35449.9,34831.75,34946.15,0,0
1560,2022-06-09,34802.25,35149.1,34659.1,35085.45,0,0
1561,2022-06-10,34686.95,34752.45,34346.65,34483.8,0,0
1562,2022-06-13,33728.65,33774.05,33210.35,33405.85,0,0
1563,2022-06-14,33180.6,33618.15,33123.9,33311.35,0,0
1564,2022-06-15,33317.8,33554.55,33249.55,33339.0,0,0
1565,2022-06-16,33648.8,33756.5,32537.95,32617.1,0,0
1566,2022-06-17,32393.45,32889.8,32290.55,32743.05,0,0
1567,2022-06-20,32873.4,32926.1,32426.4,32684.8,0,0
1568,2022-06-21,32978.05,33593.8,32797.55,33191.75,0,0
1569,2022-06-22,33051.65,33106.95,32758.15,32845.3,0,0
1570,2022-06-23,32927.4,33431.75,32652.15,33135.0,0,0
1571,2022-06-24,33434.8,33721.9,33390.85,33627.45,0,0
1572,2022-06-27,34126.2,34147.5,33735.5,33811.25,0,0
1573,2022-06-28,33578.2,33745.3,33503.3,33642.45,0,0
1574,2022-06-29,33273.55,33422.8,33185.25,33269.9,0,0
1575,2022-06-30,33180.7,33659.3,33179.6,33425.1,0,0
1576,2022-07-01,33264.75,33666.5,33080.45,33539.45,0,0
1577,2022-07-04,33558.85,33978.5,33515.6,33940.9,0,0
1578,2022-07-05,34084.7,34361.05,33757.0,33815.9,0,0
1579,2022-07-06,33929.4,34388.5,33876.15,34324.25,0,0
1580,2022-07-07,34627.4,34965.75,34553.1,34920.3,0,0
1581,2022-07-08,35258.9,35262.1,34977.75,35124.05,0,0
1582,2022-07-11,35017.6,35543.1,35006.55,35469.65,0,0
1583,2022-07-12,35298.7,35419.65,35047.5,35132.25,0,0
1584,2022-07-13,35259.8,35308.15,34757.6,34827.8,0,0
1585,2022-07-14,34817.95,35027.6,34558.45,34651.2,0,0
1586,2022-07-15,34734.45,34899.95,34463.9,34682.65,0,0
1587,2022-07-18,34841.85,35382.5,34804.4,35358.7,0,0
1588,2022-07-19,35113.25,35761.65,35110.5,35720.35,0,0
1589,2022-07-20,36061.3,36182.7,35876.55,35972.1,0,0
1590,2022-07-21,36026.55,36331.7,35887.35,36201.0,0,0
1591,2022-07-22,36322.9,36823.45,36286.35,36738.95,0,0
1592,2022-07-25,36766.7,37011.2,36464.65,36726.4,0,0
1593,2022-07-26,36688.55,36695.75,36334.1,36408.5,0,0
1594,2022-07-27,36370.55,36808.3,36248.6,36783.75,0,0
1595,2022-07-28,37102.45,37414.4,37028.5,37378.15,0,0
1596,2022-07-29,37717.3,37754.65,37221.15,37491.4,0,0
1597,2022-08-01,37594.15,37939.6,37407.2,37903.2,0,0
1598,2022-08-02,37767.7,38179.85,37632.3,38024.0,0,0
1599,2022-08-03,37954.55,38068.6,37692.95,37989.25,0,0
1600,2022-08-04,38111.05,38231.85,37249.5,37755.55,0,0
1601,2022-08-05,37868.25,38150.45,37779.9,37920.6,0,0
1602,2022-08-08,37847.35,38302.35,37681.45,38237.4,0,0
1603,2022-08-10,38298.85,38402.95,38155.3,38287.85,0,0
1604,2022-08-11,38712.95,38932.1,38648.9,38879.85,0,0
1605,2022-08-12,38942.45,39088.9,38739.95,39042.3,0,0
1606,2022-08-16,39284.1,39444.6,39119.9,39239.65,0,0
1607,2022-08-17,39351.3,39504.5,39202.8,39461.7,0,0
1608,2022-08-18,39324.4,39703.7,39291.15,39656.15,0,0
1609,2022-08-19,39732.65,39759.15,38848.4,38985.95,0,0
1610,2022-08-22,38693.65,38732.85,38247.25,38297.75,0,0
1611,2022-08-23,37955.45,38869.9,37950.85,38697.65,0,0
1612,2022-08-24,38552.7,39120.8,38552.2,39038.5,0,0
1613,2022-08-25,39190.05,39471.75,38803.7,38950.75,0,0
1614,2022-08-26,39129.65,39337.1,38846.8,38987.15,0,0
1615,2022-08-29,38111.6,38397.1,37943.85,38276.7,0,0
1616,2022-08-30,38516.95,39606.55,38472.7,39536.75,0,0
1617,2022-09-01,38806.7,39667.65,38803.3,39301.25,0,0
1618,2022-09-02,39422.3,39595.85,39200.45,39421.0,0,0
1619,2022-09-05,39412.05,39865.2,39407.4,39805.75,0,0
1620,2022-09-06,39892.95,40073.75,39564.3,39666.5,0,0
1621,2022-09-07,39337.75,39572.05,39258.25,39455.9,0,0
1622,2022-09-08,39763.9,40265.75,39706.4,40208.95,0,0
1623,2022-09-09,40520.75,40685.95,40280.3,40415.7,0,0
1624,2022-09-12,40540.45,40684.9,40377.9,40574.0,0,0
1625,2022-09-13,40802.1,40904.3,40693.95,40873.1,0,0
1626,2022-09-14,40308.8,41626.9,40288.9,41405.4,0,0
1627,2022-09-15,41533.7,41840.15,41153.5,41209.2,0,0
1628,2022-09-16,40977.2,41162.5,40502.05,40776.8,0,0
1629,2022-09-19,40685.6,41184.25,40509.9,40904.4,0,0
1630,2022-09-20,41304.15,41677.65,41207.3,41468.3,0,0
1631,2022-09-21,41282.6,41501.7,40889.15,41203.45,0,0
1632,2022-09-22,40889.05,41159.2,40360.2,40630.6,0,0
1633,2022-09-23,40429.35,40528.4,39412.7,39546.25,0,0
1634,2022-09-26,39027.85,39229.4,38492.2,38616.25,0,0
1635,2022-09-27,38811.7,39050.5,38184.9,38359.15,0,0
1636,2022-09-28,38081.25,38368.8,37626.2,37759.85,0,0
1637,2022-09-29,38092.85,38283.4,37536.65,37647.75,0,0
1638,2022-09-30,37660.0,38811.0,37386.35,38631.95,0,0
1639,2022-10-03,38444.9,38641.6,37963.25,38029.65,0,0
1640,2022-10-04,38700.4,39177.5,38596.9,39110.05,0,0
1641,2022-10-06,39343.7,39608.35,39232.9,39282.85,0,0
1642,2022-10-07,39093.5,39235.05,38807.5,39178.05,0,0
1643,2022-10-10,38641.55,39315.7,38518.3,39093.1,0,0
1644,2022-10-11,39058.85,39174.95,38622.75,38712.45,0,0
1645,2022-10-12,38784.2,39164.1,38606.4,39118.55,0,0
1646,2022-10-13,38957.65,39061.3,38437.95,38624.0,0,0
1647,2022-10-14,39446.05,39570.85,39196.3,39305.6,0,0
1648,2022-10-17,39295.6,39974.7,39146.7,39920.45,0,0
1649,2022-10-18,40252.05,40435.35,40139.85,40318.75,0,0
1650,2022-10-19,40556.65,40643.6,40195.2,40373.2,0,0
1651,2022-10-20,40149.5,40208.35,39848.85,40099.55,0,0
1652,2022-10-21,40370.75,41032.25,40355.45,40784.05,0,0
1653,2022-10-24,41348.35,41427.25,41201.15,41304.9,0,0
1654,2022-10-25,41513.65,41530.65,41021.45,41122.75,0,0
1655,2022-10-27,41440.7,41511.8,41178.65,41299.3,0,0
1656,2022-10-28,41236.8,41482.4,40839.3,40990.85,0,0
1657,2022-10-31,41265.7,41353.7,41106.1,41307.9,0,0
1658,2022-11-01,41552.4,41677.25,41188.55,41289.55,0,0
1659,2022-11-02,41472.6,41474.3,41060.45,41146.65,0,0
1660,2022-11-03,40873.7,41478.0,40819.15,41298.35,0,0
1661,2022-11-04,41314.85,41516.2,41051.15,41258.45,0,0
1662,2022-11-07,41740.65,41779.4,41337.05,41686.7,0,0
1663,2022-11-09,41914.85,41948.9,41667.9,41783.2,0,0
1664,2022-11-10,41462.85,41643.9,41318.6,41603.75,0,0
1665,2022-11-11,42163.4,42345.5,41918.1,42137.05,0,0
1666,2022-11-14,42177.55,42231.45,41965.45,42076.75,0,0
1667,2022-11-15,42234.85,42450.05,42079.55,42372.7,0,0
1668,2022-11-16,42371.8,42611.75,42296.3,42535.3,0,0
1669,2022-11-17,42399.65,42622.75,42366.55,42458.05,0,0
1670,2022-11-18,42545.75,42590.75,42223.7,42437.45,0,0
1671,2022-11-21,42286.95,42386.8,42202.55,42346.55,0,0
1672,2022-11-22,42467.4,42508.75,42347.15,42457.05,0,0
1673,2022-11-23,42668.55,42860.55,42556.4,42729.1,0,0
1674,2022-11-24,42838.35,43163.4,42769.65,43075.4,0,0
1675,2022-11-25,43192.45,43339.15,42864.95,42983.95,0,0
1676,2022-11-28,42757.2,43159.8,42740.0,43020.45,0,0
1677,2022-11-29,42959.4,43279.6,42959.4,43053.45,0,0
1678,2022-11-30,43122.75,43332.3,42880.05,43231.0,0,0
1679,2022-12-01,43512.1,43515.05,43101.85,43260.65,0,0
1680,2022-12-02,42976.7,43131.9,42937.8,43103.75,0,0
1681,2022-12-05,43269.35,43372.15,42985.0,43332.95,0,0
1682,2022-12-06,43093.9,43306.85,43076.4,43138.55,0,0
1683,2022-12-07,43157.35,43327.35,42948.45,43098.7,0,0
1684,2022-12-08,43142.25,43640.9,43095.3,43596.85,0,0
1685,2022-12-09,43765.3,43853.4,43361.7,43633.45,0,0
1686,2022-12-12,43455.85,43767.05,43378.8,43708.75,0,0
1687,2022-12-13,43793.7,43983.8,43767.75,43946.55,0,0
1688,2022-12-14,44078.6,44151.8,43987.95,44049.1,0,0
1689,2022-12-15,43940.1,44120.6,43379.1,43498.2,0,0
1690,2022-12-16,43261.75,43598.2,43080.55,43219.5,0,0
1691,2022-12-19,43346.35,43451.45,43110.3,43413.75,0,0
1692,2022-12-20,43152.65,43426.2,42955.4,43359.5,0,0
1693,2022-12-21,43525.75,43614.65,42363.8,42617.95,0,0
1694,2022-12-22,42864.0,42933.5,42231.35,42408.8,0,0
1695,2022-12-23,41951.35,42226.65,41597.65,41668.05,0,0
1696,2022-12-26,41716.35,42846.15,41569.45,42630.15,0,0
1697,2022-12-27,42827.75,42927.2,42394.15,42859.5,0,0
1698,2022-12-28,42733.6,43034.95,42694.85,42827.7,0,0
1699,2022-12-29,42684.9,43498.05,42489.8,43252.35,0,0
1700,2022-12-30,43401.7,43422.95,42833.1,42986.45,0,0
1701,2023-01-02,43038.25,43382.75,42961.75,43203.1,0,0
1702,2023-01-03,43151.45,43482.8,43148.45,43425.25,0,0
1703,2023-01-04,43417.5,43578.4,42858.65,42958.8,0,0
1704,2023-01-05,43073.05,43137.55,42298.6,42608.7,0,0
1705,2023-01-06,42649.7,42685.9,41877.0,42188.8,0,0
1706,2023-01-09,42404.85,42716.8,42186.55,42582.75,0,0
1707,2023-01-10,42642.0,42674.25,41835.75,42014.75,0,0
1708,2023-01-11,42071.85,42318.0,41729.0,42232.7,0,0
1709,2023-01-12,42238.5,42343.5,41742.95,42082.25,0,0
1710,2023-01-13,42171.25,42453.95,41885.6,42371.25,0,0
1711,2023-01-16,42622.5,42715.65,42066.55,42167.55,0,0
1712,2023-01-17,42241.2,42383.8,41861.1,42235.05,0,0
1713,2023-01-18,42271.8,42555.9,42119.65,42458.0,0,0
1714,2023-01-19,42416.3,42506.25,42234.9,42328.85,0,0
1715,2023-01-20,42516.05,42709.2,42366.15,42506.8,0,0
1716,2023-01-23,42891.45,43005.85,42727.7,42821.25,0,0
1717,2023-01-24,42994.45,43078.9,42615.65,42733.45,0,0
1718,2023-01-25,42703.6,42733.05,41540.3,41647.65,0,0
1719,2023-01-27,41382.35,41417.9,40148.8,40345.3,0,0
1720,2023-01-30,39856.15,40789.55,39419.8,40387.45,0,0
1721,2023-01-31,40563.85,40811.65,40167.7,40655.05,0,0
1722,2023-02-01,41115.0,42015.65,39490.5,40513.0,0,0
1723,2023-02-02,39943.35,40757.6,39761.45,40669.3,0,0
1724,2023-02-03,41019.35,41539.95,40609.75,41499.7,0,0
1725,2023-02-06,41530.15,41724.5,41261.2,41374.65,0,0
1726,2023-02-07,41513.1,41630.75,41095.1,41490.95,0,0
1727,2023-02-08,41542.05,41791.95,41403.05,41537.65,0,0
1728,2023-02-09,41634.0,41634.0,41252.95,41554.3,0,0
1729,2023-02-10,41452.4,41678.9,41424.9,41559.4,0,0
1730,2023-02-13,41563.5,41662.55,41157.9,41282.2,0,0
1731,2023-02-14,41410.45,41718.0,41195.75,41648.35,0,0
1732,2023-02-15,41674.6,41795.45,41455.6,41731.05,0,0
1733,2023-02-16,41925.7,41979.1,41521.95,41631.35,0,0
1734,2023-02-17,41514.0,41516.3,40882.7,41131.75,0,0
1735,2023-02-20,41221.55,41292.6,40580.1,40701.7,0,0
1736,2023-02-21,40784.9,40946.2,40508.25,40673.6,0,0
1737,2023-02-22,40494.15,40529.25,39899.0,39995.9,0,0
1738,2023-02-23,39983.7,40147.8,39600.25,40001.55,0,0
1739,2023-02-24,40259.1,40348.1,39818.9,39909.4,0,0
1740,2023-02-27,39820.4,40371.45,39745.4,40307.1,0,0
1741,2023-02-28,40302.7,40391.45,40073.0,40269.05,0,0
1742,2023-03-01,40473.85,40725.35,40341.95,40698.15,0,0
1743,2023-03-02,40604.55,40773.25,40312.9,40389.8,0,0
1744,2023-03-03,40671.4,41390.15,40605.35,41251.35,0,0
1745,2023-03-06,41418.4,41671.2,41259.15,41350.4,0,0
1746,2023-03-08,41178.35,41625.35,41100.35,41577.1,0,0
1747,2023-03-09,41532.65,41659.0,41208.1,41256.75,0,0
1748,2023-03-10,40805.25,40839.0,40341.7,40485.45,0,0
1749,2023-03-13,40356.1,40690.05,39454.6,39564.7,0,0
1750,2023-03-14,39522.4,39768.5,39132.6,39411.4,0,0
1751,2023-03-15,39777.9,39914.1,38934.65,39051.5,0,0
1752,2023-03-16,39061.7,39381.4,38613.15,39132.6,0,0
1753,2023-03-17,39442.4,39705.15,38926.8,39598.1,0,0
1754,2023-03-20,39512.1,39512.1,38941.9,39361.95,0,0
1755,2023-03-21,39599.65,39970.9,39366.3,39894.7,0,0
1756,2023-03-22,40036.0,40085.6,39837.8,39999.05,0,0
1757,2023-03-23,39836.15,40201.6,39552.5,39616.9,0,0
1758,2023-03-24,39555.25,39767.9,39294.9,39395.35,0,0
1759,2023-03-27,39484.7,39695.2,39273.75,39431.3,0,0
1760,2023-03-28,39545.05,39645.2,39326.1,39567.9,0,0
1761,2023-03-29,39611.55,40055.0,39609.55,39910.15,0,0
1762,2023-03-31,40231.25,40690.4,40180.2,40608.65,0,0
1763,2023-04-03,40695.8,40857.6,40535.9,40813.05,0,0
1764,2023-04-05,40972.3,41071.15,40802.65,40999.15,0,0
1765,2023-04-06,40940.7,41274.7,40820.55,41041.0,0,0
1766,2023-04-10,41116.15,41139.85,40727.25,40834.65,0,0
1767,2023-04-11,41232.0,41403.25,40990.2,41366.5,0,0
1768,2023-04-12,41426.0,41610.15,41332.0,41557.95,0,0
1769,2023-04-13,41680.1,42196.2,41502.65,42132.55,0,0
1770,2023-04-17,42603.55,42603.55,41799.0,42262.55,0,0
1771,2023-04-18,42406.95,42500.7,42114.35,42265.2,0,0
1772,2023-04-19,42280.1,42339.9,42022.15,42154.0,0,0
1773,2023-04-20,42218.5,42378.15,42108.85,42269.5,0,0
1774,2023-04-21,42252.55,42382.15,41962.35,42118.0,0,0
1775,2023-04-24,42469.95,42714.15,42269.1,42635.75,0,0
1776,2023-04-25,42731.6,42865.55,42601.5,42678.5,0,0
1777,2023-04-26,42559.05,42875.6,42432.25,42829.9,0,0
1778,2023-04-27,42753.9,43043.4,42736.6,43000.85,0,0
1779,2023-04-28,43045.5,43302.05,42810.35,43233.9,0,0
1780,2023-05-02,43395.05,43483.85,43269.4,43352.1,0,0
1781,2023-05-03,43154.85,43354.95,43078.15,43312.7,0,0
1782,2023-05-04,43236.1,43739.8,43213.95,43685.45,0,0
1783,2023-05-05,43110.65,43588.0,42582.2,42661.2,0,0
1784,2023-05-08,42796.85,43418.55,42780.3,43284.0,0,0
1785,2023-05-09,43438.55,43533.25,43125.85,43198.15,0,0
1786,2023-05-10,43275.25,43383.65,42822.15,43331.05,0,0
1787,2023-05-11,43535.1,43774.25,43367.25,43475.3,0,0
1788,2023-05-12,43447.15,43905.95,43347.75,43793.55,0,0
1789,2023-05-15,43821.05,44151.7,43666.6,44072.1,0,0
1790,2023-05-16,44144.15,44144.15,43815.7,43903.7,0,0
1791,2023-05-17,43948.5,43992.75,43446.4,43698.7,0,0
1792,2023-05-18,44006.9,44079.2,43673.7,43752.3,0,0
1793,2023-05-19,43930.0,44020.9,43531.9,43969.4,0,0
1794,2023-05-22,43935.3,44026.75,43684.9,43885.1,0,0
1795,2023-05-23,43978.9,44095.25,43852.2,43954.45,0,0
1796,2023-05-24,43751.95,44010.45,43639.8,43677.85,0,0
1797,2023-05-25,43630.25,43719.85,43390.3,43681.4,0,0
1798,2023-05-26,43765.35,44067.6,43588.8,44018.0,0,0
1799,2023-05-29,44276.8,44483.35,44193.95,44311.9,0,0
1800,2023-05-30,44277.35,44498.6,44207.5,44436.35,0,0
1801,2023-05-31,44318.0,44339.05,43822.7,44128.15,0,0
1802,2023-06-01,44172.05,44179.95,43706.15,43790.2,0,0
1803,2023-06-02,43997.3,44088.9,43812.55,43937.85,0,0
1804,2023-06-05,44103.25,44266.15,44074.2,44101.65,0,0
1805,2023-06-06,44156.7,44236.2,44009.7,44164.55,0,0
1806,2023-06-07,44318.7,44346.3,44143.5,44275.3,0,0
1807,2023-06-08,44208.3,44459.25,43917.9,43995.25,0,0
1808,2023-06-09,44045.75,44220.1,43932.6,43989.0,0,0
1809,2023-06-12,44035.2,44124.95,43874.05,43944.2,0,0
1810,2023-06-13,43889.7,44138.15,43889.7,44079.85,0,0
1811,2023-06-14,44181.65,44212.35,43956.15,43988.0,0,0
1812,2023-06-15,44054.35,44077.45,43397.5,43443.6,0,0
1813,2023-06-16,43583.35,44083.25,43536.95,43938.15,0,0
1814,2023-06-19,44015.3,44040.35,43501.4,43633.75,0,0
1815,2023-06-20,43597.55,43823.95,43345.95,43766.5,0,0
1816,2023-06-21,43894.4,43946.7,43698.95,43859.2,0,0
1817,2023-06-22,43874.8,44042.15,43663.35,43724.85,0,0
1818,2023-06-23,43641.6,43824.1,43519.55,43622.9,0,0
1819,2023-06-26,43714.75,43773.1,43541.75,43641.05,0,0
1820,2023-06-27,43804.55,44194.65,43693.15,44121.5,0,0
1821,2023-06-28,44419.5,44508.4,44163.2,44327.8,0,0
1822,2023-06-30,44666.0,44787.1,44447.2,44747.35,0,0
1823,2023-07-03,44957.95,45353.2,44882.1,45158.1,0,0
1824,2023-07-04,45310.55,45655.5,45000.25,45301.45,0,0
1825,2023-07-05,45169.7,45418.9,45073.4,45151.8,0,0
1826,2023-07-06,45060.55,45417.5,45042.6,45339.9,0,0
1827,2023-07-07,45118.05,45227.25,44844.8,44925.0,0,0
1828,2023-07-10,44958.65,45184.3,44721.9,44860.85,0,0
1829,2023-07-11,44998.0,45139.55,44663.05,44745.05,0,0
1830,2023-07-12,44872.6,44937.25,44562.4,44639.45,0,0
1831,2023-07-13,45009.3,45085.15,44612.2,44665.05,0,0
1832,2023-07-14,44860.65,44923.85,44547.8,44819.3,0,0
1833,2023-07-17,44951.2,45556.45,44695.05,45449.75,0,0
1834,2023-07-18,45754.8,45905.85,45281.3,45410.85,0,0
1835,2023-07-19,45622.5,45707.4,45433.0,45669.3,0,0
1836,2023-07-20,45689.05,46256.2,45640.95,46186.9,0,0
1837,2023-07-21,46063.95,46369.5,45925.9,46075.2,0,0
1838,2023-07-24,46131.9,46191.5,45858.75,45923.05,0,0
1839,2023-07-25,46154.7,46156.1,45622.85,45845.0,0,0
1840,2023-07-26,45935.15,46096.6,45804.7,46062.35,0,0
1841,2023-07-27,46285.85,46310.1,45570.65,45679.3,0,0
1842,2023-07-28,45560.9,45727.75,45238.8,45468.1,0,0
1843,2023-07-31,45546.35,45694.9,45359.75,45651.1,0,0
1844,2023-08-01,45740.0,45782.75,45471.05,45592.5,0,0
1845,2023-08-02,45234.65,45404.9,44720.9,44995.7,0,0
1846,2023-08-03,44862.85,45038.45,44279.4,44513.45,0,0
1847,2023-08-04,44754.75,45118.05,44520.55,44879.5,0,0
1848,2023-08-07,44993.7,45011.35,44773.85,44837.5,0,0
1849,2023-08-08,44888.95,45096.85,44817.85,44964.45,0,0
1850,2023-08-09,44973.45,44975.0,44533.75,44880.7,0,0
1851,2023-08-10,44797.65,44980.35,44418.4,44541.8,0,0
1852,2023-08-11,44568.15,44571.25,44120.9,44199.1,0,0
1853,2023-08-14,44066.6,44212.75,43776.9,44090.95,0,0
1854,2023-08-16,43726.25,44002.8,43600.35,43946.4,0,0
1855,2023-08-17,43897.25,44071.85,43745.1,43891.35,0,0
1856,2023-08-18,43724.75,43957.65,43672.45,43851.05,0,0
1857,2023-08-21,43952.85,44113.8,43862.0,44002.0,0,0
1858,2023-08-22,44125.0,44151.3,43938.7,43993.25,0,0
1859,2023-08-23,44064.5,44521.65,43952.05,44479.05,0,0
1860,2023-08-24,44704.2,44949.9,44433.75,44496.2,0,0
1861,2023-08-25,44276.2,44359.1,43983.75,44231.45,0,0
1862,2023-08-28,44253.65,44610.4,44201.45,44494.65,0,0
1863,2023-08-29,44655.75,44673.0,44429.8,44495.25,0,0
1864,2023-08-30,44706.55,44779.65,44149.8,44232.6,0,0
1865,2023-08-31,44265.85,44399.65,43895.05,43989.15,0,0
1866,2023-09-01,43996.1,44568.55,43830.75,44436.1,0,0
1867,2023-09-04,44647.65,44656.05,44310.95,44578.3,0,0
1868,2023-09-05,44625.05,44668.7,44401.7,44532.15,0,0
1869,2023-09-06,44494.65,44577.0,44207.25,44409.1,0,0
1870,2023-09-07,44418.05,44915.55,44341.2,44878.35,0,0
1871,2023-09-08,44953.65,45383.35,44812.15,45156.4,0,0
1872,2023-09-11,45340.8,45636.2,45231.3,45570.7,0,0
1873,2023-09-12,45893.8,45893.8,45322.55,45511.35,0,0
1874,2023-09-13,45449.35,45990.5,45299.4,45909.45,0,0
1875,2023-09-14,46013.3,46153.9,45801.5,46000.85,0,0
1876,2023-09-15,46122.15,46310.4,46028.75,46231.5,0,0
1877,2023-09-18,46100.95,46252.95,45906.9,45979.85,0,0
1878,2023-09-20,45493.7,45745.15,45276.4,45384.6,0,0
1879,2023-09-21,45179.6,45276.8,44592.45,44623.85,0,0
1880,2023-09-22,44707.35,44996.75,44548.9,44612.05,0,0
1881,2023-09-25,44615.0,44936.55,44400.9,44766.1,0,0
1882,2023-09-26,44722.5,44773.8,44532.45,44624.2,0,0
1883,2023-09-27,44465.9,44668.0,44182.5,44588.3,0,0
1884,2023-09-28,44700.35,44756.8,44248.2,44300.95,0,0
1885,2023-09-29,44445.35,44755.05,44344.9,44584.55,0,0
1886,2023-10-03,44561.5,44566.3,44243.1,44399.05,0,0
1887,2023-10-04,44108.15,44161.35,43857.5,43964.05,0,0
1888,2023-10-05,44181.35,44391.85,44108.3,44213.35,0,0
1889,2023-10-06,44395.4,44500.7,44242.95,44360.6,0,0
1890,2023-10-09,44057.8,44113.2,43796.75,43886.5,0,0
1891,2023-10-10,44027.55,44487.25,44004.55,44360.15,0,0
1892,2023-10-11,44554.9,44710.55,44411.4,44516.9,0,0
1893,2023-10-12,44571.55,44693.05,44530.05,44599.2,0,0
1894,2023-10-13,44322.05,44563.05,44203.7,44287.95,0,0
1895,2023-10-16,44204.75,44356.95,44044.4,44225.9,0,0
1896,2023-10-17,44589.8,44589.85,44336.95,44409.5,0,0
1897,2023-10-18,44404.2,44412.5,43861.45,43888.7,0,0
1898,2023-10-19,43616.75,44058.8,43558.1,43754.5,0,0
1899,2023-10-20,43584.25,43877.5,43567.45,43723.05,0,0
1900,2023-10-23,43822.7,43831.3,43029.45,43151.2,0,0
1901,2023-10-25,43308.3,43397.45,42758.4,42832.0,0,0
1902,2023-10-26,42708.4,42716.2,42105.4,42280.15,0,0
1903,2023-10-27,42555.6,42840.15,42482.75,42782.0,0,0
1904,2023-10-30,42721.4,43112.5,42390.5,43039.15,0,0
1905,2023-10-31,43356.85,43356.85,42797.15,42845.95,0,0
1906,2023-11-01,42694.25,42815.15,42589.65,42700.95,0,0
1907,2023-11-02,43018.7,43271.5,42796.45,43017.2,0,0
1908,2023-11-03,43318.3,43416.1,43221.0,43318.25,0,0
1909,2023-11-06,43627.75,43648.7,43415.2,43619.4,0,0
1910,2023-11-07,43598.85,43799.35,43283.85,43737.9,0,0
1911,2023-11-08,43791.8,43797.55,43547.75,43658.65,0,0
1912,2023-11-09,43626.1,43876.75,43542.65,43683.6,0,0
1913,2023-11-10,43543.25,43908.7,43504.95,43820.1,0,0
1914,2023-11-12,44054.5,44056.0,43916.6,43996.65,0,0
1915,2023-11-13,43915.1,43970.75,43681.4,43891.25,0,0
1916,2023-11-15,44398.45,44408.55,44164.55,44201.7,0,0
1917,2023-11-16,44251.7,44420.95,44064.15,44161.55,0,0
1918,2023-11-17,43656.25,43872.85,43513.85,43583.95,0,0
1919,2023-11-20,43591.5,43724.0,43450.05,43584.95,0,0
1920,2023-11-21,43790.95,43790.95,43586.45,43689.15,0,0
1921,2023-11-22,43663.6,43692.5,43230.95,43449.6,0,0
1922,2023-11-23,43452.75,43649.65,43451.35,43577.5,0,0
1923,2023-11-24,43607.35,43806.5,43566.15,43769.1,0,0
1924,2023-11-28,43851.55,43960.3,43739.8,43880.95,0,0
1925,2023-11-29,44081.75,44630.35,44003.45,44566.45,0,0
1926,2023-11-30,44711.2,44764.8,44254.6,44481.75,0,0
1927,2023-12-01,44580.15,44951.1,44531.75,44814.2,0,0
1928,2023-12-04,45671.5,46484.45,45484.2,46431.4,0,0
1929,2023-12-05,46895.9,47230.55,46653.65,47012.25,0,0
1930,2023-12-06,47256.75,47259.85,46750.2,46834.55,0,0
1931,2023-12-07,46735.4,46927.7,46507.15,46841.4,0,0
1932,2023-12-08,46797.2,47303.65,46793.9,47262.0,0,0
1933,2023-12-11,47233.3,47588.0,47186.6,47314.25,0,0
1934,2023-12-12,47421.7,47454.0,47004.05,47097.55,0,0
1935,2023-12-13,47190.75,47201.95,46886.9,47092.25,0,0
1936,2023-12-14,47567.65,47943.6,47510.85,47732.3,0,0
1937,2023-12-15,47939.9,48219.95,47632.85,48143.55,0,0
1938,2023-12-18,48068.5,48076.6,47806.7,47867.7,0,0
1939,2023-12-19,47940.4,48017.0,47646.05,47870.9,0,0
1940,2023-12-20,48085.35,48166.15,47202.65,47445.3,0,0
1941,2023-12-21,47172.45,47932.4,46919.7,47840.15,0,0
1942,2023-12-22,47837.75,48071.4,47415.85,47491.85,0,0
1943,2023-12-26,47576.4,47838.45,47411.65,47724.85,0,0
1944,2023-12-27,47818.5,48347.65,47806.7,48282.2,0,0
1945,2023-12-28,48479.05,48636.45,48343.15,48508.55,0,0
1946,2023-12-29,48374.85,48477.7,48091.85,48292.25,0,0
1947,2024-01-01,48203.45,48450.0,48044.15,48234.3,0,0
1948,2024-01-02,48194.8,48223.55,47689.8,47761.65,0,0
1949,2024-01-03,47796.3,47798.75,47481.35,47704.95,0,0
1950,2024-01-04,47805.4,48281.2,47738.15,48195.85,0,0
1951,2024-01-05,48245.55,48381.95,47822.85,48159.0,0,0
1952,2024-01-08,48096.65,48154.5,47387.35,47450.25,0,0
1953,2024-01-09,47705.4,47939.3,47156.05,47242.65,0,0
1954,2024-01-10,47073.85,47423.45,47010.8,47360.85,0,0
1955,2024-01-11,47538.6,47662.1,47237.0,47438.35,0,0
1956,2024-01-12,47572.7,47873.7,47408.5,47709.8,0,0
1957,2024-01-15,47891.05,48248.05,47825.4,48158.3,0,0
1958,2024-01-16,48109.95,48305.4,48002.85,48125.1,0,0
1959,2024-01-17,46573.95,47212.75,45979.6,46064.45,0,0
1960,2024-01-18,45492.75,46184.05,45430.7,45713.55,0,0
1961,2024-01-19,46103.5,46249.85,45558.05,45701.15,0,0
1962,2024-01-20,45989.25,46183.7,45640.9,46058.2,0,0
1963,2024-01-23,46495.45,46580.3,44886.1,45015.05,0,0
1964,2024-01-24,44489.4,45485.5,44489.4,45082.4,0,0
1965,2024-01-25,45057.95,45139.05,44429.0,44866.15,0,0
1966,2024-01-29,45171.5,45660.35,45110.9,45442.35,0,0
1967,2024-01-30,45481.5,45678.7,45206.05,45367.75,0,0
1968,2024-01-31,45295.65,46179.75,45071.2,45996.8,0,0
1969,2024-02-01,46164.9,46306.9,45668.35,46188.65,0,0
1970,2024-02-02,46568.2,46892.35,45901.25,45970.95,0,0
1971,2024-02-05,45962.25,46048.6,45615.1,45825.55,0,0
1972,2024-02-06,45891.2,45932.15,45527.0,45690.8,0,0
1973,2024-02-07,45944.6,46062.85,45620.5,45818.5,0,0
1974,2024-02-08,45973.85,46181.2,44893.75,45012.0,0,0
1975,2024-02-09,44986.75,45718.15,44859.15,45634.55,0,0
1976,2024-02-12,45664.3,45748.5,44633.85,44882.25,0,0
1977,2024-02-13,45056.8,45750.4,44819.55,45502.4,0,0
1978,2024-02-14,45014.65,46170.45,44860.75,45908.3,0,0
1979,2024-02-15,46027.1,46297.7,45590.2,46218.9,0,0
1980,2024-02-16,46454.3,46693.4,46264.4,46384.85,0,0
1981,2024-02-19,46554.9,46717.4,46317.7,46535.5,0,0
1982,2024-02-20,46444.9,47136.75,46367.8,47094.2,0,0
1983,2024-02-21,47363.4,47363.4,46886.95,47019.7,0,0
1984,2024-02-22,46934.55,47024.05,46426.85,46919.8,0,0
1985,2024-02-23,47060.7,47245.35,46723.15,46811.75,0,0
1986,2024-02-26,46615.85,46893.15,46513.55,46576.5,0,0
1987,2024-02-27,46480.2,46722.25,46324.9,46588.05,0,0
1988,2024-02-28,46640.9,46754.55,45852.55,45963.15,0,0
1989,2024-02-29,45881.45,46329.65,45661.75,46120.9,0,0
1990,2024-03-01,46218.0,47342.25,46218.0,47286.9,0,0
1991,2024-03-02,47377.45,47433.85,47237.0,47297.5,0,0
1992,2024-03-04,47318.5,47529.6,47191.65,47456.1,0,0
1993,2024-03-05,47265.7,47737.85,47196.75,47581.0,0,0
1994,2024-03-06,47451.65,48161.25,47442.25,47965.4,0,0
1995,2024-03-07,48035.8,48071.7,47747.2,47835.8,0,0
1996,2024-03-11,47792.2,47853.8,47230.65,47327.85,0,0
1997,2024-03-12,47351.35,47812.75,46884.45,47282.4,0,0
1998,2024-03-13,47341.15,47468.7,46842.15,46981.3,0,0
1999,2024-03-14,46825.75,47231.5,46565.55,46789.95,0,0
2000,2024-03-15,46572.1,46802.55,46310.5,46594.1,0,0
2001,2024-03-18,46458.75,46739.25,46022.15,46575.9,0,0
2002,2024-03-19,46421.9,46602.35,46258.75,46384.8,0,0
2003,2024-03-20,46392.9,46655.55,45828.8,46310.9,0,0
2004,2024-03-21,46674.85,46990.25,46570.15,46684.9,0,0
2005,2024-03-22,46634.9,46974.15,46566.8,46863.75,0,0
2006,2024-03-26,46552.95,46788.35,46529.05,46600.2,0,0
2007,2024-03-27,46643.45,46956.1,46643.45,46785.95,0,0
2008,2024-03-28,46827.85,47440.45,46827.85,47124.6,0,0
2009,2024-04-01,47391.05,47646.8,47373.1,47578.25,0,0
2010,2024-04-02,47490.75,47707.35,47408.55,47545.45,0,0
2011,2024-04-03,47350.25,47676.95,47279.8,47624.25,0,0
2012,2024-04-04,48086.2,48254.65,47712.7,48060.8,0,0
2013,2024-04-05,48104.65,48557.4,47894.5,48493.05,0,0
2014,2024-04-08,48586.75,48716.95,48424.65,48581.7,0,0
2015,2024-04-09,48810.8,48960.75,48568.25,48730.55,0,0
2016,2024-04-10,48879.55,49057.4,48669.25,48986.6,0,0
2017,2024-04-12,48671.2,48882.65,48477.55,48564.55,0,0
2018,2024-04-15,48057.5,48255.5,47725.8,47773.25,0,0
2019,2024-04-16,47436.7,47609.0,47316.55,47484.8,0,0
2020,2024-04-18,47592.7,47829.75,46982.15,47069.45,0,0
2021,2024-04-19,46744.95,47668.7,46579.05,47574.15,0,0
2022,2024-04-22,48145.7,48146.3,47628.45,47924.9,0,0
2023,2024-04-23,48299.6,48302.7,47899.3,47970.45,0,0
2024,2024-04-24,48120.9,48246.2,48028.7,48189.0,0,0
2025,2024-04-25,47772.65,48625.45,47737.2,48494.95,0,0
2026,2024-04-26,48660.0,48679.65,48088.25,48201.05,0,0
2027,2024-04-29,48359.9,49473.6,48342.7,49424.05,0,0
2028,2024-04-30,49477.1,49974.75,49249.9,49396.75,0,0
2029,2024-05-02,49262.0,49529.35,49123.6,49231.05,0,0
2030,2024-05-03,49375.05,49607.75,48659.7,48923.55,0,0
2031,2024-05-06,49174.55,49252.65,48784.0,48895.3,0,0
2032,2024-05-07,48965.05,49023.5,48213.75,48285.35,0,0
2033,2024-05-08,48124.2,48223.05,47851.15,48021.1,0,0
2034,2024-05-09,47976.35,48258.65,47440.65,47487.9,0,0
2035,2024-05-10,47555.5,47868.7,47313.35,47421.1,0,0
2036,2024-05-13,47389.8,47841.6,46983.25,47754.1,0,0
2037,2024-05-14,47748.85,47937.25,47607.85,47859.45,0,0
2038,2024-05-15,47923.1,47957.2,47534.5,47687.45,0,0
2039,2024-05-16,47945.85,48052.9,47340.35,47977.05,0,0
2040,2024-05-17,47842.95,48188.65,47758.8,48115.65,0,0
2041,2024-05-18,48197.3,48222.35,48108.15,48199.5,0,0
2042,2024-05-21,47927.1,48259.75,47927.1,48048.2,0,0
2043,2024-05-22,48113.9,48114.05,47435.25,47781.95,0,0
2044,2024-05-23,47899.35,48829.7,47873.15,48768.6,0,0
2045,2024-05-24,48668.0,49052.95,48644.8,48971.65,0,0
2046,2024-05-27,49105.9,49688.85,49051.25,49281.8,0,0
2047,2024-05-28,49390.9,49511.15,49043.65,49142.15,0,0
2048,2024-05-29,48786.7,49022.6,48401.55,48501.35,0,0
2049,2024-05-30,48313.6,49044.6,48313.6,48682.35,0,0
2050,2024-05-31,48895.15,49122.55,48569.05,48983.95,0,0
2051,2024-06-03,50889.85,51133.2,50092.65,50979.95,0,0
2052,2024-06-04,50667.05,50667.05,46077.85,46928.6,0,0
2053,2024-06-05,47486.6,49362.9,46446.8,49054.6,0,0
2054,2024-06-06,49426.4,49672.75,48906.75,49291.9,0,0
2055,2024-06-07,49316.95,49943.2,49080.45,49803.2,0,0
2056,2024-06-10,49808.15,50252.95,49654.2,49780.9,0,0
2057,2024-06-11,49751.2,49970.3,49530.45,49705.75,0,0
2058,2024-06-12,49857.45,50233.4,49697.35,49895.1,0,0
2059,2024-06-13,50179.0,50186.45,49799.65,49846.7,0,0
2060,2024-06-14,49993.95,50102.6,49693.35,50002.0,0,0
2061,2024-06-18,50194.35,50562.15,49900.2,50440.9,0,0
2062,2024-06-19,50607.9,51957.0,50441.75,51398.05,0,0
2063,2024-06-20,51712.9,51842.2,51281.5,51783.25,0,0
2064,2024-06-21,51927.3,51934.35,51224.95,51661.45,0,0
2065,2024-06-24,51280.25,51783.95,51138.9,51703.95,0,0
2066,2024-06-25,51759.45,52669.3,51747.65,52606.0,0,0
2067,2024-06-26,52653.2,52988.3,52373.7,52870.5,0,0
2068,2024-06-27,52980.3,53180.75,52639.0,52811.3,0,0
2069,2024-06-28,52874.95,53030.3,52242.3,52342.25,0,0
2070,2024-07-01,52351.15,52656.15,52166.05,52574.75,0,0
2071,2024-07-02,52793.75,52828.45,51996.65,52168.1,0,0
2072,2024-07-03,52872.3,53256.7,52482.65,53089.25,0,0
2073,2024-07-04,53357.7,53357.7,52815.9,53103.7,0,0
2074,2024-07-05,52560.1,52817.85,52290.05,52660.35,0,0
2075,2024-07-08,52533.1,52710.8,52246.7,52425.8,0,0
2076,2024-07-09,52390.5,52626.6,52292.95,52568.8,0,0
2077,2024-07-10,52528.8,52528.8,52075.4,52189.3,0,0
2078,2024-07-11,52316.9,52400.3,51749.45,52270.65,0,0
2079,2024-07-12,52272.65,52794.55,52171.15,52278.9,0,0
2080,2024-07-15,52330.05,52662.25,52154.0,52455.9,0,0
2081,2024-07-16,52466.7,52619.05,52331.6,52396.8,0,0
2082,2024-07-18,52215.05,52782.75,52168.65,52620.7,0,0
2083,2024-07-19,52531.55,52586.75,52146.3,52265.6,0,0
2084,2024-07-22,52145.6,52427.0,51874.55,52280.4,0,0
2085,2024-07-23,52511.0,52547.55,51342.65,51778.3,0,0
2086,2024-07-24,51657.65,51944.65,50784.25,51317.0,0,0
2087,2024-07-25,50762.3,51006.1,50559.9,50886.55,0,0
2088,2024-07-26,50456.1,51345.45,50438.3,51295.95,0,0
2089,2024-07-29,51546.65,52340.25,51186.95,51406.25,0,0
2090,2024-07-30,51383.9,51957.75,51260.05,51499.3,0,0
2091,2024-07-31,51583.45,51663.1,51335.7,51553.4,0,0
2092,2024-08-01,51672.6,51877.15,51456.2,51564.0,0,0
2093,2024-08-02,51172.25,51608.7,51087.85,51350.15,0,0
2094,2024-08-05,50586.25,50747.55,49719.1,50092.1,0,0
2095,2024-08-06,50436.9,50688.8,49659.05,49748.3,0,0
2096,2024-08-07,50286.2,50292.45,49782.2,50119.0,0,0
2097,2024-08-08,50051.9,50440.75,49829.6,50156.7,0,0
2098,2024-08-09,50612.1,50707.75,50386.45,50484.5,0,0
2099,2024-08-12,50412.6,50830.7,50149.25,50577.95,0,0
2100,2024-08-13,50395.35,50559.25,49794.7,49831.85,0,0
2101,2024-08-14,49887.15,49959.25,49654.65,49727.3,0,0
2102,2024-08-16,50133.0,50603.4,49806.05,50516.9,0,0
2103,2024-08-19,50683.55,50728.25,50283.55,50368.35,0,0
2104,2024-08-20,50417.25,51025.6,50398.6,50803.15,0,0
2105,2024-08-21,50666.65,50764.45,50333.35,50685.55,0,0
2106,2024-08-22,50894.8,51080.0,50794.45,50985.7,0,0
2107,2024-08-23,51040.05,51117.85,50856.7,50933.45,0,0
2108,2024-08-26,51100.65,51317.85,51061.55,51148.1,0,0
2109,2024-08-27,51214.05,51404.7,50938.1,51278.75,0,0
2110,2024-08-28,51208.95,51260.75,51085.75,51143.85,0,0
2111,2024-08-29,51103.75,51368.95,50984.4,51152.75,0,0
2112,2024-08-30,51437.45,51466.55,51256.0,51351.0,0,0
2113,2024-09-02,51579.5,51579.5,51295.8,51439.55,0,0
2114,2024-09-03,51479.75,51750.1,51240.05,51689.1,0,0
2115,2024-09-04,51364.65,51503.55,51259.9,51400.25,0,0
2116,2024-09-05,51544.25,51636.75,51389.15,51473.05,0,0
2117,2024-09-06,51200.4,51380.05,50447.3,50576.85,0,0
2118,2024-09-09,50549.25,51192.75,50369.4,51117.8,0,0
2119,2024-09-10,51328.3,51366.0,50958.25,51272.3,0,0
2120,2024-09-11,51218.55,51420.15,50949.65,51010.0,0,0
2121,2024-09-12,51271.0,51878.1,51025.0,51772.4,0,0
2122,2024-09-13,51952.55,51994.1,51643.95,51938.05,0,0
2123,2024-09-16,52038.7,52208.7,51921.45,52153.15,0,0
2124,2024-09-17,52249.05,52284.6,52085.5,52188.65,0,0
2125,2024-09-18,52177.1,52954.2,52154.55,52750.4,0,0
2126,2024-09-19,52929.25,53353.3,52847.9,53037.6,0,0
2127,2024-09-20,53235.8,54066.1,53037.6,53793.2,0,0
2128,2024-09-23,53917.9,54197.95,53741.4,54105.8,0,0
2129,2024-09-24,54110.65,54247.7,53904.65,53968.6,0,0
2130,2024-09-25,53794.0,54141.3,53792.85,54101.65,0,0
2131,2024-09-26,54045.85,54467.35,54010.9,54375.35,0,0
2132,2024-09-27,54338.7,54338.7,53763.2,53834.3,0,0
2133,2024-09-30,53556.95,53726.4,52926.55,52978.1,0,0
2134,2024-10-01,52844.0,53235.25,52817.8,52922.6,0,0
2135,2024-10-03,52314.45,52582.95,51683.4,51845.2,0,0
2136,2024-10-04,51643.75,52358.35,51347.25,51462.05,0,0
2137,2024-10-07,51543.2,51784.8,50194.3,50478.9,0,0
2138,2024-10-08,50736.1,51176.05,50466.0,51021.0,0,0
2139,2024-10-09,51161.75,51707.15,50903.75,51007.0,0,0
2140,2024-10-10,51195.7,51659.45,51047.0,51530.9,0,0
2141,2024-10-11,51491.9,51560.0,51005.85,51172.3,0,0
2142,2024-10-14,51263.25,51839.45,51220.85,51816.9,0,0
2143,2024-10-15,51975.95,52022.05,51698.75,51906.0,0,0
2144,2024-10-16,51711.2,52031.6,51711.2,51801.05,0,0
2145,2024-10-17,51849.3,51930.2,51150.25,51288.8,0,0
2146,2024-10-18,51261.0,52199.45,51000.9,52094.2,0,0
2147,2024-10-21,52361.1,52577.5,51855.15,51962.7,0,0
2148,2024-10-22,52071.35,52257.3,51179.6,51257.15,0,0
2149,2024-10-23,51117.8,51551.55,51107.9,51239.0,0,0
2150,2024-10-24,51272.3,51781.55,51201.85,51531.15,0,0
2151,2024-10-25,51369.75,51501.05,50382.1,50787.45,0,0
2152,2024-10-28,51061.35,51589.15,51012.55,51259.3,0,0
2153,2024-10-29,51404.1,52354.85,51278.9,52320.7,0,0
2154,2024-10-30,51988.7,52220.0,51733.0,51807.5,0,0
2155,2024-10-31,51649.45,52005.6,51318.1,51475.35,0,0
2156,2024-11-01,51550.15,51825.5,51459.4,51673.9,0,0
2157,2024-11-04,51764.5,51764.5,51066.8,51215.25,0,0
2158,2024-11-05,51052.6,52289.55,50865.45,52207.25,0,0
2159,2024-11-06,52440.4,52493.95,52185.4,52317.4,0,0
2160,2024-11-07,52258.95,52377.25,51752.25,51916.5,0,0
2161,2024-11-08,51869.15,52007.15,51494.0,51561.2,0,0
2162,2024-11-11,51562.7,52177.7,51294.2,51876.75,0,0
2163,2024-11-12,52053.75,52169.05,51006.85,51157.8,0,0
2164,2024-11-13,51030.95,51353.5,49904.4,50088.35,0,0
2165,2024-11-14,50053.45,50561.8,49939.35,50179.55,0,0
2166,2024-11-18,50312.45,50445.8,50074.0,50363.8,0,0
2167,2024-11-19,50580.55,50983.5,50449.45,50626.5,0,0
2168,2024-11-21,50625.0,50652.15,49787.1,50372.9,0,0
2169,2024-11-22,50512.8,51271.5,50508.25,51135.4,0,0
2170,2024-11-25,52046.35,52295.6,51774.05,52207.5,0,0
2171,2024-11-26,52554.9,52555.5,51999.75,52191.5,0,0
2172,2024-11-27,52154.3,52444.35,52019.65,52301.8,0,0
2173,2024-11-28,52389.95,52760.2,51782.9,51906.85,0,0
2174,2024-11-29,51984.15,52170.9,51759.45,52055.6,0,0
2175,2024-12-02,52087.65,52197.25,51693.95,52109.0,0,0
2176,2024-12-03,52357.95,52780.9,52216.85,52695.75,0,0
2177,2024-12-04,52775.0,53387.1,52685.15,53266.9,0,0
2178,2024-12-05,53354.45,53888.3,52850.35,53603.55,0,0
2179,2024-12-06,53634.2,53868.5,53160.65,53509.5,0,0
2180,2024-12-09,53380.75,53775.1,53326.4,53407.75,0,0
2181,2024-12-10,53450.05,53600.6,53302.65,53577.7,0,0
2182,2024-12-11,53459.3,53648.05,53302.15,53391.35,0,0
2183,2024-12-12,53201.0,53537.45,53174.4,53216.45,0,0
2184,2024-12-13,53109.8,53640.85,52264.55,53583.8,0,0
2185,2024-12-16,53502.5,53738.9,53335.0,53581.35,0,0
2186,2024-12-17,53394.1,53515.7,52709.4,52834.8,0,0
2187,2024-12-18,52696.95,52827.6,52010.65,52139.55,0,0
2188,2024-12-19,51428.45,51789.85,51263.75,51575.7,0,0
2189,2024-12-20,51401.35,51629.0,50609.35,50759.2,0,0
2190,2024-12-23,51044.4,51417.35,51030.4,51317.6,0,0
2191,2024-12-24,51314.95,51382.1,51137.5,51233.0,0,0
2192,2024-12-26,51395.8,51740.0,50951.8,51170.7,0,0
2193,2024-12-27,51268.2,51628.45,51240.1,51311.3,0,0
2194,2024-12-30,51255.35,51979.75,50718.35,50952.75,0,0
2195,2024-12-31,50648.2,50945.55,50599.8,50860.2,0,0
2196,2025-01-01,50841.9,51321.95,50485.05,51060.6,0,0
2197,2025-01-02,51084.95,51672.75,50992.8,51605.55,0,0
2198,2025-01-03,51567.15,51671.6,50904.35,50988.8,0,0
2199,2025-01-06,50990.65,51026.1,49751.0,49922.0,0,0
2200,2025-01-07,50061.2,50447.6,49969.3,50202.15,0,0
2201,2025-01-08,50201.75,50246.9,49389.75,49835.05,0,0
2202,2025-01-09,49712.55,49798.1,49230.15,49503.5,0,0
2203,2025-01-10,49426.5,49483.15,48631.2,48734.15,0,0
2204,2025-01-13,48264.25,48606.35,47898.35,48041.25,0,0
2205,2025-01-14,48266.9,49007.35,48235.2,48729.15,0,0
2206,2025-01-15,48832.75,49083.65,48522.4,48751.7,0,0
2207,2025-01-16,49082.9,49459.0,49038.45,49278.7,0,0
2208,2025-01-17,48959.5,49047.2,48309.5,48540.6,0,0
2209,2025-01-20,48834.15,49650.6,48683.6,49350.8,0,0
2210,2025-01-21,49532.0,49543.15,48430.95,48570.9,0,0
2211,2025-01-22,48689.55,48781.75,48074.05,48724.4,0,0
2212,2025-01-23,48770.15,48892.7,48493.0,48589.0,0,0
2213,2025-01-24,48546.05,48858.65,48203.0,48367.8,0,0
2214,2025-01-27,47881.65,48319.2,47844.15,48064.65,0,0
2215,2025-01-28,48642.5,49247.15,48449.05,48866.85,0,0
2216,2025-01-29,48997.2,49187.6,48849.8,49165.95,0,0
2217,2025-01-30,49206.2,49383.95,49031.8,49311.95,0,0
2218,2025-01-31,49259.65,49674.8,49031.8,49587.2,0,0
2219,2025-02-01,49592.55,50009.5,48925.45,49506.95,0,0
2220,2025-02-03,49074.8,49373.45,48906.05,49210.55,0,0
2221,2025-02-04,49538.8,50206.6,49482.5,50157.95,0,0
2222,2025-02-05,50402.3,50522.15,50215.45,50343.05,0,0
2223,2025-02-06,50468.35,50553.35,50149.8,50382.1,0,0
2224,2025-02-07,50484.45,50641.75,49871.15,50158.85,0,0
2225,2025-02-10,50052.5,50155.65,49703.1,49981.0,0,0
2226,2025-02-11,49812.15,49906.75,49177.4,49403.4,0,0
2227,2025-02-12,49402.25,49702.35,48734.35,49479.45,0,0
2228,2025-02-13,49469.35,49836.1,49276.1,49359.85,0,0
2229,2025-02-14,49485.65,49592.95,48719.75,49099.45,0,0
2230,2025-02-17,48880.4,49286.55,48525.6,49258.9,0,0
2231,2025-02-18,49211.85,49328.55,48814.95,49087.3,0,0
2232,2025-02-19,48895.35,49628.25,48804.0,49570.1,0,0
2233,2025-02-20,49314.1,49455.8,49150.95,49334.55,0,0
2234,2025-02-21,49127.95,49306.55,48764.0,48981.2,0,0
2235,2025-02-24,48619.8,48748.4,48281.9,48651.95,0,0
2236,2025-02-25,48691.2,48862.15,48534.15,48608.35,0,0
2237,2025-02-27,48732.2,48972.55,48707.85,48743.8,0,0
2238,2025-02-28,48437.55,48574.5,48078.7,48344.7,0,0
2239,2025-03-03,48478.6,48574.7,47841.3,48114.3,0,0
2240,2025-03-04,47942.5,48374.9,47924.75,48245.2,0,0
2241,2025-03-05,48241.3,48657.65,48190.25,48489.95,0,0
2242,2025-03-06,48760.0,48839.1,48299.4,48627.7,0,0
2243,2025-03-07,48463.8,48709.05,48359.35,48497.5,0,0
2244,2025-03-10,48312.0,48599.15,48146.8,48216.8,0,0
2245,2025-03-11,47874.8,48029.05,47702.9,47853.95,0,0
2246,2025-03-12,47894.4,48222.15,47844.95,48056.65,0,0
2247,2025-03-13,48219.15,48352.45,48009.7,48060.4,0,0
2248,2025-03-17,48219.55,48481.35,48196.1,48354.15,0,0
2249,2025-03-18,48792.9,49400.3,48629.45,49314.5,0,0
2250,2025-03-19,49375.4,49807.55,49324.8,49702.6,0,0
2251,2025-03-20,49947.6,50155.3,49771.65,50062.85,0,0
2252,2025-03-21,49927.1,50672.15,49891.95,50593.55,0,0
2253,2025-03-24,50982.7,51801.15,50795.9,51704.95,0,0
2254,2025-03-25,51874.2,52063.95,51429.6,51607.95,0,0
2255,2025-03-26,51640.05,51875.8,51069.15,51209.0,0,0
2256,2025-03-27,51084.7,51714.35,51050.85,51575.85,0,0
2257,2025-03-28,51608.4,51839.1,51335.35,51564.85,0,0
2258,2025-04-01,51178.15,51683.85,50742.0,50827.5,0,0
2259,2025-04-02,50966.9,51404.2,50908.35,51348.05,0,0
2260,2025-04-03,50910.0,51661.6,50906.65,51597.35,0,0
2261,2025-04-04,51711.6,51893.6,51360.4,51502.7,0,0
2262,2025-04-07,49336.1,50426.25,49156.95,49860.1,0,0
2263,2025-04-08,50388.55,50793.7,50030.8,50511.0,0,0
2264,2025-04-09,50487.1,50496.9,49910.85,50240.15,0,0
2265,2025-04-11,50634.1,51244.7,50634.1,51002.35,0,0
2266,2025-04-15,52299.0,52400.6,51863.3,52379.5,0,0
2267,2025-04-16,52690.9,53164.45,52471.35,53117.75,0,0
2268,2025-04-17,53153.75,54407.2,53084.9,54290.2,0,0
2269,2025-04-21,54891.25,55461.65,54674.95,55304.5,0,0
2270,2025-04-22,55414.3,55961.2,55243.55,55647.2,0,0
2271,2025-04-23,56097.1,56098.7,55162.5,55370.05,0,0
2272,2025-04-24,55103.9,55550.45,55088.4,55201.4,0,0
2273,2025-04-25,55233.55,55350.55,54176.45,54664.05,0,0
2274,2025-04-28,54610.3,55577.4,54582.35,55432.8,0,0
2275,2025-04-29,55524.35,55957.75,55262.4,55391.25,0,0
2276,2025-04-30,55382.4,55478.25,54723.7,55087.15,0,0
2277,2025-05-02,55100.95,55691.95,54994.4,55115.35,0,0
2278,2025-05-05,55065.8,55345.5,54786.5,54919.5,0,0
2279,2025-05-06,54918.25,55036.95,54172.95,54271.4,0,0
2280,2025-05-07,54013.4,54684.3,53919.9,54610.9,0,0
2281,2025-05-08,54801.75,54937.25,54342.4,54365.65,0,0
2282,2025-05-09,53595.95,54054.8,53483.05,53595.25,0,0
2283,2025-05-12,54658.75,55392.75,54558.05,55382.85,0,0
2284,2025-05-13,55233.5,55499.65,54888.5,54940.85,0,0
2285,2025-05-14,55008.55,55208.6,54491.0,54801.3,0,0
2286,2025-05-15,54853.7,55490.55,54442.3,55336.7,0,0
2287,2025-05-16,55276.0,55418.9,55170.25,55354.9,0,0
2288,2025-05-19,55326.05,55695.55,55296.55,55400.65,0,0
2289,2025-05-20,55445.3,55568.35,54829.45,54877.35,0,0
2290,2025-05-21,55060.2,55336.85,54690.8,55075.1,0,0
2291,2025-05-22,54875.9,54996.1,54576.6,54941.3,0,0
2292,2025-05-23,54959.3,55441.3,54854.5,55398.25,0,0
2293,2025-05-26,55534.9,55875.75,55307.5,55572.0,0,0
2294,2025-05-27,55458.95,55831.35,55037.85,55352.8,0,0
2295,2025-05-28,55328.6,55521.8,55235.55,55417.0,0,0
2296,2025-05-29,55571.4,55725.35,55096.45,55546.05,0,0
2297,2025-05-30,55615.55,55813.3,55356.6,55749.7,0,0
2298,2025-06-02,55598.25,55966.3,55400.55,55903.4,0,0
2299,2025-06-03,56104.8,56161.4,55455.8,55599.95,0,0
2300,2025-06-04,55650.35,55791.0,55408.35,55676.85,0,0
2301,2025-06-05,55806.75,56010.15,55580.45,55760.85,0,0
2302,2025-06-06,55699.45,56695.0,55534.75,56578.4,0,0
2303,2025-06-09,57049.5,57049.5,56792.7,56846.2,0,0
2304,2025-06-10,56993.9,57015.4,56570.3,56629.1,0,0
2305,2025-06-11,56639.85,56782.5,56399.4,56459.75,0,0
2306,2025-06-12,56480.9,56611.05,55968.5,56082.55,0,0
2307,2025-06-13,55149.3,55688.0,55149.3,55527.35,0,0
2308,2025-06-16,55554.1,55999.85,55381.45,55944.9,0,0
2309,2025-06-17,55975.0,56067.3,55643.95,55678.7,0,0
2310,2025-06-18,55544.95,55933.6,55511.8,55828.75,0,0
2311,2025-06-19,55784.85,55942.45,55539.9,55577.45,0,0
2312,2025-06-20,55566.7,56295.3,55566.4,56252.85,0,0
2313,2025-06-23,55832.35,56233.55,55779.25,56059.35,0,0
2314,2025-06-24,56529.45,56862.0,56276.15,56471.4,0,0
2315,2025-06-25,56564.5,56681.4,56420.65,56621.15,0,0
2316,2025-06-26,56693.55,57252.55,56558.35,57206.7,0,0
2317,2025-06-27,57234.7,57475.4,56993.85,57443.9,0,0
2318,2025-06-30,57529.95,57614.5,57193.8,57312.75,0,0
2319,2025-07-01,57375.8,57533.85,57150.35,57459.45,0,0
2320,2025-07-02,57558.2,57628.4,56833.8,56999.2,0,0
2321,2025-07-03,57050.4,57193.25,56767.05,56791.95,0,0
2322,2025-07-04,56825.25,57075.1,56623.6,57031.9,0,0
2323,2025-07-07,56938.7,57152.2,56838.55,56949.2,0,0
2324,2025-07-08,56942.55,57293.45,56923.05,57256.3,0,0
2325,2025-07-09,57199.75,57290.65,57037.9,57213.55,0,0
2326,2025-07-10,57339.75,57363.7,56976.5,56956.0,0,0
2327,2025-07-11,56843.45,57091.05,56607.75,56754.7,0,0
2328,2025-07-14,56780.75,56896.3,56594.25,56765.35,0,0
2329,2025-07-15,56709.2,57134.95,56707.8,57006.65,0,0
2330,2025-07-16,57111.25,57276.55,56937.6,57168.95,0,0
2331,2025-07-17,57231.95,57262.85,56780.15,56828.8,0,0
2332,2025-07-18,56524.25,56705.15,56204.85,56283.0,0,0
2333,2025-07-21,56558.9,56967.55,56255.7,56952.75,0,0
2334,2025-07-22,57253.35,57286.15,56730.45,56756.0,0,0
2335,2025-07-23,56918.15,57249.0,56715.8,57210.45,0,0
2336,2025-07-24,57316.6,57316.6,56850.9,57066.05,0,0
2337,2025-07-25,57170.7,57170.7,56439.4,56528.9,0,0
2338,2025-07-28,56215.1,56578.4,55997.45,56084.9,0,0
2339,2025-07-29,55881.8,56296.4,55843.25,56222.0,0,0
2340,2025-07-30,56310.1,56321.15,56064.55,56150.7,0,0
2341,2025-07-31,55728.15,56406.2,55547.35,55961.95,0,0
2342,2025-08-01,55897.15,56097.6,55562.1,55617.6,0,0
2343,2025-08-04,55557.5,55752.45,55437.3,55619.35,0,0
2344,2025-08-05,55545.05,55648.15,55202.85,55360.25,0,0
2345,2025-08-06,55329.8,55559.4,55227.7,55411.15,0,0
2346,2025-08-07,55215.65,55614.8,54973.55,55521.15,0,0
2347,2025-08-08,55609.35,55652.6,54905.6,55004.9,0,0
2348,2025-08-11,54999.35,55582.15,54927.55,55510.75,0,0
2349,2025-08-12,55441.1,55566.7,55001.5,55043.7,0,0
2350,2025-08-13,55340.05,55340.05,55026.95,55181.45,0,0
2351,2025-08-14,55102.55,55472.8,55074.3,55341.85,0,0
2352,2025-08-18,55940.6,56156.3,55647.65,55734.9,0,0
2353,2025-08-19,55622.3,55965.55,55608.15,55865.15,0,0
2354,2025-08-20,55751.5,55812.6,55577.35,55698.5,0,0
2355,2025-08-21,55972.05,55993.65,55708.2,55755.45,0,0
2356,2025-08-22,55669.25,55745.0,55102.6,55149.4,0,0
2357,2025-08-25,55147.75,55306.0,55048.4,55139.3,0,0
2358,2025-08-26,54999.05,55068.9,54396.1,54450.45,0,0
2359,2025-08-28,54256.0,54382.25,53768.45,53820.35,0,0
2360,2025-08-29,53660.35,54086.0,53606.45,53655.65,0,0
2361,2025-09-01,53658.15,54035.85,53658.15,54002.45,0,0
2362,2025-09-02,54038.25,54160.95,53578.0,53661.0,0,0
2363,2025-09-03,53630.75,54136.15,53561.75,54067.55,0,0
2364,2025-09-04,54379.6,54450.55,53971.85,54075.45,0,0
2365,2025-09-05,54308.05,54308.05,53719.55,54114.55,0,0
2366,2025-09-08,54215.4,54518.7,54067.15,54186.9,0,0
2367,2025-09-09,54330.55,54350.65,54079.45,54216.1,0,0
2368,2025-09-10,54554.75,54705.2,54400.0,54536.0,0,0
2369,2025-09-11,54413.05,54757.45,54402.4,54669.6,0,0
2370,2025-09-12,54781.55,54852.25,54580.35,54809.3,0,0
2371,2025-09-15,54884.05,55018.7,54807.5,54887.85,0,0
2372,2025-09-16,54778.4,55185.45,54777.75,55147.6,0,0
2373,2025-09-17,55158.35,55540.75,55146.55,55493.3,0,0
2374,2025-09-18,55797.1,55835.25,55490.9,55727.45,0,0
2375,2025-09-19,55647.95,55688.75,55355.3,55458.85,0,0
2376,2025-09-22,55429.3,55666.35,55215.6,55284.75,0,0
2377,2025-09-23,55248.7,55662.0,55159.0,55509.75,0,0
2378,2025-09-24,55387.1,55511.1,55040.45,55121.5,0,0
2379,2025-09-25,55061.65,55276.65,54903.3,54976.2,0,0
2380,2025-09-26,54797.9,54897.0,54310.95,54389.35,0,0
2381,2025-09-29,54460.4,54686.05,54226.6,54461.0,0,0
2382,2025-09-30,54705.5,54793.05,54502.95,54635.85,0,0
2383,2025-10-01,54653.9,55406.75,54582.55,55347.95,0,0
2384,2025-10-03,55182.6,55616.45,55177.0,55589.25,0,0
2385,2025-10-06,55834.7,56164.2,55727.25,56104.85,0,0
2386,2025-10-07,56126.4,56502.45,56025.05,56239.35,0,0
2387,2025-10-08,56098.5,56303.6,55821.0,56018.25,0,0
2388,2025-10-09,55979.0,56286.25,55843.9,56192.05,0,0
2389,2025-10-10,56168.6,56760.25,56152.45,56609.75,0,0
2390,2025-10-13,56337.05,56770.9,56327.4,56625.0,0,0
2391,2025-10-14,56598.65,56721.3,56230.15,56496.45,0,0
2392,2025-10-15,56528.95,56922.7,56491.85,56799.9,0,0
2393,2025-10-16,57139.95,57525.8,56994.7,57422.55,0,0
2394,2025-10-17,57362.9,57830.2,57238.65,57724.0,0,0
2395,2025-10-20,57872.85,58261.55,57872.85,58033.2,0,0
2396,2025-10-21,58063.4,58155.55,57887.2,58007.2,0,0
2397,2025-10-23,58314.55,58577.5,58020.15,58078.05,0,0
2398,2025-10-24,58172.75,58232.9,57482.05,57699.6,0,0
2399,2025-10-27,57796.45,58224.55,57652.75,58114.25,0,0
2400,2025-10-28,58006.55,58313.8,57770.35,58214.1,0,0
2401,2025-10-29,58316.25,58469.9,58087.05,58385.25,0,0
2402,2025-10-30,58152.05,58331.2,57999.2,58031.1,0,0
2403,2025-10-31,57942.45,58254.95,57656.95,57776.35,0,0
2404,2025-11-03,57726.85,58247.55,57718.4,58101.45,0,0
2405,2025-11-04,57966.65,58119.65,57732.95,57827.05,0,0
2406,2025-11-06,57714.8,57945.05,57521.0,57554.25,0,0
2407,2025-11-07,57391.4,58001.35,57157.85,57876.8,0,0
2408,2025-11-10,57846.2,58097.2,57846.2,57937.55,0,0
2409,2025-11-11,57962.3,58167.4,57594.25,58138.15,0,0
2410,2025-11-12,58505.35,58507.7,58171.85,58274.65,0,0
2411,2025-11-13,58158.75,58615.95,58127.1,58381.95,0,0
2412,2025-11-14,58050.0,58590.15,58050.0,58517.55,0,0
2413,2025-11-17,58696.3,59001.55,58605.3,58962.7,0,0
2414,2025-11-18,58990.5,59103.65,58850.7,58899.25,0,0
2415,2025-11-19,58908.15,59264.25,58688.55,59216.05,0,0
2416,2025-11-20,59308.2,59440.1,59125.25,59347.7,0,0
2417,2025-11-21,59116.7,59232.15,58833.15,58867.7,0,0
2418,2025-11-24,58996.9,59309.9,58829.45,58835.35,0,0
2419,2025-11-25,58925.65,59166.15,58746.2,58820.3,0,0
2420,2025-11-26,58783.05,59552.95,58783.05,59528.05,0,0
2421,2025-11-27,59605.3,59866.6,59523.0,59737.3,0,0
2422,2025-11-28,59758.7,59897.5,59598.95,59752.7,0,0
2423,2025-12-01,60102.05,60114.3,59527.6,59697.15,0,0
2424,2025-12-02,59354.2,59656.55,59251.95,59273.8,0,0
2425,2025-12-03,59158.7,59414.9,58925.7,59348.25,0,0
2426,2025-12-04,59287.1,59548.7,59062.15,59288.7,0,0
2427,2025-12-05,59133.2,59799.15,59106.55,59777.2,0,0
2428,2025-12-08,59672.05,59713.15,59030.6,59238.55,0,0
2429,2025-12-09,58918.85,59358.25,58878.45,59222.35,0,0
2430,2025-12-10,59281.55,59440.9,58853.9,58960.4,0,0
2431,2025-12-11,58966.2,59423.35,58799.9,59209.85,0,0
2432,2025-12-12,59401.5,59545.7,59224.85,59389.95,0,0
2433,2025-12-15,59053.7,59533.0,59052.3,59461.8,0,0
2434,2025-12-16,59288.75,59335.25,58966.35,59034.6,0,0
2435,2025-12-17,59072.8,59127.2,58801.4,58926.75,0,0
2436,2025-12-18,58712.7,59211.0,58712.7,58912.85,0,0
2437,2025-12-19,59047.4,59140.55,58897.5,59069.2,0,0
2438,2025-12-22,59224.75,59371.2,59155.5,59304.0,0,0
2439,2025-12-23,59334.35,59402.35,59216.75,59299.55,0,0
2440,2025-12-24,59322.95,59478.15,59158.55,59183.6,0,0
2441,2025-12-26,59092.85,59180.65,58947.05,59011.35,0,0
2442,2025-12-29,59007.05,59140.4,58809.55,58932.35,0,0
2443,2025-12-30,58885.95,59272.7,58737.6,59171.25,0,0
2444,2025-12-31,59194.6,59766.2,59187.1,59581.85,0,0
2445,2026-01-01,59674.8,59743.2,59569.65,59711.55,0,0
2446,2026-01-02,59757.4,60203.75,59738.25,60150.95,0,0
2447,2026-01-05,60360.4,60437.35,59859.8,60044.2,0,0
2448,2026-01-06,59957.8,60305.0,59844.8,60118.4,0,0
2449,2026-01-07,60039.7,60065.4,59760.65,59990.85,0,0
2450,2026-01-08,59893.15,60112.85,59564.8,59686.5,0,0
2451,2026-01-09,59558.15,59739.65,59154.2,59251.55,0,0
2452,2026-01-12,59217.25,59541.1,58864.2,59450.5,0,0
2453,2026-01-13,59767.55,59767.55,59312.05,59578.8,0,0
2454,2026-01-14,59330.35,59796.65,59324.2,59580.15,0,0
2455,2026-01-16,59590.35,60235.15,59510.5,60095.15,0,0
2456,2026-01-19,60093.3,60107.5,59594.6,59891.35,0,0
2457,2026-01-20,59851.4,59993.5,59283.95,59404.2,0,0
2458,2026-01-21,59142.0,59447.35,58278.6,58800.3,0,0
2459,2026-01-22,59194.25,59573.1,58823.05,59200.1,0,0
2460,2026-01-23,59305.15,59400.15,58346.25,58473.1,0,0
2461,2026-01-27,58366.05,59436.8,58121.6,59205.45,0,0
2462,2026-01-28,59575.65,59699.9,59240.1,59598.8,0,0
2463,2026-01-29,59416.25,60060.7,59339.0,59957.85,0,0
2464,2026-01-30,59542.25,59906.9,59501.8,59610.45,0,0
2465,2026-02-01,59607.65,59865.7,57783.2,58417.2,0,0
2466,2026-02-02,58239.3,58687.05,57829.85,58619.0,0,0
2467,2026-02-03,61411.2,61764.85,59793.2,60041.3,0,0
2468,2026-02-04,60163.35,60389.4,59891.75,60238.15,0,0
2469,2026-02-05,60315.35,60328.3,59881.05,60063.65,0,0
2470,2026-02-06,59967.1,60143.3,59644.55,60120.55,0,0
2471,2026-02-09,60805.2,60876.2,60495.7,60669.35,0,0
2472,2026-02-10,60740.8,60797.55,60531.55,60626.4,0,0
2473,2026-02-11,60670.25,60779.95,60444.65,60745.35,0,0
2474,2026-02-12,60786.15,60864.4,60597.65,60707.8,0,0
2475,2026-02-13,60504.4,60621.9,60233.75,60186.65,0,0
2476,2026-02-16,59947.8,60489.1,59861.1,60429.8,0,0
