index,Date,Open,High,Low,Close,volume,oi
0,2016-02-19,5973.35,6009.05,5955.5,6000.4,0,0
1,2016-02-22,6007.15,6034.65,6000.3,6024.15,0,0
2,2016-02-23,6031.6,6031.6,5923.75,5930.9,0,0
3,2016-02-24,5906.5,5911.95,5853.35,5859.75,0,0
4,2016-02-25,5871.5,5871.5,5810.65,5816.5,0,0
5,2016-02-26,5870.55,5878.9,5818.5,5852.9,0,0
6,2016-02-29,5869.85,5897.95,5717.0,5829.95,0,0
7,2016-03-01,5866.65,6027.45,5866.65,6020.05,0,0
8,2016-03-02,6095.3,6151.05,6094.05,6137.15,0,0
9,2016-03-03,6183.9,6223.0,6162.35,6218.4,0,0
10,2016-03-04,6242.6,6249.85,6200.45,6239.35,0,0
11,2016-03-08,6242.4,6278.4,6209.25,6243.65,0,0
12,2016-03-09,6208.2,6279.5,6193.45,6275.1,0,0
13,2016-03-10,6289.1,6289.1,6217.55,6242.95,0,0
14,2016-03-11,6242.6,6287.9,6223.2,6258.45,0,0
15,2016-03-14,6287.3,6317.5,6263.05,6282.7,0,0
16,2016-03-15,6282.7,6282.7,6214.7,6222.65,0,0
17,2016-03-16,6221.1,6244.5,6166.95,6238.45,0,0
18,2016-03-17,6287.05,6307.8,6233.9,6255.75,0,0
19,2016-03-18,6273.0,6325.9,6254.95,6322.65,0,0
20,2016-03-21,6336.7,6411.8,6336.7,6406.7,0,0
21,2016-03-22,6406.8,6426.3,6363.45,6418.3,0,0
22,2016-03-23,6421.2,6430.0,6389.5,6423.7,0,0
23,2016-03-28,6441.0,6441.2,6318.6,6334.7,0,0
24,2016-03-29,6329.2,6359.3,6302.05,6323.0,0,0
25,2016-03-30,6366.05,6440.8,6366.05,6436.7,0,0
26,2016-03-31,6437.1,6468.05,6420.2,6452.15,0,0
27,2016-04-01,6438.4,6462.6,6409.8,6445.5,0,0
28,2016-04-04,6465.95,6482.5,6439.65,6479.6,0,0
29,2016-04-05,6462.9,6462.9,6350.2,6358.35,0,0
30,2016-04-06,6381.95,6383.25,6352.1,6378.0,0,0
31,2016-04-07,6391.75,6391.75,6322.15,6329.8,0,0
32,2016-04-08,6327.1,6351.7,6316.15,6346.65,0,0
33,2016-04-11,6363.55,6434.75,6324.6,6430.6,0,0
34,2016-04-12,6433.7,6475.5,6432.1,6470.1,0,0
35,2016-04-13,6524.65,6587.05,6524.5,6575.35,0,0
36,2016-04-18,6610.9,6638.6,6568.9,6635.05,0,0
37,2016-04-20,6663.25,6669.8,6615.4,6643.3,0,0
38,2016-04-21,6675.4,6694.95,6615.1,6634.3,0,0
39,2016-04-22,6621.85,6646.1,6610.05,6627.95,0,0
40,2016-04-25,6627.0,6635.4,6573.9,6593.45,0,0
41,2016-04-26,6577.2,6676.35,6570.6,6669.5,0,0
42,2016-04-27,6660.45,6695.25,6659.9,6684.3,0,0
43,2016-04-28,6680.0,6695.2,6575.45,6583.15,0,0
44,2016-04-29,6583.55,6616.85,6533.85,6588.55,0,0
45,2016-05-02,6569.55,6587.05,6548.95,6580.15,0,0
46,2016-05-03,6597.15,6642.85,6527.85,6533.55,0,0
47,2016-05-04,6515.65,6529.1,6477.9,6484.35,0,0
48,2016-05-05,6503.15,6532.55,6479.6,6500.05,0,0
49,2016-05-06,6488.45,6508.55,6463.7,6504.55,0,0
50,2016-05-09,6525.55,6608.1,6525.55,6603.25,0,0
51,2016-05-10,6610.4,6626.1,6586.1,6617.25,0,0
52,2016-05-11,6549.65,6625.35,6533.6,6593.0,0,0
53,2016-05-12,6611.9,6646.05,6603.3,6640.9,0,0
54,2016-05-13,6628.45,6634.95,6566.7,6582.3,0,0
55,2016-05-16,6595.55,6616.7,6548.95,6608.25,0,0
56,2016-05-17,6638.0,6666.6,6622.5,6629.7,0,0
57,2016-05-18,6600.1,6629.15,6577.05,6621.55,0,0
58,2016-05-19,6626.25,6626.25,6537.4,6546.5,0,0
59,2016-05-20,6555.65,6567.4,6503.85,6513.1,0,0
60,2016-05-23,6560.55,6560.55,6491.0,6495.25,0,0
61,2016-05-24,6502.65,6507.0,6472.35,6498.6,0,0
62,2016-05-25,6547.35,6631.2,6547.35,6626.85,0,0
63,2016-05-26,6655.3,6732.45,6636.85,6725.2,0,0
64,2016-05-27,6739.2,6801.8,6739.2,6797.0,0,0
65,2016-05-30,6811.15,6835.65,6795.3,6820.3,0,0
66,2016-05-31,6842.65,6842.65,6782.5,6804.0,0,0
67,2016-06-01,6820.0,6850.45,6811.1,6815.45,0,0
68,2016-06-02,6802.85,6856.2,6795.4,6849.2,0,0
69,2016-06-03,6871.85,6885.7,6839.6,6844.75,0,0
70,2016-06-06,6853.35,6858.1,6822.1,6832.3,0,0
71,2016-06-07,6859.2,6903.65,6848.4,6884.15,0,0
72,2016-06-08,6899.05,6906.8,6883.45,6901.8,0,0
73,2016-06-09,6908.3,6908.3,6843.55,6857.75,0,0
74,2016-06-10,6846.05,6907.3,6828.5,6832.05,0,0
75,2016-06-13,6778.25,6791.5,6745.7,6785.15,0,0
76,2016-06-14,6804.6,6804.6,6762.5,6793.85,0,0
77,2016-06-15,6819.15,6870.35,6810.9,6865.05,0,0
78,2016-06-16,6851.05,6851.05,6767.85,6819.85,0,0
79,2016-06-17,6851.25,6865.0,6815.5,6842.35,0,0
80,2016-06-20,6798.2,6894.45,6791.15,6891.3,0,0
81,2016-06-21,6906.65,6906.65,6873.55,6886.15,0,0
82,2016-06-22,6885.9,6902.7,6839.8,6871.0,0,0
83,2016-06-23,6871.8,6919.85,6852.3,6910.55,0,0
84,2016-06-24,6722.25,6780.5,6630.55,6775.55,0,0
85,2016-06-27,6743.7,6820.4,6743.7,6803.7,0,0
86,2016-06-28,6811.5,6850.4,6811.5,6837.75,0,0
87,2016-06-29,6874.35,6912.95,6872.1,6907.1,0,0
88,2016-06-30,6951.85,6990.5,6944.45,6980.8,0,0
89,2016-07-01,7003.9,7043.45,7003.9,7027.85,0,0
90,2016-07-04,7067.05,7092.1,7066.75,7071.85,0,0
91,2016-07-05,7078.45,7078.45,7035.2,7051.0,0,0
92,2016-07-07,7058.85,7071.75,7039.7,7050.1,0,0
93,2016-07-08,7062.25,7062.25,7008.05,7039.4,0,0
94,2016-07-11,7111.65,7156.75,7110.4,7151.35,0,0
95,2016-07-12,7179.5,7195.1,7158.2,7192.25,0,0
96,2016-07-13,7208.9,7213.1,7161.05,7177.0,0,0
97,2016-07-14,7178.4,7218.25,7169.65,7215.35,0,0
98,2016-07-15,7223.6,7245.05,7181.5,7194.4,0,0
99,2016-07-18,7214.3,7232.0,7154.55,7162.25,0,0
100,2016-07-19,7169.25,7186.2,7134.55,7178.2,0,0
101,2016-07-20,7174.0,7222.75,7174.0,7221.3,0,0
102,2016-07-21,7241.85,7243.7,7182.65,7186.7,0,0
103,2016-07-22,7197.0,7230.1,7173.9,7227.45,0,0
104,2016-07-25,7222.55,7307.6,7222.55,7305.6,0,0
105,2016-07-26,7309.1,7320.8,7259.9,7270.0,0,0
106,2016-07-27,7282.5,7328.15,7258.0,7297.9,0,0
107,2016-07-28,7315.7,7343.8,7309.95,7338.65,0,0
108,2016-07-29,7344.5,7357.45,7324.4,7330.0,0,0
109,2016-08-01,7350.25,7395.0,7292.35,7335.05,0,0
110,2016-08-02,7346.15,7372.35,7306.75,7310.9,0,0
111,2016-08-03,7321.55,7321.55,7220.65,7232.8,0,0
112,2016-08-04,7281.7,7281.7,7215.4,7248.55,0,0
113,2016-08-05,7289.55,7368.2,7289.55,7364.05,0,0
114,2016-08-08,7391.3,7406.4,7376.45,7398.25,0,0
115,2016-08-09,7411.9,7411.9,7337.85,7368.45,0,0
116,2016-08-10,7377.6,7377.6,7270.1,7277.0,0,0
117,2016-08-11,7277.65,7297.6,7237.9,7289.5,0,0
118,2016-08-12,7301.0,7357.3,7301.0,7347.45,0,0
119,2016-08-16,7350.6,7362.85,7305.45,7339.25,0,0
120,2016-08-17,7341.25,7368.25,7322.85,7343.7,0,0
121,2016-08-18,7364.65,7398.65,7364.65,7390.2,0,0
122,2016-08-19,7408.15,7413.3,7378.95,7397.8,0,0
123,2016-08-22,7400.6,7414.0,7354.15,7363.8,0,0
124,2016-08-23,7363.85,7369.55,7320.9,7359.75,0,0
125,2016-08-24,7372.95,7393.35,7364.1,7386.05,0,0
126,2016-08-25,7404.1,7416.05,7337.2,7343.5,0,0
127,2016-08-26,7363.3,7374.3,7317.9,7334.8,0,0
128,2016-08-29,7344.6,7367.85,7308.1,7361.0,0,0
129,2016-08-30,7393.0,7465.55,7393.0,7461.95,0,0
130,2016-08-31,7473.9,7520.45,7473.9,7490.65,0,0
131,2016-09-01,7498.25,7512.3,7463.6,7474.3,0,0
132,2016-09-02,7491.5,7513.9,7474.75,7504.6,0,0
133,2016-09-06,7540.8,7619.95,7540.8,7615.0,0,0
134,2016-09-07,7638.15,7638.55,7599.85,7607.2,0,0
135,2016-09-08,7610.55,7647.5,7598.2,7642.7,0,0
136,2016-09-09,7634.5,7634.5,7567.6,7575.55,0,0
137,2016-09-12,7459.7,7469.5,7410.1,7420.5,0,0
138,2016-09-14,7423.4,7462.75,7409.85,7455.3,0,0
139,2016-09-15,7471.0,7475.35,7435.2,7462.7,0,0
140,2016-09-16,7499.1,7553.8,7461.45,7487.2,0,0
141,2016-09-19,7500.1,7525.9,7486.05,7513.8,0,0
142,2016-09-20,7522.9,7523.85,7478.1,7490.3,0,0
143,2016-09-21,7504.65,7534.1,7478.45,7491.7,0,0
144,2016-09-22,7570.4,7588.3,7540.95,7573.0,0,0
145,2016-09-23,7587.7,7592.45,7547.15,7554.9,0,0
146,2016-09-26,7540.95,7541.15,7472.15,7479.75,0,0
147,2016-09-27,7503.5,7520.5,7456.0,7469.95,0,0
148,2016-09-28,7478.25,7529.7,7472.05,7514.95,0,0
149,2016-09-29,7555.7,7562.0,7303.95,7336.85,0,0
150,2016-09-30,7326.6,7409.15,7308.85,7394.85,0,0
151,2016-10-03,7443.15,7535.0,7429.5,7532.25,0,0
152,2016-10-04,7560.6,7576.1,7533.05,7567.7,0,0
153,2016-10-05,7599.4,7600.55,7542.65,7565.5,0,0
154,2016-10-06,7588.85,7605.65,7509.75,7537.25,0,0
155,2016-10-07,7552.4,7557.9,7496.85,7527.2,0,0
156,2016-10-10,7559.5,7567.45,7527.95,7532.7,0,0
157,2016-10-13,7508.3,7514.35,7377.2,7418.35,0,0
158,2016-10-14,7437.9,7453.05,7404.0,7439.85,0,0
159,2016-10-17,7464.15,7465.45,7371.35,7384.5,0,0
160,2016-10-18,7416.15,7517.3,7416.0,7512.3,0,0
161,2016-10-19,7533.65,7534.3,7486.1,7507.7,0,0
162,2016-10-20,7539.35,7565.5,7526.5,7538.8,0,0
163,2016-10-21,7550.0,7550.1,7505.15,7541.7,0,0
164,2016-10-24,7559.0,7575.45,7535.35,7551.55,0,0
165,2016-10-25,7561.05,7561.25,7512.5,7541.5,0,0
166,2016-10-26,7519.3,7519.3,7459.3,7476.75,0,0
167,2016-10-27,7467.15,7467.8,7407.1,7452.15,0,0
168,2016-10-28,7464.55,7502.2,7439.35,7494.1,0,0
169,2016-10-30,7528.65,7533.6,7493.95,7501.45,0,0
170,2016-11-01,7525.25,7539.1,7491.8,7502.2,0,0
171,2016-11-02,7433.55,7433.55,7383.3,7391.4,0,0
172,2016-11-03,7382.75,7420.0,7335.75,7344.1,0,0
173,2016-11-04,7359.7,7359.9,7245.5,7274.1,0,0
174,2016-11-07,7360.75,7366.95,7317.85,7330.95,0,0
175,2016-11-08,7366.35,7377.6,7314.25,7366.05,0,0
176,2016-11-09,6924.95,7276.7,6829.8,7247.45,0,0
177,2016-11-10,7358.05,7408.8,7329.9,7342.3,0,0
178,2016-11-11,7280.45,7284.75,7112.55,7126.5,0,0
179,2016-11-15,7120.9,7122.2,6902.9,6916.45,0,0
180,2016-11-16,7002.0,7014.25,6897.75,6928.1,0,0
181,2016-11-17,6928.45,6966.5,6884.85,6903.45,0,0
182,2016-11-18,6920.55,6943.55,6873.05,6908.5,0,0
183,2016-11-21,6934.35,6934.35,6751.15,6761.55,0,0
184,2016-11-22,6811.75,6850.4,6764.25,6835.3,0,0
185,2016-11-23,6881.2,6890.15,6817.35,6882.65,0,0
186,2016-11-24,6863.25,6879.3,6820.15,6837.5,0,0
187,2016-11-25,6873.9,6966.45,6849.75,6960.75,0,0
188,2016-11-28,6940.0,7000.95,6929.2,6983.4,0,0
189,2016-11-29,6993.5,7048.7,6991.55,7003.6,0,0
190,2016-11-30,7030.25,7085.8,7009.65,7079.4,0,0
191,2016-12-01,7099.6,7103.8,7034.65,7040.25,0,0
192,2016-12-02,7005.5,7008.65,6934.85,6947.3,0,0
193,2016-12-05,6951.8,6993.6,6929.45,6984.25,0,0
194,2016-12-06,7007.15,7030.35,6994.05,7001.6,0,0
195,2016-12-07,7026.6,7037.75,6948.95,6971.2,0,0
196,2016-12-08,7015.8,7094.2,7014.75,7089.25,0,0
197,2016-12-09,7111.75,7112.25,7085.2,7101.15,0,0
198,2016-12-12,7083.1,7083.1,7009.25,7023.2,0,0
199,2016-12-13,7040.5,7050.2,7007.65,7045.35,0,0
200,2016-12-14,7053.9,7053.9,6999.2,7004.65,0,0
201,2016-12-15,6957.45,7047.35,6953.1,6989.25,0,0
202,2016-12-16,7009.4,7009.55,6965.6,6976.5,0,0
203,2016-12-19,6973.05,6973.5,6936.55,6943.35,0,0
204,2016-12-20,6948.9,6960.1,6892.8,6908.1,0,0
205,2016-12-21,6929.75,6933.85,6889.7,6896.0,0,0
206,2016-12-22,6883.4,6883.9,6806.1,6816.35,0,0
207,2016-12-23,6814.05,6850.9,6779.2,6814.9,0,0
208,2016-12-26,6800.2,6801.8,6720.25,6724.45,0,0
209,2016-12-27,6730.9,6840.85,6711.65,6832.0,0,0
210,2016-12-28,6849.45,6902.0,6839.9,6847.4,0,0
211,2016-12-29,6846.8,6920.9,6839.8,6915.45,0,0
212,2016-12-30,6931.85,6993.4,6928.85,6982.8,0,0
213,2017-01-02,7007.4,7014.15,6955.45,7002.5,0,0
214,2017-01-03,7019.0,7048.0,6989.0,7028.75,0,0
215,2017-01-04,7042.25,7058.6,7024.2,7030.75,0,0
216,2017-01-05,7063.15,7112.6,7061.8,7106.9,0,0
217,2017-01-06,7119.05,7140.25,7073.5,7083.1,0,0
218,2017-01-09,7099.55,7101.75,7076.85,7085.15,0,0
219,2017-01-10,7108.35,7136.05,7106.45,7132.2,0,0
220,2017-01-11,7163.9,7220.35,7160.35,7214.15,0,0
221,2017-01-12,7225.35,7244.2,7209.1,7231.85,0,0
222,2017-01-13,7268.95,7271.0,7202.95,7228.3,0,0
223,2017-01-16,7224.0,7255.65,7209.3,7247.95,0,0
224,2017-01-17,7255.7,7276.05,7227.0,7243.65,0,0
225,2017-01-18,7252.25,7299.2,7249.8,7269.0,0,0
226,2017-01-19,7271.95,7295.4,7260.35,7287.75,0,0
227,2017-01-20,7267.1,7281.85,7196.65,7202.75,0,0
228,2017-01-23,7191.4,7251.0,7189.8,7242.55,0,0
229,2017-01-24,7259.8,7319.7,7254.6,7315.25,0,0
230,2017-01-25,7338.9,7424.9,7334.8,7417.7,0,0
231,2017-01-27,7426.85,7483.9,7424.4,7455.15,0,0
232,2017-01-30,7451.7,7473.0,7432.1,7452.15,0,0
233,2017-01-31,7453.8,7455.2,7372.55,7379.3,0,0
234,2017-02-01,7390.55,7520.7,7366.9,7516.05,0,0
235,2017-02-02,7525.45,7564.45,7501.55,7547.1,0,0
236,2017-02-03,7555.7,7578.05,7544.0,7569.9,0,0
237,2017-02-06,7610.8,7638.35,7600.25,7628.1,0,0
238,2017-02-07,7637.55,7638.8,7576.05,7603.2,0,0
239,2017-02-08,7615.15,7630.6,7562.35,7614.75,0,0
240,2017-02-09,7636.3,7660.3,7577.55,7623.6,0,0
241,2017-02-10,7651.9,7656.8,7613.75,7631.25,0,0
242,2017-02-13,7655.3,7660.05,7583.1,7626.95,0,0
243,2017-02-14,7640.6,7640.65,7593.15,7605.05,0,0
244,2017-02-15,7597.4,7613.6,7519.85,7531.6,0,0
245,2017-02-16,7543.3,7602.45,7522.45,7599.45,0,0
246,2017-02-17,7672.8,7681.1,7617.2,7638.0,0,0
247,2017-02-20,7640.1,7694.7,7632.15,7691.85,0,0
248,2017-02-21,7704.4,7735.35,7690.25,7725.25,0,0
249,2017-02-22,7745.1,7756.45,7706.3,7721.6,0,0
250,2017-02-23,7741.6,7762.6,7720.75,7729.65,0,0
251,2017-02-27,7733.3,7746.15,7700.4,7706.5,0,0
252,2017-02-28,7713.4,7729.3,7695.25,7709.1,0,0
253,2017-03-01,7733.3,7769.95,7729.35,7754.7,0,0
254,2017-03-02,7787.95,7793.9,7676.0,7691.65,0,0
255,2017-03-03,7679.1,7703.7,7659.25,7696.2,0,0
256,2017-03-06,7716.15,7749.6,7715.45,7745.4,0,0
257,2017-03-07,7758.75,7758.8,7723.25,7735.3,0,0
258,2017-03-08,7740.95,7745.55,7678.7,7710.95,0,0
259,2017-03-09,7704.05,7731.9,7692.75,7710.0,0,0
260,2017-03-10,7732.5,7751.3,7690.95,7710.9,0,0
261,2017-03-14,7844.3,7864.6,7807.5,7835.65,0,0
262,2017-03-15,7842.15,7869.55,7836.1,7854.75,0,0
263,2017-03-16,7893.5,7931.65,7892.65,7928.55,0,0
264,2017-03-17,7967.7,7974.95,7913.4,7933.1,0,0
265,2017-03-20,7944.9,7945.05,7906.0,7918.6,0,0
266,2017-03-21,7927.5,7933.2,7874.5,7909.2,0,0
267,2017-03-22,7849.65,7861.15,7817.65,7830.1,0,0
268,2017-03-23,7852.05,7895.7,7852.05,7885.7,0,0
269,2017-03-24,7900.5,7926.85,7894.75,7905.3,0,0
270,2017-03-27,7899.75,7900.6,7847.75,7865.3,0,0
271,2017-03-28,7895.3,7919.85,7894.0,7912.1,0,0
272,2017-03-29,7935.65,7950.95,7916.8,7945.3,0,0
273,2017-03-30,7950.0,7983.85,7946.75,7976.9,0,0
274,2017-03-31,7975.05,8005.75,7971.0,7995.05,0,0
275,2017-04-03,8028.55,8057.4,8014.4,8053.15,0,0
276,2017-04-05,8077.85,8100.7,8045.75,8095.1,0,0
277,2017-04-06,8081.5,8096.25,8056.35,8092.1,0,0
278,2017-04-07,8064.05,8100.5,8035.0,8045.35,0,0
279,2017-04-10,8070.45,8077.95,8038.3,8052.1,0,0
280,2017-04-11,8056.55,8108.45,8050.1,8107.1,0,0
281,2017-04-12,8115.2,8122.55,8028.7,8078.85,0,0
282,2017-04-13,8080.7,8080.7,8040.35,8044.9,0,0
283,2017-04-17,8044.0,8058.0,8017.2,8042.6,0,0
284,2017-04-18,8065.1,8117.2,7995.35,8003.15,0,0
285,2017-04-19,8008.4,8031.25,7983.2,8021.0,0,0
286,2017-04-20,8036.25,8069.35,8032.55,8063.1,0,0
287,2017-04-21,8099.95,8106.5,8030.45,8057.7,0,0
288,2017-04-24,8075.2,8142.45,8072.8,8137.35,0,0
289,2017-04-25,8183.6,8218.9,8167.7,8216.7,0,0
290,2017-04-26,8244.7,8260.35,8178.95,8230.85,0,0
291,2017-04-27,8241.95,8245.25,8210.65,8222.2,0,0
292,2017-04-28,8226.4,8227.8,8195.55,8214.3,0,0
293,2017-05-02,8244.7,8260.05,8186.0,8231.35,0,0
294,2017-05-03,8259.55,8260.8,8215.4,8227.7,0,0
295,2017-05-04,8263.85,8269.1,8235.8,8265.8,0,0
296,2017-05-05,8277.7,8279.0,8174.25,8193.25,0,0
297,2017-05-08,8216.95,8241.25,8206.6,8226.1,0,0
298,2017-05-09,8246.3,8256.0,8222.65,8242.7,0,0
299,2017-05-10,8266.65,8325.6,8265.05,8320.2,0,0
300,2017-05-11,8354.65,8358.5,8323.7,8331.0,0,0
301,2017-05-12,8343.15,8343.9,8271.95,8299.2,0,0
302,2017-05-15,8329.75,8353.7,8322.5,8351.3,0,0
303,2017-05-16,8367.25,8401.4,8359.1,8398.95,0,0
304,2017-05-17,8402.0,8404.1,8371.75,8396.0,0,0
305,2017-05-18,8334.3,8361.45,8269.25,8279.15,0,0
306,2017-05-19,8318.2,8352.45,8218.55,8258.2,0,0
307,2017-05-22,8304.9,8322.5,8228.8,8235.05,0,0
308,2017-05-23,8242.8,8243.35,8119.9,8159.15,0,0
309,2017-05-24,8178.35,8192.25,8087.0,8106.6,0,0
310,2017-05-25,8130.7,8240.95,8119.15,8233.9,0,0
311,2017-05-26,8238.95,8335.8,8231.35,8331.85,0,0
312,2017-05-29,8315.7,8353.7,8266.1,8299.5,0,0
313,2017-05-30,8286.0,8334.35,8262.4,8328.95,0,0
314,2017-05-31,8344.25,8369.1,8330.2,8350.95,0,0
315,2017-06-01,8343.85,8374.65,8338.05,8367.15,0,0
316,2017-06-02,8403.95,8416.85,8385.1,8406.55,0,0
317,2017-06-05,8418.65,8448.3,8404.5,8435.75,0,0
318,2017-06-06,8457.45,8460.5,8383.75,8397.2,0,0
319,2017-06-07,8420.1,8442.0,8400.2,8431.5,0,0
320,2017-06-08,8451.75,8456.85,8415.55,8429.15,0,0
321,2017-06-09,8427.15,8459.2,8398.5,8452.75,0,0
322,2017-06-12,8439.0,8439.15,8392.25,8408.7,0,0
323,2017-06-13,8415.75,8448.5,8396.7,8408.0,0,0
324,2017-06-14,8421.05,8424.95,8381.1,8420.8,0,0
325,2017-06-15,8420.85,8427.7,8383.55,8400.2,0,0
326,2017-06-16,8416.55,8440.95,8392.2,8411.45,0,0
327,2017-06-19,8446.95,8467.45,8428.7,8453.1,0,0
328,2017-06-20,8467.3,8475.9,8444.75,8454.0,0,0
329,2017-06-21,8451.55,8454.95,8424.05,8443.6,0,0
330,2017-06-22,8455.9,8496.0,8412.1,8423.85,0,0
331,2017-06-23,8435.6,8438.35,8332.7,8355.1,0,0
332,2017-06-27,8372.35,8382.15,8249.5,8285.5,0,0
333,2017-06-28,8286.7,8303.1,8249.1,8279.7,0,0
334,2017-06-29,8308.4,8352.95,8292.75,8301.1,0,0
335,2017-06-30,8280.1,8343.8,8250.3,8331.6,0,0
336,2017-07-03,8380.0,8423.45,8348.4,8416.4,0,0
337,2017-07-04,8442.9,8450.8,8394.8,8410.7,0,0
338,2017-07-05,8419.4,8456.4,8412.4,8451.5,0,0
339,2017-07-06,8470.25,8506.15,8463.55,8481.75,0,0
340,2017-07-07,8480.15,8494.35,8457.25,8479.45,0,0
341,2017-07-10,8521.15,8563.85,8465.5,8556.95,0,0
342,2017-07-11,8580.0,8596.95,8539.6,8544.9,0,0
343,2017-07-12,8564.3,8591.65,8552.25,8585.5,0,0
344,2017-07-13,8620.55,8649.65,8619.2,8646.3,0,0
345,2017-07-14,8664.3,8664.3,8599.5,8640.7,0,0
346,2017-07-17,8659.7,8668.0,8637.45,8659.5,0,0
347,2017-07-18,8605.4,8642.35,8579.95,8589.8,0,0
348,2017-07-19,8617.95,8665.6,8616.15,8662.15,0,0
349,2017-07-20,8678.05,8680.35,8634.3,8641.6,0,0
350,2017-07-21,8663.85,8678.15,8602.6,8669.75,0,0
351,2017-07-24,8687.9,8719.45,8676.2,8702.85,0,0
352,2017-07-25,8735.2,8735.85,8693.3,8710.6,0,0
353,2017-07-26,8727.35,8753.4,8717.35,8748.75,0,0
354,2017-07-27,8783.3,8817.35,8724.7,8737.1,0,0
355,2017-07-28,8715.75,8755.95,8691.35,8747.45,0,0
356,2017-07-31,8767.05,8799.3,8752.25,8793.3,0,0
357,2017-08-01,8815.25,8820.75,8786.05,8812.6,0,0
358,2017-08-02,8831.5,8832.8,8765.95,8786.85,0,0
359,2017-08-03,8788.35,8788.35,8715.05,8729.3,0,0
360,2017-08-04,8722.7,8784.95,8705.05,8776.2,0,0
361,2017-08-07,8789.85,8822.4,8784.15,8806.45,0,0
362,2017-08-08,8820.85,8831.05,8695.5,8726.85,0,0
363,2017-08-09,8709.1,8711.9,8620.7,8637.15,0,0
364,2017-08-10,8603.7,8606.9,8443.1,8497.75,0,0
365,2017-08-11,8395.4,8487.75,8371.2,8427.7,0,0
366,2017-08-14,8479.45,8558.7,8477.5,8541.5,0,0
367,2017-08-16,8575.0,8640.5,8526.95,8635.7,0,0
368,2017-08-17,8674.15,8685.25,8627.4,8643.3,0,0
369,2017-08-18,8607.05,8607.05,8541.5,8594.25,0,0
370,2017-08-21,8618.5,8635.4,8497.25,8509.4,0,0
371,2017-08-22,8558.95,8575.95,8487.1,8499.3,0,0
372,2017-08-23,8536.65,8589.4,8523.05,8585.0,0,0
373,2017-08-24,8610.2,8622.1,8586.55,8605.75,0,0
374,2017-08-28,8646.3,8677.35,8632.75,8669.6,0,0
375,2017-08-29,8648.7,8648.9,8561.75,8571.8,0,0
376,2017-08-30,8628.45,8678.7,8625.8,8663.15,0,0
377,2017-08-31,8683.4,8700.5,8647.75,8694.95,0,0
378,2017-09-01,8717.05,8763.3,8700.45,8755.25,0,0
379,2017-09-04,8763.75,8765.8,8639.9,8700.35,0,0
380,2017-09-05,8723.0,8754.9,8698.4,8747.2,0,0
381,2017-09-06,8703.3,8745.7,8686.95,8732.4,0,0
382,2017-09-07,8766.2,8785.9,8747.9,8757.15,0,0
383,2017-09-08,8785.7,8792.05,8729.95,8749.95,0,0
384,2017-09-11,8789.3,8830.4,8782.55,8810.95,0,0
385,2017-09-12,8854.85,8894.2,8833.75,8890.65,0,0
386,2017-09-13,8900.75,8928.1,8853.1,8866.85,0,0
387,2017-09-14,8894.75,8918.7,8865.9,8884.95,0,0
388,2017-09-15,8864.0,8906.8,8839.25,8887.6,0,0
389,2017-09-18,8932.9,8963.8,8931.8,8946.9,0,0
390,2017-09-19,8967.8,8970.1,8930.1,8951.75,0,0
391,2017-09-20,8970.35,8976.75,8932.7,8938.4,0,0
392,2017-09-21,8942.0,8957.55,8845.9,8911.2,0,0
393,2017-09-22,8886.7,8887.05,8726.25,8738.0,0,0
394,2017-09-25,8737.85,8738.05,8574.8,8638.3,0,0
395,2017-09-26,8641.1,8677.5,8592.9,8654.6,0,0
396,2017-09-27,8700.35,8700.35,8502.4,8520.95,0,0
397,2017-09-28,8529.15,8571.95,8476.3,8557.1,0,0
398,2017-09-29,8597.8,8653.5,8586.5,8600.0,0,0
399,2017-10-03,8689.75,8691.9,8640.8,8662.4,0,0
400,2017-10-04,8687.8,8725.85,8658.3,8706.85,0,0
401,2017-10-05,8721.75,8746.15,8699.75,8706.45,0,0
402,2017-10-06,8729.95,8793.4,8729.0,8787.4,0,0
403,2017-10-09,8799.8,8824.75,8774.65,8798.3,0,0
404,2017-10-10,8823.45,8848.6,8816.55,8836.4,0,0
405,2017-10-11,8865.75,8886.8,8760.65,8792.4,0,0
406,2017-10-12,8818.6,8895.7,8784.65,8890.05,0,0
407,2017-10-13,8916.65,8954.65,8913.95,8937.2,0,0
408,2017-10-16,8974.25,9000.1,8937.65,8985.25,0,0
409,2017-10-17,8988.75,9011.1,8972.8,9002.35,0,0
410,2017-10-18,8991.65,9005.9,8957.05,8984.65,0,0
411,2017-10-19,8992.95,8994.8,8915.1,8937.65,0,0
412,2017-10-23,8961.95,8998.2,8922.75,8972.9,0,0
413,2017-10-24,9002.7,9017.9,8973.7,8993.8,0,0
414,2017-10-25,9089.5,9103.0,9017.8,9065.15,0,0
415,2017-10-26,9067.2,9115.15,9047.4,9106.75,0,0
416,2017-10-27,9128.85,9136.45,9094.5,9104.45,0,0
417,2017-10-30,9137.55,9177.2,9132.15,9165.1,0,0
418,2017-10-31,9173.95,9175.5,9130.95,9153.6,0,0
419,2017-11-01,9203.95,9249.15,9201.05,9234.85,0,0
420,2017-11-02,9243.3,9264.1,9217.6,9237.75,0,0
421,2017-11-03,9272.1,9272.15,9219.7,9260.65,0,0
422,2017-11-06,9254.3,9305.75,9242.25,9273.1,0,0
423,2017-11-07,9303.15,9309.65,9152.65,9169.55,0,0
424,2017-11-08,9183.9,9201.2,9097.6,9117.55,0,0
425,2017-11-09,9169.65,9183.2,9087.2,9147.3,0,0
426,2017-11-10,9144.75,9178.4,9100.35,9154.95,0,0
427,2017-11-13,9163.05,9171.15,9075.8,9082.45,0,0
428,2017-11-14,9085.7,9106.95,9042.0,9051.5,0,0
429,2017-11-15,9039.85,9043.15,8949.0,8973.75,0,0
430,2017-11-16,9005.1,9078.6,8993.9,9065.0,0,0
431,2017-11-17,9161.8,9185.5,9125.15,9137.1,0,0
432,2017-11-20,9143.5,9169.95,9122.35,9161.9,0,0
433,2017-11-21,9192.05,9215.85,9166.4,9185.4,0,0
434,2017-11-22,9210.85,9219.95,9161.75,9195.7,0,0
435,2017-11-23,9212.35,9226.75,9164.3,9207.4,0,0
436,2017-11-24,9226.75,9254.5,9221.0,9246.05,0,0
437,2017-11-27,9228.2,9272.85,9212.95,9267.5,0,0
438,2017-11-28,9266.3,9286.85,9234.8,9254.3,0,0
439,2017-11-29,9265.5,9280.65,9231.65,9244.7,0,0
440,2017-11-30,9220.35,9220.35,9143.4,9154.5,0,0
441,2017-12-01,9191.45,9209.15,9046.7,9060.4,0,0
442,2017-12-04,9106.7,9110.85,9023.6,9059.35,0,0
443,2017-12-05,9052.45,9074.95,8995.0,9056.6,0,0
444,2017-12-06,9034.85,9050.95,8981.95,8988.55,0,0
445,2017-12-07,9005.75,9114.4,9005.55,9103.05,0,0
446,2017-12-08,9136.6,9197.05,9135.4,9190.55,0,0
447,2017-12-11,9232.25,9241.15,9205.2,9231.9,0,0
448,2017-12-12,9237.15,9237.6,9149.35,9156.5,0,0
449,2017-12-13,9155.85,9197.55,9078.8,9101.8,0,0
450,2017-12-14,9135.25,9150.25,9043.85,9133.65,0,0
451,2017-12-15,9217.8,9242.85,9207.6,9216.75,0,0
452,2017-12-18,9162.55,9318.65,9000.4,9270.85,0,0
453,2017-12-19,9300.85,9367.05,9297.75,9360.45,0,0
454,2017-12-20,9386.65,9398.95,9351.0,9363.45,0,0
455,2017-12-21,9391.3,9399.75,9364.3,9387.75,0,0
456,2017-12-22,9408.75,9440.2,9402.25,9431.5,0,0
457,2017-12-26,9452.0,9477.4,9427.9,9470.35,0,0
458,2017-12-27,9478.15,9493.85,9413.25,9438.25,0,0
459,2017-12-28,9450.25,9481.1,9425.8,9435.85,0,0
460,2017-12-29,9456.8,9496.4,9454.65,9490.65,0,0
461,2018-01-01,9500.2,9518.9,9421.7,9434.5,0,0
462,2018-01-02,9474.1,9487.8,9377.3,9417.85,0,0
463,2018-01-03,9455.55,9483.35,9424.1,9439.35,0,0
464,2018-01-04,9468.1,9511.85,9441.9,9505.75,0,0
465,2018-01-05,9536.75,9577.3,9529.95,9573.45,0,0
466,2018-01-08,9608.15,9645.75,9606.5,9639.25,0,0
467,2018-01-09,9661.1,9669.45,9607.7,9640.75,0,0
468,2018-01-10,9655.75,9658.8,9593.5,9630.6,0,0
469,2018-01-11,9635.9,9669.3,9614.65,9650.3,0,0
470,2018-01-12,9681.85,9689.75,9583.2,9665.2,0,0
471,2018-01-15,9700.95,9743.65,9690.9,9699.85,0,0
472,2018-01-16,9720.1,9720.35,9598.05,9612.6,0,0
473,2018-01-17,9612.1,9696.4,9536.2,9686.6,0,0
474,2018-01-18,9761.1,9769.8,9605.4,9646.8,0,0
475,2018-01-19,9658.4,9733.5,9625.1,9723.1,0,0
476,2018-01-22,9721.45,9793.4,9710.95,9787.3,0,0
477,2018-01-23,9816.4,9885.25,9814.65,9877.2,0,0
478,2018-01-24,9865.7,9895.0,9825.25,9853.9,0,0
479,2018-01-25,9866.85,9866.85,9780.35,9810.0,0,0
480,2018-01-29,9829.0,9868.4,9806.05,9819.45,0,0
481,2018-01-30,9809.95,9810.0,9729.15,9743.05,0,0
482,2018-01-31,9716.7,9746.05,9648.15,9697.9,0,0
483,2018-02-01,9717.3,9764.35,9551.55,9687.05,0,0
484,2018-02-02,9606.1,9611.35,9392.9,9409.8,0,0
485,2018-02-05,9254.55,9367.55,9221.05,9344.4,0,0
486,2018-02-06,8985.8,9265.9,8968.5,9190.55,0,0
487,2018-02-07,9300.15,9306.8,9181.7,9206.35,0,0
488,2018-02-08,9246.05,9365.75,9220.35,9322.6,0,0
489,2018-02-09,9167.0,9272.05,9155.0,9251.1,0,0
490,2018-02-12,9314.3,9362.3,9296.6,9348.45,0,0
491,2018-02-14,9397.8,9399.8,9292.85,9326.7,0,0
492,2018-02-15,9360.45,9399.4,9293.35,9323.6,0,0
493,2018-02-16,9369.25,9386.0,9212.2,9235.6,0,0
494,2018-02-19,9265.0,9265.25,9091.75,9159.95,0,0
495,2018-02-20,9171.2,9207.35,9135.7,9151.05,0,0
496,2018-02-21,9205.1,9205.4,9129.35,9167.6,0,0
497,2018-02-22,9133.9,9160.6,9119.3,9138.5,0,0
498,2018-02-23,9165.45,9257.5,9157.1,9251.35,0,0
499,2018-02-26,9291.05,9338.2,9280.8,9332.65,0,0
500,2018-02-27,9360.9,9374.9,9289.25,9302.25,0,0
501,2018-02-28,9244.5,9290.2,9213.85,9261.9,0,0
502,2018-03-01,9254.4,9297.4,9215.8,9225.35,0,0
503,2018-03-05,9202.1,9202.2,9104.15,9136.1,0,0
504,2018-03-06,9191.45,9214.45,9013.45,9039.8,0,0
505,2018-03-07,9025.1,9029.95,8924.7,8936.85,0,0
506,2018-03-08,8992.4,9021.65,8898.9,9000.7,0,0
507,2018-03-09,9032.55,9051.4,8972.5,8986.4,0,0
508,2018-03-12,9053.7,9130.4,9034.25,9121.75,0,0
509,2018-03-13,9102.7,9194.35,9096.2,9157.9,0,0
510,2018-03-14,9126.9,9158.2,9091.45,9151.55,0,0
511,2018-03-15,9151.35,9177.95,9122.65,9133.9,0,0
512,2018-03-16,9127.8,9128.5,8991.85,9004.45,0,0
513,2018-03-19,9026.4,9032.3,8879.3,8894.2,0,0
514,2018-03-20,8854.0,8945.35,8847.8,8920.45,0,0
515,2018-03-21,8970.85,9015.65,8929.65,8949.1,0,0
516,2018-03-22,8961.95,8991.7,8897.3,8904.0,0,0
517,2018-03-23,8765.65,8815.55,8744.5,8800.8,0,0
518,2018-03-26,8795.05,8923.05,8765.85,8914.35,0,0
519,2018-03-27,8968.35,8995.35,8938.9,8978.1,0,0
520,2018-03-28,8940.2,8953.9,8899.0,8912.1,0,0
521,2018-04-02,8949.45,9030.7,8933.45,9023.6,0,0
522,2018-04-03,9004.9,9082.05,8997.7,9074.85,0,0
523,2018-04-04,9105.5,9120.1,8962.45,8975.6,0,0
524,2018-04-05,9069.05,9150.85,9068.4,9146.15,0,0
525,2018-04-06,9148.45,9183.45,9116.55,9172.05,0,0
526,2018-04-09,9179.2,9223.35,9175.9,9205.2,0,0
527,2018-04-10,9237.8,9246.45,9199.2,9219.15,0,0
528,2018-04-11,9242.3,9242.3,9179.85,9230.85,0,0
529,2018-04-12,9226.45,9263.35,9210.25,9247.25,0,0
530,2018-04-13,9276.65,9304.1,9240.7,9267.65,0,0
531,2018-04-16,9205.05,9317.85,9202.8,9311.3,0,0
532,2018-04-17,9339.4,9340.5,9287.6,9330.3,0,0
533,2018-04-18,9359.1,9366.75,9295.75,9311.6,0,0
534,2018-04-19,9345.65,9360.8,9328.5,9356.4,0,0
535,2018-04-20,9349.2,9359.1,9315.15,9347.65,0,0
536,2018-04-23,9366.8,9410.9,9324.0,9373.4,0,0
537,2018-04-24,9375.95,9403.4,9359.05,9390.4,0,0
538,2018-04-25,9387.45,9393.5,9323.4,9349.95,0,0
539,2018-04-26,9368.75,9388.85,9339.65,9381.35,0,0
540,2018-04-27,9412.95,9467.05,9410.45,9443.65,0,0
541,2018-04-30,9464.0,9503.6,9463.2,9496.5,0,0
542,2018-05-02,9531.6,9531.65,9416.5,9444.5,0,0
543,2018-05-03,9442.1,9442.2,9355.05,9388.65,0,0
544,2018-05-04,9402.5,9402.5,9327.3,9339.75,0,0
545,2018-05-07,9371.7,9424.4,9353.3,9418.8,0,0
546,2018-05-08,9451.9,9452.45,9396.75,9419.85,0,0
547,2018-05-09,9401.2,9443.15,9399.45,9418.9,0,0
548,2018-05-10,9444.65,9448.5,9351.5,9360.95,0,0
549,2018-05-11,9385.8,9421.35,9356.0,9416.35,0,0
550,2018-05-14,9425.25,9432.4,9371.45,9389.95,0,0
551,2018-05-15,9391.1,9490.8,9341.2,9365.9,0,0
552,2018-05-16,9324.7,9365.0,9275.6,9328.7,0,0
553,2018-05-17,9359.15,9360.15,9290.3,9304.45,0,0
554,2018-05-18,9298.95,9300.55,9200.3,9209.2,0,0
555,2018-05-21,9221.1,9224.95,9099.85,9108.7,0,0
556,2018-05-22,9110.65,9152.25,9080.35,9145.65,0,0
557,2018-05-23,9136.65,9151.8,9059.35,9069.8,0,0
558,2018-05-24,9098.75,9130.95,9046.7,9115.55,0,0
559,2018-05-25,9135.05,9230.7,9126.6,9215.55,0,0
560,2018-05-28,9256.8,9320.1,9251.8,9307.55,0,0
561,2018-05-29,9309.95,9337.25,9250.5,9270.6,0,0
562,2018-05-30,9220.8,9283.55,9209.85,9255.0,0,0
563,2018-05-31,9299.4,9333.65,9249.2,9315.35,0,0
564,2018-06-01,9317.8,9334.7,9245.55,9255.1,0,0
565,2018-06-04,9308.3,9310.9,9167.95,9175.9,0,0
566,2018-06-05,9176.65,9178.3,9072.65,9110.5,0,0
567,2018-06-06,9114.2,9214.3,9096.0,9205.9,0,0
568,2018-06-07,9244.7,9327.85,9243.7,9300.1,0,0
569,2018-06-08,9275.2,9324.7,9254.3,9316.25,0,0
570,2018-06-11,9334.45,9386.15,9324.3,9332.4,0,0
571,2018-06-12,9355.65,9394.9,9338.3,9386.45,0,0
572,2018-06-13,9421.0,9423.2,9382.55,9386.4,0,0
573,2018-06-14,9372.3,9372.55,9322.5,9356.65,0,0
574,2018-06-15,9358.35,9376.65,9303.25,9343.7,0,0
575,2018-06-18,9350.65,9354.05,9311.35,9318.55,0,0
576,2018-06-19,9305.4,9305.4,9225.75,9234.5,0,0
577,2018-06-20,9255.0,9286.65,9239.05,9276.4,0,0
578,2018-06-21,9305.05,9307.0,9229.8,9240.25,0,0
579,2018-06-22,9241.15,9307.25,9204.05,9296.65,0,0
580,2018-06-25,9297.65,9310.5,9225.35,9234.4,0,0
581,2018-06-26,9217.05,9261.7,9209.85,9231.8,0,0
582,2018-06-27,9246.5,9246.5,9110.25,9129.25,0,0
583,2018-06-28,9119.85,9125.6,9018.05,9036.95,0,0
584,2018-06-29,9065.9,9167.5,9065.55,9162.45,0,0
585,2018-07-02,9185.2,9186.55,9060.6,9109.0,0,0
586,2018-07-03,9113.85,9156.35,9078.8,9149.4,0,0
587,2018-07-04,9158.8,9200.25,9123.6,9194.55,0,0
588,2018-07-05,9207.6,9207.6,9153.45,9166.6,0,0
589,2018-07-06,9160.7,9233.0,9153.4,9194.5,0,0
590,2018-07-09,9250.4,9281.3,9231.8,9277.95,0,0
591,2018-07-10,9321.45,9365.15,9305.4,9359.4,0,0
592,2018-07-11,9362.6,9379.6,9333.85,9344.25,0,0
593,2018-07-12,9392.75,9442.4,9373.1,9380.9,0,0
594,2018-07-13,9406.0,9408.3,9335.1,9349.05,0,0
595,2018-07-16,9350.1,9350.2,9222.3,9231.25,0,0
596,2018-07-17,9232.55,9321.9,9214.7,9315.25,0,0
597,2018-07-18,9359.5,9371.95,9244.95,9269.55,0,0
598,2018-07-19,9284.85,9287.8,9210.1,9236.3,0,0
599,2018-07-20,9238.6,9295.05,9217.6,9286.1,0,0
600,2018-07-23,9301.7,9369.8,9295.95,9363.85,0,0
601,2018-07-24,9385.95,9454.8,9383.35,9450.65,0,0
602,2018-07-25,9466.95,9476.5,9433.9,9449.9,0,0
603,2018-07-26,9455.85,9502.15,9454.0,9487.9,0,0
604,2018-07-27,9537.0,9583.15,9526.55,9579.05,0,0
605,2018-07-30,9598.5,9624.9,9566.35,9618.7,0,0
606,2018-07-31,9615.1,9657.6,9582.7,9650.6,0,0
607,2018-08-01,9661.7,9683.6,9620.95,9651.7,0,0
608,2018-08-02,9642.1,9642.1,9579.7,9588.8,0,0
609,2018-08-03,9631.4,9690.55,9630.45,9685.7,0,0
610,2018-08-06,9723.05,9743.65,9698.0,9709.35,0,0
611,2018-08-07,9740.65,9744.25,9675.75,9704.8,0,0
612,2018-08-08,9723.8,9754.3,9696.7,9744.75,0,0
613,2018-08-09,9779.35,9784.05,9752.95,9769.1,0,0
614,2018-08-10,9776.7,9777.85,9715.3,9724.45,0,0
615,2018-08-13,9673.0,9704.9,9641.15,9656.5,0,0
616,2018-08-14,9678.7,9730.65,9672.15,9726.15,0,0
617,2018-08-16,9696.9,9742.5,9666.5,9685.65,0,0
618,2018-08-17,9730.85,9776.3,9728.2,9770.2,0,0
619,2018-08-20,9800.8,9846.55,9798.9,9839.75,0,0
620,2018-08-21,9862.9,9868.5,9831.05,9862.5,0,0
621,2018-08-23,9900.05,9900.05,9839.0,9872.55,0,0
622,2018-08-24,9860.9,9889.95,9821.45,9850.8,0,0
623,2018-08-27,9893.45,9966.9,9887.5,9958.8,0,0
624,2018-08-28,9990.25,10012.85,9963.35,9985.9,0,0
625,2018-08-29,9995.1,10015.35,9964.35,9973.65,0,0
626,2018-08-30,9979.35,9986.35,9947.0,9975.2,0,0
627,2018-08-31,9978.25,10027.0,9951.55,9992.0,0,0
628,2018-09-03,10049.85,10049.85,9908.7,9921.65,0,0
629,2018-09-04,9933.0,9937.75,9784.25,9806.05,0,0
630,2018-09-05,9795.7,9817.85,9678.2,9764.55,0,0
631,2018-09-06,9801.95,9832.4,9730.85,9815.45,0,0
632,2018-09-07,9834.55,9885.6,9779.35,9875.2,0,0
633,2018-09-10,9862.8,9870.7,9730.2,9740.1,0,0
634,2018-09-11,9770.9,9775.05,9596.5,9607.1,0,0
635,2018-09-12,9641.65,9669.2,9552.2,9660.6,0,0
636,2018-09-14,9724.2,9799.15,9722.75,9792.75,0,0
637,2018-09-17,9754.6,9754.6,9687.3,9696.45,0,0
638,2018-09-18,9701.3,9728.15,9586.0,9594.25,0,0
639,2018-09-19,9633.9,9640.3,9516.25,9545.7,0,0
640,2018-09-21,9585.1,9630.7,9134.55,9425.55,0,0
641,2018-09-24,9445.2,9449.75,9223.25,9243.15,0,0
642,2018-09-25,9238.3,9317.1,9149.0,9303.35,0,0
643,2018-09-26,9367.6,9367.6,9255.35,9302.25,0,0
644,2018-09-27,9319.8,9324.5,9188.6,9202.35,0,0
645,2018-09-28,9230.1,9249.35,9041.65,9116.0,0,0
646,2018-10-01,9107.0,9185.5,8986.4,9165.5,0,0
647,2018-10-03,9147.25,9157.2,9042.05,9056.7,0,0
648,2018-10-04,8963.7,8963.7,8812.0,8854.85,0,0
649,2018-10-05,8793.2,8815.8,8582.15,8624.95,0,0
650,2018-10-08,8611.35,8671.3,8483.15,8602.6,0,0
651,2018-10-09,8635.85,8645.8,8519.3,8562.95,0,0
652,2018-10-10,8590.45,8762.25,8588.35,8748.5,0,0
653,2018-10-11,8501.4,8657.0,8473.55,8565.6,0,0
654,2018-10-12,8649.3,8783.9,8643.35,8767.1,0,0
655,2018-10-15,8815.15,8821.65,8732.3,8812.0,0,0
656,2018-10-16,8849.25,8902.65,8835.4,8893.8,0,0
657,2018-10-17,8982.55,8999.65,8746.75,8758.6,0,0
658,2018-10-19,8676.5,8716.55,8595.45,8640.65,0,0
659,2018-10-22,8717.25,8719.5,8560.55,8576.95,0,0
660,2018-10-23,8502.6,8559.1,8447.45,8489.9,0,0
661,2018-10-24,8585.9,8600.0,8474.55,8555.65,0,0
662,2018-10-25,8476.1,8500.85,8432.5,8473.5,0,0
663,2018-10-26,8473.2,8493.85,8370.8,8417.25,0,0
664,2018-10-29,8457.5,8623.45,8409.6,8610.1,0,0
665,2018-10-30,8607.4,8652.75,8575.05,8600.3,0,0
666,2018-10-31,8617.4,8760.35,8536.0,8753.45,0,0
667,2018-11-01,8798.3,8800.85,8742.5,8772.5,0,0
668,2018-11-02,8844.1,8953.6,8840.2,8899.4,0,0
669,2018-11-05,8904.25,8913.0,8839.8,8877.9,0,0
670,2018-11-06,8902.75,8934.9,8839.65,8870.3,0,0
671,2018-11-07,8938.7,8940.7,8918.05,8933.5,0,0
672,2018-11-09,8947.6,8966.5,8898.0,8946.35,0,0
673,2018-11-12,8967.8,8991.15,8846.4,8859.25,0,0
674,2018-11-13,8834.55,8932.95,8814.6,8923.55,0,0
675,2018-11-14,8967.25,8980.25,8887.95,8921.45,0,0
676,2018-11-15,8926.55,8971.1,8894.95,8954.65,0,0
677,2018-11-16,8975.55,9011.15,8951.5,8993.25,0,0
678,2018-11-19,9031.8,9060.35,8996.35,9052.75,0,0
679,2018-11-20,9033.2,9039.7,8948.75,8960.15,0,0
680,2018-11-21,8973.9,8982.9,8896.1,8940.3,0,0
681,2018-11-22,8952.45,8973.9,8868.2,8879.0,0,0
682,2018-11-26,8913.95,8950.7,8841.1,8943.0,0,0
683,2018-11-27,8938.3,8990.45,8924.4,8983.9,0,0
684,2018-11-28,9001.3,9027.35,8984.5,8993.25,0,0
685,2018-11-29,9051.85,9097.0,9031.05,9081.85,0,0
686,2018-11-30,9107.8,9134.35,9074.7,9109.15,0,0
687,2018-12-03,9153.6,9157.95,9097.5,9126.9,0,0
688,2018-12-04,9125.2,9137.65,9094.85,9116.45,0,0
689,2018-12-05,9075.05,9075.35,8999.65,9029.45,0,0
690,2018-12-06,8975.4,8975.65,8874.95,8883.25,0,0
691,2018-12-07,8917.35,8947.35,8876.55,8940.65,0,0
692,2018-12-10,8789.75,8818.65,8760.15,8769.6,0,0
693,2018-12-11,8655.1,8859.65,8646.55,8845.15,0,0
694,2018-12-12,8882.2,9031.6,8865.0,9021.6,0,0
695,2018-12-13,9078.75,9113.15,9037.85,9077.3,0,0
696,2018-12-14,9072.45,9104.45,9046.45,9091.3,0,0
697,2018-12-17,9127.55,9162.95,9118.5,9153.95,0,0
698,2018-12-18,9126.5,9183.25,9108.1,9177.35,0,0
699,2018-12-19,9203.05,9258.35,9201.55,9246.8,0,0
700,2018-12-20,9188.35,9241.1,9180.0,9234.45,0,0
701,2018-12-21,9236.55,9255.8,9071.45,9082.55,0,0
702,2018-12-24,9100.9,9102.05,8992.2,9002.45,0,0
703,2018-12-26,8977.95,9056.2,8879.45,9041.7,0,0
704,2018-12-27,9110.85,9119.8,9070.65,9078.8,0,0
705,2018-12-28,9111.95,9173.6,9109.7,9152.55,0,0
706,2018-12-31,9194.65,9207.1,9159.3,9170.0,0,0
707,2019-01-01,9186.7,9206.05,9128.4,9197.9,0,0
708,2019-01-02,9169.7,9195.25,9065.45,9103.4,0,0
709,2019-01-03,9106.65,9130.0,9006.75,9014.8,0,0
710,2019-01-04,9034.25,9064.85,8978.2,9054.9,0,0
711,2019-01-07,9117.2,9136.3,9064.65,9081.15,0,0
712,2019-01-08,9090.8,9109.1,9052.1,9098.65,0,0
713,2019-01-09,9143.2,9149.35,9050.15,9127.45,0,0
714,2019-01-10,9132.8,9144.0,9102.55,9119.4,0,0
715,2019-01-11,9130.7,9142.3,9057.15,9098.2,0,0
716,2019-01-14,9102.4,9102.9,9014.95,9051.45,0,0
717,2019-01-15,9082.5,9163.3,9082.5,9157.15,0,0
718,2019-01-16,9167.45,9195.05,9150.0,9158.75,0,0
719,2019-01-17,9182.0,9191.85,9119.6,9161.6,0,0
720,2019-01-18,9173.2,9180.3,9113.45,9140.1,0,0
721,2019-01-21,9150.6,9195.8,9125.45,9155.3,0,0
722,2019-01-22,9146.3,9146.3,9075.25,9131.15,0,0
723,2019-01-23,9138.75,9151.05,9055.15,9068.85,0,0
724,2019-01-24,9080.25,9086.35,9039.45,9072.2,0,0
725,2019-01-25,9085.6,9133.15,8974.55,8994.35,0,0
726,2019-01-28,8999.3,9001.15,8849.95,8876.6,0,0
727,2019-01-29,8865.3,8904.9,8825.6,8875.65,0,0
728,2019-01-30,8913.45,8919.45,8851.05,8884.9,0,0
729,2019-01-31,8916.4,9007.45,8899.55,9003.85,0,0
730,2019-02-01,9024.95,9130.1,8988.25,9056.3,0,0
731,2019-02-04,9045.0,9052.55,8974.65,9042.0,0,0
732,2019-02-05,9039.7,9064.6,9016.7,9033.6,0,0
733,2019-02-06,9056.9,9128.05,9039.3,9118.7,0,0
734,2019-02-07,9125.5,9179.75,9116.15,9145.8,0,0
735,2019-02-08,9112.7,9122.65,9024.75,9036.9,0,0
736,2019-02-11,9026.1,9026.1,8949.85,8967.15,0,0
737,2019-02-12,8961.9,8987.85,8917.65,8925.3,0,0
738,2019-02-13,8955.35,8970.8,8873.4,8887.9,0,0
739,2019-02-14,8878.85,8891.9,8837.75,8869.3,0,0
740,2019-02-15,8887.55,8889.9,8753.65,8827.05,0,0
741,2019-02-18,8836.0,8849.05,8744.95,8754.35,0,0
742,2019-02-19,8753.7,8825.8,8729.7,8742.3,0,0
743,2019-02-20,8781.4,8858.05,8780.0,8845.6,0,0
744,2019-02-21,8857.5,8912.4,8839.75,8901.7,0,0
745,2019-02-22,8899.6,8925.7,8885.9,8919.75,0,0
746,2019-02-25,8941.15,8989.9,8921.9,8983.85,0,0
747,2019-02-26,8899.0,8994.0,8846.1,8953.15,0,0
748,2019-02-27,8991.8,9057.4,8896.2,8946.2,0,0
749,2019-02-28,8990.35,8990.6,8941.6,8955.95,0,0
750,2019-03-01,8995.45,9045.7,8994.0,9037.5,0,0
751,2019-03-05,9042.9,9178.95,9014.7,9173.6,0,0
752,2019-03-06,9211.8,9243.3,9197.9,9230.45,0,0
753,2019-03-07,9251.65,9254.45,9210.9,9225.35,0,0
754,2019-03-08,9213.3,9225.3,9184.55,9211.05,0,0
755,2019-03-11,9240.8,9353.4,9235.6,9345.6,0,0
756,2019-03-12,9399.6,9461.6,9396.85,9440.85,0,0
757,2019-03-13,9461.25,9471.4,9416.65,9450.25,0,0
758,2019-03-14,9481.85,9486.5,9424.5,9447.2,0,0
759,2019-03-15,9473.85,9540.95,9471.4,9499.4,0,0
760,2019-03-18,9536.05,9572.95,9481.65,9516.7,0,0
761,2019-03-19,9549.75,9576.05,9513.45,9570.15,0,0
762,2019-03-20,9587.5,9588.5,9540.9,9553.0,0,0
763,2019-03-22,9572.35,9594.1,9485.45,9500.05,0,0
764,2019-03-25,9446.85,9446.85,9381.9,9411.65,0,0
765,2019-03-26,9431.9,9522.45,9421.6,9512.6,0,0
766,2019-03-27,9552.2,9569.6,9475.4,9501.8,0,0
767,2019-03-28,9518.7,9613.55,9510.8,9601.95,0,0
768,2019-03-29,9647.75,9667.45,9613.0,9663.7,0,0
769,2019-04-01,9703.0,9756.3,9683.95,9702.0,0,0
770,2019-04-02,9735.05,9735.05,9681.6,9720.8,0,0
771,2019-04-03,9742.35,9765.65,9647.2,9658.4,0,0
772,2019-04-04,9674.0,9675.2,9590.85,9626.65,0,0
773,2019-04-05,9659.65,9700.4,9641.45,9684.95,0,0
774,2019-04-08,9715.45,9719.95,9593.85,9634.4,0,0
775,2019-04-09,9641.9,9685.85,9594.95,9677.75,0,0
776,2019-04-10,9661.55,9690.35,9612.85,9622.95,0,0
777,2019-04-11,9630.15,9641.75,9599.2,9634.55,0,0
778,2019-04-12,9646.6,9682.3,9626.95,9674.6,0,0
779,2019-04-15,9697.65,9726.85,9683.8,9716.5,0,0
780,2019-04-16,9751.35,9796.1,9748.7,9781.4,0,0
781,2019-04-18,9826.45,9826.45,9721.4,9738.7,0,0
782,2019-04-22,9715.95,9715.95,9591.8,9599.8,0,0
783,2019-04-23,9614.85,9642.15,9577.0,9587.3,0,0
784,2019-04-24,9607.4,9696.55,9585.25,9687.55,0,0
785,2019-04-25,9697.8,9742.85,9616.3,9628.8,0,0
786,2019-04-26,9661.1,9695.4,9632.05,9689.7,0,0
787,2019-04-30,9684.8,9684.8,9592.15,9664.3,0,0
788,2019-05-02,9646.4,9694.95,9620.7,9637.5,0,0
789,2019-05-03,9637.5,9665.5,9613.6,9624.55,0,0
790,2019-05-06,9544.95,9567.4,9513.85,9532.45,0,0
791,2019-05-07,9573.3,9578.55,9441.5,9450.8,0,0
792,2019-05-08,9433.1,9433.45,9331.7,9340.25,0,0
793,2019-05-09,9313.55,9339.55,9261.5,9299.75,0,0
794,2019-05-10,9309.35,9335.15,9271.1,9290.2,0,0
795,2019-05-13,9274.05,9288.85,9143.95,9159.95,0,0
796,2019-05-14,9156.0,9261.85,9108.45,9212.35,0,0
797,2019-05-15,9247.15,9265.65,9145.8,9160.1,0,0
798,2019-05-16,9176.5,9238.95,9136.4,9221.65,0,0
799,2019-05-17,9224.75,9339.35,9221.6,9329.7,0,0
800,2019-05-20,9538.3,9681.1,9485.85,9671.9,0,0
801,2019-05-21,9701.0,9713.5,9556.75,9578.85,0,0
802,2019-05-22,9595.6,9629.75,9555.8,9598.2,0,0
803,2019-05-23,9730.0,9835.7,9521.6,9552.75,0,0
804,2019-05-24,9618.75,9728.8,9563.6,9722.05,0,0
805,2019-05-27,9732.65,9820.95,9702.5,9804.9,0,0
806,2019-05-28,9834.95,9834.95,9768.3,9815.5,0,0
807,2019-05-29,9802.4,9812.0,9737.95,9757.15,0,0
808,2019-05-30,9762.8,9827.25,9759.5,9815.3,0,0
809,2019-05-31,9855.55,9889.3,9734.2,9805.05,0,0
810,2019-06-03,9827.75,9931.65,9796.85,9922.6,0,0
811,2019-06-04,9898.0,9941.45,9865.6,9876.2,0,0
812,2019-06-06,9889.55,9889.55,9712.05,9722.5,0,0
813,2019-06-07,9736.05,9761.75,9653.7,9735.85,0,0
814,2019-06-10,9784.45,9813.65,9727.9,9765.85,0,0
815,2019-06-11,9791.9,9826.65,9743.05,9805.1,0,0
816,2019-06-12,9801.95,9802.05,9727.75,9749.95,0,0
817,2019-06-13,9727.15,9758.9,9668.05,9747.05,0,0
818,2019-06-14,9742.8,9745.15,9652.6,9669.95,0,0
819,2019-06-17,9681.9,9681.95,9533.35,9543.6,0,0
820,2019-06-18,9547.5,9587.05,9514.1,9551.35,0,0
821,2019-06-19,9592.15,9634.15,9476.1,9526.2,0,0
822,2019-06-20,9501.55,9655.25,9476.25,9646.0,0,0
823,2019-06-21,9641.15,9641.25,9566.1,9581.6,0,0
824,2019-06-24,9585.95,9605.05,9543.4,9564.1,0,0
825,2019-06-25,9548.65,9643.75,9525.95,9632.85,0,0
826,2019-06-26,9611.95,9699.65,9604.15,9682.8,0,0
827,2019-06-27,9694.55,9733.95,9675.5,9692.35,0,0
828,2019-06-28,9707.45,9713.75,9644.1,9657.95,0,0
829,2019-07-01,9697.0,9724.35,9691.9,9713.0,0,0
830,2019-07-02,9734.75,9750.05,9675.8,9744.85,0,0
831,2019-07-03,9762.85,9774.8,9731.5,9757.3,0,0
832,2019-07-04,9767.8,9793.5,9765.2,9776.8,0,0
833,2019-07-05,9793.65,9805.3,9644.85,9657.65,0,0
834,2019-07-08,9619.4,9620.9,9418.0,9447.8,0,0
835,2019-07-09,9428.05,9473.4,9375.8,9455.65,0,0
836,2019-07-10,9443.65,9482.5,9385.7,9400.1,0,0
837,2019-07-11,9447.15,9475.7,9414.1,9466.4,0,0
838,2019-07-12,9480.05,9519.75,9448.4,9457.75,0,0
839,2019-07-15,9499.25,9502.7,9427.85,9469.15,0,0
840,2019-07-16,9473.85,9533.55,9456.6,9529.85,0,0
841,2019-07-17,9535.25,9563.95,9520.15,9543.35,0,0
842,2019-07-18,9534.15,9534.5,9447.65,9456.15,0,0
843,2019-07-19,9484.55,9494.9,9288.8,9304.65,0,0
844,2019-07-22,9282.6,9285.3,9197.3,9247.75,0,0
845,2019-07-23,9265.85,9277.65,9208.9,9233.55,0,0
846,2019-07-24,9228.8,9256.4,9134.65,9160.45,0,0
847,2019-07-25,9173.75,9232.45,9148.45,9159.15,0,0
848,2019-07-26,9156.0,9206.7,9125.35,9192.6,0,0
849,2019-07-29,9205.35,9208.2,9081.7,9108.9,0,0
850,2019-07-30,9123.65,9165.8,8995.25,9004.05,0,0
851,2019-07-31,8963.3,9058.45,8928.0,9044.95,0,0
852,2019-08-01,9001.7,9026.15,8859.55,8935.75,0,0
853,2019-08-02,8890.5,9007.05,8821.1,8943.95,0,0
854,2019-08-05,8866.9,8866.9,8765.2,8831.95,0,0
855,2019-08-06,8792.65,8960.95,8791.6,8918.6,0,0
856,2019-08-07,8928.6,8953.25,8840.15,8854.65,0,0
857,2019-08-08,8888.45,8998.9,8844.4,8979.65,0,0
858,2019-08-09,9022.5,9103.1,9010.35,9046.55,0,0
859,2019-08-13,9066.35,9070.2,8874.85,8890.1,0,0
860,2019-08-14,8942.0,8998.25,8897.0,8971.1,0,0
861,2019-08-16,8971.65,8999.2,8886.3,8988.8,0,0
862,2019-08-19,9022.6,9061.4,8983.65,8997.95,0,0
863,2019-08-20,9004.75,9012.1,8930.5,8957.4,0,0
864,2019-08-21,8957.85,8965.1,8858.45,8864.5,0,0
865,2019-08-22,8851.35,8853.25,8706.45,8719.25,0,0
866,2019-08-23,8687.45,8812.85,8628.35,8790.55,0,0
867,2019-08-26,8933.05,8973.2,8735.3,8964.7,0,0
868,2019-08-27,9004.0,9047.85,8972.9,9022.25,0,0
869,2019-08-28,9023.8,9047.55,8930.1,8970.9,0,0
870,2019-08-29,8938.05,8954.65,8874.25,8906.1,0,0
871,2019-08-30,8936.45,8991.2,8859.75,8977.55,0,0
872,2019-09-03,8927.9,8931.65,8783.75,8802.35,0,0
873,2019-09-04,8798.75,8841.95,8751.25,8833.1,0,0
874,2019-09-05,8848.0,8894.9,8825.0,8846.3,0,0
875,2019-09-06,8873.75,8928.45,8859.25,8920.4,0,0
876,2019-09-09,8914.7,8986.6,8882.9,8972.4,0,0
877,2019-09-11,8992.7,9026.25,8981.1,9015.15,0,0
878,2019-09-12,9036.95,9061.0,8969.85,8981.6,0,0
879,2019-09-13,8992.65,9056.8,8945.6,9050.85,0,0
880,2019-09-16,8992.15,9044.45,8978.95,9009.15,0,0
881,2019-09-17,9010.55,9012.1,8838.25,8853.9,0,0
882,2019-09-18,8898.95,8912.2,8841.55,8877.7,0,0
883,2019-09-19,8884.5,8884.5,8738.65,8766.45,0,0
884,2019-09-20,8799.45,9293.9,8748.05,9230.5,0,0
885,2019-09-23,9425.4,9552.25,9386.9,9486.6,0,0
886,2019-09-24,9489.1,9530.35,9434.65,9474.75,0,0
887,2019-09-25,9458.05,9458.45,9326.1,9344.15,0,0
888,2019-09-26,9365.5,9471.25,9363.25,9443.8,0,0
889,2019-09-27,9435.55,9465.35,9388.5,9395.6,0,0
890,2019-09-30,9384.65,9389.55,9276.9,9340.9,0,0
891,2019-10-01,9372.7,9402.0,9140.05,9236.4,0,0
892,2019-10-03,9207.15,9243.8,9153.7,9198.4,0,0
893,2019-10-04,9253.1,9264.0,9078.8,9091.65,0,0
894,2019-10-07,9104.5,9120.3,9031.6,9040.65,0,0
895,2019-10-09,9059.1,9183.3,9008.85,9177.95,0,0
896,2019-10-10,9153.5,9165.05,9097.55,9112.75,0,0
897,2019-10-11,9132.4,9207.35,9076.3,9161.4,0,0
898,2019-10-14,9187.7,9248.5,9156.9,9192.65,0,0
899,2019-10-15,9208.7,9277.25,9196.85,9253.85,0,0
900,2019-10-16,9282.95,9301.75,9246.65,9281.85,0,0
901,2019-10-17,9286.65,9399.25,9268.05,9391.0,0,0
902,2019-10-18,9391.85,9494.7,9373.5,9479.2,0,0
903,2019-10-22,9481.05,9526.8,9435.85,9448.25,0,0
904,2019-10-23,9457.25,9497.75,9418.25,9458.65,0,0
905,2019-10-24,9501.35,9516.65,9402.5,9437.65,0,0
906,2019-10-25,9478.45,9479.05,9365.55,9431.1,0,0
907,2019-10-27,9493.7,9504.05,9462.75,9478.35,0,0
908,2019-10-29,9490.1,9615.75,9475.5,9598.35,0,0
909,2019-10-30,9666.6,9673.7,9602.1,9647.55,0,0
910,2019-10-31,9686.4,9733.35,9671.3,9689.65,0,0
911,2019-11-01,9703.1,9730.75,9678.2,9704.0,0,0
912,2019-11-04,9736.75,9780.0,9712.1,9732.4,0,0
913,2019-11-05,9757.75,9760.8,9657.7,9694.05,0,0
914,2019-11-06,9694.85,9750.55,9646.1,9721.35,0,0
915,2019-11-07,9768.9,9771.3,9718.25,9764.3,0,0
916,2019-11-08,9753.25,9785.4,9669.95,9683.3,0,0
917,2019-11-11,9665.65,9708.35,9655.5,9695.85,0,0
918,2019-11-13,9698.1,9730.6,9618.25,9633.95,0,0
919,2019-11-14,9648.85,9671.1,9596.85,9650.4,0,0
920,2019-11-15,9676.95,9721.3,9657.8,9667.3,0,0
921,2019-11-18,9685.85,9705.7,9654.4,9668.6,0,0
922,2019-11-19,9692.2,9714.25,9662.6,9702.15,0,0
923,2019-11-20,9748.4,9776.7,9725.7,9744.9,0,0
924,2019-11-21,9768.05,9769.5,9703.9,9712.35,0,0
925,2019-11-22,9715.05,9715.5,9650.2,9679.3,0,0
926,2019-11-25,9688.85,9809.1,9687.05,9802.05,0,0
927,2019-11-26,9833.6,9852.9,9739.2,9762.85,0,0
928,2019-11-27,9787.3,9824.5,9778.15,9815.95,0,0
929,2019-11-28,9838.45,9874.9,9816.75,9869.75,0,0
930,2019-11-29,9871.1,9872.1,9781.05,9813.65,0,0
931,2019-12-02,9863.1,9863.15,9778.6,9798.0,0,0
932,2019-12-03,9814.75,9815.95,9715.5,9743.15,0,0
933,2019-12-04,9722.25,9790.1,9699.6,9782.1,0,0
934,2019-12-05,9801.1,9805.6,9741.95,9757.6,0,0
935,2019-12-06,9781.9,9787.25,9642.15,9669.4,0,0
936,2019-12-09,9682.0,9714.3,9636.75,9671.45,0,0
937,2019-12-10,9680.55,9682.65,9585.0,9595.4,0,0
938,2019-12-11,9605.6,9645.95,9574.85,9636.25,0,0
939,2019-12-12,9666.5,9714.95,9657.35,9691.15,0,0
940,2019-12-13,9732.35,9791.05,9731.15,9783.6,0,0
941,2019-12-16,9815.25,9817.65,9747.95,9753.0,0,0
942,2019-12-17,9776.45,9842.9,9766.55,9831.35,0,0
943,2019-12-18,9854.75,9876.4,9821.2,9864.55,0,0
944,2019-12-19,9866.15,9898.55,9845.55,9892.3,0,0
945,2019-12-20,9899.5,9920.65,9891.65,9905.35,0,0
946,2019-12-23,9882.95,9922.05,9861.4,9897.65,0,0
947,2019-12-24,9905.35,9915.25,9860.35,9868.4,0,0
948,2019-12-26,9871.45,9877.15,9811.35,9817.2,0,0
949,2019-12-27,9852.15,9916.25,9842.95,9908.7,0,0
950,2019-12-30,9931.6,9946.05,9891.05,9924.7,0,0
951,2019-12-31,9921.5,9921.7,9861.5,9872.55,0,0
952,2020-01-01,9897.95,9914.4,9875.1,9888.55,0,0
953,2020-01-02,9903.25,9984.4,9901.4,9980.0,0,0
954,2020-01-03,9966.8,9976.75,9913.6,9941.65,0,0
955,2020-01-06,9896.45,9901.6,9731.85,9747.4,0,0
956,2020-01-07,9814.45,9883.45,9765.5,9805.4,0,0
957,2020-01-08,9708.7,9798.25,9700.35,9792.2,0,0
958,2020-01-09,9894.05,9951.2,9882.15,9943.9,0,0
959,2020-01-10,9985.0,10023.15,9947.35,9978.0,0,0
960,2020-01-13,10012.8,10046.45,10006.25,10042.5,0,0
961,2020-01-14,10051.2,10083.85,10032.85,10075.85,0,0
962,2020-01-15,10070.0,10095.95,10030.95,10087.05,0,0
963,2020-01-16,10099.95,10132.15,10076.6,10110.05,0,0
964,2020-01-17,10096.4,10138.45,10089.5,10118.7,0,0
965,2020-01-20,10174.95,10174.95,10019.05,10025.7,0,0
966,2020-01-21,10001.85,10033.3,9977.7,9987.55,0,0
967,2020-01-22,10029.55,10034.05,9935.0,9947.0,0,0
968,2020-01-23,9961.8,10027.8,9944.1,10021.4,0,0
969,2020-01-24,10019.95,10101.25,9999.25,10083.7,0,0
970,2020-01-27,10046.45,10077.45,9989.55,9999.6,0,0
971,2020-01-28,10023.5,10041.05,9934.2,9956.95,0,0
972,2020-01-29,10006.95,10039.05,9990.2,10009.3,0,0
973,2020-01-30,10025.35,10026.9,9902.3,9919.2,0,0
974,2020-01-31,9968.4,9971.2,9849.25,9861.45,0,0
975,2020-02-01,9844.9,9918.35,9582.85,9606.05,0,0
976,2020-02-03,9578.5,9682.65,9559.85,9650.55,0,0
977,2020-02-04,9711.95,9858.65,9711.1,9853.05,0,0
978,2020-02-05,9880.15,9955.9,9847.05,9951.35,0,0
979,2020-02-06,9979.65,10022.5,9953.2,10004.2,0,0
980,2020-02-07,10019.45,10021.7,9974.55,10000.75,0,0
981,2020-02-10,10008.75,10008.75,9917.65,9945.65,0,0
982,2020-02-11,10004.05,10044.15,9979.6,9987.05,0,0
983,2020-02-12,10020.6,10067.7,10015.85,10037.1,0,0
984,2020-02-13,10049.85,10053.2,9990.35,10017.75,0,0
985,2020-02-14,10031.25,10071.7,9947.65,9961.05,0,0
986,2020-02-17,9976.15,9990.75,9884.95,9891.0,0,0
987,2020-02-18,9876.7,9877.6,9768.45,9845.55,0,0
988,2020-02-19,9921.3,9974.85,9895.4,9970.5,0,0
989,2020-02-20,9969.9,10016.65,9950.6,9958.65,0,0
990,2020-02-24,9904.5,9904.5,9745.55,9758.2,0,0
991,2020-02-25,9796.45,9813.8,9711.75,9724.7,0,0
992,2020-02-26,9680.1,9713.2,9596.3,9622.7,0,0
993,2020-02-27,9612.4,9613.5,9496.55,9579.35,0,0
994,2020-02-28,9372.7,9374.85,9214.1,9236.05,0,0
995,2020-03-02,9380.4,9436.5,9105.0,9178.8,0,0
996,2020-03-03,9251.4,9348.55,9201.0,9324.3,0,0
997,2020-03-04,9362.9,9368.55,9125.45,9258.25,0,0
998,2020-03-05,9305.55,9365.55,9250.05,9280.15,0,0
999,2020-03-06,8997.05,9089.2,8918.55,9059.95,0,0
1000,2020-03-09,8862.7,8870.15,8520.95,8631.35,0,0
1001,2020-03-11,8556.1,8709.5,8555.8,8618.05,0,0
1002,2020-03-12,8272.4,8272.85,7841.5,7901.35,0,0
1003,2020-03-13,7425.05,8298.0,7028.7,8163.0,0,0
1004,2020-03-16,7867.0,7904.25,7564.8,7591.9,0,0
1005,2020-03-17,7642.35,7746.15,7383.35,7417.65,0,0
1006,2020-03-18,7512.3,7543.05,6969.35,7010.55,0,0
1007,2020-03-19,6676.85,7041.7,6483.15,6807.2,0,0
1008,2020-03-20,6833.65,7267.25,6744.8,7160.1,0,0
1009,2020-03-23,6522.8,6692.85,6226.1,6243.0,0,0
1010,2020-03-24,6421.0,6556.65,6151.6,6365.45,0,0
1011,2020-03-25,6299.75,6758.75,6291.85,6724.0,0,0
1012,2020-03-26,6826.05,7079.75,6722.35,6993.85,0,0
1013,2020-03-27,7230.55,7311.05,6902.9,7003.3,0,0
1014,2020-03-30,6810.5,6947.95,6721.25,6749.2,0,0
1015,2020-03-31,6938.05,7041.65,6808.75,6996.75,0,0
1016,2020-04-01,6995.55,6998.4,6720.45,6761.95,0,0
1017,2020-04-03,6831.65,6831.65,6619.55,6638.45,0,0
1018,2020-04-07,6913.5,7164.7,6842.95,7149.0,0,0
1019,2020-04-08,7090.4,7435.5,7061.35,7161.45,0,0
1020,2020-04-09,7335.2,7454.9,7298.4,7441.65,0,0
1021,2020-04-13,7450.2,7453.65,7279.0,7360.35,0,0
1022,2020-04-15,7503.0,7581.6,7298.55,7344.35,0,0
1023,2020-04-16,7297.8,7453.05,7268.25,7412.3,0,0
1024,2020-04-17,7665.4,7665.65,7489.2,7614.4,0,0
1025,2020-04-20,7712.2,7712.4,7602.1,7614.6,0,0
1026,2020-04-21,7436.5,7446.05,7346.55,7395.85,0,0
1027,2020-04-22,7421.85,7543.8,7350.25,7533.8,0,0
1028,2020-04-23,7575.55,7655.6,7540.4,7625.3,0,0
1029,2020-04-24,7519.6,7599.9,7485.55,7493.45,0,0
1030,2020-04-27,7578.0,7657.65,7572.1,7603.95,0,0
1031,2020-04-28,7690.55,7698.55,7584.85,7672.45,0,0
1032,2020-04-29,7702.6,7828.3,7692.95,7797.2,0,0
1033,2020-04-30,7947.15,8041.05,7933.3,8012.9,0,0
1034,2020-05-04,7764.95,7765.8,7578.75,7596.9,0,0
1035,2020-05-05,7704.5,7727.75,7513.25,7523.05,0,0
1036,2020-05-06,7544.15,7620.8,7451.2,7575.5,0,0
1037,2020-05-07,7551.6,7592.45,7509.8,7520.85,0,0
1038,2020-05-08,7649.35,7654.15,7542.8,7552.0,0,0
1039,2020-05-11,7628.5,7692.35,7542.75,7556.4,0,0
1040,2020-05-12,7508.55,7552.6,7403.3,7520.9,0,0
1041,2020-05-13,7819.15,7819.2,7632.85,7667.0,0,0
1042,2020-05-14,7558.15,7614.8,7495.9,7514.55,0,0
1043,2020-05-15,7547.6,7547.6,7447.7,7504.05,0,0
1044,2020-05-18,7522.45,7522.5,7234.45,7245.25,0,0
1045,2020-05-19,7350.1,7398.05,7266.15,7284.5,0,0
1046,2020-05-20,7292.9,7446.85,7281.8,7426.85,0,0
1047,2020-05-21,7444.45,7525.3,7429.25,7470.6,0,0
1048,2020-05-22,7446.0,7507.5,7368.7,7416.0,0,0
1049,2020-05-26,7463.6,7502.7,7395.95,7424.5,0,0
1050,2020-05-27,7462.95,7607.4,7394.05,7595.55,0,0
1051,2020-05-28,7635.0,7746.4,7616.8,7732.25,0,0
1052,2020-05-29,7687.6,7834.05,7658.8,7822.4,0,0
1053,2020-06-01,7935.7,8087.0,7923.7,8020.1,0,0
1054,2020-06-02,8068.15,8147.4,8030.65,8137.45,0,0
1055,2020-06-03,8241.6,8295.35,8182.15,8203.0,0,0
1056,2020-06-04,8209.0,8266.95,8117.2,8185.9,0,0
1057,2020-06-05,8243.6,8319.4,8206.1,8299.35,0,0
1058,2020-06-08,8444.55,8445.65,8287.9,8323.95,0,0
1059,2020-06-09,8350.3,8422.15,8213.6,8238.1,0,0
1060,2020-06-10,8260.15,8314.6,8224.7,8293.35,0,0
1061,2020-06-11,8284.1,8306.45,8125.0,8137.0,0,0
1062,2020-06-12,7839.8,8212.8,7839.15,8196.4,0,0
1063,2020-06-15,8171.75,8196.4,8030.4,8086.45,0,0
1064,2020-06-16,8239.4,8260.2,8015.15,8152.3,0,0
1065,2020-06-17,8126.3,8223.95,8098.0,8140.45,0,0
1066,2020-06-18,8130.9,8297.0,8117.95,8283.65,0,0
1067,2020-06-19,8314.95,8420.85,8282.5,8403.4,0,0
1068,2020-06-22,8471.9,8538.75,8447.95,8486.45,0,0
1069,2020-06-23,8527.5,8629.9,8488.35,8621.1,0,0
1070,2020-06-24,8678.7,8699.55,8476.85,8496.25,0,0
1071,2020-06-25,8440.75,8543.55,8410.15,8499.9,0,0
1072,2020-06-26,8572.45,8595.45,8515.65,8559.0,0,0
1073,2020-06-29,8514.6,8521.4,8426.95,8488.05,0,0
1074,2020-06-30,8544.7,8560.3,8448.55,8474.8,0,0
1075,2020-07-01,8493.75,8567.35,8466.7,8554.75,0,0
1076,2020-07-02,8602.45,8677.95,8598.8,8647.85,0,0
1077,2020-07-03,8700.85,8712.9,8660.65,8696.25,0,0
1078,2020-07-06,8782.0,8843.1,8761.95,8815.7,0,0
1079,2020-07-07,8847.25,8861.45,8762.2,8850.3,0,0
1080,2020-07-08,8872.05,8894.05,8763.55,8785.0,0,0
1081,2020-07-09,8823.75,8867.3,8808.0,8851.5,0,0
1082,2020-07-10,8818.7,8865.35,8772.45,8813.95,0,0
1083,2020-07-13,8879.55,8901.3,8796.55,8834.2,0,0
1084,2020-07-14,8799.55,8802.7,8655.4,8693.35,0,0
1085,2020-07-15,8764.05,8846.9,8661.45,8689.85,0,0
1086,2020-07-16,8750.6,8776.05,8650.6,8766.6,0,0
1087,2020-07-17,8783.05,8915.25,8781.45,8895.3,0,0
1088,2020-07-20,8965.25,8994.95,8938.1,8985.1,0,0
1089,2020-07-21,9066.15,9089.2,9049.45,9070.6,0,0
1090,2020-07-22,9119.15,9123.05,8988.55,9046.6,0,0
1091,2020-07-23,9054.85,9129.3,9034.6,9114.05,0,0
1092,2020-07-24,9066.65,9108.2,9011.5,9085.95,0,0
1093,2020-07-27,9112.45,9112.45,8995.1,9024.9,0,0
1094,2020-07-28,9045.45,9153.0,9043.9,9141.75,0,0
1095,2020-07-29,9135.5,9180.7,9057.9,9096.1,0,0
1096,2020-07-30,9136.2,9163.95,9013.9,9031.7,0,0
1097,2020-07-31,9061.5,9076.95,8997.7,9035.75,0,0
1098,2020-08-03,9029.6,9029.8,8925.05,8932.05,0,0
1099,2020-08-04,8980.55,9085.75,8951.0,9074.95,0,0
1100,2020-08-05,9126.65,9175.45,9060.8,9088.75,0,0
1101,2020-08-06,9150.15,9205.1,9115.75,9169.1,0,0
1102,2020-08-07,9170.05,9211.75,9142.3,9198.65,0,0
1103,2020-08-10,9257.2,9308.75,9241.5,9268.55,0,0
1104,2020-08-11,9315.15,9346.9,9283.0,9291.0,0,0
1105,2020-08-12,9269.15,9294.9,9229.2,9284.8,0,0
1106,2020-08-13,9314.95,9339.2,9280.3,9307.85,0,0
1107,2020-08-14,9350.65,9365.85,9157.65,9214.4,0,0
1108,2020-08-17,9278.85,9281.95,9184.25,9267.9,0,0
1109,2020-08-18,9286.1,9392.75,9282.1,9382.05,0,0
1110,2020-08-19,9436.95,9449.15,9402.25,9412.55,0,0
1111,2020-08-20,9347.9,9398.6,9325.05,9368.75,0,0
1112,2020-08-21,9451.2,9465.05,9415.65,9423.55,0,0
1113,2020-08-24,9466.8,9523.4,9465.7,9498.35,0,0
1114,2020-08-25,9545.6,9556.5,9469.2,9509.25,0,0
1115,2020-08-26,9547.05,9575.2,9508.0,9567.15,0,0
1116,2020-08-27,9619.6,9625.65,9568.8,9580.7,0,0
1117,2020-08-28,9623.0,9675.9,9614.75,9641.05,0,0
1118,2020-08-31,9735.7,9747.05,9324.65,9372.05,0,0
1119,2020-09-01,9422.45,9479.1,9353.2,9442.25,0,0
1120,2020-09-02,9457.65,9534.5,9429.7,9518.4,0,0
1121,2020-09-03,9550.35,9567.75,9520.1,9534.65,0,0
1122,2020-09-04,9388.35,9476.6,9355.05,9377.95,0,0
1123,2020-09-07,9403.45,9420.7,9307.55,9379.1,0,0
1124,2020-09-08,9400.6,9436.7,9306.25,9329.85,0,0
1125,2020-09-09,9250.1,9306.3,9203.5,9290.2,0,0
1126,2020-09-10,9359.55,9429.9,9345.6,9420.25,0,0
1127,2020-09-11,9424.45,9460.65,9405.15,9446.4,0,0
1128,2020-09-14,9520.0,9577.85,9446.85,9493.3,0,0
1129,2020-09-15,9538.15,9583.2,9515.35,9573.35,0,0
1130,2020-09-16,9595.75,9640.95,9575.0,9632.5,0,0
1131,2020-09-17,9584.55,9624.65,9553.85,9566.75,0,0
1132,2020-09-18,9622.15,9626.55,9517.8,9559.5,0,0
1133,2020-09-21,9565.95,9582.35,9284.75,9313.0,0,0
1134,2020-09-22,9339.8,9340.25,9117.95,9213.9,0,0
1135,2020-09-23,9296.45,9309.05,9106.0,9194.35,0,0
1136,2020-09-24,9094.1,9097.4,8933.95,8944.75,0,0
1137,2020-09-25,9032.7,9171.15,8985.75,9156.1,0,0
1138,2020-09-28,9237.75,9338.7,9212.75,9330.25,0,0
1139,2020-09-29,9385.75,9401.8,9286.05,9319.7,0,0
1140,2020-09-30,9344.3,9375.85,9292.35,9341.75,0,0
1141,2020-10-01,9433.7,9472.4,9423.8,9461.7,0,0
1142,2020-10-05,9518.2,9567.55,9476.8,9516.3,0,0
1143,2020-10-06,9592.65,9633.35,9564.05,9622.35,0,0
1144,2020-10-07,9637.15,9673.3,9593.7,9654.5,0,0
1145,2020-10-08,9724.55,9759.3,9674.95,9711.8,0,0
1146,2020-10-09,9728.75,9774.75,9691.2,9750.15,0,0
1147,2020-10-12,9793.35,9822.95,9698.9,9745.35,0,0
1148,2020-10-13,9745.9,9784.8,9715.95,9736.45,0,0
1149,2020-10-14,9726.45,9781.25,9657.5,9763.4,0,0
1150,2020-10-15,9801.55,9802.9,9535.7,9550.05,0,0
1151,2020-10-16,9588.8,9635.0,9536.45,9626.25,0,0
1152,2020-10-19,9710.95,9717.6,9664.45,9709.3,0,0
1153,2020-10-20,9699.3,9760.35,9682.3,9733.0,0,0
1154,2020-10-21,9780.5,9821.95,9635.3,9756.6,0,0
1155,2020-10-22,9726.45,9763.8,9683.8,9745.05,0,0
1156,2020-10-23,9794.4,9807.15,9764.55,9780.35,0,0
1157,2020-10-26,9794.95,9797.7,9609.2,9647.65,0,0
1158,2020-10-27,9674.15,9756.05,9607.6,9748.3,0,0
1159,2020-10-28,9773.85,9782.95,9602.75,9632.35,0,0
1160,2020-10-29,9557.15,9637.85,9530.25,9593.4,0,0
1161,2020-10-30,9605.1,9665.0,9500.7,9581.65,0,0
1162,2020-11-02,9622.7,9634.15,9524.2,9595.95,0,0
1163,2020-11-03,9648.65,9715.45,9643.0,9696.3,0,0
1164,2020-11-04,9684.1,9778.1,9654.6,9764.6,0,0
1165,2020-11-05,9874.35,9941.5,9857.25,9935.35,0,0
1166,2020-11-06,9965.05,10044.9,9951.2,10033.5,0,0
1167,2020-11-09,10137.3,10183.5,10100.45,10176.35,0,0
1168,2020-11-10,10252.8,10277.0,10181.65,10269.0,0,0
1169,2020-11-11,10308.5,10378.05,10233.35,10356.5,0,0
1170,2020-11-12,10334.75,10367.85,10294.55,10342.7,0,0
1171,2020-11-13,10324.1,10394.15,10293.25,10387.2,0,0
1172,2020-11-14,10470.9,10476.55,10415.95,10440.35,0,0
1173,2020-11-17,10543.25,10543.85,10459.6,10524.0,0,0
1174,2020-11-18,10516.75,10594.95,10491.5,10588.35,0,0
1175,2020-11-19,10522.9,10633.15,10453.6,10477.5,0,0
1176,2020-11-20,10514.85,10583.75,10456.95,10560.55,0,0
1177,2020-11-23,10642.85,10661.25,10567.45,10635.95,0,0
1178,2020-11-24,10698.3,10749.35,10686.5,10733.6,0,0
1179,2020-11-25,10794.4,10804.1,10556.2,10574.95,0,0
1180,2020-11-26,10611.05,10694.75,10531.9,10674.05,0,0
1181,2020-11-27,10703.25,10751.0,10670.2,10719.05,0,0
1182,2020-12-01,10803.25,10850.15,10734.3,10835.15,0,0
1183,2020-12-02,10856.25,10866.15,10755.9,10858.15,0,0
1184,2020-12-03,10936.75,10936.75,10871.8,10893.6,0,0
1185,2020-12-04,10934.65,10990.2,10888.95,10978.85,0,0
1186,2020-12-07,10994.15,11078.35,10982.75,11070.25,0,0
1187,2020-12-08,11112.6,11136.8,11008.4,11088.65,0,0
1188,2020-12-09,11147.55,11201.75,11143.45,11181.2,0,0
1189,2020-12-10,11156.9,11156.9,11060.2,11141.35,0,0
1190,2020-12-11,11172.65,11221.95,11082.0,11171.4,0,0
1191,2020-12-14,11223.3,11240.4,11157.65,11215.25,0,0
1192,2020-12-15,11212.35,11234.45,11128.4,11223.9,0,0
1193,2020-12-16,11299.2,11328.4,11265.8,11320.1,0,0
1194,2020-12-17,11347.1,11385.6,11322.75,11346.35,0,0
1195,2020-12-18,11368.7,11376.7,11263.15,11355.0,0,0
1196,2020-12-21,11338.4,11365.55,10787.5,10964.25,0,0
1197,2020-12-22,10979.85,11097.3,10791.85,11075.75,0,0
1198,2020-12-23,11092.4,11239.6,11062.2,11225.55,0,0
1199,2020-12-24,11292.05,11342.45,11245.75,11325.25,0,0
1200,2020-12-28,11387.45,11443.45,11386.1,11434.7,0,0
1201,2020-12-29,11475.25,11506.2,11405.8,11467.0,0,0
1202,2020-12-30,11507.05,11521.2,11414.1,11509.65,0,0
1203,2020-12-31,11508.55,11548.35,11483.55,11518.3,0,0
1204,2021-01-01,11535.85,11594.85,11532.6,11574.85,0,0
1205,2021-01-04,11651.5,11703.25,11542.15,11691.8,0,0
1206,2021-01-05,11647.6,11780.8,11613.5,11767.0,0,0
1207,2021-01-06,11806.75,11817.1,11640.15,11737.9,0,0
1208,2021-01-07,11833.6,11834.4,11753.8,11766.1,0,0
1209,2021-01-08,11865.5,11940.45,11841.85,11925.6,0,0
1210,2021-01-11,12024.65,12024.65,11921.75,12006.5,0,0
1211,2021-01-12,12000.8,12083.7,11969.75,12058.35,0,0
1212,2021-01-13,12123.0,12133.4,11925.0,12041.1,0,0
1213,2021-01-14,12043.4,12081.55,11976.15,12069.5,0,0
1214,2021-01-15,12078.6,12100.85,11864.05,11931.2,0,0
1215,2021-01-18,11943.65,11948.2,11733.35,11776.2,0,0
1216,2021-01-19,11851.15,11993.3,11849.15,11981.85,0,0
1217,2021-01-20,12002.1,12092.05,11987.6,12078.35,0,0
1218,2021-01-21,12154.7,12167.95,11959.6,12015.95,0,0
1219,2021-01-22,12020.3,12053.1,11842.4,11854.5,0,0
1220,2021-01-25,11951.1,11968.4,11719.55,11743.7,0,0
1221,2021-01-27,11744.3,11744.3,11511.55,11546.35,0,0
1222,2021-01-28,11419.3,11503.2,11365.85,11442.55,0,0
1223,2021-01-29,11549.85,11568.9,11273.55,11302.4,0,0
1224,2021-02-01,11396.9,11806.45,11304.0,11770.15,0,0
1225,2021-02-02,11921.7,12102.6,11916.65,12053.25,0,0
1226,2021-02-03,12139.7,12234.7,12005.4,12174.05,0,0
1227,2021-02-04,12184.65,12297.55,12140.85,12285.85,0,0
1228,2021-02-05,12345.25,12386.25,12247.45,12279.85,0,0
1229,2021-02-08,12389.5,12469.3,12376.65,12441.3,0,0
1230,2021-02-09,12487.6,12545.45,12396.2,12434.2,0,0
1231,2021-02-10,12452.95,12490.45,12347.1,12452.45,0,0
1232,2021-02-11,12433.5,12522.45,12426.15,12514.1,0,0
1233,2021-02-12,12531.35,12571.0,12443.05,12508.55,0,0
1234,2021-02-15,12592.0,12648.7,12576.7,12632.05,0,0
1235,2021-02-16,12679.65,12724.55,12580.95,12647.2,0,0
1236,2021-02-17,12631.1,12669.85,12561.55,12597.45,0,0
1237,2021-02-18,12633.3,12655.4,12535.65,12565.7,0,0
1238,2021-02-19,12540.85,12592.5,12360.7,12438.8,0,0
1239,2021-02-22,12457.25,12471.65,12174.6,12212.55,0,0
1240,2021-02-23,12294.3,12356.45,12190.65,12263.7,0,0
1241,2021-02-24,12299.55,12470.2,12294.85,12455.2,0,0
1242,2021-02-25,12543.5,12615.4,12533.3,12567.85,0,0
1243,2021-02-26,12401.05,12449.0,12134.5,12181.4,0,0
1244,2021-03-01,12316.3,12395.8,12271.85,12368.3,0,0
1245,2021-03-02,12458.35,12548.2,12385.95,12519.4,0,0
1246,2021-03-03,12635.85,12781.85,12603.05,12764.8,0,0
1247,2021-03-04,12607.55,12771.1,12589.75,12688.85,0,0
1248,2021-03-05,12621.95,12697.05,12478.45,12539.0,0,0
1249,2021-03-08,12607.05,12682.55,12534.75,12558.95,0,0
1250,2021-03-09,12638.4,12679.65,12494.6,12617.2,0,0
1251,2021-03-10,12705.1,12722.6,12627.8,12691.35,0,0
1252,2021-03-12,12806.15,12816.15,12534.45,12593.9,0,0
1253,2021-03-15,12623.05,12624.3,12364.95,12510.15,0,0
1254,2021-03-16,12564.8,12601.05,12487.8,12512.7,0,0
1255,2021-03-17,12540.15,12546.55,12301.15,12319.9,0,0
1256,2021-03-18,12426.9,12449.85,12100.6,12174.45,0,0
1257,2021-03-19,12096.8,12342.3,11951.4,12314.5,0,0
1258,2021-03-22,12322.75,12360.45,12235.6,12338.6,0,0
1259,2021-03-23,12375.4,12462.0,12340.3,12417.3,0,0
1260,2021-03-24,12346.05,12390.6,12183.7,12197.2,0,0
1261,2021-03-25,12218.8,12221.55,11939.0,11993.3,0,0
1262,2021-03-26,12134.75,12191.95,12072.2,12148.9,0,0
1263,2021-03-30,12256.0,12404.25,12249.0,12387.9,0,0
1264,2021-03-31,12376.8,12376.8,12298.7,12313.7,0,0
1265,2021-04-01,12401.35,12492.55,12334.35,12479.0,0,0
1266,2021-04-05,12463.7,12466.25,12149.4,12298.6,0,0
1267,2021-04-06,12374.7,12422.85,12254.95,12358.1,0,0
1268,2021-04-07,12389.25,12510.7,12347.7,12481.3,0,0
1269,2021-04-08,12533.45,12624.25,12501.25,12541.65,0,0
1270,2021-04-09,12552.9,12591.95,12490.0,12527.4,0,0
1271,2021-04-12,12357.35,12361.4,11978.45,12024.1,0,0
1272,2021-04-13,12068.05,12201.55,12006.7,12186.7,0,0
1273,2021-04-15,12189.8,12248.9,12055.15,12237.6,0,0
1274,2021-04-16,12261.9,12358.55,12232.4,12298.05,0,0
1275,2021-04-19,12032.75,12094.55,11923.2,12076.45,0,0
1276,2021-04-20,12213.55,12232.85,11981.35,12055.4,0,0
1277,2021-04-22,11997.2,12147.5,11950.65,12132.05,0,0
1278,2021-04-23,12086.2,12199.4,12044.9,12105.6,0,0
1279,2021-04-26,12197.1,12263.6,12180.85,12216.85,0,0
1280,2021-04-27,12238.55,12374.0,12232.8,12362.55,0,0
1281,2021-04-28,12422.5,12537.05,12412.0,12517.95,0,0
1282,2021-04-29,12613.8,12659.4,12471.9,12532.8,0,0
1283,2021-04-30,12425.8,12524.1,12341.2,12364.35,0,0
1284,2021-05-03,12256.85,12419.0,12210.55,12395.25,0,0
1285,2021-05-04,12457.4,12487.15,12272.35,12300.45,0,0
1286,2021-05-05,12394.85,12426.95,12319.25,12413.0,0,0
1287,2021-05-06,12465.7,12514.1,12407.65,12501.9,0,0
1288,2021-05-07,12579.9,12600.15,12527.35,12563.1,0,0
1289,2021-05-10,12649.45,12685.8,12625.9,12669.9,0,0
1290,2021-05-11,12559.95,12675.2,12538.65,12642.25,0,0
1291,2021-05-12,12646.25,12646.95,12496.65,12537.95,0,0
1292,2021-05-14,12595.15,12595.35,12408.1,12472.15,0,0
1293,2021-05-17,12544.55,12683.8,12511.3,12672.1,0,0
1294,2021-05-18,12794.95,12855.6,12783.15,12839.1,0,0
1295,2021-05-19,12816.55,12882.5,12791.15,12809.0,0,0
1296,2021-05-20,12831.3,12854.65,12718.2,12736.45,0,0
1297,2021-05-21,12815.55,12929.05,12803.15,12917.85,0,0
1298,2021-05-24,12963.0,13003.6,12912.25,12962.45,0,0
1299,2021-05-25,13045.4,13046.15,12929.15,12963.0,0,0
1300,2021-05-26,13010.0,13043.85,12954.15,13022.2,0,0
1301,2021-05-27,13052.85,13091.35,13007.15,13066.25,0,0
1302,2021-05-28,13134.7,13160.35,13098.85,13117.05,0,0
1303,2021-05-31,13135.85,13244.4,13080.65,13226.35,0,0
1304,2021-06-01,13274.25,13292.4,13164.85,13210.4,0,0
1305,2021-06-02,13183.8,13290.7,13177.8,13274.25,0,0
1306,2021-06-03,13347.05,13392.75,13332.0,13380.5,0,0
1307,2021-06-04,13412.75,13433.6,13352.15,13393.9,0,0
1308,2021-06-07,13454.1,13498.3,13418.5,13479.65,0,0
1309,2021-06-08,13510.05,13513.05,13420.55,13496.55,0,0
1310,2021-06-09,13532.2,13569.75,13333.85,13396.4,0,0
1311,2021-06-10,13458.65,13524.85,13431.25,13517.2,0,0
1312,2021-06-11,13577.05,13601.0,13513.85,13563.85,0,0
1313,2021-06-14,13551.75,13565.0,13342.4,13554.15,0,0
1314,2021-06-15,13601.35,13634.35,13587.75,13607.8,0,0
1315,2021-06-16,13595.1,13621.65,13487.15,13510.6,0,0
1316,2021-06-17,13405.9,13520.9,13372.4,13425.15,0,0
1317,2021-06-18,13471.9,13474.95,13155.55,13386.55,0,0
1318,2021-06-21,13240.9,13468.8,13221.05,13456.1,0,0
1319,2021-06-22,13543.4,13589.65,13473.35,13491.1,0,0
1320,2021-06-23,13570.1,13570.2,13412.45,13423.35,0,0
1321,2021-06-24,13460.8,13486.75,13434.5,13468.25,0,0
1322,2021-06-25,13512.15,13549.1,13471.0,13539.4,0,0
1323,2021-06-28,13589.75,13589.85,13515.05,13533.05,0,0
1324,2021-06-29,13535.55,13567.8,13461.25,13481.95,0,0
1325,2021-06-30,13513.25,13552.95,13462.2,13473.55,0,0
1326,2021-07-01,13504.7,13505.05,13441.55,13454.1,0,0
1327,2021-07-02,13480.3,13506.1,13435.25,13494.45,0,0
1328,2021-07-05,13558.4,13593.5,13536.9,13585.75,0,0
1329,2021-07-06,13579.15,13661.9,13561.75,13574.15,0,0
1330,2021-07-07,13577.5,13644.45,13542.05,13631.0,0,0
1331,2021-07-08,13627.7,13660.85,13488.1,13532.7,0,0
1332,2021-07-09,13513.5,13545.65,13470.2,13527.95,0,0
1333,2021-07-12,13603.6,13620.15,13512.7,13549.0,0,0
1334,2021-07-13,13633.1,13635.55,13580.45,13628.85,0,0
1335,2021-07-14,13638.3,13678.8,13606.35,13661.1,0,0
1336,2021-07-15,13686.35,13738.6,13677.35,13720.35,0,0
1337,2021-07-16,13756.75,13761.1,13706.5,13742.35,0,0
1338,2021-07-19,13624.3,13693.35,13573.65,13619.85,0,0
1339,2021-07-20,13594.85,13614.75,13437.15,13495.6,0,0
1340,2021-07-22,13592.4,13660.85,13590.3,13654.2,0,0
1341,2021-07-23,13711.25,13728.4,13629.65,13687.0,0,0
1342,2021-07-23,13711.25,13728.4,13629.65,13687.0,0,0
1343,2021-07-26,13692.2,13731.1,13648.45,13675.1,0,0
1344,2021-07-27,13715.15,13740.9,13569.35,13610.3,0,0
1345,2021-07-28,13631.55,13631.55,13409.1,13579.15,0,0
1346,2021-07-29,13631.5,13668.9,13608.9,13643.75,0,0
1347,2021-07-30,13671.55,13739.7,13635.45,13664.25,0,0
1348,2021-08-02,13759.8,13789.9,13732.85,13783.7,0,0
1349,2021-08-03,13840.6,13950.25,13817.9,13939.2,0,0
1350,2021-08-04,13998.05,14045.05,13944.1,13969.35,0,0
1351,2021-08-05,14000.9,14003.1,13891.7,13981.55,0,0
1352,2021-08-06,13996.6,14029.8,13946.05,13954.65,0,0
1353,2021-08-09,13993.6,14007.55,13870.25,13935.05,0,0
1354,2021-08-10,13957.6,13996.85,13809.45,13892.75,0,0
1355,2021-08-11,13924.05,13938.6,13716.7,13876.55,0,0
1356,2021-08-12,13901.1,13979.85,13884.05,13971.95,0,0
1357,2021-08-13,13997.75,14079.65,13991.7,14065.3,0,0
1358,2021-08-16,14063.75,14087.4,14016.75,14070.8,0,0
1359,2021-08-17,14063.9,14123.6,14010.9,14113.1,0,0
1360,2021-08-18,14171.05,14186.5,14072.0,14095.55,0,0
1361,2021-08-20,13951.5,14047.9,13910.2,13943.95,0,0
1362,2021-08-23,14063.35,14063.5,13841.0,13930.55,0,0
1363,2021-08-24,13986.95,14075.9,13942.5,14063.25,0,0
1364,2021-08-25,14103.1,14145.45,14070.55,14093.6,0,0
1365,2021-08-26,14106.45,14147.05,14074.9,14106.95,0,0
1366,2021-08-27,14126.3,14203.95,14064.1,14192.5,0,0
1367,2021-08-30,14257.4,14411.95,14250.55,14397.9,0,0
1368,2021-08-31,14421.3,14571.8,14393.5,14555.9,0,0
1369,2021-09-01,14611.65,14640.6,14527.05,14551.35,0,0
1370,2021-09-02,14571.3,14692.0,14548.5,14684.35,0,0
1371,2021-09-03,14724.7,14770.85,14682.2,14759.3,0,0
1372,2021-09-06,14827.05,14843.4,14783.45,14805.85,0,0
1373,2021-09-07,14834.95,14852.25,14713.55,14784.25,0,0
1374,2021-09-08,14802.85,14825.1,14716.65,14803.6,0,0
1375,2021-09-09,14780.6,14844.4,14774.15,14836.45,0,0
1376,2021-09-13,14839.8,14865.75,14769.1,14852.2,0,0
1377,2021-09-14,14917.05,14935.55,14881.55,14904.35,0,0
1378,2021-09-15,14927.95,15028.65,14921.1,15020.55,0,0
1379,2021-09-16,15050.85,15115.35,15012.25,15104.9,0,0
1380,2021-09-17,15169.9,15207.7,14979.35,15027.25,0,0
1381,2021-09-20,14907.5,15047.65,14800.85,14826.75,0,0
1382,2021-09-21,14856.85,14959.45,14734.7,14946.3,0,0
1383,2021-09-22,14977.3,15030.85,14950.35,14989.1,0,0
1384,2021-09-23,15097.1,15219.35,15085.55,15205.45,0,0
1385,2021-09-24,15274.1,15305.2,15160.45,15191.95,0,0
1386,2021-09-27,15261.35,15262.65,15139.6,15189.05,0,0
1387,2021-09-28,15235.1,15239.65,14967.05,15095.6,0,0
1388,2021-09-29,15023.3,15141.05,14985.4,15086.95,0,0
1389,2021-09-30,15109.7,15137.55,15026.95,15052.65,0,0
1390,2021-10-01,14994.8,15031.55,14932.75,15013.95,0,0
1391,2021-10-04,15094.4,15195.2,15075.25,15181.15,0,0
1392,2021-10-05,15171.25,15287.7,15150.5,15280.1,0,0
1393,2021-10-06,15328.95,15349.2,15109.1,15134.55,0,0
1394,2021-10-07,15274.65,15335.95,15251.0,15290.15,0,0
1395,2021-10-08,15375.3,15402.7,15317.4,15365.2,0,0
1396,2021-10-11,15374.5,15497.8,15356.55,15428.0,0,0
1397,2021-10-12,15426.6,15493.25,15371.8,15481.9,0,0
1398,2021-10-13,15573.6,15660.2,15546.85,15631.4,0,0
1399,2021-10-14,15733.3,15781.0,15710.1,15769.25,0,0
1400,2021-10-18,15924.1,15949.2,15871.4,15886.15,0,0
1401,2021-10-19,16003.95,16004.45,15716.7,15757.85,0,0
1402,2021-10-20,15768.0,15776.35,15497.0,15568.65,0,0
1403,2021-10-21,15666.6,15667.0,15373.45,15487.65,0,0
1404,2021-10-22,15537.05,15600.45,15328.9,15399.7,0,0
1405,2021-10-25,15492.0,15498.4,15181.6,15334.35,0,0
1406,2021-10-26,15360.35,15528.9,15356.5,15499.65,0,0
1407,2021-10-27,15541.75,15583.2,15454.1,15484.35,0,0
1408,2021-10-28,15475.4,15475.45,15148.2,15190.85,0,0
1409,2021-10-29,15163.5,15266.4,14961.5,15086.9,0,0
1410,2021-11-01,15179.4,15318.15,15111.3,15302.7,0,0
1411,2021-11-02,15344.35,15373.7,15278.7,15314.65,0,0
1412,2021-11-03,15367.7,15397.3,15212.15,15282.75,0,0
1413,2021-11-04,15380.95,15396.85,15363.35,15376.9,0,0
1414,2021-11-08,15474.25,15535.05,15313.2,15520.15,0,0
1415,2021-11-09,15542.05,15579.5,15487.7,15541.95,0,0
1416,2021-11-10,15492.05,15562.45,15458.5,15521.1,0,0
1417,2021-11-11,15497.25,15499.9,15351.2,15411.1,0,0
1418,2021-11-12,15504.35,15591.45,15429.6,15579.0,0,0
1419,2021-11-15,15625.75,15664.45,15558.05,15592.6,0,0
1420,2021-11-16,15613.1,15626.65,15492.6,15525.4,0,0
1421,2021-11-17,15487.15,15560.75,15436.95,15454.95,0,0
1422,2021-11-18,15461.5,15502.6,15239.8,15302.55,0,0
1423,2021-11-22,15333.9,15339.65,14846.7,14976.7,0,0
1424,2021-11-23,14876.0,15137.15,14820.4,15107.8,0,0
1425,2021-11-24,15159.95,15199.2,14997.3,15046.5,0,0
1426,2021-11-25,15057.6,15166.65,14984.7,15150.6,0,0
1427,2021-11-26,14990.85,15012.1,14674.75,14707.2,0,0
1428,2021-11-29,14683.05,14749.5,14402.1,14656.45,0,0
1429,2021-11-30,14662.05,14912.75,14608.6,14648.35,0,0
1430,2021-12-01,14743.7,14822.5,14694.3,14784.7,0,0
1431,2021-12-02,14808.8,14990.3,14786.65,14973.95,0,0
1432,2021-12-03,15002.65,15054.95,14845.25,14856.3,0,0
1433,2021-12-06,14876.25,14882.15,14599.35,14618.35,0,0
1434,2021-12-07,14733.25,14881.75,14683.25,14834.5,0,0
1435,2021-12-08,14945.3,15084.5,14941.3,15073.25,0,0
1436,2021-12-09,15126.55,15141.0,15023.2,15126.6,0,0
1437,2021-12-10,15103.65,15168.8,15069.8,15155.0,0,0
1438,2021-12-13,15258.1,15280.0,15052.9,15064.25,0,0
1439,2021-12-14,15005.5,15072.0,14947.95,15043.25,0,0
1440,2021-12-15,15050.1,15075.7,14936.6,14953.1,0,0
1441,2021-12-16,15072.95,15078.85,14891.6,14936.45,0,0
1442,2021-12-17,14952.75,14966.1,14658.5,14673.15,0,0
1443,2021-12-20,14523.5,14533.8,14128.15,14300.7,0,0
1444,2021-12-21,14423.7,14584.95,14386.45,14461.4,0,0
1445,2021-12-22,14542.7,14652.35,14522.55,14639.75,0,0
1446,2021-12-23,14738.3,14779.3,14708.7,14751.45,0,0
1447,2021-12-24,14813.9,14819.2,14605.05,14664.8,0,0
1448,2021-12-27,14617.15,14745.55,14515.25,14727.6,0,0
1449,2021-12-28,14809.5,14880.85,14805.3,14867.85,0,0
1450,2021-12-29,14866.2,14922.35,14835.35,14863.4,0,0
1451,2021-12-30,14856.1,14894.65,14815.0,14842.05,0,0
1452,2021-12-31,14879.25,15022.35,14877.85,14996.2,0,0
1453,2022-01-03,15030.5,15220.05,15028.55,15204.6,0,0
1454,2022-01-04,15260.9,15333.6,15168.15,15318.75,0,0
1455,2022-01-05,15329.75,15410.6,15264.85,15396.4,0,0
1456,2022-01-06,15275.75,15315.5,15197.1,15290.1,0,0
1457,2022-01-07,15333.45,15418.4,15255.45,15348.55,0,0
1458,2022-01-10,15427.65,15504.0,15400.55,15495.55,0,0
1459,2022-01-11,15497.5,15559.1,15462.05,15530.55,0,0
1460,2022-01-12,15627.05,15678.7,15595.65,15667.9,0,0
1461,2022-01-13,15710.3,15730.95,15629.45,15721.05,0,0
1462,2022-01-14,15667.95,15754.45,15619.55,15730.4,0,0
1463,2022-01-17,15731.35,15794.95,15718.25,15781.25,0,0
1464,2022-01-18,15819.45,15834.2,15546.65,15573.1,0,0
1465,2022-01-19,15580.4,15580.4,15403.2,15472.5,0,0
1466,2022-01-20,15464.45,15486.15,15280.55,15361.1,0,0
1467,2022-01-21,15252.9,15294.7,15069.05,15180.8,0,0
1468,2022-01-24,15155.0,15165.4,14577.15,14712.05,0,0
1469,2022-01-25,14577.55,14853.0,14410.9,14832.2,0,0
1470,2022-01-27,14671.7,14735.75,14489.8,14679.7,0,0
1471,2022-01-28,14773.05,14952.15,14701.6,14723.25,0,0
1472,2022-01-31,14894.75,14975.8,14857.55,14921.45,0,0
1473,2022-02-01,15073.15,15138.2,14850.3,15116.2,0,0
1474,2022-02-02,15218.25,15304.6,15201.45,15293.35,0,0
1475,2022-02-03,15289.15,15296.35,15101.0,15135.9,0,0
1476,2022-02-04,15159.6,15188.4,15048.35,15085.45,0,0
1477,2022-02-07,15065.05,15126.65,14796.2,14870.6,0,0
1478,2022-02-08,14926.5,14955.25,14689.15,14857.05,0,0
1479,2022-02-09,14942.75,15026.5,14925.05,15016.35,0,0
1480,2022-02-10,15084.35,15134.1,14972.35,15112.2,0,0
1481,2022-02-11,14988.95,14990.6,14862.05,14891.3,0,0
1482,2022-02-14,14606.55,14638.65,14370.7,14400.4,0,0
1483,2022-02-15,14469.0,14822.75,14348.4,14805.55,0,0
1484,2022-02-16,14876.65,14935.6,14756.5,14789.9,0,0
1485,2022-02-17,14857.1,14895.65,14725.05,14772.05,0,0
1486,2022-02-18,14711.3,14815.0,14692.65,14710.7,0,0
1487,2022-02-21,14638.35,14733.1,14498.2,14597.1,0,0
1488,2022-02-22,14269.45,14527.2,14267.6,14489.05,0,0
1489,2022-02-23,14581.05,14629.05,14482.3,14506.95,0,0
1490,2022-02-24,14055.85,14180.85,13747.45,13775.7,0,0
1491,2022-02-25,14018.1,14247.05,14007.7,14187.4,0,0
1492,2022-02-28,14047.75,14320.95,13928.8,14307.95,0,0
1493,2022-03-02,14161.7,14265.5,14104.75,14199.8,0,0
1494,2022-03-03,14327.7,14364.6,14094.3,14135.95,0,0
1495,2022-03-04,14020.2,14075.0,13828.45,13893.15,0,0
1496,2022-03-07,13594.75,13637.5,13438.3,13564.25,0,0
1497,2022-03-08,13504.75,13720.1,13423.55,13706.75,0,0
1498,2022-03-09,13786.4,14037.65,13721.95,13979.6,0,0
1499,2022-03-10,14313.2,14316.8,14079.85,14189.0,0,0
1500,2022-03-11,14145.5,14268.3,14098.7,14237.15,0,0
1501,2022-03-14,14248.9,14389.35,14189.1,14374.6,0,0
1502,2022-03-15,14408.75,14433.75,14130.9,14215.85,0,0
1503,2022-03-16,14392.55,14491.45,14369.5,14481.8,0,0
1504,2022-03-17,14667.2,14756.55,14644.75,14721.7,0,0
1505,2022-03-21,14773.05,14789.85,14590.7,14602.35,0,0
1506,2022-03-22,14613.1,14738.15,14492.25,14724.05,0,0
1507,2022-03-23,14806.6,14833.3,14660.45,14695.15,0,0
1508,2022-03-24,14598.75,14744.7,14595.7,14699.35,0,0
1509,2022-03-25,14763.9,14768.3,14590.45,14651.7,0,0
1510,2022-03-28,14686.25,14694.85,14515.65,14675.85,0,0
1511,2022-03-29,14744.05,14773.15,14689.6,14761.9,0,0
1512,2022-03-30,14880.7,14924.75,14823.55,14896.9,0,0
1513,2022-03-31,14925.55,14963.4,14871.0,14894.5,0,0
1514,2022-04-01,14890.1,15111.35,14882.6,15087.3,0,0
1515,2022-04-04,15192.8,15393.35,15184.7,15384.2,0,0
1516,2022-04-05,15433.05,15477.8,15360.2,15390.5,0,0
1517,2022-04-06,15318.15,15387.4,15293.85,15327.9,0,0
1518,2022-04-07,15292.35,15361.2,15185.7,15201.25,0,0
1519,2022-04-08,15271.35,15386.1,15202.5,15342.4,0,0
1520,2022-04-11,15337.5,15386.85,15294.3,15325.5,0,0
1521,2022-04-12,15281.85,15283.35,15078.45,15164.7,0,0
1522,2022-04-13,15239.65,15284.7,15126.65,15138.55,0,0
1523,2022-04-18,14942.6,14971.5,14821.25,14926.05,0,0
1524,2022-04-19,15012.75,15041.65,14617.05,14726.65,0,0
1525,2022-04-20,14807.15,14905.25,14747.95,14850.3,0,0
1526,2022-04-21,14946.3,15067.45,14929.15,15053.95,0,0
1527,2022-04-22,14948.1,15015.35,14875.8,14894.85,0,0
1528,2022-04-25,14758.6,14769.1,14623.1,14673.0,0,0
1529,2022-04-26,14818.8,14915.35,14785.85,14898.35,0,0
1530,2022-04-27,14797.35,14825.55,14678.95,14756.0,0,0
1531,2022-04-28,14886.5,14964.6,14765.85,14913.9,0,0
1532,2022-04-29,14991.45,15011.7,14743.35,14783.35,0,0
1533,2022-05-02,14647.25,14751.05,14617.75,14736.3,0,0
1534,2022-05-04,14771.45,14798.3,14343.6,14393.35,0,0
1535,2022-05-05,14542.15,14606.05,14365.55,14395.5,0,0
1536,2022-05-06,14159.1,14205.0,14073.45,14145.75,0,0
1537,2022-05-09,14002.75,14088.3,13879.55,13991.75,0,0
1538,2022-05-10,13953.95,14068.4,13823.35,13855.95,0,0
1539,2022-05-11,13888.15,13949.1,13589.35,13771.8,0,0
1540,2022-05-12,13656.95,13671.0,13389.75,13465.25,0,0
1541,2022-05-13,13621.2,13738.55,13435.05,13471.5,0,0
1542,2022-05-16,13540.25,13646.3,13434.45,13571.2,0,0
1543,2022-05-17,13648.45,13944.7,13632.15,13926.05,0,0
1544,2022-05-18,13989.35,14064.0,13896.6,13918.2,0,0
1545,2022-05-19,13625.75,13680.65,13520.95,13550.9,0,0
1546,2022-05-20,13755.05,13906.4,13733.55,13895.05,0,0
1547,2022-05-23,13929.75,14005.5,13813.6,13835.8,0,0
1548,2022-05-24,13858.05,13883.55,13709.4,13747.25,0,0
1549,2022-05-25,13805.1,13821.4,13574.5,13587.75,0,0
1550,2022-05-26,13651.55,13756.85,13445.25,13722.55,0,0
1551,2022-05-27,13839.3,13885.05,13768.3,13873.15,0,0
1552,2022-05-30,14022.6,14163.05,14009.65,14154.8,0,0
1553,2022-05-31,14106.0,14215.45,14067.05,14119.6,0,0
1554,2022-06-01,14132.1,14186.9,14009.05,14082.9,0,0
1555,2022-06-02,14059.25,14179.3,14029.8,14167.95,0,0
1556,2022-06-03,14280.35,14300.0,14064.9,14077.9,0,0
1557,2022-06-06,14042.4,14081.2,13932.15,14054.1,0,0
1558,2022-06-07,13978.65,13990.2,13883.75,13935.6,0,0
1559,2022-06-08,13981.65,14020.45,13832.45,13886.9,0,0
1560,2022-06-09,13816.7,13989.0,13790.0,13977.1,0,0
1561,2022-06-10,13825.0,13860.05,13757.95,13781.75,0,0
1562,2022-06-13,13521.2,13527.75,13356.2,13416.9,0,0
1563,2022-06-14,13341.95,13506.5,13324.15,13388.3,0,0
1564,2022-06-15,13412.2,13448.45,13366.75,13380.85,0,0
1565,2022-06-16,13508.7,13527.8,13064.05,13089.2,0,0
1566,2022-06-17,13011.4,13111.95,12903.85,12994.75,0,0
1567,2022-06-20,13026.15,13049.4,12855.55,12950.75,0,0
1568,2022-06-21,13042.8,13275.5,13019.35,13241.9,0,0
1569,2022-06-22,13176.1,13184.9,13028.35,13047.75,0,0
1570,2022-06-23,13081.9,13231.9,13021.25,13178.8,0,0
1571,2022-06-24,13269.2,13337.7,13247.95,13322.5,0,0
1572,2022-06-27,13506.35,13510.8,13432.65,13444.55,0,0
1573,2022-06-28,13389.85,13487.5,13330.75,13464.25,0,0
1574,2022-06-29,13337.65,13462.05,13328.2,13417.85,0,0
1575,2022-06-30,13410.8,13492.15,13352.4,13387.55,0,0
1576,2022-07-01,13335.25,13422.45,13192.9,13394.45,0,0
1577,2022-07-04,13378.4,13483.7,13337.2,13472.65,0,0
1578,2022-07-05,13533.75,13628.45,13439.4,13461.85,0,0
1579,2022-07-06,13472.8,13647.2,13443.35,13631.3,0,0
1580,2022-07-07,13736.95,13777.75,13687.55,13765.6,0,0
1581,2022-07-08,13873.75,13874.7,13770.9,13828.25,0,0
1582,2022-07-11,13771.4,13905.95,13755.75,13886.85,0,0
1583,2022-07-12,13823.6,13866.65,13757.3,13779.0,0,0
1584,2022-07-13,13842.8,13861.3,13714.2,13726.95,0,0
1585,2022-07-14,13771.2,13797.6,13617.15,13702.65,0,0
1586,2022-07-15,13761.1,13804.05,13695.2,13790.2,0,0
1587,2022-07-18,13883.8,13993.4,13877.6,13984.4,0,0
1588,2022-07-19,13922.55,14067.75,13922.35,14051.65,0,0
1589,2022-07-20,14220.2,14230.9,14140.0,14164.4,0,0
1590,2022-07-21,14172.8,14288.6,14141.65,14271.8,0,0
1591,2022-07-22,14325.05,14359.75,14265.25,14336.6,0,0
1592,2022-07-25,14307.9,14335.1,14228.15,14279.5,0,0
1593,2022-07-26,14284.7,14286.5,14122.55,14141.45,0,0
1594,2022-07-27,14131.8,14272.2,14099.9,14262.55,0,0
1595,2022-07-28,14365.05,14481.45,14330.3,14469.1,0,0
1596,2022-07-29,14588.15,14677.75,14553.65,14665.65,0,0
1597,2022-08-01,14741.4,14858.3,14666.2,14846.85,0,0
1598,2022-08-02,14831.9,14906.0,14765.3,14876.6,0,0
1599,2022-08-03,14880.65,14906.7,14750.75,14878.05,0,0
1600,2022-08-04,14944.95,14974.7,14688.0,14892.45,0,0
1601,2022-08-05,14933.2,14972.1,14874.25,14900.4,0,0
1602,2022-08-08,14910.6,15009.9,14867.2,14993.35,0,0
1603,2022-08-10,15033.3,15033.3,14919.2,14985.8,0,0
1604,2022-08-11,15123.65,15130.05,15069.9,15095.15,0,0
1605,2022-08-12,15102.8,15162.3,15060.75,15140.55,0,0
1606,2022-08-16,15222.9,15287.45,15203.5,15280.5,0,0
1607,2022-08-17,15325.35,15398.45,15306.55,15379.05,0,0
1608,2022-08-18,15355.6,15415.25,15325.2,15404.6,0,0
1609,2022-08-19,15426.2,15445.5,15205.55,15236.65,0,0
1610,2022-08-22,15183.1,15186.15,14980.4,15001.75,0,0
1611,2022-08-23,14887.0,15128.25,14879.9,15090.5,0,0
1612,2022-08-24,15062.45,15152.45,15037.15,15140.4,0,0
1613,2022-08-25,15208.85,15252.8,15075.1,15100.65,0,0
1614,2022-08-26,15187.1,15242.65,15116.2,15147.55,0,0
1615,2022-08-29,14797.8,15016.25,14793.95,14972.75,0,0
1616,2022-08-30,15071.45,15338.8,15065.35,15325.05,0,0
1617,2022-09-01,15142.7,15309.85,15141.45,15211.2,0,0
1618,2022-09-02,15272.45,15305.0,15184.3,15201.6,0,0
1619,2022-09-05,15221.75,15311.95,15217.35,15294.4,0,0
1620,2022-09-06,15339.3,15386.75,15248.0,15313.05,0,0
1621,2022-09-07,15222.25,15334.0,15199.4,15319.4,0,0
1622,2022-09-08,15430.2,15448.75,15365.7,15440.7,0,0
1623,2022-09-09,15547.55,15548.85,15426.4,15467.4,0,0
1624,2022-09-12,15524.7,15600.15,15522.4,15577.4,0,0
1625,2022-09-13,15667.35,15686.85,15635.15,15669.85,0,0
1626,2022-09-14,15423.9,15688.1,15423.9,15630.7,0,0
1627,2022-09-15,15686.0,15724.45,15543.9,15580.35,0,0
1628,2022-09-16,15529.35,15542.0,15197.9,15243.95,0,0
1629,2022-09-19,15264.25,15348.8,15135.15,15293.55,0,0
1630,2022-09-20,15423.5,15557.3,15410.25,15470.35,0,0
1631,2022-09-21,15449.25,15516.5,15320.05,15361.25,0,0
1632,2022-09-22,15284.6,15386.75,15224.95,15335.3,0,0
1633,2022-09-23,15324.3,15360.2,15032.75,15057.65,0,0
1634,2022-09-26,14916.9,14932.5,14671.05,14725.7,0,0
1635,2022-09-27,14805.85,14874.45,14652.3,14727.3,0,0
1636,2022-09-28,14617.4,14768.25,14577.05,14620.6,0,0
1637,2022-09-29,14748.2,14783.75,14569.1,14602.5,0,0
1638,2022-09-30,14586.9,14881.3,14516.3,14829.35,0,0
1639,2022-10-03,14837.1,14858.65,14585.8,14638.5,0,0
1640,2022-10-04,14869.55,14975.6,14852.55,14965.8,0,0
1641,2022-10-06,15063.55,15119.9,15042.2,15053.05,0,0
1642,2022-10-07,15030.2,15055.65,14943.15,15036.7,0,0
1643,2022-10-10,14857.0,14989.05,14818.5,14951.65,0,0
1644,2022-10-11,14980.45,14982.75,14692.55,14721.9,0,0
1645,2022-10-12,14761.45,14844.85,14676.55,14829.95,0,0
1646,2022-10-13,14811.2,14832.35,14683.55,14730.3,0,0
1647,2022-10-14,14979.15,14989.15,14803.7,14815.1,0,0
1648,2022-10-17,14783.2,14920.7,14718.8,14906.15,0,0
1649,2022-10-18,15009.1,15071.95,15007.25,15056.55,0,0
1650,2022-10-19,15120.4,15153.05,15039.8,15068.6,0,0
1651,2022-10-20,14998.45,15128.4,14979.6,15112.1,0,0
1652,2022-10-21,15159.6,15181.9,15036.1,15081.1,0,0
1653,2022-10-24,15225.45,15248.05,15179.15,15198.75,0,0
1654,2022-10-25,15251.75,15253.75,15143.45,15158.1,0,0
1655,2022-10-27,15246.55,15273.3,15172.15,15244.25,0,0
1656,2022-10-28,15265.45,15290.15,15191.6,15241.6,0,0
1657,2022-10-31,15333.15,15433.05,15327.4,15424.0,0,0
1658,2022-11-01,15507.95,15545.85,15460.7,15537.4,0,0
1659,2022-11-02,15560.45,15561.1,15470.4,15497.55,0,0
1660,2022-11-03,15407.8,15519.15,15401.3,15484.7,0,0
1661,2022-11-04,15495.75,15542.15,15454.3,15530.85,0,0
1662,2022-11-07,15610.95,15647.25,15505.75,15615.15,0,0
1663,2022-11-09,15684.45,15686.35,15534.85,15567.25,0,0
1664,2022-11-10,15490.25,15523.9,15384.35,15440.0,0,0
1665,2022-11-11,15633.5,15662.05,15612.45,15649.1,0,0
1666,2022-11-14,15672.5,15684.25,15627.75,15650.2,0,0
1667,2022-11-15,15678.5,15708.9,15609.5,15693.9,0,0
1668,2022-11-16,15696.55,15711.3,15607.25,15663.3,0,0
1669,2022-11-17,15630.55,15661.1,15573.95,15597.25,0,0
1670,2022-11-18,15634.3,15644.8,15472.35,15550.85,0,0
1671,2022-11-21,15514.6,15523.15,15431.2,15453.8,0,0
1672,2022-11-22,15472.65,15518.1,15437.3,15509.2,0,0
1673,2022-11-23,15572.75,15572.9,15520.25,15538.15,0,0
1674,2022-11-24,15588.45,15706.5,15567.75,15680.8,0,0
1675,2022-11-25,15719.8,15743.1,15668.35,15727.25,0,0
1676,2022-11-28,15683.75,15817.35,15642.8,15784.45,0,0
1677,2022-11-29,15784.55,15859.35,15782.4,15812.45,0,0
1678,2022-11-30,15827.45,15991.6,15820.55,15946.15,0,0
1679,2022-12-01,16041.15,16041.65,15972.75,16003.95,0,0
1680,2022-12-02,15977.5,15991.05,15909.6,15963.5,0,0
1681,2022-12-05,15994.95,15999.8,15881.8,15967.2,0,0
1682,2022-12-06,15904.1,15936.7,15881.6,15922.85,0,0
1683,2022-12-07,15932.25,15953.25,15836.05,15862.0,0,0
1684,2022-12-08,15881.8,15918.75,15860.3,15911.1,0,0
1685,2022-12-09,15964.85,15967.3,15727.35,15812.75,0,0
1686,2022-12-12,15759.65,15836.85,15687.95,15828.0,0,0
1687,2022-12-13,15863.25,15913.8,15830.65,15904.5,0,0
1688,2022-12-14,15958.15,15988.55,15946.3,15963.8,0,0
1689,2022-12-15,15938.05,15968.2,15758.85,15783.8,0,0
1690,2022-12-16,15710.9,15799.35,15625.25,15636.35,0,0
1691,2022-12-19,15658.85,15764.0,15606.15,15755.2,0,0
1692,2022-12-20,15704.05,15740.25,15580.8,15726.2,0,0
1693,2022-12-21,15772.95,15812.05,15497.6,15527.55,0,0
1694,2022-12-22,15599.55,15636.1,15369.6,15431.5,0,0
1695,2022-12-23,15300.75,15349.35,15018.75,15046.0,0,0
1696,2022-12-26,15060.85,15350.35,14985.4,15298.55,0,0
1697,2022-12-27,15375.2,15433.65,15278.6,15418.35,0,0
1698,2022-12-28,15390.55,15468.15,15363.65,15432.8,0,0
1699,2022-12-29,15370.0,15517.45,15307.0,15485.2,0,0
1700,2022-12-30,15557.75,15581.95,15425.65,15448.85,0,0
1701,2023-01-02,15479.95,15536.35,15433.3,15523.65,0,0
1702,2023-01-03,15515.75,15575.7,15500.75,15557.8,0,0
1703,2023-01-04,15563.15,15574.5,15375.8,15393.0,0,0
1704,2023-01-05,15446.5,15462.15,15286.4,15386.2,0,0
1705,2023-01-06,15401.35,15419.4,15219.85,15272.0,0,0
1706,2023-01-09,15360.4,15472.15,15353.35,15450.1,0,0
1707,2023-01-10,15470.0,15472.45,15262.1,15325.25,0,0
1708,2023-01-11,15342.75,15375.1,15257.0,15301.35,0,0
1709,2023-01-12,15329.7,15347.2,15203.55,15279.6,0,0
1710,2023-01-13,15295.9,15370.05,15215.0,15346.1,0,0
1711,2023-01-16,15398.15,15421.25,15276.5,15305.45,0,0
1712,2023-01-17,15328.85,15411.0,15291.6,15396.15,0,0
1713,2023-01-18,15416.6,15479.65,15376.5,15466.35,0,0
1714,2023-01-19,15427.15,15455.15,15387.25,15419.7,0,0
1715,2023-01-20,15428.2,15443.45,15336.7,15347.9,0,0
1716,2023-01-23,15411.5,15427.5,15364.25,15403.2,0,0
1717,2023-01-24,15451.2,15459.3,15364.2,15388.55,0,0
1718,2023-01-25,15364.4,15368.7,15146.4,15171.95,0,0
1719,2023-01-27,15160.15,15165.4,14779.1,14874.75,0,0
1720,2023-01-30,14807.5,14955.15,14675.05,14854.2,0,0
1721,2023-01-31,14906.45,14962.95,14787.85,14935.5,0,0
1722,2023-02-01,15054.8,15154.1,14622.65,14847.65,0,0
1723,2023-02-02,14760.35,14887.45,14698.4,14839.4,0,0
1724,2023-02-03,14904.1,14972.15,14746.45,14962.35,0,0
1725,2023-02-06,14939.4,14954.3,14870.55,14934.15,0,0
1726,2023-02-07,14950.15,14970.8,14845.95,14902.2,0,0
1727,2023-02-08,14927.55,15046.7,14924.05,15028.3,0,0
1728,2023-02-09,15036.85,15054.75,14956.9,15030.1,0,0
1729,2023-02-10,14992.65,15031.1,14969.55,15015.85,0,0
1730,2023-02-13,15011.35,15022.55,14875.85,14900.5,0,0
1731,2023-02-14,14936.2,14988.0,14879.35,14968.9,0,0
1732,2023-02-15,14939.0,15053.55,14923.25,15039.65,0,0
1733,2023-02-16,15098.45,15135.35,15060.0,15083.75,0,0
1734,2023-02-17,15036.25,15077.0,14966.3,15003.95,0,0
1735,2023-02-20,15023.45,15036.45,14920.7,14938.65,0,0
1736,2023-02-21,14982.0,14992.7,14894.15,14913.95,0,0
1737,2023-02-22,14854.15,14861.05,14674.25,14701.9,0,0
1738,2023-02-23,14715.2,14740.8,14599.1,14666.75,0,0
1739,2023-02-24,14723.4,14741.95,14598.95,14630.45,0,0
1740,2023-02-27,14600.9,14609.4,14465.7,14548.7,0,0
1741,2023-02-28,14550.0,14584.45,14476.0,14518.75,0,0
1742,2023-03-01,14557.0,14675.05,14550.1,14664.85,0,0
1743,2023-03-02,14654.8,14668.4,14575.95,14587.25,0,0
1744,2023-03-03,14686.25,14813.05,14676.05,14774.75,0,0
1745,2023-03-06,14848.35,14942.05,14843.7,14881.0,0,0
1746,2023-03-08,14843.1,14932.4,14791.25,14921.95,0,0
1747,2023-03-09,14947.05,14952.85,14788.9,14803.95,0,0
1748,2023-03-10,14695.05,14699.35,14593.4,14679.85,0,0
1749,2023-03-13,14681.55,14752.85,14420.5,14454.45,0,0
1750,2023-03-14,14462.0,14499.2,14306.8,14358.55,0,0
1751,2023-03-15,14458.15,14494.35,14298.15,14320.3,0,0
1752,2023-03-16,14328.5,14387.65,14189.0,14330.35,0,0
1753,2023-03-17,14436.25,14464.9,14327.75,14420.85,0,0
1754,2023-03-20,14389.85,14393.6,14196.5,14317.1,0,0
1755,2023-03-21,14379.05,14428.15,14339.95,14411.3,0,0
1756,2023-03-22,14470.05,14497.15,14432.2,14460.0,0,0
1757,2023-03-23,14422.95,14490.65,14388.3,14403.6,0,0
1758,2023-03-24,14409.0,14434.1,14257.5,14279.0,0,0
1759,2023-03-27,14306.6,14348.95,14238.9,14262.7,0,0
1760,2023-03-28,14289.95,14300.2,14177.5,14211.8,0,0
1761,2023-03-29,14218.6,14377.3,14218.6,14345.6,0,0
1762,2023-03-31,14442.3,14577.15,14438.8,14557.85,0,0
1763,2023-04-03,14621.05,14621.05,14541.6,14601.95,0,0
1764,2023-04-05,14620.7,14718.9,14611.25,14709.4,0,0
1765,2023-04-06,14701.1,14786.0,14673.7,14759.2,0,0
1766,2023-04-10,14797.35,14833.45,14767.0,14790.55,0,0
1767,2023-04-11,14854.65,14893.6,14814.35,14867.25,0,0
1768,2023-04-12,14902.2,14949.9,14871.9,14941.55,0,0
1769,2023-04-13,14946.45,14965.7,14885.25,14954.25,0,0
1770,2023-04-17,14970.35,14970.35,14794.45,14904.3,0,0
1771,2023-04-18,14949.1,14949.1,14852.65,14897.0,0,0
1772,2023-04-19,14901.25,14905.6,14832.9,14856.9,0,0
1773,2023-04-20,14878.55,14905.8,14835.9,14861.75,0,0
1774,2023-04-21,14879.6,14888.65,14789.95,14847.1,0,0
1775,2023-04-24,14903.95,14937.2,14841.6,14930.15,0,0
1776,2023-04-25,14945.8,14981.3,14916.35,14955.7,0,0
1777,2023-04-26,14954.2,15003.1,14918.55,14994.4,0,0
1778,2023-04-27,14999.9,15085.85,14989.2,15075.05,0,0
1779,2023-04-28,15111.05,15235.45,15077.45,15219.55,0,0
1780,2023-05-02,15276.2,15327.75,15261.15,15300.75,0,0
1781,2023-05-03,15277.75,15305.05,15239.5,15276.4,0,0
1782,2023-05-04,15282.25,15414.7,15272.7,15405.5,0,0
1783,2023-05-05,15330.35,15394.9,15265.85,15278.6,0,0
1784,2023-05-08,15321.9,15440.85,15310.75,15427.1,0,0
1785,2023-05-09,15462.75,15502.7,15393.95,15420.6,0,0
1786,2023-05-10,15458.05,15476.1,15372.45,15466.05,0,0
1787,2023-05-11,15512.35,15526.75,15461.85,15484.05,0,0
1788,2023-05-12,15475.05,15506.15,15401.65,15477.35,0,0
1789,2023-05-15,15495.85,15591.95,15464.65,15549.7,0,0
1790,2023-05-16,15584.4,15592.25,15476.65,15492.4,0,0
1791,2023-05-17,15508.25,15512.85,15367.0,15426.35,0,0
1792,2023-05-18,15506.65,15514.9,15346.85,15361.6,0,0
1793,2023-05-19,15399.5,15418.8,15278.7,15407.55,0,0
1794,2023-05-22,15409.05,15517.65,15386.9,15504.0,0,0
1795,2023-05-23,15551.05,15595.65,15528.75,15544.75,0,0
1796,2023-05-24,15517.2,15591.4,15493.3,15515.95,0,0
1797,2023-05-25,15510.2,15568.55,15474.15,15555.25,0,0
1798,2023-05-26,15589.5,15704.0,15567.85,15696.75,0,0
1799,2023-05-29,15791.75,15805.75,15758.15,15772.35,0,0
1800,2023-05-30,15784.25,15823.9,15759.35,15799.45,0,0
1801,2023-05-31,15773.8,15789.2,15706.5,15766.4,0,0
1802,2023-06-01,15801.95,15823.95,15743.4,15760.35,0,0
1803,2023-06-02,15816.8,15838.45,15774.65,15811.2,0,0
1804,2023-06-05,15877.45,15899.15,15851.75,15859.5,0,0
1805,2023-06-06,15873.75,15895.7,15816.7,15878.4,0,0
1806,2023-06-07,15938.3,16016.0,15920.25,16006.7,0,0
1807,2023-06-08,16021.7,16048.8,15906.15,15921.05,0,0
1808,2023-06-09,15947.95,15961.7,15866.8,15877.4,0,0
1809,2023-06-12,15913.2,15946.15,15874.4,15929.1,0,0
1810,2023-06-13,15964.8,16057.5,15964.3,16048.2,0,0
1811,2023-06-14,16082.15,16094.1,16035.15,16084.05,0,0
1812,2023-06-15,16106.85,16138.7,16039.05,16058.25,0,0
1813,2023-06-16,16100.9,16211.25,16091.8,16181.45,0,0
1814,2023-06-19,16231.05,16244.95,16117.85,16142.15,0,0
1815,2023-06-20,16147.55,16215.6,16080.95,16199.95,0,0
1816,2023-06-21,16244.55,16277.35,16201.4,16240.95,0,0
1817,2023-06-22,16252.75,16264.15,16128.8,16140.8,0,0
1818,2023-06-23,16126.7,16133.95,15999.4,16011.8,0,0
1819,2023-06-26,16017.5,16079.0,15995.1,16066.15,0,0
1820,2023-06-27,16118.65,16171.2,16104.2,16163.5,0,0
1821,2023-06-28,16239.85,16296.0,16210.45,16277.2,0,0
1822,2023-06-30,16354.95,16437.45,16326.0,16430.0,0,0
1823,2023-07-03,16490.95,16541.9,16485.3,16527.95,0,0
1824,2023-07-04,16597.5,16599.25,16499.15,16556.05,0,0
1825,2023-07-05,16580.2,16611.15,16540.2,16597.2,0,0
1826,2023-07-06,16600.75,16703.3,16590.7,16695.05,0,0
1827,2023-07-07,16653.3,16718.2,16541.6,16564.9,0,0
1828,2023-07-10,16620.9,16623.95,16530.75,16553.75,0,0
1829,2023-07-11,16610.95,16698.8,16597.55,16648.0,0,0
1830,2023-07-12,16697.1,16703.25,16627.3,16641.05,0,0
1831,2023-07-13,16726.95,16774.5,16596.45,16623.9,0,0
1832,2023-07-14,16695.7,16786.0,16655.05,16765.45,0,0
1833,2023-07-17,16811.65,16884.95,16784.35,16872.05,0,0
1834,2023-07-18,16932.95,16940.15,16818.3,16872.0,0,0
1835,2023-07-19,16919.05,16964.25,16877.45,16953.5,0,0
1836,2023-07-20,16965.45,17051.0,16912.7,17042.55,0,0
1837,2023-07-21,16931.95,16991.4,16874.95,16904.3,0,0
1838,2023-07-24,16921.75,16948.4,16852.2,16865.15,0,0
1839,2023-07-25,16918.8,16918.85,16832.45,16896.9,0,0
1840,2023-07-26,16950.7,17011.0,16931.6,16975.0,0,0
1841,2023-07-27,17038.35,17056.2,16873.0,16919.2,0,0
1842,2023-07-28,16935.05,16960.5,16880.6,16948.35,0,0
1843,2023-07-31,16972.5,17072.8,16939.0,17059.0,0,0
1844,2023-08-01,17096.6,17102.1,17026.3,17051.15,0,0
1845,2023-08-02,17005.6,17018.85,16755.9,16858.95,0,0
1846,2023-08-03,16818.35,16878.75,16691.65,16772.3,0,0
1847,2023-08-04,16847.4,16914.45,16836.55,16890.6,0,0
1848,2023-08-07,16948.35,16970.05,16897.5,16956.35,0,0
1849,2023-08-08,16991.85,16998.15,16889.85,16949.25,0,0
1850,2023-08-09,16966.85,17011.95,16881.75,17003.85,0,0
1851,2023-08-10,16999.5,17013.45,16901.55,16939.85,0,0
1852,2023-08-11,16970.05,16972.05,16845.8,16860.15,0,0
1853,2023-08-14,16827.75,16854.1,16661.0,16825.55,0,0
1854,2023-08-16,16779.6,16867.8,16732.75,16853.05,0,0
1855,2023-08-17,16858.85,16869.4,16781.6,16802.25,0,0
1856,2023-08-18,16768.0,16803.25,16722.05,16757.7,0,0
1857,2023-08-21,16780.75,16872.55,16766.7,16852.05,0,0
1858,2023-08-22,16886.95,16925.45,16874.8,16905.25,0,0
1859,2023-08-23,16950.9,16981.85,16912.15,16950.25,0,0
1860,2023-08-24,17039.25,17074.25,16916.4,16930.15,0,0
1861,2023-08-25,16871.0,16905.7,16785.25,16820.85,0,0
1862,2023-08-28,16866.4,16918.25,16823.4,16875.3,0,0
1863,2023-08-29,16933.85,16938.8,16898.05,16927.3,0,0
1864,2023-08-30,17010.15,17035.6,16959.1,16968.95,0,0
1865,2023-08-31,17001.35,17011.8,16904.7,16924.3,0,0
1866,2023-09-01,16940.2,17088.1,16931.5,17074.55,0,0
1867,2023-09-04,17157.9,17191.2,17074.55,17180.95,0,0
1868,2023-09-05,17228.2,17264.9,17180.95,17252.1,0,0
1869,2023-09-06,17274.2,17298.8,17198.75,17284.6,0,0
1870,2023-09-07,17292.35,17395.0,17269.1,17385.5,0,0
1871,2023-09-08,17437.65,17519.6,17385.5,17487.45,0,0
1872,2023-09-11,17567.2,17660.8,17550.2,17653.35,0,0
1873,2023-09-12,17753.95,17754.05,17422.05,17460.55,0,0
1874,2023-09-13,17458.4,17540.85,17364.35,17526.75,0,0
1875,2023-09-14,17593.25,17648.55,17546.0,17603.5,0,0
1876,2023-09-15,17662.8,17691.85,17620.9,17665.8,0,0
1877,2023-09-18,17666.85,17671.6,17601.55,17613.6,0,0
1878,2023-09-20,17513.2,17571.15,17419.75,17449.35,0,0
1879,2023-09-21,17409.1,17422.75,17273.1,17303.5,0,0
1880,2023-09-22,17314.4,17361.8,17226.05,17260.8,0,0
1881,2023-09-25,17276.35,17308.2,17198.2,17272.55,0,0
1882,2023-09-26,17284.9,17312.35,17250.3,17276.75,0,0
1883,2023-09-27,17270.4,17352.1,17217.45,17341.6,0,0
1884,2023-09-28,17384.05,17389.2,17147.0,17170.45,0,0
1885,2023-09-29,17227.55,17357.15,17205.2,17292.6,0,0
1886,2023-10-03,17294.5,17295.45,17201.7,17254.4,0,0
1887,2023-10-04,17195.55,17200.7,17032.6,17123.1,0,0
1888,2023-10-05,17202.25,17234.0,17154.3,17195.8,0,0
1889,2023-10-06,17263.35,17310.1,17237.1,17293.6,0,0
1890,2023-10-09,17170.5,17206.85,17096.65,17127.7,0,0
1891,2023-10-10,17184.55,17319.3,17184.55,17303.35,0,0
1892,2023-10-11,17380.65,17447.8,17375.5,17407.35,0,0
1893,2023-10-12,17438.3,17457.85,17402.45,17419.7,0,0
1894,2023-10-13,17323.05,17436.5,17306.55,17390.35,0,0
1895,2023-10-16,17390.35,17431.5,17353.15,17393.0,0,0
1896,2023-10-17,17490.05,17494.5,17437.95,17467.7,0,0
1897,2023-10-18,17484.35,17492.4,17332.3,17344.0,0,0
1898,2023-10-19,17251.2,17344.6,17202.25,17310.5,0,0
1899,2023-10-20,17258.3,17295.05,17190.6,17208.75,0,0
1900,2023-10-23,17204.75,17224.8,16859.85,16888.7,0,0
1901,2023-10-25,16912.4,16967.1,16677.15,16760.8,0,0
1902,2023-10-26,16678.7,16689.1,16466.25,16555.45,0,0
1903,2023-10-27,16636.05,16793.1,16634.6,16765.45,0,0
1904,2023-10-30,16784.95,16837.8,16661.95,16826.1,0,0
1905,2023-10-31,16909.7,16910.0,16785.55,16801.1,0,0
1906,2023-11-01,16808.5,16834.1,16719.1,16732.95,0,0
1907,2023-11-02,16849.95,16903.75,16823.0,16890.8,0,0
1908,2023-11-03,16990.35,17027.45,16983.05,17000.95,0,0
1909,2023-11-06,17105.35,17168.75,17080.95,17159.4,0,0
1910,2023-11-07,17170.35,17200.6,17120.75,17187.8,0,0
1911,2023-11-08,17242.65,17269.25,17215.0,17259.7,0,0
1912,2023-11-09,17284.95,17288.6,17209.55,17218.9,0,0
1913,2023-11-10,17189.7,17274.9,17156.85,17256.6,0,0
1914,2023-11-12,17380.5,17384.15,17347.45,17361.1,0,0
1915,2023-11-13,17335.0,17339.15,17278.65,17318.6,0,0
1916,2023-11-15,17493.3,17518.9,17448.3,17508.05,0,0
1917,2023-11-16,17518.1,17668.65,17486.5,17593.1,0,0
1918,2023-11-17,17537.45,17649.05,17528.85,17600.5,0,0
1919,2023-11-20,17618.55,17636.4,17556.1,17573.65,0,0
1920,2023-11-21,17644.5,17665.0,17617.2,17627.6,0,0
1921,2023-11-22,17637.45,17654.6,17533.75,17627.7,0,0
1922,2023-11-23,17654.15,17693.25,17627.35,17639.4,0,0
1923,2023-11-24,17661.3,17684.15,17631.75,17643.5,0,0
1924,2023-11-28,17701.05,17760.0,17665.65,17741.8,0,0
1925,2023-11-29,17831.65,17911.35,17823.45,17904.1,0,0
1926,2023-11-30,17926.9,18007.1,17845.9,17987.95,0,0
1927,2023-12-01,18061.8,18141.65,18053.15,18115.35,0,0
1928,2023-12-04,18422.35,18460.0,18315.45,18448.5,0,0
1929,2023-12-05,18541.3,18594.9,18453.65,18588.55,0,0
1930,2023-12-06,18677.25,18698.8,18594.4,18680.0,0,0
1931,2023-12-07,18696.75,18721.8,18619.75,18703.85,0,0
1932,2023-12-08,18752.25,18785.7,18588.15,18703.5,0,0
1933,2023-12-11,18726.35,18780.45,18710.15,18770.2,0,0
1934,2023-12-12,18809.9,18819.7,18635.35,18686.8,0,0
1935,2023-12-13,18723.7,18770.45,18601.5,18751.45,0,0
1936,2023-12-14,18906.4,18996.25,18893.75,18973.85,0,0
1937,2023-12-15,19071.95,19165.1,19020.55,19145.05,0,0
1938,2023-12-18,19149.15,19201.55,19073.1,19155.55,0,0
1939,2023-12-19,19212.55,19213.55,19067.2,19169.25,0,0
1940,2023-12-20,19264.4,19303.6,18727.1,18779.45,0,0
1941,2023-12-21,18647.85,18965.8,18582.95,18941.8,0,0
1942,2023-12-22,19011.25,19089.95,18934.75,19054.7,0,0
1943,2023-12-26,19095.0,19173.8,19059.4,19148.85,0,0
1944,2023-12-27,19219.4,19312.3,19189.8,19296.95,0,0
1945,2023-12-28,19358.35,19414.55,19313.1,19399.25,0,0
1946,2023-12-29,19394.5,19450.1,19338.35,19429.15,0,0
1947,2024-01-01,19452.0,19543.25,19421.4,19469.5,0,0
1948,2024-01-02,19496.8,19499.8,19271.65,19418.4,0,0
1949,2024-01-03,19434.3,19442.2,19343.15,19367.15,0,0
1950,2024-01-04,19451.8,19560.4,19433.5,19541.25,0,0
1951,2024-01-05,19602.1,19637.1,19490.95,19590.6,0,0
1952,2024-01-08,19636.0,19641.85,19400.6,19417.7,0,0
1953,2024-01-09,19549.5,19596.05,19439.1,19459.55,0,0
1954,2024-01-10,19463.55,19532.3,19354.1,19517.85,0,0
1955,2024-01-11,19589.75,19626.5,19532.3,19584.35,0,0
1956,2024-01-12,19691.25,19775.9,19635.75,19745.6,0,0
1957,2024-01-15,19876.5,19896.9,19763.8,19885.55,0,0
1958,2024-01-16,19894.3,19923.3,19736.2,19827.55,0,0
1959,2024-01-17,19556.4,19707.7,19470.05,19487.6,0,0
1960,2024-01-18,19388.4,19468.65,19143.5,19414.8,0,0
1961,2024-01-19,19555.95,19618.95,19537.15,19606.4,0,0
1962,2024-01-20,19698.05,19718.7,19582.7,19601.9,0,0
1963,2024-01-23,19743.5,19752.35,19158.75,19206.45,0,0
1964,2024-01-24,19193.15,19470.65,19080.5,19451.0,0,0
1965,2024-01-25,19479.65,19480.05,19289.8,19393.0,0,0
1966,2024-01-29,19475.4,19728.9,19470.05,19711.65,0,0
1967,2024-01-30,19770.25,19799.25,19558.8,19574.2,0,0
1968,2024-01-31,19574.15,19813.3,19546.4,19802.1,0,0
1969,2024-02-01,19869.95,19871.25,19703.75,19777.35,0,0
1970,2024-02-02,19884.65,20101.15,19874.8,19910.8,0,0
1971,2024-02-05,19989.65,20044.0,19805.75,19853.5,0,0
1972,2024-02-06,19923.2,20044.45,19824.85,20033.75,0,0
1973,2024-02-07,20157.2,20169.9,20011.45,20109.55,0,0
1974,2024-02-08,20207.55,20209.05,19949.35,19987.55,0,0
1975,2024-02-09,20015.0,20040.65,19745.45,19961.5,0,0
1976,2024-02-12,19999.95,20015.0,19634.6,19675.2,0,0
1977,2024-02-13,19709.8,19796.05,19508.75,19782.9,0,0
1978,2024-02-14,19618.1,19943.75,19579.2,19922.3,0,0
1979,2024-02-15,20011.7,20065.75,19952.0,20037.0,0,0
1980,2024-02-16,20136.85,20191.45,20098.1,20164.9,0,0
1981,2024-02-19,20244.25,20301.0,20174.9,20241.1,0,0
1982,2024-02-20,20242.65,20285.8,20190.7,20271.9,0,0
1983,2024-02-21,20329.1,20342.3,20077.8,20128.3,0,0
1984,2024-02-22,20179.25,20308.9,20004.1,20283.95,0,0
1985,2024-02-23,20358.7,20365.65,20280.15,20313.5,0,0
1986,2024-02-26,20299.5,20335.75,20210.35,20255.8,0,0
1987,2024-02-27,20249.25,20329.1,20234.95,20292.85,0,0
1988,2024-02-28,20323.5,20335.65,19987.35,20020.4,0,0
1989,2024-02-29,20009.25,20160.05,19901.3,20090.05,0,0
1990,2024-03-01,20171.9,20360.2,20171.0,20349.8,0,0
1991,2024-03-02,20419.55,20446.8,20400.2,20421.35,0,0
1992,2024-03-04,20456.75,20482.6,20383.15,20432.05,0,0
1993,2024-03-05,20422.3,20440.4,20328.0,20382.0,0,0
1994,2024-03-06,20368.75,20396.75,20139.35,20379.55,0,0
1995,2024-03-07,20413.65,20471.35,20384.5,20434.8,0,0
1996,2024-03-11,20478.75,20483.25,20264.3,20288.75,0,0
1997,2024-03-12,20299.8,20326.25,20135.3,20171.4,0,0
1998,2024-03-13,20236.8,20247.9,19549.5,19646.3,0,0
1999,2024-03-14,19598.4,19933.9,19514.7,19916.35,0,0
2000,2024-03-15,19867.75,19942.4,19671.15,19825.2,0,0
2001,2024-03-18,19804.3,19894.45,19709.2,19843.1,0,0
2002,2024-03-19,19785.8,19798.95,19594.1,19610.55,0,0
2003,2024-03-20,19651.7,19697.45,19465.85,19632.05,0,0
2004,2024-03-21,19790.85,19916.45,19790.85,19897.4,0,0
2005,2024-03-22,19855.0,20048.6,19806.7,19994.6,0,0
2006,2024-03-26,19895.55,20044.5,19895.3,20005.25,0,0
2007,2024-03-27,20063.0,20174.4,20063.0,20087.8,0,0
2008,2024-03-28,20150.35,20380.5,20146.15,20255.15,0,0
2009,2024-04-01,20392.25,20504.5,20387.05,20492.55,0,0
2010,2024-04-02,20524.15,20579.25,20481.85,20569.75,0,0
2011,2024-04-03,20528.2,20657.9,20496.55,20605.7,0,0
2012,2024-04-04,20755.35,20772.4,20537.5,20664.65,0,0
2013,2024-04-05,20654.75,20730.15,20609.9,20715.1,0,0
2014,2024-04-08,20806.85,20866.1,20768.5,20819.1,0,0
2015,2024-04-09,20912.75,20912.75,20741.5,20790.7,0,0
2016,2024-04-10,20864.55,20933.85,20822.85,20915.2,0,0
2017,2024-04-12,20873.2,20931.4,20735.15,20745.5,0,0
2018,2024-04-15,20493.3,20623.8,20362.3,20478.75,0,0
2019,2024-04-16,20361.25,20495.2,20326.25,20423.0,0,0
2020,2024-04-18,20515.15,20617.1,20291.15,20324.7,0,0
2021,2024-04-19,20178.25,20428.4,20038.35,20385.2,0,0
2022,2024-04-22,20566.2,20604.1,20468.1,20574.85,0,0
2023,2024-04-23,20687.9,20689.75,20621.55,20652.65,0,0
2024,2024-04-24,20723.2,20772.55,20710.2,20730.65,0,0
2025,2024-04-25,20690.85,20894.0,20686.7,20867.9,0,0
2026,2024-04-26,20926.4,20941.1,20814.5,20839.35,0,0
2027,2024-04-29,20911.1,21002.1,20847.85,20992.2,0,0
2028,2024-04-30,21052.35,21146.5,20971.85,20997.2,0,0
2029,2024-05-02,21010.45,21126.1,21009.35,21083.6,0,0
2030,2024-05-03,21193.45,21208.7,20830.65,20959.55,0,0
2031,2024-05-06,21044.1,21048.95,20805.05,20864.95,0,0
2032,2024-05-07,20911.35,20914.9,20548.8,20636.05,0,0
2033,2024-05-08,20586.8,20768.75,20516.25,20704.9,0,0
2034,2024-05-09,20681.1,20736.25,20318.9,20344.8,0,0
2035,2024-05-10,20398.0,20482.05,20299.1,20469.1,0,0
2036,2024-05-13,20471.65,20540.25,20184.1,20511.0,0,0
2037,2024-05-14,20544.35,20709.75,20508.0,20683.8,0,0
2038,2024-05-15,20744.5,20811.25,20681.9,20741.85,0,0
2039,2024-05-16,20846.85,20950.55,20667.8,20929.05,0,0
2040,2024-05-17,20967.4,21078.65,20934.45,21064.55,0,0
2041,2024-05-18,21131.45,21156.45,21115.8,21144.45,0,0
2042,2024-05-21,21114.65,21224.7,21068.85,21173.8,0,0
2043,2024-05-22,21255.2,21261.75,21103.2,21237.75,0,0
2044,2024-05-23,21280.05,21505.25,21249.15,21489.55,0,0
2045,2024-05-24,21483.0,21567.45,21444.95,21483.75,0,0
2046,2024-05-27,21573.8,21613.6,21439.15,21493.95,0,0
2047,2024-05-28,21542.5,21558.15,21345.35,21387.35,0,0
2048,2024-05-29,21288.35,21356.15,21243.2,21256.3,0,0
2049,2024-05-30,21201.8,21262.85,20983.95,21038.55,0,0
2050,2024-05-31,21129.35,21177.25,21003.0,21103.3,0,0
2051,2024-06-03,21926.6,21926.6,21629.3,21797.4,0,0
2052,2024-06-04,21753.35,21753.35,19624.25,20323.85,0,0
2053,2024-06-05,20570.75,21092.15,20116.6,21054.4,0,0
2054,2024-06-06,21253.7,21462.8,21193.2,21365.0,0,0
2055,2024-06-07,21390.2,21781.35,21333.5,21748.55,0,0
2056,2024-06-10,21844.3,21930.5,21758.3,21808.25,0,0
2057,2024-06-11,21856.35,21961.45,21782.35,21852.0,0,0
2058,2024-06-12,21935.2,22023.9,21904.7,21960.95,0,0
2059,2024-06-13,22120.75,22120.8,21992.15,22080.25,0,0
2060,2024-06-14,22148.25,22229.4,22054.15,22214.3,0,0
2061,2024-06-18,22323.55,22338.15,22253.35,22329.6,0,0
2062,2024-06-19,22406.3,22406.3,22127.25,22224.9,0,0
2063,2024-06-20,22293.55,22333.6,22182.2,22305.1,0,0
2064,2024-06-21,22392.6,22393.3,22186.2,22236.2,0,0
2065,2024-06-24,22150.65,22309.1,22073.65,22289.1,0,0
2066,2024-06-25,22349.75,22390.55,22287.1,22370.65,0,0
2067,2024-06-26,22379.5,22464.85,22309.5,22436.8,0,0
2068,2024-06-27,22459.9,22548.5,22395.9,22537.4,0,0
2069,2024-06-28,22592.25,22673.65,22537.7,22559.7,0,0
2070,2024-07-01,22580.4,22739.7,22570.4,22727.6,0,0
2071,2024-07-02,22806.3,22810.65,22592.2,22675.0,0,0
2072,2024-07-03,22820.55,22857.65,22764.1,22851.2,0,0
2073,2024-07-04,22937.6,22962.8,22866.7,22914.2,0,0
2074,2024-07-05,22878.5,23008.5,22838.2,22987.65,0,0
2075,2024-07-08,23029.35,23040.75,22897.95,22971.15,0,0
2076,2024-07-09,23035.05,23082.35,22974.95,23067.35,0,0
2077,2024-07-10,23124.15,23125.3,22685.65,22973.15,0,0
2078,2024-07-11,23059.95,23063.1,22904.3,23005.25,0,0
2079,2024-07-12,23086.25,23189.4,23021.4,23095.45,0,0
2080,2024-07-15,23188.8,23234.3,23081.3,23209.85,0,0
2081,2024-07-16,23258.2,23288.05,23181.35,23204.25,0,0
2082,2024-07-18,23167.65,23233.85,22993.55,23199.55,0,0
2083,2024-07-19,23232.5,23232.5,22848.1,22853.6,0,0
2084,2024-07-22,22761.5,23001.05,22667.75,22942.65,0,0
2085,2024-07-23,23022.8,23031.95,22307.2,22865.2,0,0
2086,2024-07-24,22856.85,22965.45,22816.75,22921.45,0,0
2087,2024-07-25,22753.2,22938.65,22732.2,22932.35,0,0
2088,2024-07-26,22970.4,23305.05,22965.5,23292.05,0,0
2089,2024-07-29,23423.15,23496.4,23326.05,23401.7,0,0
2090,2024-07-30,23421.2,23530.0,23381.35,23440.9,0,0
2091,2024-07-31,23495.85,23556.0,23459.6,23530.8,0,0
2092,2024-08-01,23608.85,23637.75,23429.55,23506.6,0,0
2093,2024-08-02,23296.1,23395.1,23225.65,23259.45,0,0
2094,2024-08-05,22772.55,22868.35,22397.7,22542.45,0,0
2095,2024-08-06,22696.95,22910.75,22419.2,22443.3,0,0
2096,2024-08-07,22773.45,22853.05,22650.8,22848.9,0,0
2097,2024-08-08,22842.0,22905.6,22700.45,22705.7,0,0
2098,2024-08-09,22948.15,22982.45,22869.4,22923.5,0,0
2099,2024-08-12,22862.9,22993.25,22753.75,22915.85,0,0
2100,2024-08-13,22952.7,22962.75,22693.8,22705.8,0,0
2101,2024-08-14,22765.65,22778.95,22599.95,22672.65,0,0
2102,2024-08-16,22846.1,23069.5,22750.3,23056.5,0,0
2103,2024-08-19,23174.2,23195.6,23104.1,23139.75,0,0
2104,2024-08-20,23223.6,23292.7,23175.4,23280.35,0,0
2105,2024-08-21,23283.75,23371.9,23256.25,23368.65,0,0
2106,2024-08-22,23467.15,23474.85,23408.95,23440.7,0,0
2107,2024-08-23,23485.3,23496.85,23401.0,23418.65,0,0
2108,2024-08-26,23514.3,23579.75,23466.75,23561.75,0,0
2109,2024-08-27,23592.0,23633.2,23555.55,23604.85,0,0
2110,2024-08-28,23646.8,23679.35,23547.25,23615.95,0,0
2111,2024-08-29,23618.25,23664.35,23494.45,23631.4,0,0
2112,2024-08-30,23728.55,23766.4,23673.95,23734.55,0,0
2113,2024-09-02,23835.2,23835.2,23693.65,23760.7,0,0
2114,2024-09-03,23817.0,23817.55,23773.9,23788.45,0,0
2115,2024-09-04,23611.8,23761.4,23605.35,23748.9,0,0
2116,2024-09-05,23821.0,23836.35,23749.05,23762.8,0,0
2117,2024-09-06,23746.0,23794.35,23434.9,23477.7,0,0
2118,2024-09-09,23452.85,23505.65,23294.45,23502.15,0,0
2119,2024-09-10,23591.85,23712.95,23531.65,23643.65,0,0
2120,2024-09-11,23665.1,23723.05,23498.15,23531.25,0,0
2121,2024-09-12,23680.0,23934.6,23593.6,23907.35,0,0
2122,2024-09-13,23966.5,23966.55,23885.2,23928.2,0,0
2123,2024-09-16,24006.15,24026.0,23917.5,23968.2,0,0
2124,2024-09-17,24008.25,24008.25,23912.55,23969.9,0,0
2125,2024-09-18,23972.55,24000.3,23800.85,23898.65,0,0
2126,2024-09-19,24012.3,24078.0,23702.0,23853.95,0,0
2127,2024-09-20,23956.55,24243.15,23885.0,24193.8,0,0
2128,2024-09-23,24294.8,24393.7,24262.3,24379.2,0,0
2129,2024-09-24,24390.05,24429.0,24353.75,24389.7,0,0
2130,2024-09-25,24377.25,24394.35,24268.5,24372.9,0,0
2131,2024-09-26,24399.15,24512.65,24338.4,24478.8,0,0
2132,2024-09-27,24529.55,24573.4,24469.0,24489.55,0,0
2133,2024-09-30,24410.0,24456.1,24217.4,24245.2,0,0
2134,2024-10-01,24248.5,24329.45,24191.05,24271.3,0,0
2135,2024-10-03,23931.85,24122.0,23713.0,23755.45,0,0
2136,2024-10-04,23704.95,23920.3,23483.4,23534.95,0,0
2137,2024-10-07,23616.35,23659.65,23089.5,23181.95,0,0
2138,2024-10-08,23175.2,23512.65,23106.5,23512.55,0,0
2139,2024-10-09,23600.1,23797.45,23570.7,23599.6,0,0
2140,2024-10-10,23695.55,23755.5,23584.3,23598.15,0,0
2141,2024-10-11,23608.3,23654.0,23546.3,23611.25,0,0
2142,2024-10-14,23670.5,23735.55,23646.1,23727.05,0,0
2143,2024-10-15,23800.4,23814.95,23662.3,23735.7,0,0
2144,2024-10-16,23702.85,23768.15,23588.8,23673.15,0,0
2145,2024-10-17,23717.3,23720.15,23372.7,23377.0,0,0
2146,2024-10-18,23285.65,23471.2,23120.95,23440.7,0,0
2147,2024-10-21,23527.6,23559.05,23224.55,23263.25,0,0
2148,2024-10-22,23277.1,23306.2,22791.1,22814.45,0,0
2149,2024-10-23,22751.8,22989.05,22673.3,22841.1,0,0
2150,2024-10-24,22841.85,22893.2,22747.55,22787.85,0,0
2151,2024-10-25,22819.8,22839.2,22362.8,22499.05,0,0
2152,2024-10-28,22548.7,22756.05,22407.0,22649.95,0,0
2153,2024-10-29,22670.8,22808.8,22450.0,22795.05,0,0
2154,2024-10-30,22731.15,22896.55,22685.4,22749.8,0,0
2155,2024-10-31,22758.6,22779.5,22621.1,22689.35,0,0
2156,2024-11-01,22806.95,22881.5,22799.7,22823.55,0,0
2157,2024-11-04,22831.8,22832.65,22362.65,22518.3,0,0
2158,2024-11-05,22458.3,22697.5,22343.95,22679.85,0,0
2159,2024-11-06,22782.2,23052.2,22720.3,23031.2,0,0
2160,2024-11-07,23067.15,23073.55,22801.55,22806.25,0,0
2161,2024-11-08,22821.9,22857.1,22600.25,22645.65,0,0
2162,2024-11-11,22590.1,22770.55,22478.7,22591.4,0,0
2163,2024-11-12,22664.2,22721.9,22286.85,22331.05,0,0
2164,2024-11-13,22263.0,22309.8,21867.7,21914.95,0,0
2165,2024-11-14,21924.1,22096.85,21907.55,21963.1,0,0
2166,2024-11-18,22045.9,22049.15,21787.35,21899.4,0,0
2167,2024-11-19,21977.65,22233.4,21976.35,22004.35,0,0
2168,2024-11-21,21947.75,21954.2,21692.8,21820.85,0,0
2169,2024-11-22,21864.65,22260.15,21819.2,22225.55,0,0
2170,2024-11-25,22578.65,22676.25,22510.8,22553.5,0,0
2171,2024-11-26,22649.3,22675.7,22523.0,22562.45,0,0
2172,2024-11-27,22594.2,22732.1,22526.1,22691.7,0,0
2173,2024-11-28,22722.3,22821.75,22472.25,22514.35,0,0
2174,2024-11-29,22537.8,22733.75,22531.9,22687.0,0,0
2175,2024-12-02,22695.4,22843.5,22603.1,22835.85,0,0
2176,2024-12-03,22922.6,23029.55,22876.8,23020.85,0,0
2177,2024-12-04,23075.95,23149.9,22978.85,23099.5,0,0
2178,2024-12-05,23183.3,23357.1,22993.85,23277.95,0,0
2179,2024-12-06,23315.8,23358.2,23221.7,23312.1,0,0
2180,2024-12-09,23289.4,23351.9,23243.3,23292.0,0,0
2181,2024-12-10,23328.8,23341.35,23216.25,23314.9,0,0
2182,2024-12-11,23326.7,23394.2,23301.15,23358.15,0,0
2183,2024-12-12,23348.7,23386.25,23242.75,23256.4,0,0
2184,2024-12-13,23208.35,23378.55,22879.9,23358.95,0,0
2185,2024-12-16,23370.55,23417.65,23281.2,23352.45,0,0
2186,2024-12-17,23308.9,23349.1,23067.3,23095.75,0,0
2187,2024-12-18,23076.95,23125.55,22876.7,22934.4,0,0
2188,2024-12-19,22594.95,22782.25,22590.0,22752.15,0,0
2189,2024-12-20,22783.65,22855.0,22279.9,22319.4,0,0
2190,2024-12-23,22446.6,22535.2,22331.5,22412.3,0,0
2191,2024-12-24,22431.6,22516.3,22340.1,22402.7,0,0
2192,2024-12-26,22444.7,22492.3,22324.6,22430.35,0,0
2193,2024-12-27,22473.9,22555.45,22435.55,22445.2,0,0
2194,2024-12-30,22438.15,22522.4,22266.15,22357.15,0,0
2195,2024-12-31,22273.7,22414.45,22160.15,22375.4,0,0
2196,2025-01-01,22375.85,22518.7,22313.75,22481.8,0,0
2197,2025-01-02,22521.75,22833.35,22482.7,22819.75,0,0
2198,2025-01-03,22850.1,22867.85,22689.5,22708.15,0,0
2199,2025-01-06,22753.65,22757.4,22163.55,22225.4,0,0
2200,2025-01-07,22278.15,22435.5,22247.75,22341.65,0,0
2201,2025-01-08,22378.15,22384.25,22065.2,22231.8,0,0
2202,2025-01-09,22231.05,22239.2,22028.5,22046.55,0,0
2203,2025-01-10,22049.4,22075.4,21738.45,21799.0,0,0
2204,2025-01-13,21557.0,21630.55,21194.45,21243.45,0,0
2205,2025-01-14,21328.0,21528.7,21325.0,21481.05,0,0
2206,2025-01-15,21572.45,21634.6,21445.4,21551.2,0,0
2207,2025-01-16,21734.4,21776.35,21687.45,21714.55,0,0
2208,2025-01-17,21699.45,21730.85,21563.8,21680.25,0,0
2209,2025-01-20,21769.95,21848.95,21628.5,21809.0,0,0
2210,2025-01-21,21855.1,21863.05,21411.3,21433.2,0,0
2211,2025-01-22,21484.45,21500.3,21178.8,21396.55,0,0
2212,2025-01-23,21377.8,21595.0,21338.95,21538.05,0,0
2213,2025-01-24,21533.05,21611.2,21279.0,21318.9,0,0
2214,2025-01-27,21158.85,21163.0,20861.15,20910.95,0,0
2215,2025-01-28,21009.2,21100.45,20757.9,20924.75,0,0
2216,2025-01-29,20971.4,21250.85,20968.35,21245.5,0,0
2217,2025-01-30,21282.1,21404.2,21209.6,21297.5,0,0
2218,2025-01-31,21339.35,21584.45,21310.3,21580.9,0,0
2219,2025-02-01,21628.65,21713.95,21388.2,21577.15,0,0
2220,2025-02-03,21422.85,21445.95,21286.7,21402.55,0,0
2221,2025-02-04,21551.4,21743.55,21474.45,21727.45,0,0
2222,2025-02-05,21797.7,21870.4,21763.7,21784.25,0,0
2223,2025-02-06,21860.1,21870.9,21620.15,21672.45,0,0
2224,2025-02-07,21703.75,21765.15,21521.75,21646.15,0,0
2225,2025-02-10,21636.2,21659.25,21301.85,21371.3,0,0
2226,2025-02-11,21366.25,21376.45,20860.6,20950.45,0,0
2227,2025-02-12,20924.15,21002.0,20545.75,20907.85,0,0
2228,2025-02-13,20926.0,21122.0,20866.5,20904.35,0,0
2229,2025-02-14,20964.6,20984.7,20476.65,20633.1,0,0
2230,2025-02-17,20511.05,20663.45,20339.0,20652.35,0,0
2231,2025-02-18,20663.6,20692.3,20466.75,20611.4,0,0
2232,2025-02-19,20511.2,20802.55,20459.2,20731.45,0,0
2233,2025-02-20,20645.7,20840.35,20630.2,20831.1,0,0
2234,2025-02-21,20792.05,20903.35,20616.6,20690.25,0,0
2235,2025-02-24,20510.95,20546.05,20429.3,20468.45,0,0
2236,2025-02-25,20445.55,20548.9,20388.75,20418.75,0,0
2237,2025-02-27,20436.5,20471.85,20283.5,20315.55,0,0
2238,2025-02-28,20185.4,20197.85,19816.0,19880.9,0,0
2239,2025-03-03,19935.55,19997.05,19658.3,19896.95,0,0
2240,2025-03-04,19736.05,19957.5,19681.65,19917.85,0,0
2241,2025-03-05,19901.6,20265.05,19901.6,20256.5,0,0
2242,2025-03-06,20411.45,20467.15,20262.75,20447.1,0,0
2243,2025-03-07,20428.15,20549.2,20377.6,20443.4,0,0
2244,2025-03-10,20434.95,20543.7,20253.0,20266.5,0,0
2245,2025-03-11,20122.55,20318.65,20073.4,20302.5,0,0
2246,2025-03-12,20351.9,20397.95,20108.7,20264.35,0,0
2247,2025-03-13,20337.85,20357.3,20159.45,20176.05,0,0
2248,2025-03-17,20166.6,20358.25,20166.5,20288.3,0,0
2249,2025-03-18,20418.55,20676.95,20370.2,20657.2,0,0
2250,2025-03-19,20713.25,20895.25,20664.0,20864.5,0,0
2251,2025-03-20,20989.35,21092.2,20873.55,21070.05,0,0
2252,2025-03-21,21065.25,21297.0,21031.45,21273.9,0,0
2253,2025-03-24,21427.2,21595.85,21346.8,21538.1,0,0
2254,2025-03-25,21652.85,21674.05,21385.8,21437.75,0,0
2255,2025-03-26,21464.95,21525.6,21255.7,21275.45,0,0
2256,2025-03-27,21218.4,21413.5,21195.7,21407.95,0,0
2257,2025-03-28,21439.2,21514.1,21277.9,21339.55,0,0
2258,2025-04-01,21227.1,21398.35,21042.45,21070.75,0,0
2259,2025-04-02,21101.85,21279.1,21007.15,21265.65,0,0
2260,2025-04-03,21100.55,21263.45,21096.75,21243.4,0,0
2261,2025-04-04,21199.2,21212.1,20736.8,20805.35,0,0
2262,2025-04-07,19524.25,20189.35,19519.85,20105.7,0,0
2263,2025-04-08,20430.1,20588.4,20227.15,20480.8,0,0
2264,2025-04-09,20422.95,20423.25,20252.35,20356.75,0,0
2265,2025-04-11,20684.85,20817.5,20629.0,20752.85,0,0
2266,2025-04-15,21199.05,21275.3,21067.6,21279.4,0,0
2267,2025-04-16,21302.75,21414.85,21246.4,21404.35,0,0
2268,2025-04-17,21379.35,21704.1,21296.35,21681.55,0,0
2269,2025-04-21,21787.05,22033.75,21732.45,22005.75,0,0
2270,2025-04-22,22072.0,22157.95,21953.4,22085.15,0,0
2271,2025-04-23,22238.6,22263.85,21988.35,22237.6,0,0
2272,2025-04-24,22217.65,22270.15,22155.4,22180.65,0,0
2273,2025-04-25,22220.3,22271.85,21661.6,21848.15,0,0
2274,2025-04-28,21843.45,22125.45,21841.4,22101.85,0,0
2275,2025-04-29,22160.75,22255.9,22084.55,22112.4,0,0
2276,2025-04-30,22119.2,22175.0,21920.55,22030.05,0,0
2277,2025-05-02,22009.95,22238.9,21920.85,22006.0,0,0
2278,2025-05-05,22086.25,22209.95,22070.95,22195.15,0,0
2279,2025-05-06,22235.6,22244.5,21916.9,21956.6,0,0
2280,2025-05-07,21756.8,22084.7,21752.9,22072.45,0,0
2281,2025-05-08,22109.35,22145.2,21836.7,21843.05,0,0
2282,2025-05-09,21463.75,21716.05,21463.75,21675.55,0,0
2283,2025-05-12,22149.4,22515.05,22126.4,22511.4,0,0
2284,2025-05-13,22491.5,22575.7,22317.5,22349.4,0,0
2285,2025-05-14,22402.65,22544.9,22366.4,22499.5,0,0
2286,2025-05-15,22547.05,22814.1,22408.65,22773.9,0,0
2287,2025-05-16,22825.55,22885.35,22750.35,22870.9,0,0
2288,2025-05-19,22896.25,22965.05,22827.65,22861.2,0,0
2289,2025-05-20,22942.65,22958.6,22565.55,22585.6,0,0
2290,2025-05-21,22632.4,22811.95,22577.4,22730.65,0,0
2291,2025-05-22,22674.0,22675.35,22464.45,22595.0,0,0
2292,2025-05-23,22628.75,22813.25,22580.8,22781.05,0,0
2293,2025-05-26,22852.7,22970.7,22845.4,22908.3,0,0
2294,2025-05-27,22895.05,22963.1,22721.8,22816.5,0,0
2295,2025-05-28,22843.25,22871.2,22776.15,22779.4,0,0
2296,2025-05-29,22859.45,22899.15,22750.15,22861.35,0,0
2297,2025-05-30,22868.25,22912.3,22759.15,22801.95,0,0
2298,2025-06-02,22758.6,22863.35,22664.15,22834.5,0,0
2299,2025-06-03,22906.2,22946.15,22691.25,22711.3,0,0
2300,2025-06-04,22742.2,22823.95,22667.9,22807.85,0,0
2301,2025-06-05,22879.2,23026.3,22828.85,22934.5,0,0
2302,2025-06-06,22962.0,23180.35,22891.6,23165.1,0,0
2303,2025-06-09,23308.65,23335.35,23254.55,23329.4,0,0
2304,2025-06-10,23422.3,23423.8,23287.35,23339.95,0,0
2305,2025-06-11,23376.6,23423.6,23271.4,23337.85,0,0
2306,2025-06-12,23363.5,23370.3,23009.65,23046.45,0,0
2307,2025-06-13,22631.7,22916.3,22631.7,22906.2,0,0
2308,2025-06-16,22914.85,23106.7,22789.4,23095.05,0,0
2309,2025-06-17,23126.8,23128.5,22959.15,22964.8,0,0
2310,2025-06-18,22937.75,23066.85,22868.35,22925.2,0,0
2311,2025-06-19,22921.6,22973.15,22741.65,22763.5,0,0
2312,2025-06-20,22760.65,23052.45,22760.6,23041.1,0,0
2313,2025-06-23,22880.35,23063.35,22837.8,23001.5,0,0
2314,2025-06-24,23212.3,23307.95,23074.25,23128.9,0,0
2315,2025-06-25,23216.15,23303.65,23190.85,23296.85,0,0
2316,2025-06-26,23341.2,23527.15,23319.85,23517.55,0,0
2317,2025-06-27,23566.7,23644.35,23538.55,23620.45,0,0
2318,2025-06-30,23672.35,23677.55,23563.0,23617.2,0,0
2319,2025-07-01,23659.75,23669.95,23558.9,23615.45,0,0
2320,2025-07-02,23653.05,23669.3,23463.85,23547.25,0,0
2321,2025-07-03,23591.8,23647.1,23503.55,23521.85,0,0
2322,2025-07-04,23553.45,23570.9,23448.9,23562.45,0,0
2323,2025-07-07,23561.6,23595.3,23506.5,23551.2,0,0
2324,2025-07-08,23540.6,23600.35,23469.95,23572.55,0,0
2325,2025-07-09,23576.45,23613.9,23513.85,23557.45,0,0
2326,2025-07-10,23595.85,23605.5,23444.95,23471.4,0,0
2327,2025-07-11,23408.8,23462.35,23273.75,23282.7,0,0
2328,2025-07-14,23290.15,23329.2,23200.1,23309.05,0,0
2329,2025-07-15,23334.55,23462.35,23332.8,23449.15,0,0
2330,2025-07-16,23458.9,23502.9,23403.5,23472.5,0,0
2331,2025-07-17,23507.65,23514.7,23409.05,23419.7,0,0
2332,2025-07-18,23430.0,23449.45,23240.85,23275.15,0,0
2333,2025-07-21,23296.75,23377.9,23184.9,23378.45,0,0
2334,2025-07-22,23449.75,23456.0,23306.4,23320.9,0,0
2335,2025-07-23,23382.4,23435.55,23296.0,23428.4,0,0
2336,2025-07-24,23447.35,23449.4,23257.6,23301.1,0,0
2337,2025-07-25,23255.25,23255.25,22993.0,23014.8,0,0
2338,2025-07-28,22967.4,23094.85,22818.15,22846.95,0,0
2339,2025-07-29,22793.0,23024.15,22777.7,23007.35,0,0
2340,2025-07-30,23064.25,23070.35,22959.45,23033.55,0,0
2341,2025-07-31,22804.2,23071.25,22802.15,22914.95,0,0
2342,2025-08-01,22901.6,22917.85,22654.5,22673.65,0,0
2343,2025-08-04,22699.7,22871.6,22648.6,22860.4,0,0
2344,2025-08-05,22869.5,22878.1,22736.05,22798.5,0,0
2345,2025-08-06,22807.55,22818.2,22622.35,22666.85,0,0
2346,2025-08-07,22563.4,22726.9,22425.85,22694.1,0,0
2347,2025-08-08,22680.9,22690.35,22419.7,22443.15,0,0
2348,2025-08-11,22447.55,22650.1,22406.0,22633.45,0,0
2349,2025-08-12,22633.65,22730.25,22554.3,22568.6,0,0
2350,2025-08-13,22655.15,22733.8,22624.45,22698.1,0,0
2351,2025-08-14,22713.65,22754.15,22646.7,22680.25,0,0
2352,2025-08-18,22958.3,23040.85,22913.05,22931.5,0,0
2353,2025-08-19,22959.5,23077.1,22908.15,23066.6,0,0
2354,2025-08-20,23067.7,23171.15,23025.85,23143.15,0,0
2355,2025-08-21,23221.75,23230.95,23126.75,23137.15,0,0
2356,2025-08-22,23133.85,23144.55,22980.85,22991.3,0,0
2357,2025-08-25,23069.3,23106.9,23022.1,23052.0,0,0
2358,2025-08-26,22994.85,23013.05,22755.15,22768.65,0,0
2359,2025-08-28,22762.25,22762.25,22531.25,22541.65,0,0
2360,2025-08-29,22524.15,22624.7,22443.8,22462.95,0,0
2361,2025-09-01,22491.9,22720.55,22491.9,22713.55,0,0
2362,2025-09-02,22758.2,22858.2,22678.45,22724.4,0,0
2363,2025-09-03,22764.0,22877.35,22709.2,22864.65,0,0
2364,2025-09-04,23116.9,23116.9,22795.0,22819.65,0,0
2365,2025-09-05,22891.75,22916.0,22718.5,22829.15,0,0
2366,2025-09-08,22892.8,22974.85,22835.9,22878.65,0,0
2367,2025-09-09,22949.55,22961.55,22893.05,22949.1,0,0
2368,2025-09-10,23056.8,23121.75,23027.05,23079.95,0,0
2369,2025-09-11,23073.45,23128.55,23065.7,23102.65,0,0
2370,2025-09-12,23171.55,23210.4,23129.9,23190.25,0,0
2371,2025-09-15,23213.15,23249.2,23182.05,23215.85,0,0
2372,2025-09-16,23240.25,23386.65,23217.3,23369.3,0,0
2373,2025-09-17,23419.1,23464.4,23395.75,23445.2,0,0
2374,2025-09-18,23534.15,23538.9,23434.45,23518.9,0,0
2375,2025-09-19,23530.6,23541.3,23451.6,23486.65,0,0
2376,2025-09-22,23434.75,23523.55,23335.1,23381.45,0,0
2377,2025-09-23,23408.2,23434.3,23253.1,23325.25,0,0
2378,2025-09-24,23293.4,23317.2,23165.95,23178.25,0,0
2379,2025-09-25,23169.45,23235.55,23009.55,23022.4,0,0
2380,2025-09-26,22965.9,22994.15,22692.7,22713.15,0,0
2381,2025-09-29,22783.9,22865.1,22677.0,22739.1,0,0
2382,2025-09-30,22793.65,22829.2,22669.3,22734.1,0,0
2383,2025-10-01,22745.95,22936.9,22726.25,22928.3,0,0
2384,2025-10-03,22905.1,23037.5,22874.15,23027.7,0,0
2385,2025-10-06,23055.15,23177.25,23008.3,23169.65,0,0
2386,2025-10-07,23191.35,23275.1,23170.85,23212.8,0,0
2387,2025-10-08,23197.95,23265.2,23087.9,23109.35,0,0
2388,2025-10-09,23144.3,23251.65,23101.85,23241.75,0,0
2389,2025-10-10,23247.45,23374.25,23220.05,23337.55,0,0
2390,2025-10-13,23245.05,23315.65,23201.55,23294.8,0,0
2391,2025-10-14,23349.75,23374.0,23121.5,23160.7,0,0
2392,2025-10-15,23227.55,23400.95,23224.15,23377.35,0,0
2393,2025-10-16,23443.3,23592.85,23428.15,23563.8,0,0
2394,2025-10-17,23547.0,23679.05,23515.85,23593.5,0,0
2395,2025-10-20,23699.35,23766.55,23654.75,23716.1,0,0
2396,2025-10-21,23791.9,23818.35,23723.4,23759.2,0,0
2397,2025-10-23,23899.75,23926.1,23729.35,23755.9,0,0
2398,2025-10-24,23796.2,23802.75,23622.8,23686.6,0,0
2399,2025-10-27,23742.7,23856.3,23723.4,23840.9,0,0
2400,2025-10-28,23844.75,23907.55,23717.05,23812.55,0,0
2401,2025-10-29,23851.55,23971.55,23821.3,23952.4,0,0
2402,2025-10-30,23933.65,23949.75,23804.45,23841.3,0,0
2403,2025-10-31,23847.6,23913.45,23698.05,23710.4,0,0
2404,2025-11-03,23711.95,23840.1,23695.15,23810.7,0,0
2405,2025-11-04,23811.3,23829.7,23660.2,23675.45,0,0
2406,2025-11-06,23683.35,23713.4,23501.05,23513.15,0,0
2407,2025-11-07,23441.05,23570.1,23291.2,23521.5,0,0
2408,2025-11-10,23545.35,23658.85,23542.1,23596.9,0,0
2409,2025-11-11,23634.65,23688.2,23476.3,23682.65,0,0
2410,2025-11-12,23796.95,23874.85,23766.2,23836.9,0,0
2411,2025-11-13,23867.65,23935.1,23793.65,23816.0,0,0
2412,2025-11-14,23751.25,23858.3,23717.0,23836.35,0,0
2413,2025-11-17,23889.55,23964.75,23863.55,23954.55,0,0
2414,2025-11-18,23970.45,23973.05,23800.95,23824.65,0,0
2415,2025-11-19,23832.55,23924.3,23766.6,23906.3,0,0
2416,2025-11-20,23984.4,24032.1,23918.8,23975.45,0,0
2417,2025-11-21,23917.5,23938.3,23787.1,23790.25,0,0
2418,2025-11-24,23827.25,23835.2,23667.55,23674.55,0,0
2419,2025-11-25,23700.55,23745.5,23635.8,23655.05,0,0
2420,2025-11-26,23654.75,23965.35,23654.75,23955.2,0,0
2421,2025-11-27,24011.9,24026.25,23879.6,23947.75,0,0
2422,2025-11-28,23968.8,23979.7,23907.75,23933.2,0,0
2423,2025-12-01,24034.95,24035.0,23871.75,23918.55,0,0
2424,2025-12-02,23870.6,23925.85,23782.75,23822.25,0,0
2425,2025-12-03,23813.45,23845.8,23641.75,23716.3,0,0
2426,2025-12-04,23718.1,23820.45,23680.25,23741.1,0,0
2427,2025-12-05,23720.7,23841.7,23672.35,23835.25,0,0
2428,2025-12-08,23821.75,23833.15,23460.7,23526.2,0,0
2429,2025-12-09,23447.05,23556.35,23259.7,23516.25,0,0
2430,2025-12-10,23540.15,23628.3,23390.8,23408.8,0,0
2431,2025-12-11,23421.9,23562.15,23344.25,23550.85,0,0
2432,2025-12-12,23620.35,23737.7,23613.0,23726.2,0,0
2433,2025-12-15,23654.0,23735.7,23591.3,23725.2,0,0
2434,2025-12-16,23676.8,23687.35,23542.55,23570.15,0,0
2435,2025-12-17,23597.6,23635.05,23449.5,23496.05,0,0
2436,2025-12-18,23469.8,23553.25,23363.5,23491.5,0,0
2437,2025-12-19,23562.65,23688.35,23548.95,23677.55,0,0
2438,2025-12-22,23760.95,23878.65,23743.25,23867.65,0,0
2439,2025-12-23,23906.1,23929.25,23825.15,23895.15,0,0
2440,2025-12-24,23903.1,23956.8,23838.4,23850.25,0,0
2441,2025-12-26,23841.95,23885.35,23752.55,23780.25,0,0
2442,2025-12-29,23804.4,23826.75,23660.3,23682.1,0,0
2443,2025-12-30,23675.3,23704.2,23599.9,23668.8,0,0
2444,2025-12-31,23710.45,23921.45,23709.55,23871.55,0,0
2445,2026-01-01,23914.65,23925.55,23835.55,23909.55,0,0
2446,2026-01-02,23935.95,24107.7,23921.45,24099.0,0,0
2447,2026-01-05,24123.1,24144.2,23999.15,24058.45,0,0
2448,2026-01-06,24042.9,24089.75,23941.4,24010.5,0,0
2449,2026-01-07,23995.85,24050.55,23942.25,24016.6,0,0
2450,2026-01-08,23996.2,24010.45,23672.75,23680.1,0,0
2451,2026-01-09,23646.75,23741.75,23407.7,23467.35,0,0
2452,2026-01-12,23459.4,23533.45,23199.5,23527.55,0,0
2453,2026-01-13,23603.45,23627.05,23336.05,23480.65,0,0
2454,2026-01-14,23422.1,23558.7,23399.9,23475.85,0,0
2455,2026-01-16,23502.85,23652.7,23455.5,23485.3,0,0
2456,2026-01-19,23443.3,23443.35,23324.85,23373.75,0,0
2457,2026-01-20,23365.65,23368.15,22888.65,22946.65,0,0
2458,2026-01-21,22864.5,22981.8,22586.8,22835.15,0,0
2459,2026-01-22,23013.45,23144.55,22888.5,23008.75,0,0
2460,2026-01-23,23072.3,23073.35,22679.7,22706.2,0,0
2461,2026-01-27,22752.7,22886.95,22562.95,22819.25,0,0
2462,2026-01-28,22899.6,23101.75,22884.5,23082.1,0,0
2463,2026-01-29,23107.5,23158.6,22922.6,23134.8,0,0
2464,2026-01-30,22994.3,23110.2,22916.0,23079.5,0,0
2465,2026-02-01,23067.5,23160.1,22337.3,22611.3,0,0
2466,2026-02-02,22595.45,22869.7,22408.5,22837.0,0,0
2467,2026-02-03,23870.2,23912.35,23355.5,23446.3,0,0
2468,2026-02-04,23414.1,23562.7,23284.45,23534.95,0,0
2469,2026-02-05,23509.75,23509.95,23337.35,23411.7,0,0
2470,2026-02-06,23366.5,23446.3,23211.4,23434.0,0,0
2471,2026-02-09,23600.85,23693.05,23535.4,23683.4,0,0
2472,2026-02-10,23752.6,23796.4,23691.5,23753.75,0,0
2473,2026-02-11,23808.1,23811.15,23707.15,23755.65,0,0
2474,2026-02-12,23753.8,23753.8,23589.05,23635.8,0,0
2475,2026-02-13,23448.7,23464.05,23291.5,23313.15,0,0
2476,2026-02-16,23248.55,23372.75,23190.2,23330.7,0,0
