Date,Open,High,Low,Close,volume,oi,Ticker,%change,Initial_Allocation,Selection_Date,Buy_Hold_Value,Buy_Price,Quantity,Real_Rank,Total_Portfolio_Value,Hedge_Segment
2025-11-11,543.8,556.5,532.0,547.95,1343800.0,0.0,AIIL,,3.75,2025-11-01,3.75,547.95,0.006843690117711469,11.0,100.0,
2025-11-11,3125.0,3139.9,3040.0,3084.9,151685.0,0.0,ANANDRATHI,,3.75,2025-11-01,3.75,3084.9,0.001215598560731304,13.0,100.0,
2025-11-11,140.6,141.39,137.95,140.87,21813910.0,0.0,CANBK,,3.75,2025-11-01,3.75,140.87,0.026620288208987007,19.0,100.0,
2025-11-11,4349.1,4420.0,4290.9,4414.2,395014.0,0.0,CUMMINSIND,,3.75,2025-11-01,3.75,4414.2,0.0008495310588555118,15.0,100.0,
2025-11-11,430.1,434.9,424.45,430.1,4395363.0,0.0,DELHIVERY,,3.75,2025-11-01,3.75,430.1,0.008718902580795164,12.0,100.0,
2025-11-11,999.0,999.0,980.0,986.9,3524034.0,0.0,FORTIS,,3.75,2025-11-01,3.75,986.9,0.003799777079744655,9.0,100.0,
2025-11-11,1895.0,1896.9,1842.5,1851.2,26989.0,0.0,GLAND,,3.75,2025-11-01,3.75,1851.2,0.0020257130509939497,14.0,100.0,
2025-11-11,102.83,103.72,102.8,103.29,33803897.0,0.0,GOLDBEES,,25.0,2025-11-01,25.0,103.29,0.24203698325104075,,100.0,
2025-11-11,1094.0,1108.0,988.0,994.2,13722312.0,0.0,HBLENGINE,,3.75,2025-11-01,3.75,994.2,0.003771876885938443,1.0,100.0,
2025-11-11,5375.5,5430.0,5331.0,5417.5,348232.0,0.0,HEROMOTOCO,,3.75,2025-11-01,3.75,5417.5,0.0006922011998154131,6.0,100.0,
2025-11-11,790.8,794.7,778.1,793.75,5411465.0,0.0,HINDALCO,,3.75,2025-11-01,3.75,793.75,0.004724409448818898,16.0,100.0,
2025-11-11,340.0,365.35,339.6,359.7,36648857.0,0.0,HINDCOPPER,,3.75,2025-11-01,3.75,359.7,0.01042535446205171,5.0,100.0,
2025-11-11,2358.1,2363.0,2331.0,2356.0,438339.0,0.0,HYUNDAI,,3.75,2025-11-01,3.75,2356.0,0.0015916808149405773,18.0,100.0,
2025-11-11,544.0,548.7,538.05,540.75,1213563.0,0.0,IIFL,,3.75,2025-11-01,3.75,540.75,0.006934812760055479,2.0,100.0,
2025-11-11,880.55,880.55,855.35,867.9,1188117.0,0.0,INDIANB,,3.75,2025-11-01,3.75,867.9,0.004320774282751469,10.0,100.0,
2025-11-11,1123.8,1123.9,1095.0,1098.9,437416.0,0.0,INTELLECT,,3.75,2025-11-01,3.75,1098.9,0.0034125034125034124,8.0,100.0,
2025-11-11,147.64,148.0,143.4,147.42,4108918.0,0.0,JMFINANCIL,,3.75,2025-11-01,3.75,147.42,0.02543752543752544,20.0,100.0,
2025-11-11,1001.05,1005.0,970.35,985.7,1828103.0,0.0,LAURUSLABS,,3.75,2025-11-01,3.75,985.7,0.0038044029623617733,3.0,100.0,
2025-11-11,300.5,302.45,291.65,295.05,16005871.0,0.0,LTF,,3.75,2025-11-01,3.75,295.05,0.012709710218607015,4.0,100.0,
2025-11-11,3420.0,3533.0,3392.5,3493.7,2906091.0,0.0,NETWEB,,3.75,2025-11-01,3.75,3493.7,0.0010733606205455535,7.0,100.0,
2025-11-11,1330.7,1345.1,1317.2,1332.6,2604486.0,0.0,PAYTM,,3.75,2025-11-01,3.75,1332.6,0.0028140477262494374,17.0,100.0,
2025-11-12,544.0,562.4,540.2,559.6,337825.0,0.0,AIIL,0.021261063965690274,3.75,2025-11-01,3.8297289898713385,547.95,0.006843690117711469,11.0,100.0297320548799,
2025-11-12,3098.9,3110.5,3025.0,3097.7,135318.0,0.0,ANANDRATHI,0.004149243087296028,3.75,2025-11-01,3.76555966157736,3084.9,0.001215598560731304,13.0,100.0297320548799,
2025-11-12,141.7,144.54,141.37,143.57,39711769.0,0.0,CANBK,0.019166607510470612,3.75,2025-11-01,3.821874778164265,140.87,0.026620288208987007,19.0,100.0297320548799,
2025-11-12,4420.0,4423.9,4370.0,4395.4,617858.0,0.0,CUMMINSIND,-0.004258982375062392,3.75,2025-11-01,3.7340288160935162,4414.2,0.0008495310588555118,15.0,100.0297320548799,
2025-11-12,431.0,434.45,422.3,431.4,4033398.0,0.0,DELHIVERY,0.0030225528946754565,3.75,2025-11-01,3.761334573355033,430.1,0.008718902580795164,12.0,100.0297320548799,
2025-11-12,1004.1,1007.5,949.6,969.4,6846735.0,0.0,FORTIS,-0.01773229303880841,3.75,2025-11-01,3.6835039011044683,986.9,0.003799777079744655,9.0,100.0297320548799,
2025-11-12,1851.1,1886.9,1827.0,1837.9,98290.0,0.0,GLAND,-0.00718452895419186,3.75,2025-11-01,3.7230580164217804,1851.2,0.0020257130509939497,14.0,100.0297320548799,
2025-11-12,102.98,102.98,102.15,102.69,29596247.0,0.0,GOLDBEES,-0.005808887598025114,25.0,2025-11-01,24.854777810049374,103.29,0.24203698325104075,,100.0297320548799,
2025-11-12,1014.0,1017.9,966.3,975.1,7091433.0,0.0,HBLENGINE,-0.019211426272379817,3.75,2025-11-01,3.6779571514785756,994.2,0.003771876885938443,1.0,100.0297320548799,
2025-11-12,5440.0,5557.0,5421.5,5534.0,534031.0,0.0,HEROMOTOCO,0.021504383940932126,3.75,2025-11-01,3.8306414397784954,5417.5,0.0006922011998154131,6.0,100.0297320548799,
2025-11-12,798.0,809.0,791.75,794.4,7589035.0,0.0,HINDALCO,0.0008188976377951906,3.75,2025-11-01,3.753070866141732,793.75,0.004724409448818898,16.0,100.0297320548799,
2025-11-12,359.9,359.9,338.5,339.7,17057756.0,0.0,HINDCOPPER,-0.05560189046427577,3.75,2025-11-01,3.541492910758966,359.7,0.01042535446205171,5.0,100.0297320548799,
2025-11-12,2363.0,2408.6,2352.2,2395.0,417388.0,0.0,HYUNDAI,0.016553480475381965,3.75,2025-11-01,3.8120755517826823,2356.0,0.0015916808149405773,18.0,100.0297320548799,
2025-11-12,543.9,544.8,534.2,540.35,566485.0,0.0,IIFL,-0.0007397133610725914,3.75,2025-11-01,3.747226074895978,540.75,0.006934812760055479,2.0,100.0297320548799,
2025-11-12,872.9,876.85,861.65,867.5,1129627.0,0.0,INDIANB,-0.00046088259016008326,3.75,2025-11-01,3.7482716902868995,867.9,0.004320774282751469,10.0,100.0297320548799,
2025-11-12,1098.9,1168.0,1090.1,1148.0,1145529.0,0.0,INTELLECT,0.04468104468104461,3.75,2025-11-01,3.917553917553917,1098.9,0.0034125034125034124,8.0,100.0297320548799,
2025-11-12,148.05,152.0,146.62,151.47,3197763.0,0.0,JMFINANCIL,0.027472527472527597,3.75,2025-11-01,3.8530219780219785,147.42,0.02543752543752544,20.0,100.0297320548799,
2025-11-12,994.0,997.4,984.85,989.25,1468376.0,0.0,LAURUSLABS,0.003601501471035773,3.75,2025-11-01,3.7635056305163843,985.7,0.0038044029623617733,3.0,100.0297320548799,
2025-11-12,296.5,301.4,293.9,294.9,5279025.0,0.0,LTF,-0.0005083884087443424,3.75,2025-11-01,3.748093543467209,295.05,0.012709710218607015,4.0,100.0297320548799,
2025-11-12,3518.4,3620.0,3494.1,3528.4,1681255.0,0.0,NETWEB,0.009932163608781686,3.75,2025-11-01,3.7872456135329315,3493.7,0.0010733606205455535,7.0,100.0297320548799,
2025-11-12,1332.6,1341.9,1300.2,1306.2,2274788.0,0.0,PAYTM,-0.01981089599279595,3.75,2025-11-01,3.675709140027015,1332.6,0.0028140477262494374,17.0,100.0297320548799,
2025-11-13,560.0,575.8,560.0,570.8,264485.0,0.0,AIIL,0.020014295925661063,3.75,2025-11-01,3.906378319189707,547.95,0.006843690117711469,11.0,100.57717075093372,
2025-11-13,3088.1,3095.9,3025.0,3073.8,149866.0,0.0,ANANDRATHI,-0.007715401749685102,3.75,2025-11-01,3.7365068559758825,3084.9,0.001215598560731304,13.0,100.57717075093372,
2025-11-13,143.5,145.0,143.0,143.45,27528003.0,0.0,CANBK,-0.0008358292122310207,3.75,2025-11-01,3.818680343579186,140.87,0.026620288208987007,19.0,100.57717075093372,
2025-11-13,4367.5,4450.0,4350.0,4366.2,405072.0,0.0,CUMMINSIND,-0.006643308913864443,3.75,2025-11-01,3.709222509174935,4414.2,0.0008495310588555118,15.0,100.57717075093372,
2025-11-13,432.0,441.9,427.0,434.05,3731700.0,0.0,DELHIVERY,0.006142790913305607,3.75,2025-11-01,3.7844396651941405,430.1,0.008718902580795164,12.0,100.57717075093372,
2025-11-13,971.0,977.9,948.4,953.0,3239284.0,0.0,FORTIS,-0.01691768103981839,3.75,2025-11-01,3.6211875569966563,986.9,0.003799777079744655,9.0,100.57717075093372,
2025-11-13,1845.0,1868.0,1815.3,1829.2,71801.0,0.0,GLAND,-0.004733663420207868,3.75,2025-11-01,3.705434312878133,1851.2,0.0020257130509939497,14.0,100.57717075093372,
2025-11-13,104.16,105.46,104.16,105.37,33205778.0,0.0,GOLDBEES,0.02609796474827153,25.0,2025-11-01,25.50343692516216,103.29,0.24203698325104075,,100.57717075093372,
2025-11-13,980.0,1010.0,960.9,964.8,3913425.0,0.0,HBLENGINE,-0.010563019177520339,3.75,2025-11-01,3.6391068195534095,994.2,0.003771876885938443,1.0,100.57717075093372,
2025-11-13,5554.0,5594.5,5485.5,5508.5,585663.0,0.0,HEROMOTOCO,-0.004607878568847146,3.75,2025-11-01,3.8129903091832023,5417.5,0.0006922011998154131,6.0,100.57717075093372,
2025-11-13,803.0,816.5,799.0,811.95,5854638.0,0.0,HINDALCO,0.022092145015105924,3.75,2025-11-01,3.835984251968504,793.75,0.004724409448818898,16.0,100.57717075093372,
2025-11-13,343.0,347.5,335.4,337.05,11113848.0,0.0,HINDCOPPER,-0.00780100088313207,3.75,2025-11-01,3.513865721434529,359.7,0.01042535446205171,5.0,100.57717075093372,
2025-11-13,2400.0,2444.9,2398.6,2415.2,541055.0,0.0,HYUNDAI,0.008434237995824656,3.75,2025-11-01,3.8442275042444822,2356.0,0.0015916808149405773,18.0,100.57717075093372,
2025-11-13,541.0,543.8,536.4,537.65,396119.0,0.0,IIFL,-0.004996761358378898,3.75,2025-11-01,3.728502080443828,540.75,0.006934812760055479,2.0,100.57717075093372,
2025-11-13,867.5,873.3,859.0,869.45,882359.0,0.0,INDIANB,0.002247838616714848,3.75,2025-11-01,3.7566972001382655,867.9,0.004320774282751469,10.0,100.57717075093372,
2025-11-13,1148.0,1153.2,1106.6,1120.4,392976.0,0.0,INTELLECT,-0.024041811846689853,3.75,2025-11-01,3.8233688233688228,1098.9,0.0034125034125034124,8.0,100.57717075093372,
2025-11-13,151.47,164.56,151.47,154.1,25115859.0,0.0,JMFINANCIL,0.017363174225919265,3.75,2025-11-01,3.9199226699226704,147.42,0.02543752543752544,20.0,100.57717075093372,
2025-11-13,989.25,1005.0,984.65,997.05,1039405.0,0.0,LAURUSLABS,0.007884761182714195,3.75,2025-11-01,3.793179973622806,985.7,0.0038044029623617733,3.0,100.57717075093372,
2025-11-13,295.1,295.5,291.3,292.2,3630010.0,0.0,LTF,-0.00915564598168872,3.75,2025-11-01,3.7137773258769697,295.05,0.012709710218607015,4.0,100.57717075093372,
2025-11-13,3545.0,3569.9,3440.0,3475.9,1103226.0,0.0,NETWEB,-0.014879265389411644,3.75,2025-11-01,3.73089418095429,3493.7,0.0010733606205455535,7.0,100.57717075093372,
2025-11-13,1310.0,1316.8,1298.6,1307.5,2141870.0,0.0,PAYTM,0.0009952534068289332,3.75,2025-11-01,3.679367402071139,1332.6,0.0028140477262494374,17.0,100.57717075093372,
2025-11-14,564.0,569.0,554.0,554.9,174175.0,0.0,AIIL,-0.0278556412053258,3.75,2025-11-01,3.797563646318095,547.95,0.006843690117711469,11.0,99.98740174176336,
2025-11-14,3050.0,3084.0,3010.0,3022.3,96541.0,0.0,ANANDRATHI,-0.01675450582341076,3.75,2025-11-01,3.6739035300982206,3084.9,0.001215598560731304,13.0,99.98740174176336,
2025-11-14,143.88,146.38,143.36,146.07,26463777.0,0.0,CANBK,0.018264203555245828,3.75,2025-11-01,3.888425498686732,140.87,0.026620288208987007,19.0,99.98740174176336,
2025-11-14,4363.3,4363.3,4263.0,4283.2,484468.0,0.0,CUMMINSIND,-0.019009665155054756,3.75,2025-11-01,3.638711431289928,4414.2,0.0008495310588555118,15.0,99.98740174176336,
2025-11-14,434.05,439.85,433.1,436.4,1449477.0,0.0,DELHIVERY,0.005414122796912668,3.75,2025-11-01,3.804929086259009,430.1,0.008718902580795164,12.0,99.98740174176336,
2025-11-14,950.0,951.0,930.3,937.7,3268449.0,0.0,FORTIS,-0.016054564533053428,3.75,2025-11-01,3.5630509676765634,986.9,0.003799777079744655,9.0,99.98740174176336,
2025-11-14,1856.0,1862.5,1812.2,1830.0,67384.0,0.0,GLAND,0.0004373496610539096,3.75,2025-11-01,3.707054883318928,1851.2,0.0020257130509939497,14.0,99.98740174176336,
2025-11-14,105.12,105.12,103.56,103.81,28533187.0,0.0,GOLDBEES,-0.01480497295245331,25.0,2025-11-01,25.125859231290537,103.29,0.24203698325104075,,99.98740174176336,
2025-11-14,962.5,1051.9,960.9,1041.3,14393771.0,0.0,HBLENGINE,0.07929104477611948,3.75,2025-11-01,3.9276554013277005,994.2,0.003771876885938443,1.0,99.98740174176336,
2025-11-14,5521.5,5629.5,5462.5,5538.5,938647.0,0.0,HEROMOTOCO,0.0054461287101752465,3.75,2025-11-01,3.833756345177665,5417.5,0.0006922011998154131,6.0,99.98740174176336,
2025-11-14,807.0,812.5,796.0,803.65,4113598.0,0.0,HINDALCO,-0.010222304329084442,3.75,2025-11-01,3.7967716535433067,793.75,0.004724409448818898,16.0,99.98740174176336,
2025-11-14,337.9,338.55,332.05,335.25,5490018.0,0.0,HINDCOPPER,-0.005340453938584844,3.75,2025-11-01,3.495100083402836,359.7,0.01042535446205171,5.0,99.98740174176336,
2025-11-14,2415.2,2429.8,2351.2,2356.1,442916.0,0.0,HYUNDAI,-0.0244700231864855,3.75,2025-11-01,3.750159168081494,2356.0,0.0015916808149405773,18.0,99.98740174176336,
2025-11-14,540.0,558.0,539.95,547.3,3473801.0,0.0,IIFL,0.017948479494094727,3.75,2025-11-01,3.7954230235783633,540.75,0.006934812760055479,2.0,99.98740174176336,
2025-11-14,868.05,873.9,862.0,868.45,1111820.0,0.0,INDIANB,-0.0011501523951923387,3.75,2025-11-01,3.7523764258555143,867.9,0.004320774282751469,10.0,99.98740174176336,
2025-11-14,1108.2,1108.3,1083.3,1089.7,232872.0,0.0,INTELLECT,-0.027400928239914357,3.75,2025-11-01,3.718604968604968,1098.9,0.0034125034125034124,8.0,99.98740174176336,
2025-11-14,154.8,154.8,149.05,150.67,3558536.0,0.0,JMFINANCIL,-0.0222582738481506,3.75,2025-11-01,3.8326719576719586,147.42,0.02543752543752544,20.0,99.98740174176336,
2025-11-14,1001.2,1014.4,992.95,999.0,1785705.0,0.0,LAURUSLABS,0.0019557695200842495,3.75,2025-11-01,3.800598559399411,985.7,0.0038044029623617733,3.0,99.98740174176336,
2025-11-14,291.95,296.75,290.15,294.15,4821228.0,0.0,LTF,0.006673511293634471,3.75,2025-11-01,3.7385612608032535,295.05,0.012709710218607015,4.0,99.98740174176336,
2025-11-14,3440.1,3540.7,3406.9,3438.0,1024044.0,0.0,NETWEB,-0.010903650853016478,3.75,2025-11-01,3.690213813435613,3493.7,0.0010733606205455535,7.0,99.98740174176336,
2025-11-14,1307.5,1315.0,1289.0,1299.2,1913597.0,0.0,PAYTM,-0.006347992351816378,3.75,2025-11-01,3.656010805943269,1332.6,0.0028140477262494374,17.0,99.98740174176336,
2025-11-17,550.0,568.0,544.0,556.75,645580.0,0.0,AIIL,0.0033339340421698616,3.75,2025-11-01,3.810224473035862,547.95,0.006843690117711469,11.0,100.38443338604938,
2025-11-17,3035.0,3062.2,3020.0,3034.9,88492.0,0.0,ANANDRATHI,0.004169010356351199,3.75,2025-11-01,3.6892200719634354,3084.9,0.001215598560731304,13.0,100.38443338604938,
2025-11-17,146.6,150.32,146.27,149.12,44625403.0,0.0,CANBK,0.020880399808311134,3.75,2025-11-01,3.969617377724143,140.87,0.026620288208987007,19.0,100.38443338604938,
2025-11-17,4289.9,4389.8,4287.9,4381.2,525370.0,0.0,CUMMINSIND,0.022880089652596247,3.75,2025-11-01,3.721965475057768,4414.2,0.0008495310588555118,15.0,100.38443338604938,
2025-11-17,437.15,443.45,436.6,440.1,1277411.0,0.0,DELHIVERY,0.008478460128322762,3.75,2025-11-01,3.8371890258079517,430.1,0.008718902580795164,12.0,100.38443338604938,
2025-11-17,943.0,953.2,931.2,944.1,3466951.0,0.0,FORTIS,0.006825210621733913,3.75,2025-11-01,3.5873695409869284,986.9,0.003799777079744655,9.0,100.38443338604938,
2025-11-17,1818.0,1838.3,1810.4,1815.3,90653.0,0.0,GLAND,-0.00803278688524589,3.75,2025-11-01,3.677276901469317,1851.2,0.0020257130509939497,14.0,100.38443338604938,
2025-11-17,103.36,103.36,101.0,101.94,27817135.0,0.0,GOLDBEES,-0.018013678836335645,25.0,2025-11-01,24.67325007261109,103.29,0.24203698325104075,,100.38443338604938,
2025-11-17,1045.0,1055.0,1022.2,1038.4,2445936.0,0.0,HBLENGINE,-0.0027849803130700623,3.75,2025-11-01,3.9167169583584798,994.2,0.003771876885938443,1.0,100.38443338604938,
2025-11-17,5589.0,5810.0,5571.0,5798.5,1770568.0,0.0,HEROMOTOCO,0.046944118443621896,3.75,2025-11-01,4.013728657129672,5417.5,0.0006922011998154131,6.0,100.38443338604938,
2025-11-17,801.0,809.0,799.75,807.15,2770547.0,0.0,HINDALCO,0.004355129720649442,3.75,2025-11-01,3.8133070866141723,793.75,0.004724409448818898,16.0,100.38443338604938,
2025-11-17,336.4,340.9,332.3,338.55,5215839.0,0.0,HINDCOPPER,0.009843400447427264,3.75,2025-11-01,3.5295037531276066,359.7,0.01042535446205171,5.0,100.38443338604938,
2025-11-17,2367.8,2393.0,2338.0,2378.6,636749.0,0.0,HYUNDAI,0.009549679555197255,3.75,2025-11-01,3.7859719864176573,2356.0,0.0015916808149405773,18.0,100.38443338604938,
2025-11-17,551.0,562.65,545.3,561.6,2078258.0,0.0,IIFL,0.026128266033254244,3.75,2025-11-01,3.8945908460471563,540.75,0.006934812760055479,2.0,100.38443338604938,
2025-11-17,873.0,891.5,872.05,890.15,2172112.0,0.0,INDIANB,0.024987045886349257,3.75,2025-11-01,3.8461372277912216,867.9,0.004320774282751469,10.0,100.38443338604938,
2025-11-17,1094.4,1101.8,1084.8,1096.2,265652.0,0.0,INTELLECT,0.005964944480132184,3.75,2025-11-01,3.7407862407862402,1098.9,0.0034125034125034124,8.0,100.38443338604938,
2025-11-17,151.0,151.48,147.35,149.7,3601693.0,0.0,JMFINANCIL,-0.006437910665693214,3.75,2025-11-01,3.807997557997559,147.42,0.02543752543752544,20.0,100.38443338604938,
2025-11-17,1001.05,1025.0,997.3,1021.85,1696744.0,0.0,LAURUSLABS,0.022872872872872874,3.75,2025-11-01,3.8875291670893777,985.7,0.0038044029623617733,3.0,100.38443338604938,
2025-11-17,295.05,301.5,292.95,299.4,11584288.0,0.0,LTF,0.017848036715961246,3.75,2025-11-01,3.8052872394509403,295.05,0.012709710218607015,4.0,100.38443338604938,
2025-11-17,3444.0,3466.7,3361.0,3378.1,858643.0,0.0,NETWEB,-0.017422920302501477,3.75,2025-11-01,3.6259195122649346,3493.7,0.0010733606205455535,7.0,100.38443338604938,
2025-11-17,1306.1,1336.0,1302.6,1332.9,2603235.0,0.0,PAYTM,0.025939039408866993,3.75,2025-11-01,3.7508442143178753,1332.6,0.0028140477262494374,17.0,100.38443338604938,
2025-11-18,560.9,563.0,549.6,559.0,289275.0,0.0,AIIL,0.00404131118096096,3.75,2025-11-01,3.8256227758007126,547.95,0.006843690117711469,11.0,99.21313825029092,
2025-11-18,3049.8,3049.8,2932.0,2945.6,95073.0,0.0,ANANDRATHI,-0.029424363240963536,3.75,2025-11-01,3.5806671204901295,3084.9,0.001215598560731304,13.0,99.21313825029092,
2025-11-18,149.48,150.69,148.41,149.0,29594222.0,0.0,CANBK,-0.0008047210300429208,3.75,2025-11-01,3.9664229431390643,140.87,0.026620288208987007,19.0,99.21313825029092,
2025-11-18,4381.7,4386.0,4245.0,4252.4,463826.0,0.0,CUMMINSIND,-0.029398338354788667,3.75,2025-11-01,3.612545874677178,4414.2,0.0008495310588555118,15.0,99.21313825029092,
2025-11-18,439.95,440.1,427.4,435.85,2184154.0,0.0,DELHIVERY,-0.00965689615996368,3.75,2025-11-01,3.8001336898395723,430.1,0.008718902580795164,12.0,99.21313825029092,
2025-11-18,946.4,946.4,922.0,928.1,2325318.0,0.0,FORTIS,-0.01694735727147545,3.75,2025-11-01,3.5265731077110143,986.9,0.003799777079744655,9.0,99.21313825029092,
2025-11-18,1810.0,1828.1,1785.0,1790.1,63404.0,0.0,GLAND,-0.01388200297471498,3.75,2025-11-01,3.626228932584269,1851.2,0.0020257130509939497,14.0,99.21313825029092,
2025-11-18,100.87,101.12,100.01,100.91,35663185.0,0.0,GOLDBEES,-0.010103982734942174,25.0,2025-11-01,24.42395197986252,103.29,0.24203698325104075,,99.21313825029092,
2025-11-18,1038.3,1045.0,1024.5,1028.7,1369869.0,0.0,HBLENGINE,-0.009341294298921499,3.75,2025-11-01,3.8801297525648764,994.2,0.003771876885938443,1.0,99.21313825029092,
2025-11-18,5820.0,5882.0,5789.5,5799.5,1182455.0,0.0,HEROMOTOCO,0.00017245839441226707,3.75,2025-11-01,4.014420858329487,5417.5,0.0006922011998154131,6.0,99.21313825029092,
2025-11-18,804.5,804.5,788.35,797.15,7299555.0,0.0,HINDALCO,-0.012389270891408066,3.75,2025-11-01,3.766062992125983,793.75,0.004724409448818898,16.0,99.21313825029092,
2025-11-18,335.1,335.5,327.5,330.55,5032784.0,0.0,HINDCOPPER,-0.02363018756461377,3.75,2025-11-01,3.4461009174311927,359.7,0.01042535446205171,5.0,99.21313825029092,
2025-11-18,2388.0,2417.0,2375.0,2389.8,647065.0,0.0,HYUNDAI,0.004708652148322612,3.75,2025-11-01,3.8037988115449917,2356.0,0.0015916808149405773,18.0,99.21313825029092,
2025-11-18,561.9,567.0,550.8,565.15,2048417.0,0.0,IIFL,0.006321225071225012,3.75,2025-11-01,3.919209431345353,540.75,0.006934812760055479,2.0,99.21313825029092,
2025-11-18,893.7,894.85,884.0,886.9,1190105.0,0.0,INDIANB,-0.0036510700443745936,3.75,2025-11-01,3.832094711372279,867.9,0.004320774282751469,10.0,99.21313825029092,
2025-11-18,1097.3,1112.8,1072.4,1088.3,460925.0,0.0,INTELLECT,-0.007206714103265899,3.75,2025-11-01,3.713827463827463,1098.9,0.0034125034125034124,8.0,99.21313825029092,
2025-11-18,149.71,150.39,146.24,146.71,2826708.0,0.0,JMFINANCIL,-0.019973279893119478,3.75,2025-11-01,3.7319393569393586,147.42,0.02543752543752544,20.0,99.21313825029092,
2025-11-18,1028.0,1033.5,1000.6,1006.9,2922214.0,0.0,LAURUSLABS,-0.01463032734745806,3.75,2025-11-01,3.830653342802069,985.7,0.0038044029623617733,3.0,99.21313825029092,
2025-11-18,299.9,300.05,295.75,296.5,4592406.0,0.0,LTF,-0.009686038744154857,3.75,2025-11-01,3.76842907981698,295.05,0.012709710218607015,4.0,99.21313825029092,
2025-11-18,3382.0,3384.5,3240.0,3259.6,775337.0,0.0,NETWEB,-0.03507889050057722,3.75,2025-11-01,3.498726278730287,3493.7,0.0010733606205455535,7.0,99.21313825029092,
2025-11-18,1314.0,1333.9,1290.5,1295.5,18480822.0,0.0,PAYTM,-0.028059119213744488,3.75,2025-11-01,3.6455988293561465,1332.6,0.0028140477262494374,17.0,99.21313825029092,
2025-11-19,562.0,562.1,540.4,545.2,777590.0,0.0,AIIL,-0.02468694096601065,3.75,2025-11-01,3.731179852176295,547.95,0.006843690117711469,11.0,99.19368587617147,
2025-11-19,2953.0,2965.5,2916.0,2941.5,55567.0,0.0,ANANDRATHI,-0.0013919065725148672,3.75,2025-11-01,3.5756831663911313,3084.9,0.001215598560731304,13.0,99.19368587617147,
2025-11-19,149.2,150.88,147.71,150.38,26500324.0,0.0,CANBK,0.009261744966442942,3.75,2025-11-01,4.003158940867467,140.87,0.026620288208987007,19.0,99.19368587617147,
2025-11-19,4260.0,4266.7,4183.3,4261.3,445363.0,0.0,CUMMINSIND,0.0020929357539272164,3.75,2025-11-01,3.620106701100992,4414.2,0.0008495310588555118,15.0,99.19368587617147,
2025-11-19,435.5,442.8,433.3,436.0,1730332.0,0.0,DELHIVERY,0.000344155099231358,3.75,2025-11-01,3.8014415252266915,430.1,0.008718902580795164,12.0,99.19368587617147,
2025-11-19,932.0,935.5,912.5,922.9,3031991.0,0.0,FORTIS,-0.005602844521064632,3.75,2025-11-01,3.506814266896342,986.9,0.003799777079744655,9.0,99.19368587617147,
2025-11-19,1780.0,1785.6,1738.0,1769.8,1333535.0,0.0,GLAND,-0.011340148595050503,3.75,2025-11-01,3.585106957649092,1851.2,0.0020257130509939497,14.0,99.19368587617147,
2025-11-19,101.25,102.6,101.25,102.23,22235008.0,0.0,GOLDBEES,0.013080963234565424,25.0,2025-11-01,24.74344079775389,103.29,0.24203698325104075,,99.19368587617147,
2025-11-19,1002.0,1007.0,930.0,935.4,6554047.0,0.0,HBLENGINE,-0.09069699620880733,3.75,2025-11-01,3.5282136391068195,994.2,0.003771876885938443,1.0,99.19368587617147,
2025-11-19,5851.0,5916.5,5835.0,5876.5,935374.0,0.0,HEROMOTOCO,0.013277006638503286,3.75,2025-11-01,4.067720350715273,5417.5,0.0006922011998154131,6.0,99.19368587617147,
2025-11-19,797.15,798.8,790.0,790.95,3005726.0,0.0,HINDALCO,-0.007777708085052959,3.75,2025-11-01,3.7367716535433058,793.75,0.004724409448818898,16.0,99.19368587617147,
2025-11-19,330.55,332.4,327.0,327.75,3351769.0,0.0,HINDCOPPER,-0.008470730600514287,3.75,2025-11-01,3.416909924937448,359.7,0.01042535446205171,5.0,99.19368587617147,
2025-11-19,2389.8,2430.0,2353.9,2421.1,572457.0,0.0,HYUNDAI,0.013097330320528844,3.75,2025-11-01,3.853618421052632,2356.0,0.0015916808149405773,18.0,99.19368587617147,
2025-11-19,565.9,565.9,556.4,557.55,864945.0,0.0,IIFL,-0.013447757232593172,3.75,2025-11-01,3.8665048543689315,540.75,0.006934812760055479,2.0,99.19368587617147,
2025-11-19,890.95,890.95,879.4,885.55,1494789.0,0.0,INDIANB,-0.0015221558236554467,3.75,2025-11-01,3.826261666090564,867.9,0.004320774282751469,10.0,99.19368587617147,
2025-11-19,1112.8,1172.4,1100.0,1142.8,4203457.0,0.0,INTELLECT,0.05007810346411845,3.75,2025-11-01,3.8998088998088996,1098.9,0.0034125034125034124,8.0,99.19368587617147,
2025-11-19,146.8,151.35,146.6,147.52,3004924.0,0.0,JMFINANCIL,0.005521096039806439,3.75,2025-11-01,3.7525437525437546,147.42,0.02543752543752544,20.0,99.19368587617147,
2025-11-19,1010.0,1010.0,982.15,987.5,1288996.0,0.0,LAURUSLABS,-0.019267057304598212,3.75,2025-11-01,3.7568479253322504,985.7,0.0038044029623617733,3.0,99.19368587617147,
2025-11-19,296.55,301.6,295.85,297.65,3905961.0,0.0,LTF,0.0038785834738617186,3.75,2025-11-01,3.7830452465683786,295.05,0.012709710218607015,4.0,99.19368587617147,
2025-11-19,3265.0,3359.8,3203.1,3288.0,1722535.0,0.0,NETWEB,0.008712725487789896,3.75,2025-11-01,3.5292097203537804,3493.7,0.0010733606205455535,7.0,99.19368587617147,
2025-11-19,1300.0,1300.5,1275.2,1282.6,3729532.0,0.0,PAYTM,-0.009957545349286057,3.75,2025-11-01,3.6092976136875285,1332.6,0.0028140477262494374,17.0,99.19368587617147,
2025-11-20,543.0,548.1,536.4,541.15,285105.0,0.0,AIIL,-0.007428466617755092,3.75,2025-11-01,3.7034629071995626,547.95,0.006843690117711469,11.0,98.73716422636514,
2025-11-20,2948.0,2949.5,2851.1,2870.4,136417.0,0.0,ANANDRATHI,-0.024171341152473214,3.75,2025-11-01,3.4892541087231352,3084.9,0.001215598560731304,13.0,98.73716422636514,
2025-11-20,151.59,151.8,147.71,147.94,19144061.0,0.0,CANBK,-0.01622556190982838,3.75,2025-11-01,3.938205437637538,140.87,0.026620288208987007,19.0,98.73716422636514,
2025-11-20,4290.0,4394.7,4278.0,4375.7,941176.0,0.0,CUMMINSIND,0.026846267570928894,3.75,2025-11-01,3.717293054234062,4414.2,0.0008495310588555118,15.0,98.73716422636514,
2025-11-20,436.0,437.3,425.0,426.0,1284089.0,0.0,DELHIVERY,-0.022935779816513735,3.75,2025-11-01,3.7142524994187402,430.1,0.008718902580795164,12.0,98.73716422636514,
2025-11-20,925.0,940.5,921.0,935.4,2621786.0,0.0,FORTIS,0.013544262650341254,3.75,2025-11-01,3.5543114803931495,986.9,0.003799777079744655,9.0,98.73716422636514,
2025-11-20,1771.0,1830.0,1768.1,1817.3,266354.0,0.0,GLAND,0.026839190869024643,3.75,2025-11-01,3.6813283275713045,1851.2,0.0020257130509939497,14.0,98.73716422636514,
2025-11-20,101.5,102.07,101.02,101.55,20599534.0,0.0,GOLDBEES,-0.006651667807884287,25.0,2025-11-01,24.57885564914318,103.29,0.24203698325104075,,98.73716422636514,
2025-11-20,944.7,946.3,922.7,931.1,3596257.0,0.0,HBLENGINE,-0.004596963865725834,3.75,2025-11-01,3.511994568497284,994.2,0.003771876885938443,1.0,98.73716422636514,
2025-11-20,5950.0,6042.0,5921.5,5999.5,1276202.0,0.0,HEROMOTOCO,0.020930826172041117,3.75,2025-11-01,4.152861098292568,5417.5,0.0006922011998154131,6.0,98.73716422636514,
2025-11-20,799.8,802.65,789.3,799.8,6016713.0,0.0,HINDALCO,0.011189076427081224,3.75,2025-11-01,3.7785826771653523,793.75,0.004724409448818898,16.0,98.73716422636514,
2025-11-20,329.9,333.5,323.15,327.15,4587205.0,0.0,HINDCOPPER,-0.0018306636155607237,3.75,2025-11-01,3.4106547122602167,359.7,0.01042535446205171,5.0,98.73716422636514,
2025-11-20,2435.6,2463.5,2330.0,2337.3,1146548.0,0.0,HYUNDAI,-0.03461236627979003,3.75,2025-11-01,3.7202355687606117,2356.0,0.0015916808149405773,18.0,98.73716422636514,
2025-11-20,557.1,559.1,542.2,544.75,1182228.0,0.0,IIFL,-0.022957582279616084,3.75,2025-11-01,3.7777392510402215,540.75,0.006934812760055479,2.0,98.73716422636514,
2025-11-20,891.8,893.9,880.0,882.35,886425.0,0.0,INDIANB,-0.0036135734854044754,3.75,2025-11-01,3.81243518838576,867.9,0.004320774282751469,10.0,98.73716422636514,
2025-11-20,1154.0,1154.0,1085.0,1097.5,917775.0,0.0,INTELLECT,-0.03963948197409861,3.75,2025-11-01,3.7452224952224955,1098.9,0.0034125034125034124,8.0,98.73716422636514,
2025-11-20,148.5,148.7,144.0,144.48,2206161.0,0.0,JMFINANCIL,-0.020607375271149864,3.75,2025-11-01,3.6752136752136764,147.42,0.02543752543752544,20.0,98.73716422636514,
2025-11-20,990.0,993.9,970.25,987.1,1375536.0,0.0,LAURUSLABS,-0.00040506329113920714,3.75,2025-11-01,3.755326164147306,985.7,0.0038044029623617733,3.0,98.73716422636514,
2025-11-20,297.65,298.4,292.0,292.3,3801781.0,0.0,LTF,-0.017974130690408097,3.75,2025-11-01,3.715048296898831,295.05,0.012709710218607015,4.0,98.73716422636514,
2025-11-20,3425.1,3499.0,3366.0,3439.6,3814814.0,0.0,NETWEB,0.046107055961070564,3.75,2025-11-01,3.6919311904284866,3493.7,0.0010733606205455535,7.0,98.73716422636514,
2025-11-20,1289.0,1303.8,1280.6,1283.9,2760654.0,0.0,PAYTM,0.001013566193669213,3.75,2025-11-01,3.612955875731653,1332.6,0.0028140477262494374,17.0,98.73716422636514,
2025-11-21,536.0,545.0,530.25,534.3,252910.0,0.0,AIIL,-0.012658227848101333,3.75,2025-11-01,3.656583629893239,547.95,0.006843690117711469,11.0,97.61069773080209,
2025-11-21,2802.0,2897.0,2802.0,2855.9,126021.0,0.0,ANANDRATHI,-0.005051560758082552,3.75,2025-11-01,3.471627929592531,3084.9,0.001215598560731304,13.0,97.61069773080209,
2025-11-21,147.31,148.15,144.96,145.77,22283701.0,0.0,CANBK,-0.014668108692713178,3.75,2025-11-01,3.8804394122240367,140.87,0.026620288208987007,19.0,97.61069773080209,
2025-11-21,4375.7,4384.9,4315.6,4333.8,408438.0,0.0,CUMMINSIND,-0.00957561075942126,3.75,2025-11-01,3.6816977028680165,4414.2,0.0008495310588555118,15.0,97.61069773080209,
2025-11-21,425.0,425.9,415.65,418.4,2415231.0,0.0,DELHIVERY,-0.017840375586854473,3.75,2025-11-01,3.6479888398046967,430.1,0.008718902580795164,12.0,97.61069773080209,
2025-11-21,937.7,938.0,914.4,921.0,2145127.0,0.0,FORTIS,-0.015394483643361156,3.75,2025-11-01,3.4995946904448263,986.9,0.003799777079744655,9.0,97.61069773080209,
2025-11-21,1812.0,1821.5,1769.9,1809.7,371417.0,0.0,GLAND,-0.004182028283717498,3.75,2025-11-01,3.6659329083837506,1851.2,0.0020257130509939497,14.0,97.61069773080209,
2025-11-21,101.65,102.29,100.61,102.0,23459553.0,0.0,GOLDBEES,0.004431314623338345,25.0,2025-11-01,24.68777229160615,103.29,0.24203698325104075,,97.61069773080209,
2025-11-21,931.0,944.5,890.1,896.9,3847627.0,0.0,HBLENGINE,-0.03673074857695202,3.75,2025-11-01,3.382996378998189,994.2,0.003771876885938443,1.0,97.61069773080209,
2025-11-21,5970.0,6038.0,5957.5,6002.5,703572.0,0.0,HEROMOTOCO,0.000500041670139284,3.75,2025-11-01,4.154937701892016,5417.5,0.0006922011998154131,6.0,97.61069773080209,
2025-11-21,786.0,787.0,776.25,777.7,5099356.0,0.0,HINDALCO,-0.027631907976994108,3.75,2025-11-01,3.674173228346455,793.75,0.004724409448818898,16.0,97.61069773080209,
2025-11-21,325.0,327.0,312.15,314.15,5632980.0,0.0,HINDCOPPER,-0.03973712364358861,3.75,2025-11-01,3.2751251042535445,359.7,0.01042535446205171,5.0,97.61069773080209,
2025-11-21,2337.3,2350.0,2275.1,2335.9,1135066.0,0.0,HYUNDAI,-0.0005989817310572132,3.75,2025-11-01,3.718007215619695,2356.0,0.0015916808149405773,18.0,97.61069773080209,
2025-11-21,546.0,548.5,538.2,540.0,875800.0,0.0,IIFL,-0.008719596145020603,3.75,2025-11-01,3.744798890429958,540.75,0.006934812760055479,2.0,97.61069773080209,
2025-11-21,882.35,883.0,850.2,851.8,1754260.0,0.0,INDIANB,-0.034623448744829255,3.75,2025-11-01,3.6804355340477026,867.9,0.004320774282751469,10.0,97.61069773080209,
2025-11-21,1086.0,1098.7,1070.2,1091.3,314523.0,0.0,INTELLECT,-0.005649202733485237,3.75,2025-11-01,3.7240649740649743,1098.9,0.0034125034125034124,8.0,97.61069773080209,
2025-11-21,144.81,144.81,138.76,140.06,4294234.0,0.0,JMFINANCIL,-0.030592469545957846,3.75,2025-11-01,3.562779812779814,147.42,0.02543752543752544,20.0,97.61069773080209,
2025-11-21,988.6,994.15,975.1,978.2,1425481.0,0.0,LAURUSLABS,-0.009016310404214356,3.75,2025-11-01,3.721466977782286,985.7,0.0038044029623617733,3.0,97.61069773080209,
2025-11-21,290.2,292.9,288.2,288.7,5136647.0,0.0,LTF,-0.012316113581936405,3.75,2025-11-01,3.669293340111846,295.05,0.012709710218607015,4.0,97.61069773080209,
2025-11-21,3369.9,3390.0,3290.0,3306.4,851096.0,0.0,NETWEB,-0.038725433189905734,3.75,2025-11-01,3.5489595557718188,3493.7,0.0010733606205455535,7.0,97.61069773080209,
2025-11-21,1283.0,1292.0,1252.0,1265.8,2793810.0,0.0,PAYTM,-0.01409767115819005,3.75,2025-11-01,3.5620216118865375,1332.6,0.0028140477262494374,17.0,97.61069773080209,
2025-11-24,532.0,556.9,523.2,547.4,521775.0,0.0,AIIL,0.02451806101441134,3.75,2025-11-01,3.746235970435259,547.95,0.006843690117711469,11.0,97.44348690449087,
2025-11-24,2830.9,2880.0,2771.5,2864.8,332035.0,0.0,ANANDRATHI,0.0031163556146924787,3.75,2025-11-01,3.4824467567830406,3084.9,0.001215598560731304,13.0,97.44348690449087,
2025-11-24,146.0,148.59,145.84,146.67,35398447.0,0.0,CANBK,0.006174109899156122,3.75,2025-11-01,3.904397671612125,140.87,0.026620288208987007,19.0,97.44348690449087,
2025-11-24,4349.8,4389.9,4278.9,4299.0,1095485.0,0.0,CUMMINSIND,-0.008029904471826166,3.75,2025-11-01,3.6521340220198444,4414.2,0.0008495310588555118,15.0,97.44348690449087,
2025-11-24,418.0,418.3,404.35,405.85,6662176.0,0.0,DELHIVERY,-0.02999521988527709,3.75,2025-11-01,3.538566612415718,430.1,0.008718902580795164,12.0,97.44348690449087,
2025-11-24,926.5,932.8,915.7,922.2,59357806.0,0.0,FORTIS,0.0013029315960912946,3.75,2025-11-01,3.50415442294052,986.9,0.003799777079744655,9.0,97.44348690449087,
2025-11-24,1809.7,1810.0,1780.0,1791.0,44630.0,0.0,GLAND,-0.010333204398519147,3.75,2025-11-01,3.628052074330164,1851.2,0.0020257130509939497,14.0,97.44348690449087,
2025-11-24,101.99,102.34,101.55,102.23,24131584.0,0.0,GOLDBEES,0.0022549019607842613,25.0,2025-11-01,24.743440797753887,103.29,0.24203698325104075,,97.44348690449087,
2025-11-24,899.5,909.0,876.0,885.2,2213927.0,0.0,HBLENGINE,-0.013044932545434151,3.75,2025-11-01,3.33886541943271,994.2,0.003771876885938443,1.0,97.44348690449087,
2025-11-24,6003.0,6049.0,5972.0,5982.0,1349305.0,0.0,HEROMOTOCO,-0.003415243648479782,3.75,2025-11-01,4.1407475772958,5417.5,0.0006922011998154131,6.0,97.44348690449087,
2025-11-24,782.85,788.1,771.85,774.65,5666985.0,0.0,HINDALCO,-0.003921820753504002,3.75,2025-11-01,3.659763779527557,793.75,0.004724409448818898,16.0,97.44348690449087,
2025-11-24,314.15,319.4,308.5,313.3,4834709.0,0.0,HINDCOPPER,-0.0027057138309724005,3.75,2025-11-01,3.2662635529608006,359.7,0.01042535446205171,5.0,97.44348690449087,
2025-11-24,2335.8,2348.8,2286.1,2304.4,1061367.0,0.0,HYUNDAI,-0.013485166317051211,3.75,2025-11-01,3.667869269949067,2356.0,0.0015916808149405773,18.0,97.44348690449087,
2025-11-24,541.0,551.1,532.35,536.8,1049730.0,0.0,IIFL,-0.005925925925926001,3.75,2025-11-01,3.72260748959778,540.75,0.006934812760055479,2.0,97.44348690449087,
2025-11-24,851.8,863.6,851.8,854.75,1171441.0,0.0,INDIANB,0.00346325428504346,3.75,2025-11-01,3.6931818181818197,867.9,0.004320774282751469,10.0,97.44348690449087,
2025-11-24,1094.4,1110.8,1077.4,1096.3,394374.0,0.0,INTELLECT,0.004581691560524126,3.75,2025-11-01,3.741127491127491,1098.9,0.0034125034125034124,8.0,97.44348690449087,
2025-11-24,140.06,141.4,136.6,137.38,4814560.0,0.0,JMFINANCIL,-0.019134656575753306,3.75,2025-11-01,3.494607244607246,147.42,0.02543752543752544,20.0,97.44348690449087,
2025-11-24,979.0,988.7,974.5,979.55,1348847.0,0.0,LAURUSLABS,0.001380085872009662,3.75,2025-11-01,3.726602921781474,985.7,0.0038044029623617733,3.0,97.44348690449087,
2025-11-24,288.7,294.6,287.35,292.55,5328979.0,0.0,LTF,0.013335642535504011,3.75,2025-11-01,3.718225724453483,295.05,0.012709710218607015,4.0,97.44348690449087,
2025-11-24,3322.5,3395.0,3221.3,3285.5,1203056.0,0.0,NETWEB,-0.006321074280183914,3.75,2025-11-01,3.5265263188024165,3493.7,0.0010733606205455535,7.0,97.44348690449087,
2025-11-24,1274.6,1283.3,1248.9,1260.7,52117312.0,0.0,PAYTM,-0.00402907252330531,3.75,2025-11-01,3.547669968482666,1332.6,0.0028140477262494374,17.0,97.44348690449087,
2025-11-25,547.4,550.75,519.6,524.95,1082135.0,0.0,AIIL,-0.04101205699671162,3.75,2025-11-01,3.5925951272926366,547.95,0.006843690117711469,11.0,98.15810269315506,
2025-11-25,2860.0,2899.9,2850.7,2888.8,63159.0,0.0,ANANDRATHI,0.008377548170902083,3.75,2025-11-01,3.5116211222405918,3084.9,0.001215598560731304,13.0,98.15810269315506,
2025-11-25,146.66,149.38,145.3,148.69,24048863.0,0.0,CANBK,0.013772414263312216,3.75,2025-11-01,3.9581706537942787,140.87,0.026620288208987007,19.0,98.15810269315506,
2025-11-25,4300.0,4336.5,4286.8,4311.3,311670.0,0.0,CUMMINSIND,0.0028611304954642147,3.75,2025-11-01,3.662583254043768,4414.2,0.0008495310588555118,15.0,98.15810269315506,
2025-11-25,404.05,414.45,403.2,410.65,3134101.0,0.0,DELHIVERY,0.011827029690772317,3.75,2025-11-01,3.5804173448035344,430.1,0.008718902580795164,12.0,98.15810269315506,
2025-11-25,920.0,929.0,915.6,920.4,2226236.0,0.0,FORTIS,-0.0019518542615485357,3.75,2025-11-01,3.49731482419698,986.9,0.003799777079744655,9.0,98.15810269315506,
2025-11-25,1782.0,1798.0,1772.8,1783.3,41536.0,0.0,GLAND,-0.004299274148520382,3.75,2025-11-01,3.6124540838375103,1851.2,0.0020257130509939497,14.0,98.15810269315506,
2025-11-25,103.22,104.0,103.1,103.46,24988736.0,0.0,GOLDBEES,0.012031693240731611,25.0,2025-11-01,25.041146287152667,103.29,0.24203698325104075,,98.15810269315506,
2025-11-25,885.5,909.0,875.2,881.6,2655245.0,0.0,HBLENGINE,-0.004066877541798464,3.75,2025-11-01,3.3252866626433315,994.2,0.003771876885938443,1.0,98.15810269315506,
2025-11-25,6000.0,6087.5,5969.5,6081.5,707293.0,0.0,HEROMOTOCO,0.016633233032430583,3.75,2025-11-01,4.209621596677433,5417.5,0.0006922011998154131,6.0,98.15810269315506,
2025-11-25,777.95,791.75,772.65,789.35,6090783.0,0.0,HINDALCO,0.018976311882785923,3.75,2025-11-01,3.7292125984251956,793.75,0.004724409448818898,16.0,98.15810269315506,
2025-11-25,315.5,323.75,312.75,320.2,6351251.0,0.0,HINDCOPPER,0.0220236195339929,3.75,2025-11-01,3.3381984987489575,359.7,0.01042535446205171,5.0,98.15810269315506,
2025-11-25,2305.2,2338.9,2281.0,2300.8,681099.0,0.0,HYUNDAI,-0.0015622287797256718,3.75,2025-11-01,3.6621392190152813,2356.0,0.0015916808149405773,18.0,98.15810269315506,
2025-11-25,538.0,559.2,538.0,557.4,2234817.0,0.0,IIFL,0.038375558867362214,3.75,2025-11-01,3.865464632454923,540.75,0.006934812760055479,2.0,98.15810269315506,
2025-11-25,855.95,878.95,855.95,873.1,1591077.0,0.0,INDIANB,0.021468265574729584,3.75,2025-11-01,3.7724680262703094,867.9,0.004320774282751469,10.0,98.15810269315506,
2025-11-25,1104.9,1104.9,1080.0,1088.8,169763.0,0.0,INTELLECT,-0.006841193104077381,3.75,2025-11-01,3.7155337155337156,1098.9,0.0034125034125034124,8.0,98.15810269315506,
2025-11-25,138.3,141.98,137.5,139.9,3749394.0,0.0,JMFINANCIL,0.018343281409229917,3.75,2025-11-01,3.55870980870981,147.42,0.02543752543752544,20.0,98.15810269315506,
2025-11-25,982.0,988.0,971.4,977.55,1005154.0,0.0,LAURUSLABS,-0.0020417538665713497,3.75,2025-11-01,3.7189941158567508,985.7,0.0038044029623617733,3.0,98.15810269315506,
2025-11-25,292.95,298.05,291.7,296.9,5580342.0,0.0,LTF,0.014869253119124792,3.75,2025-11-01,3.773512963904423,295.05,0.012709710218607015,4.0,98.15810269315506,
2025-11-25,3309.7,3350.0,3257.0,3297.4,825228.0,0.0,NETWEB,0.0036219753462183313,3.75,2025-11-01,3.539299310186909,3493.7,0.0010733606205455535,7.0,98.15810269315506,
2025-11-25,1266.7,1272.6,1231.0,1241.4,3548352.0,0.0,PAYTM,-0.01530895534227017,3.75,2025-11-01,3.493358847366052,1332.6,0.0028140477262494374,17.0,98.15810269315506,
2025-11-26,534.0,545.0,525.8,537.25,860515.0,0.0,AIIL,0.02343080293361255,3.75,2025-11-01,3.6767725157404874,547.95,0.006843690117711469,11.0,99.52174731850863,
2025-11-26,2900.9,2933.4,2880.0,2895.6,74283.0,0.0,ANANDRATHI,0.0023539185821102038,3.75,2025-11-01,3.519887192453565,3084.9,0.001215598560731304,13.0,99.52174731850863,
2025-11-26,149.69,152.5,148.92,150.16,30511761.0,0.0,CANBK,0.00988634070885741,3.75,2025-11-01,3.99730247746149,140.87,0.026620288208987007,19.0,99.52174731850863,
2025-11-26,4325.5,4420.0,4311.5,4408.2,393579.0,0.0,CUMMINSIND,0.022475819358430016,3.75,2025-11-01,3.744902813646866,4414.2,0.0008495310588555118,15.0,99.52174731850863,
2025-11-26,411.25,420.5,410.9,419.4,1423515.0,0.0,DELHIVERY,0.02130768294167784,3.75,2025-11-01,3.656707742385492,430.1,0.008718902580795164,12.0,99.52174731850863,
2025-11-26,925.7,935.4,921.0,932.9,1562116.0,0.0,FORTIS,0.013581051716645032,3.75,2025-11-01,3.5448120376937884,986.9,0.003799777079744655,9.0,99.52174731850863,
2025-11-26,1775.1,1812.9,1775.1,1795.8,41660.0,0.0,GLAND,0.007009476812650739,3.75,2025-11-01,3.637775496974935,1851.2,0.0020257130509939497,14.0,99.52174731850863,
2025-11-26,103.91,104.35,103.91,104.18,23022226.0,0.0,GOLDBEES,0.006959211289387257,25.0,2025-11-01,25.215412915093417,103.29,0.24203698325104075,,99.52174731850863,
2025-11-26,885.0,889.4,873.8,884.5,1507766.0,0.0,HBLENGINE,0.0032894736842103978,3.75,2025-11-01,3.3362251056125523,994.2,0.003771876885938443,1.0,99.52174731850863,
2025-11-26,6083.5,6146.0,6052.0,6136.5,452071.0,0.0,HEROMOTOCO,0.009043821425635201,3.75,2025-11-01,4.247692662667281,5417.5,0.0006922011998154131,6.0,99.52174731850863,
2025-11-26,790.15,803.0,787.2,800.8,3842280.0,0.0,HINDALCO,0.014505605878254224,3.75,2025-11-01,3.783307086614171,793.75,0.004724409448818898,16.0,99.52174731850863,
2025-11-26,324.8,330.85,322.5,329.1,8010595.0,0.0,HINDCOPPER,0.027795128044971973,3.75,2025-11-01,3.4309841534612175,359.7,0.01042535446205171,5.0,99.52174731850863,
2025-11-26,2304.0,2320.0,2275.0,2306.7,1069176.0,0.0,HYUNDAI,0.0025643254520164582,3.75,2025-11-01,3.6715301358234296,2356.0,0.0015916808149405773,18.0,99.52174731850863,
2025-11-26,560.0,577.5,557.05,570.75,3045743.0,0.0,IIFL,0.023950484391819238,3.75,2025-11-01,3.9580443828016643,540.75,0.006934812760055479,2.0,99.52174731850863,
2025-11-26,875.0,892.4,871.6,886.75,1680454.0,0.0,INDIANB,0.015633948001374298,3.75,2025-11-01,3.8314465952298664,867.9,0.004320774282751469,10.0,99.52174731850863,
2025-11-26,1089.8,1109.4,1086.8,1098.8,292215.0,0.0,INTELLECT,0.009184423218221882,3.75,2025-11-01,3.7496587496587495,1098.9,0.0034125034125034124,8.0,99.52174731850863,
2025-11-26,140.4,146.03,139.9,145.56,4769271.0,0.0,JMFINANCIL,0.04045746962115793,3.75,2025-11-01,3.7026862026862037,147.42,0.02543752543752544,20.0,99.52174731850863,
2025-11-26,981.0,989.45,973.35,986.6,2951910.0,0.0,LAURUSLABS,0.009257838473735402,3.75,2025-11-01,3.753423962666125,985.7,0.0038044029623617733,3.0,99.52174731850863,
2025-11-26,298.0,308.8,297.35,307.6,11140520.0,0.0,LTF,0.03603907039407228,3.75,2025-11-01,3.9095068632435193,295.05,0.012709710218607015,4.0,99.52174731850863,
2025-11-26,3315.0,3329.0,3277.4,3291.9,438508.0,0.0,NETWEB,-0.0016679808333839308,3.75,2025-11-01,3.533395826773908,3493.7,0.0010733606205455535,7.0,99.52174731850863,
2025-11-26,1250.0,1288.9,1245.0,1286.5,2425988.0,0.0,PAYTM,0.03632995005638784,3.75,2025-11-01,3.620272399819901,1332.6,0.0028140477262494374,17.0,99.52174731850863,
2025-11-27,539.95,554.6,531.55,548.75,477160.0,0.0,AIIL,0.021405304792927016,3.75,2025-11-01,3.7554749520941693,547.95,0.006843690117711469,11.0,99.66113264947295,
2025-11-27,2900.0,2910.0,2864.0,2889.6,42841.0,0.0,ANANDRATHI,-0.0020721094073766766,3.75,2025-11-01,3.512593601089177,3084.9,0.001215598560731304,13.0,99.66113264947295,
2025-11-27,150.9,152.0,149.85,151.76,20130369.0,0.0,CANBK,0.010655301012253648,3.75,2025-11-01,4.039894938595869,140.87,0.026620288208987007,19.0,99.66113264947295,
2025-11-27,4418.0,4463.8,4358.0,4449.4,797775.0,0.0,CUMMINSIND,0.009346218411142804,3.75,2025-11-01,3.779903493271713,4414.2,0.0008495310588555118,15.0,99.66113264947295,
2025-11-27,419.45,426.9,415.95,425.25,1455614.0,0.0,DELHIVERY,0.013948497854077369,3.75,2025-11-01,3.7077133224831442,430.1,0.008718902580795164,12.0,99.66113264947295,
2025-11-27,932.9,935.0,916.2,922.1,1594941.0,0.0,FORTIS,-0.011576803515918055,3.75,2025-11-01,3.5037744452325468,986.9,0.003799777079744655,9.0,99.66113264947295,
2025-11-27,1795.0,1800.9,1770.0,1774.0,25656.0,0.0,GLAND,-0.012139436462857756,3.75,2025-11-01,3.593614952463267,1851.2,0.0020257130509939497,14.0,99.66113264947295,
2025-11-27,104.1,104.4,103.84,104.11,19397032.0,0.0,GOLDBEES,-0.000671913995008655,25.0,2025-11-01,25.19847032626584,103.29,0.24203698325104075,,99.66113264947295,
2025-11-27,890.0,902.0,875.0,877.5,1459409.0,0.0,HBLENGINE,-0.007914075749010707,3.75,2025-11-01,3.3098219674109837,994.2,0.003771876885938443,1.0,99.66113264947295,
2025-11-27,6137.0,6200.0,6097.0,6151.0,352120.0,0.0,HEROMOTOCO,0.002362910453841849,3.75,2025-11-01,4.257729580064605,5417.5,0.0006922011998154131,6.0,99.66113264947295,
2025-11-27,807.9,813.95,800.45,807.55,4481695.0,0.0,HINDALCO,0.008429070929070859,3.75,2025-11-01,3.8151968503936984,793.75,0.004724409448818898,16.0,99.66113264947295,
2025-11-27,331.75,334.3,324.35,325.8,5412607.0,0.0,HINDCOPPER,-0.010027347310847756,3.75,2025-11-01,3.3965804837364475,359.7,0.01042535446205171,5.0,99.66113264947295,
2025-11-27,2324.0,2324.0,2285.7,2315.5,529127.0,0.0,HYUNDAI,0.003814973772055419,3.75,2025-11-01,3.685536926994907,2356.0,0.0015916808149405773,18.0,99.66113264947295,
2025-11-27,572.5,576.3,565.3,568.8,871320.0,0.0,IIFL,-0.0034165571616294743,3.75,2025-11-01,3.9445214979195558,540.75,0.006934812760055479,2.0,99.66113264947295,
2025-11-27,891.35,891.35,856.95,865.9,1931736.0,0.0,INDIANB,-0.023512827741753672,3.75,2025-11-01,3.741358451434498,867.9,0.004320774282751469,10.0,99.66113264947295,
2025-11-27,1111.0,1119.0,1090.0,1096.4,264557.0,0.0,INTELLECT,-0.0021842009464869694,3.75,2025-11-01,3.7414687414687418,1098.9,0.0034125034125034124,8.0,99.66113264947295,
2025-11-27,146.01,149.39,144.72,146.41,3768711.0,0.0,JMFINANCIL,0.005839516350645724,3.75,2025-11-01,3.7243080993081,147.42,0.02543752543752544,20.0,99.66113264947295,
2025-11-27,990.0,1011.9,981.1,1003.2,2606483.0,0.0,LAURUSLABS,0.016825461179809542,3.75,2025-11-01,3.816577051841331,985.7,0.0038044029623617733,3.0,99.66113264947295,
2025-11-27,308.9,310.05,305.4,308.25,4988540.0,0.0,LTF,0.002113133940182088,3.75,2025-11-01,3.9177681748856137,295.05,0.012709710218607015,4.0,99.66113264947295,
2025-11-27,3300.0,3384.8,3294.8,3335.3,717288.0,0.0,NETWEB,0.01318387557337708,3.75,2025-11-01,3.5799796777055852,3493.7,0.0010733606205455535,7.0,99.66113264947295,
2025-11-27,1305.0,1309.1,1283.0,1293.1,3799617.0,0.0,PAYTM,0.005130198212203618,3.75,2025-11-01,3.6388451148131473,1332.6,0.0028140477262494374,17.0,99.66113264947295,
2025-11-28,552.85,553.55,536.1,541.3,395220.0,0.0,AIIL,-0.013576309794988695,3.75,2025-11-01,3.7044894607172187,547.95,0.006843690117711469,11.0,100.1063898051738,
2025-11-28,2880.0,2899.0,2854.1,2888.9,56697.0,0.0,ANANDRATHI,-0.0002422480620154488,3.75,2025-11-01,3.511742682096665,3084.9,0.001215598560731304,13.0,100.1063898051738,
2025-11-28,151.99,152.34,150.83,151.58,19414509.0,0.0,CANBK,-0.0011860832894041717,3.75,2025-11-01,4.035103286718252,140.87,0.026620288208987007,19.0,100.1063898051738,
2025-11-28,4450.0,4518.6,4401.1,4479.3,764869.0,0.0,CUMMINSIND,0.00672000719198107,3.75,2025-11-01,3.8053044719314935,4414.2,0.0008495310588555118,15.0,100.1063898051738,
2025-11-28,425.7,428.35,420.9,426.2,1761233.0,0.0,DELHIVERY,0.0022339800117576747,3.75,2025-11-01,3.7159962799348993,430.1,0.008718902580795164,12.0,100.1063898051738,
2025-11-28,929.0,929.0,906.7,919.1,2836398.0,0.0,FORTIS,-0.00325344322741572,3.75,2025-11-01,3.4923751139933126,986.9,0.003799777079744655,9.0,100.1063898051738,
2025-11-28,1773.9,1776.9,1730.0,1759.6,150383.0,0.0,GLAND,-0.008117249154453221,3.75,2025-11-01,3.5644446845289544,1851.2,0.0020257130509939497,14.0,100.1063898051738,
2025-11-28,104.6,104.98,104.31,104.62,18626408.0,0.0,GOLDBEES,0.004898664873691283,25.0,2025-11-01,25.321909187723872,103.29,0.24203698325104075,,100.1063898051738,
2025-11-28,879.0,894.1,868.3,885.7,1501812.0,0.0,HBLENGINE,0.009344729344729297,3.75,2025-11-01,3.3407513578756785,994.2,0.003771876885938443,1.0,100.1063898051738,
2025-11-28,6152.0,6239.0,6128.0,6174.5,504441.0,0.0,HEROMOTOCO,0.0038205169891074586,3.75,2025-11-01,4.2739963082602666,5417.5,0.0006922011998154131,6.0,100.1063898051738,
2025-11-28,812.2,815.0,807.2,808.4,3200488.0,0.0,HINDALCO,0.001052566404557087,3.75,2025-11-01,3.819212598425195,793.75,0.004724409448818898,16.0,100.1063898051738,
2025-11-28,325.9,332.0,321.7,327.0,4727861.0,0.0,HINDCOPPER,0.0036832412523020164,3.75,2025-11-01,3.409090909090909,359.7,0.01042535446205171,5.0,100.1063898051738,
2025-11-28,2320.0,2336.3,2297.0,2326.0,402098.0,0.0,HYUNDAI,0.004534657741308568,3.75,2025-11-01,3.702249575551783,2356.0,0.0015916808149405773,18.0,100.1063898051738,
2025-11-28,570.8,581.1,568.15,578.7,1817250.0,0.0,IIFL,0.017405063291139333,3.75,2025-11-01,4.013176144244105,540.75,0.006934812760055479,2.0,100.1063898051738,
2025-11-28,870.0,874.0,865.0,870.25,1306456.0,0.0,INDIANB,0.0050236747892367095,3.75,2025-11-01,3.7601538195644673,867.9,0.004320774282751469,10.0,100.1063898051738,
2025-11-28,1100.0,1118.0,1090.8,1112.5,284775.0,0.0,INTELLECT,0.014684421743889065,3.75,2025-11-01,3.7964100464100463,1098.9,0.0034125034125034124,8.0,100.1063898051738,
2025-11-28,147.5,148.67,144.1,145.35,2534292.0,0.0,JMFINANCIL,-0.0072399426268697775,3.75,2025-11-01,3.6973443223443234,147.42,0.02543752543752544,20.0,100.1063898051738,
2025-11-28,1007.0,1032.75,1006.5,1031.35,2486519.0,0.0,LAURUSLABS,0.028060207336523035,3.75,2025-11-01,3.9236709952318143,985.7,0.0038044029623617733,3.0,100.1063898051738,
2025-11-28,309.6,315.35,308.5,312.35,14286349.0,0.0,LTF,0.01330089213300889,3.75,2025-11-01,3.9698779867819027,295.05,0.012709710218607015,4.0,100.1063898051738,
2025-11-28,3335.3,3341.0,3276.1,3291.4,306017.0,0.0,NETWEB,-0.013162234281773766,3.75,2025-11-01,3.532859146463635,3493.7,0.0010733606205455535,7.0,100.1063898051738,
2025-11-28,1308.1,1338.8,1308.1,1320.6,6950734.0,0.0,PAYTM,0.02126672337792912,3.75,2025-11-01,3.7162314272850074,1332.6,0.0028140477262494374,17.0,100.1063898051738,
2025-12-01,358.0,360.15,355.1,356.1,4583272.0,0.0,ABCAPITAL,-0.005446166736489233,3.681273471007842,2025-12-01,3.661224641882119,356.1,0.010337751954529182,8.0,100.55734143792378,
2025-12-01,955.4,962.7,947.8,950.5,1215469.0,0.0,AUBANK,-0.004972520282648496,3.681273471007842,2025-12-01,3.66296826400728,950.5,0.0038729862924858937,19.0,100.55734143792378,
2025-12-01,4490.0,4553.2,4480.1,4544.2,421940.0,0.0,CUMMINSIND,0.014488871028955241,3.8053044719314935,2025-12-01,3.8604390376512154,4544.2,0.0008495310588555118,18.0,100.55734143792378,
2025-12-01,7061.5,7250.0,7025.0,7125.5,974710.0,0.0,EICHERMOT,0.010207698305805701,3.681273471007842,2025-12-01,3.7188507999810563,7125.5,0.0005166337058463044,12.0,100.55734143792378,
2025-12-01,106.09,,,106.72,,,GOLDBEES,,15.193145512634322,2025-12-01,15.193145512634322,106.72,0.14236455690249553,,100.55734143792378,2025-12_to_2026-01
2025-12-01,886.0,899.65,865.0,870.35,1350940.0,0.0,HBLENGINE,-0.01733092469233377,3.3407513578756785,2025-12-01,3.2828530476765234,870.35,0.003771876885938443,6.0,100.55734143792378,
2025-12-01,6230.0,6333.5,6210.5,6295.5,912454.0,0.0,HEROMOTOCO,0.019596728480038905,4.2739963082602666,2025-12-01,4.357752653437932,6295.5,0.0006922011998154131,3.0,100.55734143792378,
2025-12-01,817.95,817.95,808.2,810.8,2064678.0,0.0,HINDALCO,0.002968827313211353,3.819212598425195,2025-12-01,3.8305511811023605,810.8,0.004724409448818898,7.0,100.55734143792378,
2025-12-01,875.0,890.0,872.25,887.35,1272103.0,0.0,INDIANB,0.019649525998276296,3.7601538195644673,2025-12-01,3.834039059799517,887.35,0.004320774282751469,15.0,100.55734143792378,
2025-12-01,1035.0,1040.2,1006.1,1029.4,2002768.0,0.0,LAURUSLABS,-0.0018907257478061323,3.9236709952318143,2025-12-01,3.9162524094552094,1029.4,0.0038044029623617733,1.0,100.55734143792378,
2025-12-01,313.75,314.0,307.6,309.15,3746757.0,0.0,LTF,-0.010244917560429112,3.9698779867819027,2025-12-01,3.92920691408236,309.15,0.012709710218607015,2.0,100.55734143792378,
2025-12-01,6122.0,6172.0,6100.5,6152.5,372204.0,0.0,LTIM,0.009185598294103148,3.681273471007842,2025-12-01,3.7150881703232588,6152.5,0.0005983378254380889,17.0,100.55734143792378,
2025-12-01,375.4,387.0,357.65,367.9,10877280.0,0.0,M&MFIN,-0.010622562861368978,3.681273471007842,2025-12-01,3.6421689121521714,367.9,0.010006179589583698,9.0,100.55734143792378,
2025-12-01,2040.0,2061.6,2027.4,2042.0,2137580.0,0.0,MCX,0.01355040452672851,3.681273471007842,2025-12-01,3.7311562157135123,2042.0,0.0018027783893280324,13.0,100.55734143792378,
2025-12-01,62.7,,,62.82,,,MOGSEC,,5.064381837544775,2025-12-01,5.064381837544775,62.82,0.08061734857600725,,100.55734143792378,2025-12_to_2026-01
2025-12-01,3779.0,3833.0,3770.0,3811.1,453900.0,0.0,MUTHOOTFIN,0.0178676352758933,3.681273471007842,2025-12-01,3.7470491227386318,3811.1,0.0009659346306861122,4.0,100.55734143792378,
2025-12-01,264.1,267.5,262.5,263.8,12442220.0,0.0,NATIONALUM,0.014693437956765809,3.681273471007842,2025-12-01,3.7353640343559835,263.8,0.013954789503441402,16.0,100.55734143792378,
2025-12-01,267.05,268.25,262.45,264.9,5874913.0,0.0,NYKAA,-0.009015749504320936,3.681273471007842,2025-12-01,3.6480840315363334,264.9,0.013896842095159843,10.0,100.55734143792378,
2025-12-01,1335.0,1371.0,1322.0,1367.8,6146500.0,0.0,PAYTM,0.03574132969862198,3.7162314272850074,2025-12-01,3.8490544799639816,1367.8,0.0028140477262494374,5.0,100.55734143792378,
2025-12-01,7478.0,7530.0,7382.5,7401.0,199441.0,0.0,POLYCAB,-0.009236947791164685,3.681273471007842,2025-12-01,3.647269740151143,7401.0,0.0004974021714643753,11.0,100.55734143792378,
2025-12-01,166.02,,,166.21,,,SILVERBEES,,5.064381837544775,2025-12-01,5.064381837544775,166.21,0.03046977821758483,,100.55734143792378,2025-12_to_2026-01
2025-12-01,823.5,850.8,809.2,813.05,1888896.0,0.0,SYRMA,-0.0087778116427919,3.681273471007842,2025-12-01,3.6489599458737283,813.05,0.004527733191080305,14.0,100.55734143792378,
2025-12-01,3550.0,3665.9,3549.1,3661.8,1616247.0,0.0,TVSMOTOR,0.0368965029024495,3.681273471007842,2025-12-01,3.8170995883155934,3661.8,0.0010053180050816108,20.0,100.55734143792378,
2025-12-02,356.1,359.0,353.8,355.75,2767486.0,0.0,ABCAPITAL,-0.0009828699803426932,3.681273471007842,2025-12-01,3.657626134090322,356.1,0.010337751954529182,8.0,99.85491342440443,
2025-12-02,949.95,966.9,948.55,953.05,1845042.0,0.0,AUBANK,0.0026827985270909682,3.681273471007842,2025-12-01,3.6727952698707393,950.5,0.0038729862924858937,19.0,99.85491342440443,
2025-12-02,4544.2,4574.0,4500.0,4514.5,448981.0,0.0,CUMMINSIND,-0.00653580388187136,3.8053044719314935,2025-12-01,3.835207965203207,4544.2,0.0008495310588555118,18.0,99.85491342440443,
2025-12-02,7125.0,7196.0,7091.5,7112.5,448174.0,0.0,EICHERMOT,-0.0018244333730966789,3.681273471007842,2025-12-01,3.7120660044720033,7125.5,0.0005166337058463044,12.0,99.85491342440443,
2025-12-02,106.65,,,105.63,,,GOLDBEES,-0.01021364317841078,15.193145512634322,2025-12-01,15.037968145610602,106.72,0.14236455690249553,,99.85491342440443,2025-12_to_2026-01
2025-12-02,870.35,872.8,842.9,846.5,1373255.0,0.0,HBLENGINE,-0.0274027690009766,3.3407513578756785,2025-12-01,3.1928937839468916,870.35,0.003771876885938443,6.0,99.85491342440443,
2025-12-02,6330.0,6340.0,6231.0,6270.5,809216.0,0.0,HEROMOTOCO,-0.003971090461440729,4.2739963082602666,2025-12-01,4.340447623442546,6295.5,0.0006922011998154131,3.0,99.85491342440443,
2025-12-02,811.0,813.5,802.6,806.85,4237151.0,0.0,HINDALCO,-0.004871731623088182,3.819212598425195,2025-12-01,3.811889763779526,810.8,0.004724409448818898,7.0,99.85491342440443,
2025-12-02,888.9,889.8,856.1,859.45,2825373.0,0.0,INDIANB,-0.031441933847974224,3.7601538195644673,2025-12-01,3.7134894573107515,887.35,0.004320774282751469,15.0,99.85491342440443,
2025-12-02,1028.2,1036.9,1015.0,1020.2,1465264.0,0.0,LAURUSLABS,-0.008937244997085703,3.9236709952318143,2025-12-01,3.881251902201481,1029.4,0.0038044029623617733,1.0,99.85491342440443,
2025-12-02,309.15,310.9,305.25,306.05,3419184.0,0.0,LTF,-0.010027494743651832,3.9698779867819027,2025-12-01,3.8898068124046783,309.15,0.012709710218607015,2.0,99.85491342440443,
2025-12-02,6140.0,6176.0,6091.5,6164.0,277406.0,0.0,LTIM,0.0018691588785046953,3.681273471007842,2025-12-01,3.722032260361247,6152.5,0.0005983378254380889,17.0,99.85491342440443,
2025-12-02,367.55,373.9,361.25,365.0,4680477.0,0.0,M&MFIN,-0.007882576787170414,3.681273471007842,2025-12-01,3.6134592360302866,367.9,0.010006179589583698,9.0,99.85491342440443,
2025-12-02,2042.8,2070.0,2036.0,2043.8,1629970.0,0.0,MCX,0.0008814887365327095,3.681273471007842,2025-12-01,3.7344451878919074,2042.0,0.0018027783893280324,13.0,99.85491342440443,
2025-12-02,62.97,,,62.9,,,MOGSEC,0.0012734797835083356,5.064381837544775,2025-12-01,5.0708312254308545,62.82,0.08061734857600725,,99.85491342440443,2025-12_to_2026-01
2025-12-02,3800.0,3827.4,3765.2,3779.9,353585.0,0.0,MUTHOOTFIN,-0.008186612788958492,3.681273471007842,2025-12-01,3.7163734824695642,3811.1,0.0009659346306861122,4.0,99.85491342440443,
2025-12-02,266.0,268.25,264.15,265.15,10847037.0,0.0,NATIONALUM,0.005117513267626883,3.681273471007842,2025-12-01,3.754479809361216,263.8,0.013954789503441402,16.0,99.85491342440443,
2025-12-02,263.9,265.35,257.95,261.8,4511787.0,0.0,NYKAA,-0.01170252925632298,3.681273471007842,2025-12-01,3.605392221427755,264.9,0.013896842095159843,10.0,99.85491342440443,
2025-12-02,1366.7,1381.8,1360.5,1364.2,3828123.0,0.0,PAYTM,-0.0026319637373883875,3.7162314272850074,2025-12-01,3.838923908149484,1367.8,0.0028140477262494374,5.0,99.85491342440443,
2025-12-02,7409.5,7462.5,7281.0,7347.0,185659.0,0.0,POLYCAB,-0.007296311309282544,3.681273471007842,2025-12-01,3.6206581246980742,7401.0,0.0004974021714643753,11.0,99.85491342440443,
2025-12-02,167.01,,,165.34,,,SILVERBEES,-0.005234342097346745,5.064381837544775,2025-12-01,5.037873130495476,166.21,0.03046977821758483,,99.85491342440443,2025-12_to_2026-01
2025-12-02,813.0,821.95,791.6,795.15,1101287.0,0.0,SYRMA,-0.02201586618289153,3.681273471007842,2025-12-01,3.5686249319986416,813.05,0.004527733191080305,14.0,99.85491342440443,
2025-12-02,3659.8,3683.9,3646.0,3670.7,939558.0,0.0,TVSMOTOR,0.002430498661860181,3.681273471007842,2025-12-01,3.8263770437571814,3661.8,0.0010053180050816108,20.0,99.85491342440443,
2025-12-03,356.0,356.8,347.3,350.0,3307025.0,0.0,ABCAPITAL,-0.016163035839775075,3.681273471007842,2025-12-01,3.5985077917965222,356.1,0.010337751954529182,8.0,99.38814286915739,
2025-12-03,951.8,952.4,938.4,948.7,2138096.0,0.0,AUBANK,-0.004564293583757317,3.681273471007842,2025-12-01,3.656031553986014,950.5,0.0038729862924858937,19.0,99.38814286915739,
2025-12-03,4515.0,4527.0,4450.3,4514.1,410207.0,0.0,CUMMINSIND,-8.860338907956677e-05,3.8053044719314935,2025-12-01,3.834868152779665,4544.2,0.0008495310588555118,18.0,99.38814286915739,
2025-12-03,7090.0,7105.0,7042.0,7081.5,333674.0,0.0,EICHERMOT,-0.004358523725834784,3.681273471007842,2025-12-01,3.6958868767196473,7125.5,0.0005166337058463044,12.0,99.38814286915739,
2025-12-03,106.25,,,106.51,,,GOLDBEES,0.008330966581463706,15.193145512634322,2025-12-01,15.1632489556848,106.72,0.14236455690249553,,99.38814286915739,2025-12_to_2026-01
2025-12-03,849.0,855.25,831.85,844.15,1340422.0,0.0,HBLENGINE,-0.0027761370348493575,3.3407513578756785,2025-12-01,3.184029873264936,870.35,0.003771876885938443,6.0,99.38814286915739,
2025-12-03,6294.0,6294.0,6191.0,6211.5,543787.0,0.0,HEROMOTOCO,-0.009409138027270503,4.2739963082602666,2025-12-01,4.299607752653436,6295.5,0.0006922011998154131,3.0,99.38814286915739,
2025-12-03,810.8,819.6,800.95,816.3,4948661.0,0.0,HINDALCO,0.011712214166201829,3.819212598425195,2025-12-01,3.8565354330708645,810.8,0.004724409448818898,7.0,99.38814286915739,
2025-12-03,864.0,864.0,803.55,812.8,7081168.0,0.0,INDIANB,-0.054278899296061556,3.7601538195644673,2025-12-01,3.511925337020395,887.35,0.004320774282751469,15.0,99.38814286915739,
2025-12-03,1023.3,1026.9,1007.8,1016.5,972564.0,0.0,LAURUSLABS,-0.0036267398549304497,3.9236709952318143,2025-12-01,3.867175611240742,1029.4,0.0038044029623617733,1.0,99.38814286915739,
2025-12-03,306.05,308.1,296.6,302.8,6688481.0,0.0,LTF,-0.010619179872569884,3.9698779867819027,2025-12-01,3.8485002541942053,309.15,0.012709710218607015,2.0,99.38814286915739,
2025-12-03,6164.0,6216.5,6120.0,6159.0,349340.0,0.0,LTIM,-0.0008111615833874541,3.681273471007842,2025-12-01,3.7190130907795127,6152.5,0.0005983378254380889,17.0,99.38814286915739,
2025-12-03,365.55,366.5,351.35,355.5,2381256.0,0.0,M&MFIN,-0.02602739726027392,3.681273471007842,2025-12-01,3.5194102970103205,367.9,0.010006179589583698,9.0,99.38814286915739,
2025-12-03,2045.0,2069.6,2007.4,2027.6,2471110.0,0.0,MCX,-0.00792641158626095,3.681273471007842,2025-12-01,3.7048444382863446,2042.0,0.0018027783893280324,13.0,99.38814286915739,
2025-12-03,63.18,,,62.55,,,MOGSEC,-0.005564387917329161,5.064381837544775,2025-12-01,5.042615153429252,62.82,0.08061734857600725,,99.38814286915739,2025-12_to_2026-01
2025-12-03,3795.0,3795.0,3709.2,3763.4,287386.0,0.0,MUTHOOTFIN,-0.004365194846424503,3.681273471007842,2025-12-01,3.700150788096499,3811.1,0.0009659346306861122,4.0,99.38814286915739,
2025-12-03,265.8,268.0,261.85,266.5,10320888.0,0.0,NATIONALUM,0.005091457665472365,3.681273471007842,2025-12-01,3.7735955843664497,263.8,0.013954789503441402,16.0,99.38814286915739,
2025-12-03,262.15,262.15,256.55,258.1,5258936.0,0.0,NYKAA,-0.01413292589763171,3.681273471007842,2025-12-01,3.5544374803304186,264.9,0.013896842095159843,10.0,99.38814286915739,
2025-12-03,1364.2,1368.0,1319.5,1338.9,2835074.0,0.0,PAYTM,-0.01854566779064648,3.7162314272850074,2025-12-01,3.7677285006753727,1367.8,0.0028140477262494374,5.0,99.38814286915739,
2025-12-03,7370.0,7370.0,7206.5,7227.0,278984.0,0.0,POLYCAB,-0.016333197223356466,3.681273471007842,2025-12-01,3.561521201469033,7401.0,0.0004974021714643753,11.0,99.38814286915739,
2025-12-03,170.2,,,169.78,,,SILVERBEES,0.026853755896939724,5.064381837544775,2025-12-01,5.173158945781553,166.21,0.03046977821758483,,99.38814286915739,2025-12_to_2026-01
2025-12-03,795.85,797.55,780.4,795.35,745208.0,0.0,SYRMA,0.00025152486952162434,3.681273471007842,2025-12-01,3.569522529919034,813.05,0.004527733191080305,14.0,99.38814286915739,
2025-12-03,3670.0,3675.0,3607.5,3631.8,506439.0,0.0,TVSMOTOR,-0.010597433731985628,3.681273471007842,2025-12-01,3.785827266602374,3661.8,0.0010053180050816108,20.0,99.38814286915739,
2025-12-04,349.2,350.95,347.7,349.4,1540673.0,0.0,ABCAPITAL,-0.0017142857142857792,3.681273471007842,2025-12-01,3.592338921296299,356.1,0.010337751954529182,8.0,98.97445759830677,
2025-12-04,949.0,954.0,943.65,948.75,651215.0,0.0,AUBANK,5.270369979970546e-05,3.681273471007842,2025-12-01,3.6562242403754937,950.5,0.0038729862924858937,19.0,98.97445759830677,
2025-12-04,4525.0,4552.5,4430.0,4459.3,339985.0,0.0,CUMMINSIND,-0.012139739926009696,3.8053044719314935,2025-12-01,3.788313850754383,4544.2,0.0008495310588555118,18.0,98.97445759830677,
2025-12-04,7098.0,7167.5,7066.5,7100.0,364672.0,0.0,EICHERMOT,0.002612440867048038,3.681273471007842,2025-12-01,3.705542162636376,7125.5,0.0005166337058463044,12.0,98.97445759830677,
2025-12-04,106.67,,,105.92,,,GOLDBEES,-0.00553938597314807,15.193145512634322,2025-12-01,15.079253867112326,106.72,0.14236455690249553,,98.97445759830677,2025-12_to_2026-01
2025-12-04,844.9,845.8,807.15,810.2,1998595.0,0.0,HBLENGINE,-0.04021797073979738,3.3407513578756785,2025-12-01,3.055974652987326,870.35,0.003771876885938443,6.0,98.97445759830677,
2025-12-04,6248.0,6351.0,6239.5,6340.0,883433.0,0.0,HEROMOTOCO,0.020687434597118193,4.2739963082602666,2025-12-01,4.3885556068297165,6295.5,0.0006922011998154131,3.0,98.97445759830677,
2025-12-04,824.0,826.25,809.0,810.8,3381601.0,0.0,HINDALCO,-0.006737718975866724,3.819212598425195,2025-12-01,3.8305511811023605,810.8,0.004724409448818898,7.0,98.97445759830677,
2025-12-04,812.8,819.0,800.5,802.6,2081606.0,0.0,INDIANB,-0.012549212598425119,3.7601538195644673,2025-12-01,3.46785343933633,887.35,0.004320774282751469,15.0,98.97445759830677,
2025-12-04,1016.5,1021.3,1001.6,1013.5,971897.0,0.0,LAURUSLABS,-0.002951303492375823,3.9236709952318143,2025-12-01,3.855762402353657,1029.4,0.0038044029623617733,1.0,98.97445759830677,
2025-12-04,302.7,304.6,299.1,300.45,3259199.0,0.0,LTF,-0.007760898282694884,3.9698779867819027,2025-12-01,3.818632435180479,309.15,0.012709710218607015,2.0,98.97445759830677,
2025-12-04,6185.0,6289.5,6159.0,6266.0,502306.0,0.0,LTIM,0.017372950154245892,3.681273471007842,2025-12-01,3.7836233198286138,6152.5,0.0005983378254380889,17.0,98.97445759830677,
2025-12-04,355.4,355.4,343.7,347.0,3073831.0,0.0,M&MFIN,-0.023909985935302358,3.681273471007842,2025-12-01,3.4352612463082455,367.9,0.010006179589583698,9.0,98.97445759830677,
2025-12-04,2043.8,2061.6,1996.4,2024.2,3413675.0,0.0,MCX,-0.0016768593410928512,3.681273471007842,2025-12-01,3.698631935282708,2042.0,0.0018027783893280324,13.0,98.97445759830677,
2025-12-04,62.71,,,62.79,,,MOGSEC,0.003836930455635601,5.064381837544775,2025-12-01,5.0619633170874945,62.82,0.08061734857600725,,98.97445759830677,2025-12_to_2026-01
2025-12-04,3770.0,3778.5,3688.3,3702.0,330361.0,0.0,MUTHOOTFIN,-0.016315034277515017,3.681273471007842,2025-12-01,3.6397827011567307,3811.1,0.0009659346306861122,4.0,98.97445759830677,
2025-12-04,268.0,270.25,267.25,269.25,10377125.0,0.0,NATIONALUM,0.010318949343339545,3.681273471007842,2025-12-01,3.8125351260437768,263.8,0.013954789503441402,16.0,98.97445759830677,
2025-12-04,257.2,258.8,254.7,255.5,3296361.0,0.0,NYKAA,-0.010073614877954329,3.681273471007842,2025-12-01,3.5186314460458035,264.9,0.013896842095159843,10.0,98.97445759830677,
2025-12-04,1338.9,1348.0,1320.0,1328.6,1454122.0,0.0,PAYTM,-0.007692882216745245,3.7162314272850074,2025-12-01,3.7387438090950025,1367.8,0.0028140477262494374,5.0,98.97445759830677,
2025-12-04,7250.0,7382.5,7233.0,7348.5,179869.0,0.0,POLYCAB,0.01681195516811962,3.681273471007842,2025-12-01,3.621397336238438,7401.0,0.0004974021714643753,11.0,98.97445759830677,
2025-12-04,169.78,,,167.22,,,SILVERBEES,-0.015078336670986014,5.064381837544775,2025-12-01,5.095156313544536,166.21,0.03046977821758483,,98.97445759830677,2025-12_to_2026-01
2025-12-04,794.6,802.0,782.85,786.25,1094288.0,0.0,SYRMA,-0.011441503740491688,3.681273471007842,2025-12-01,3.528681824541196,813.05,0.004527733191080305,14.0,98.97445759830677,
2025-12-04,3640.0,3675.0,3623.5,3646.4,602960.0,0.0,TVSMOTOR,0.004020045156671648,3.681273471007842,2025-12-01,3.8010464631694743,3661.8,0.0010053180050816108,20.0,98.97445759830677,
2025-12-05,349.4,360.6,346.05,358.75,4438367.0,0.0,ABCAPITAL,0.026760160274756695,3.681273471007842,2025-12-01,3.6884704865914353,356.1,0.010337751954529182,8.0,99.92484092545902,
2025-12-05,948.9,965.0,946.1,960.7,1640399.0,0.0,AUBANK,0.012595520421607498,3.681273471007842,2025-12-01,3.7022762874611197,950.5,0.0038729862924858937,19.0,99.92484092545902,
2025-12-05,4459.3,4491.3,4437.7,4468.9,560759.0,0.0,CUMMINSIND,0.0021528042517882096,3.8053044719314935,2025-12-01,3.7964693489193952,4544.2,0.0008495310588555118,18.0,99.92484092545902,
2025-12-05,7120.0,7218.0,7070.5,7208.0,501035.0,0.0,EICHERMOT,0.015211267605633738,3.681273471007842,2025-12-01,3.761908156096197,7125.5,0.0005166337058463044,12.0,99.92484092545902,
2025-12-05,106.27,,,106.89,,,GOLDBEES,0.009157854984894298,15.193145512634322,2025-12-01,15.217347487307746,106.72,0.14236455690249553,,99.92484092545902,2025-12_to_2026-01
2025-12-05,811.05,832.6,798.85,807.6,2038877.0,0.0,HBLENGINE,-0.0032090841767464795,3.3407513578756785,2025-12-01,3.0461677730838863,870.35,0.003771876885938443,6.0,99.92484092545902,
2025-12-05,6335.0,6388.5,6305.0,6350.5,651633.0,0.0,HEROMOTOCO,0.0016561514195583271,4.2739963082602666,2025-12-01,4.395823719427778,6295.5,0.0006922011998154131,3.0,99.92484092545902,
2025-12-05,811.55,831.9,808.0,823.25,4273147.0,0.0,HINDALCO,0.015355204736063222,3.819212598425195,2025-12-01,3.889370078740156,810.8,0.004724409448818898,7.0,99.92484092545902,
2025-12-05,802.6,825.0,800.6,808.95,3550963.0,0.0,INDIANB,0.007911786693246992,3.7601538195644673,2025-12-01,3.495290356031802,887.35,0.004320774282751469,15.0,99.92484092545902,
2025-12-05,1017.5,1028.5,1005.8,1026.1,936977.0,0.0,LAURUSLABS,0.012432165762210179,3.9236709952318143,2025-12-01,3.9036978796794153,1029.4,0.0038044029623617733,1.0,99.92484092545902,
2025-12-05,299.1,311.15,298.0,309.6,8154419.0,0.0,LTF,0.030454318522216806,3.9698779867819027,2025-12-01,3.9349262836807335,309.15,0.012709710218607015,2.0,99.92484092545902,
2025-12-05,6266.0,6380.0,6240.5,6292.0,319657.0,0.0,LTIM,0.004149377593360981,3.681273471007842,2025-12-01,3.799323001653629,6152.5,0.0005983378254380889,17.0,99.92484092545902,
2025-12-05,345.0,370.5,344.55,367.55,15441892.0,0.0,M&MFIN,0.05922190201729105,3.681273471007842,2025-12-01,3.6387039512409096,367.9,0.010006179589583698,9.0,99.92484092545902,
2025-12-05,2026.8,2071.8,2026.8,2068.6,1982765.0,0.0,MCX,0.021934591443533158,3.681273471007842,2025-12-01,3.7797599156831385,2042.0,0.0018027783893280324,13.0,99.92484092545902,
2025-12-05,62.78,,,62.77,,,MOGSEC,-0.00031852205765248165,5.064381837544775,2025-12-01,5.060350970115974,62.82,0.08061734857600725,,99.92484092545902,2025-12_to_2026-01
2025-12-05,3702.0,3807.0,3702.0,3800.1,328682.0,0.0,MUTHOOTFIN,0.026499189627228414,3.681273471007842,2025-12-01,3.7362339931565884,3811.1,0.0009659346306861122,4.0,99.92484092545902,
2025-12-05,269.25,274.5,266.65,273.15,10796032.0,0.0,NATIONALUM,0.014484679665738076,3.681273471007842,2025-12-01,3.8677584760588952,263.8,0.013954789503441402,16.0,99.92484092545902,
2025-12-05,255.35,255.35,252.7,254.8,3699608.0,0.0,NYKAA,-0.002739726027397249,3.681273471007842,2025-12-01,3.5089913598922533,264.9,0.013896842095159843,10.0,99.92484092545902,
2025-12-05,1328.6,1351.7,1326.9,1344.6,2002627.0,0.0,PAYTM,0.012042751768779114,3.7162314272850074,2025-12-01,3.783768572714993,1367.8,0.0028140477262494374,5.0,99.92484092545902,
2025-12-05,7321.0,7336.0,7171.0,7257.0,191949.0,0.0,POLYCAB,-0.012451520718513964,3.681273471007842,2025-12-01,3.576305432276294,7401.0,0.0004974021714643753,11.0,99.92484092545902,
2025-12-05,168.17,,,170.18,,,SILVERBEES,0.01770123191005868,5.064381837544775,2025-12-01,5.185346857068588,166.21,0.03046977821758483,,99.92484092545902,2025-12_to_2026-01
2025-12-05,784.95,788.9,739.35,743.25,1759858.0,0.0,SYRMA,-0.054689984101748856,3.681273471007842,2025-12-01,3.335698271656908,813.05,0.004527733191080305,14.0,99.92484092545902,
2025-12-05,3646.2,3687.2,3626.7,3665.4,331003.0,0.0,TVSMOTOR,0.005210618692409019,3.681273471007842,2025-12-01,3.8208522669211806,3661.8,0.0010053180050816108,20.0,99.92484092545902,
2025-12-08,358.7,358.7,353.5,357.1,3662524.0,0.0,ABCAPITAL,-0.004599303135888411,3.681273471007842,2025-12-01,3.6715060927158234,356.1,0.010337751954529182,8.0,98.69017972583843,
2025-12-08,962.85,963.3,947.15,952.55,1172294.0,0.0,AUBANK,-0.008483397522639824,3.681273471007842,2025-12-01,3.6708684059759435,950.5,0.0038729862924858937,19.0,98.69017972583843,
2025-12-08,4471.0,4535.0,4439.3,4467.0,451510.0,0.0,CUMMINSIND,-0.00042516055405128483,3.8053044719314935,2025-12-01,3.79485523990757,4544.2,0.0008495310588555118,18.0,98.69017972583843,
2025-12-08,7230.0,7234.0,7115.0,7142.0,273509.0,0.0,EICHERMOT,-0.009156492785793557,3.681273471007842,2025-12-01,3.727462271204084,7125.5,0.0005166337058463044,12.0,98.69017972583843,
2025-12-08,106.77,,,106.85,,,GOLDBEES,-0.00037421648423618947,15.193145512634322,2025-12-01,15.211652905031645,106.72,0.14236455690249553,,98.69017972583843,2025-12_to_2026-01
2025-12-08,808.0,816.95,793.65,803.55,1487452.0,0.0,HBLENGINE,-0.005014858841010494,3.3407513578756785,2025-12-01,3.0308916716958354,870.35,0.003771876885938443,6.0,98.69017972583843,
2025-12-08,6310.0,6351.0,6144.5,6167.0,707514.0,0.0,HEROMOTOCO,-0.02889536256987635,4.2739963082602666,2025-12-01,4.26880479926165,6295.5,0.0006922011998154131,3.0,98.69017972583843,
2025-12-08,825.8,833.5,817.25,819.45,4354685.0,0.0,HINDALCO,-0.0046158518068629695,3.819212598425195,2025-12-01,3.8714173228346445,810.8,0.004724409448818898,7.0,98.69017972583843,
2025-12-08,807.8,810.8,773.7,779.1,4503930.0,0.0,INDIANB,-0.03689968477656225,3.7601538195644673,2025-12-01,3.3663152436916706,887.35,0.004320774282751469,15.0,98.69017972583843,
2025-12-08,1026.0,1032.0,996.1,1004.1,1382140.0,0.0,LAURUSLABS,-0.02144040541857506,3.9236709952318143,2025-12-01,3.8200010145074565,1029.4,0.0038044029623617733,1.0,98.69017972583843,
2025-12-08,311.3,311.75,297.5,299.3,5368362.0,0.0,LTF,-0.033268733850129184,3.9698779867819027,2025-12-01,3.8040162684290815,309.15,0.012709710218607015,2.0,98.69017972583843,
2025-12-08,6335.0,6346.5,6205.0,6256.0,253030.0,0.0,LTIM,-0.005721551176096629,3.681273471007842,2025-12-01,3.777584980665146,6152.5,0.0005983378254380889,17.0,98.69017972583843,
2025-12-08,367.0,367.5,344.0,351.4,3701783.0,0.0,M&MFIN,-0.04393960005441444,3.681273471007842,2025-12-01,3.4788207549069665,367.9,0.010006179589583698,9.0,98.69017972583843,
2025-12-08,2077.8,2103.2,2028.2,2036.6,2474390.0,0.0,MCX,-0.015469399593928235,3.681273471007842,2025-12-01,3.7212892991783235,2042.0,0.0018027783893280324,13.0,98.69017972583843,
2025-12-08,63.28,,,62.79,,,MOGSEC,0.00031862354627998357,5.064381837544775,2025-12-01,5.061963317087494,62.82,0.08061734857600725,,98.69017972583843,2025-12_to_2026-01
2025-12-08,3799.1,3818.0,3753.0,3775.7,452775.0,0.0,MUTHOOTFIN,-0.006420883660956278,3.681273471007842,2025-12-01,3.71224406935642,3811.1,0.0009659346306861122,4.0,98.69017972583843,
2025-12-08,273.9,276.2,266.6,268.35,7786865.0,0.0,NATIONALUM,-0.017572762218561078,3.681273471007842,2025-12-01,3.799791276040288,263.8,0.013954789503441402,16.0,98.69017972583843,
2025-12-08,255.9,259.3,249.1,252.6,5791776.0,0.0,NYKAA,-0.008634222919937318,3.681273471007842,2025-12-01,3.4786939462668096,264.9,0.013896842095159843,10.0,98.69017972583843,
2025-12-08,1337.0,1348.5,1303.1,1321.0,2092443.0,0.0,PAYTM,-0.017551688234419105,3.7162314272850074,2025-12-01,3.717357046375507,1367.8,0.0028140477262494374,5.0,98.69017972583843,
2025-12-08,7257.0,7265.5,7007.5,7025.0,217567.0,0.0,POLYCAB,-0.031969133250654536,3.681273471007842,2025-12-01,3.4619740473668132,7401.0,0.0004974021714643753,11.0,98.69017972583843,
2025-12-08,170.17,,,170.84,,,SILVERBEES,0.0038782465624631612,5.064381837544775,2025-12-01,5.205456910692193,166.21,0.03046977821758483,,98.69017972583843,2025-12_to_2026-01
2025-12-08,749.45,764.9,725.4,728.9,2001935.0,0.0,SYRMA,-0.019307097208207225,3.681273471007842,2025-12-01,3.2712956208687793,813.05,0.004527733191080305,14.0,98.69017972583843,
2025-12-08,3670.1,3673.8,3590.2,3612.7,472896.0,0.0,TVSMOTOR,-0.014377694112511663,3.681273471007842,2025-12-01,3.765917221778291,3661.8,0.0010053180050816108,20.0,98.69017972583843,
2025-12-09,356.7,366.8,353.2,364.05,5835578.0,0.0,ABCAPITAL,0.019462335480257664,3.681273471007842,2025-12-01,3.742962176010069,356.1,0.010337751954529182,8.0,99.10830200779796,
2025-12-09,950.05,973.7,948.2,972.05,1880632.0,0.0,AUBANK,0.020471366332476038,3.681273471007842,2025-12-01,3.7460160978729897,950.5,0.0038729862924858937,19.0,99.10830200779796,
2025-12-09,4460.1,4496.0,4412.1,4479.1,405777.0,0.0,CUMMINSIND,0.0027087530781286784,3.8053044719314935,2025-12-01,3.8051345657197224,4544.2,0.0008495310588555118,18.0,99.10830200779796,
2025-12-09,7142.0,7196.0,7052.0,7123.0,436443.0,0.0,EICHERMOT,-0.0026603192383085617,3.681273471007842,2025-12-01,3.7175460316139306,7125.5,0.0005166337058463044,12.0,99.10830200779796,
2025-12-09,106.76,,,106.28,,,GOLDBEES,-0.005334581188582099,15.193145512634322,2025-12-01,15.130505107597223,106.72,0.14236455690249553,,99.10830200779796,2025-12_to_2026-01
2025-12-09,804.0,814.1,785.1,811.95,1614195.0,0.0,HBLENGINE,0.010453612096322784,3.3407513578756785,2025-12-01,3.0625754375377188,870.35,0.003771876885938443,6.0,99.10830200779796,
2025-12-09,6164.0,6164.0,5966.0,6001.0,1186776.0,0.0,HEROMOTOCO,-0.026917463920869134,4.2739963082602666,2025-12-01,4.153899400092291,6295.5,0.0006922011998154131,3.0,99.10830200779796,
2025-12-09,819.0,819.4,803.1,812.9,3394966.0,0.0,HINDALCO,-0.007993166148026143,3.819212598425195,2025-12-01,3.8404724409448807,810.8,0.004724409448818898,7.0,99.10830200779796,
2025-12-09,779.1,795.9,766.05,793.9,2041877.0,0.0,INDIANB,0.01899627775638546,3.7601538195644673,2025-12-01,3.430262703076392,887.35,0.004320774282751469,15.0,99.10830200779796,
2025-12-09,1003.2,1026.9,985.9,1021.4,1464780.0,0.0,LAURUSLABS,0.01722935962553529,3.9236709952318143,2025-12-01,3.885817185756315,1029.4,0.0038044029623617733,1.0,99.10830200779796,
2025-12-09,298.0,310.2,294.8,307.3,8915028.0,0.0,LTF,0.026729034413631725,3.9698779867819027,2025-12-01,3.9056939501779375,309.15,0.012709710218607015,2.0,99.10830200779796,
2025-12-09,6225.0,6255.5,6160.0,6245.5,282890.0,0.0,LTIM,-0.001678388746803039,3.681273471007842,2025-12-01,3.771244724543506,6152.5,0.0005983378254380889,17.0,99.10830200779796,
2025-12-09,350.9,354.75,344.0,353.4,3206538.0,0.0,M&MFIN,0.00569151963574277,3.681273471007842,2025-12-01,3.4986205315427488,367.9,0.010006179589583698,9.0,99.10830200779796,
2025-12-09,2037.0,2075.4,1990.0,2071.6,2600650.0,0.0,MCX,0.01718550525385454,3.681273471007842,2025-12-01,3.7852415359804654,2042.0,0.0018027783893280324,13.0,99.10830200779796,
2025-12-09,63.1,,,62.98,,,MOGSEC,0.0030259595476986867,5.064381837544775,2025-12-01,5.077280613316935,62.82,0.08061734857600725,,99.10830200779796,2025-12_to_2026-01
2025-12-09,3753.1,3767.6,3712.0,3742.1,668721.0,0.0,MUTHOOTFIN,-0.008899012103715798,3.681273471007842,2025-12-01,3.67920876445127,3811.1,0.0009659346306861122,4.0,99.10830200779796,
2025-12-09,266.55,267.0,259.3,265.65,6100471.0,0.0,NATIONALUM,-0.010061486864170077,3.681273471007842,2025-12-01,3.76155972602982,263.8,0.013954789503441402,16.0,99.10830200779796,
2025-12-09,251.55,253.55,246.15,252.95,14534774.0,0.0,NYKAA,0.0013855898653998278,3.681273471007842,2025-12-01,3.4835139893435847,264.9,0.013896842095159843,10.0,99.10830200779796,
2025-12-09,1314.8,1321.5,1288.6,1316.7,2744749.0,0.0,PAYTM,-0.003255109765329278,3.7162314272850074,2025-12-01,3.7052566411526344,1367.8,0.0028140477262494374,5.0,99.10830200779796,
2025-12-09,7025.0,7214.5,6932.0,7194.0,222653.0,0.0,POLYCAB,0.02405693950177934,3.681273471007842,2025-12-01,3.5452585475810467,7401.0,0.0004974021714643753,11.0,99.10830200779796,
2025-12-09,170.84,,,171.11,,,SILVERBEES,0.001580426129712098,5.064381837544775,2025-12-01,5.213683750810941,166.21,0.03046977821758483,,99.10830200779796,2025-12_to_2026-01
2025-12-09,726.5,762.7,715.0,757.3,1807427.0,0.0,SYRMA,0.03896282068870893,3.681273471007842,2025-12-01,3.3987545255644482,813.05,0.004527733191080305,14.0,99.10830200779796,
2025-12-09,3588.0,3622.4,3543.0,3614.5,606495.0,0.0,TVSMOTOR,0.0004982423118444768,3.681273471007842,2025-12-01,3.7677935610810844,3661.8,0.0010053180050816108,20.0,99.10830200779796,
2025-12-10,365.3,368.95,357.45,358.95,4228919.0,0.0,ABCAPITAL,-0.014009064688916384,3.681273471007842,2025-12-01,3.690526776758177,356.1,0.010337751954529182,8.0,98.55565162342431,
2025-12-10,981.0,1007.25,981.0,993.7,7019615.0,0.0,AUBANK,0.022272516845841306,3.681273471007842,2025-12-01,3.829449304517659,950.5,0.0038729862924858937,19.0,98.55565162342431,
2025-12-10,4490.0,4568.9,4477.0,4535.7,520273.0,0.0,CUMMINSIND,0.012636467147417951,3.8053044719314935,2025-12-01,3.8532180236509443,4544.2,0.0008495310588555118,18.0,98.55565162342431,
2025-12-10,7129.5,7294.0,7129.5,7228.5,626505.0,0.0,EICHERMOT,0.014811175066685278,3.681273471007842,2025-12-01,3.772607256706626,7125.5,0.0005166337058463044,12.0,98.55565162342431,
2025-12-10,106.85,,,106.23,,,GOLDBEES,-0.0004704554008280182,15.193145512634322,2025-12-01,15.123386879752097,106.72,0.14236455690249553,,98.55565162342431,2025-12_to_2026-01
2025-12-10,814.05,822.85,795.15,799.2,962947.0,0.0,HBLENGINE,-0.015702937372991,3.3407513578756785,2025-12-01,3.0144840072420034,870.35,0.003771876885938443,6.0,98.55565162342431,
2025-12-10,6028.0,6044.5,5915.5,5945.5,820197.0,0.0,HEROMOTOCO,-0.009248458590234931,4.2739963082602666,2025-12-01,4.1154822335025365,6295.5,0.0006922011998154131,3.0,98.55565162342431,
2025-12-10,816.05,831.75,813.6,821.75,5280811.0,0.0,HINDALCO,0.010886947964079186,3.819212598425195,2025-12-01,3.8822834645669277,810.8,0.004724409448818898,7.0,98.55565162342431,
2025-12-10,793.9,796.95,779.25,782.8,1438014.0,0.0,INDIANB,-0.013981609774530779,3.7601538195644673,2025-12-01,3.382302108537851,887.35,0.004320774282751469,15.0,98.55565162342431,
2025-12-10,1024.0,1035.9,1015.8,1018.4,1186441.0,0.0,LAURUSLABS,-0.0029371450949676747,3.9236709952318143,2025-12-01,3.87440397686923,1029.4,0.0038044029623617733,1.0,98.55565162342431,
2025-12-10,307.45,310.4,302.35,303.95,2644098.0,0.0,LTF,-0.010901399284087288,3.9698779867819027,2025-12-01,3.863116420945604,309.15,0.012709710218607015,2.0,98.55565162342431,
2025-12-10,6231.0,6298.0,6195.0,6220.5,208454.0,0.0,LTIM,-0.0040028820750940275,3.681273471007842,2025-12-01,3.756148876634838,6152.5,0.0005983378254380889,17.0,98.55565162342431,
2025-12-10,355.0,355.3,345.4,347.15,4492904.0,0.0,M&MFIN,-0.01768534238822861,3.681273471007842,2025-12-01,3.436746229555929,367.9,0.010006179589583698,9.0,98.55565162342431,
2025-12-10,2074.0,2079.6,1953.6,1972.8,2408525.0,0.0,MCX,-0.04769260474995174,3.681273471007842,2025-12-01,3.604713507521849,2042.0,0.0018027783893280324,13.0,98.55565162342431,
2025-12-10,64.55,,,62.83,,,MOGSEC,-0.002381708478882194,5.064381837544775,2025-12-01,5.065188011030534,62.82,0.08061734857600725,,98.55565162342431,2025-12_to_2026-01
2025-12-10,3768.5,3792.0,3735.6,3745.8,270109.0,0.0,MUTHOOTFIN,0.0009887496325593492,3.681273471007842,2025-12-01,3.6828465807652297,3811.1,0.0009659346306861122,4.0,98.55565162342431,
2025-12-10,265.0,268.1,261.4,263.0,6798335.0,0.0,NATIONALUM,-0.009975531714662034,3.681273471007842,2025-12-01,3.7240361676862137,263.8,0.013954789503441402,16.0,98.55565162342431,
2025-12-10,253.45,256.7,245.65,247.05,4038136.0,0.0,NYKAA,-0.02332476774066017,3.681273471007842,2025-12-01,3.402261834620805,264.9,0.013896842095159843,10.0,98.55565162342431,
2025-12-10,1316.7,1318.1,1265.0,1268.3,3668569.0,0.0,PAYTM,-0.03675856307435266,3.7162314272850074,2025-12-01,3.5690567312021613,1367.8,0.0028140477262494374,5.0,98.55565162342431,
2025-12-10,7219.0,7268.5,7110.0,7139.0,126487.0,0.0,POLYCAB,-0.007645259938837912,3.681273471007842,2025-12-01,3.518154124434403,7401.0,0.0004974021714643753,11.0,98.55565162342431,
2025-12-10,176.55,,,175.29,,,SILVERBEES,0.024428730056688552,5.064381837544775,2025-12-01,5.341047423760445,166.21,0.03046977821758483,,98.55565162342431,2025-12_to_2026-01
2025-12-10,759.1,760.65,730.1,734.1,859825.0,0.0,SYRMA,-0.030635151195034904,3.681273471007842,2025-12-01,3.294633166798972,813.05,0.004527733191080305,14.0,98.55565162342431,
2025-12-10,3632.0,3653.7,3594.5,3606.6,400339.0,0.0,TVSMOTOR,-0.0021856411675197362,3.681273471007842,2025-12-01,3.75955851636327,3661.8,0.0010053180050816108,20.0,98.55565162342431,
2025-12-11,361.5,362.25,353.25,354.45,3905889.0,0.0,ABCAPITAL,-0.012536564981195153,3.681273471007842,2025-12-01,3.6442602480065074,356.1,0.010337751954529182,8.0,98.8289493391095,
2025-12-11,981.0,990.7,970.35,973.0,1656397.0,0.0,AUBANK,-0.020831236791788332,3.681273471007842,2025-12-01,3.7496771392731025,950.5,0.0038729862924858937,19.0,98.8289493391095,
2025-12-11,4535.7,4588.3,4511.0,4531.9,485927.0,0.0,CUMMINSIND,-0.0008377979143241454,3.8053044719314935,2025-12-01,3.849989805627293,4544.2,0.0008495310588555118,18.0,98.8289493391095,
2025-12-11,7250.0,7328.5,7220.5,7256.0,502052.0,0.0,EICHERMOT,0.0038043854188283266,3.681273471007842,2025-12-01,3.786959708745006,7125.5,0.0005166337058463044,12.0,98.8289493391095,
2025-12-11,106.86,,,107.15,,,GOLDBEES,0.008660453732467266,15.193145512634322,2025-12-01,15.254362272102394,106.72,0.14236455690249553,,98.8289493391095,2025-12_to_2026-01
2025-12-11,803.0,804.95,792.1,801.8,809430.0,0.0,HBLENGINE,0.0032532532532532077,3.3407513578756785,2025-12-01,3.0242908871454435,870.35,0.003771876885938443,6.0,98.8289493391095,
2025-12-11,5945.5,6019.5,5905.5,5979.5,695094.0,0.0,HEROMOTOCO,0.005718610713985273,4.2739963082602666,2025-12-01,4.13901707429626,6295.5,0.0006922011998154131,3.0,98.8289493391095,
2025-12-11,826.0,830.9,821.15,824.35,3098584.0,0.0,HINDALCO,0.003163979312442944,3.819212598425195,2025-12-01,3.8945669291338567,810.8,0.004724409448818898,7.0,98.8289493391095,
2025-12-11,781.95,789.85,777.05,782.65,925978.0,0.0,INDIANB,-0.00019161982626469953,3.7601538195644673,2025-12-01,3.381653992395438,887.35,0.004320774282751469,15.0,98.8289493391095,
2025-12-11,1021.8,1032.2,1013.4,1019.3,818322.0,0.0,LAURUSLABS,0.000883739198743072,3.9236709952318143,2025-12-01,3.877827939535355,1029.4,0.0038044029623617733,1.0,98.8289493391095,
2025-12-11,303.9,305.4,299.9,301.7,2764759.0,0.0,LTF,-0.00740253331139995,3.9698779867819027,2025-12-01,3.834519572953738,309.15,0.012709710218607015,2.0,98.8289493391095,
2025-12-11,6224.5,6312.0,6215.0,6294.5,166721.0,0.0,LTIM,0.011896149827184344,3.681273471007842,2025-12-01,3.8008325864444967,6152.5,0.0005983378254380889,17.0,98.8289493391095,
2025-12-11,347.55,350.75,338.85,340.3,2671762.0,0.0,M&MFIN,-0.019732104277689677,3.681273471007842,2025-12-01,3.3689319945783742,367.9,0.010006179589583698,9.0,98.8289493391095,
2025-12-11,1969.0,2011.2,1950.0,1987.6,2399730.0,0.0,MCX,0.007502027575020165,3.681273471007842,2025-12-01,3.6317561676553254,2042.0,0.0018027783893280324,13.0,98.8289493391095,
2025-12-11,62.78,,,62.61,,,MOGSEC,-0.003501512016552577,5.064381837544775,2025-12-01,5.047452194343813,62.82,0.08061734857600725,,98.8289493391095,2025-12_to_2026-01
2025-12-11,3760.0,3784.4,3726.0,3734.2,219811.0,0.0,MUTHOOTFIN,-0.0030968017512948975,3.681273471007842,2025-12-01,3.6714415350241656,3811.1,0.0009659346306861122,4.0,98.8289493391095,
2025-12-11,265.0,268.25,262.75,264.3,7507279.0,0.0,NATIONALUM,0.004942965779467734,3.681273471007842,2025-12-01,3.7424439510245864,263.8,0.013954789503441402,16.0,98.8289493391095,
2025-12-11,246.0,252.95,244.25,249.55,2212147.0,0.0,NYKAA,0.010119409026512871,3.681273471007842,2025-12-01,3.436690713740627,264.9,0.013896842095159843,10.0,98.8289493391095,
2025-12-11,1263.0,1289.8,1253.1,1280.5,2301101.0,0.0,PAYTM,0.009619175273988922,3.7162314272850074,2025-12-01,3.6033881134624046,1367.8,0.0028140477262494374,5.0,98.8289493391095,
2025-12-11,7120.0,7307.0,7120.0,7218.5,295740.0,0.0,POLYCAB,0.011136013447261561,3.681273471007842,2025-12-01,3.5573323360736433,7401.0,0.0004974021714643753,11.0,98.8289493391095,
2025-12-11,177.4,,,178.85,,,SILVERBEES,0.020309201894004314,5.064381837544775,2025-12-01,5.449519834215047,166.21,0.03046977821758483,,98.8289493391095,2025-12_to_2026-01
2025-12-11,734.5,743.5,729.85,733.15,871616.0,0.0,SYRMA,-0.0012941016210326062,3.681273471007842,2025-12-01,3.2903695766771097,813.05,0.004527733191080305,14.0,98.8289493391095,
2025-12-11,3595.1,3642.5,3589.0,3637.4,446958.0,0.0,TVSMOTOR,0.008539899073920054,3.681273471007842,2025-12-01,3.791664766655509,3661.8,0.0010053180050816108,20.0,98.8289493391095,
2025-12-12,356.5,364.35,353.85,362.95,3678788.0,0.0,ABCAPITAL,0.023980815347721895,3.681273471007842,2025-12-01,3.731652580092994,356.1,0.010337751954529182,8.0,100.30182918418663,
2025-12-12,974.1,977.6,963.4,968.05,1932538.0,0.0,AUBANK,-0.005087358684481069,3.681273471007842,2025-12-01,3.730601186714621,950.5,0.0038729862924858937,19.0,100.30182918418663,
2025-12-12,4549.0,4615.0,4530.0,4600.2,465150.0,0.0,CUMMINSIND,0.015070941547695282,3.8053044719314935,2025-12-01,3.908012776947125,4544.2,0.0008495310588555118,18.0,100.30182918418663,
2025-12-12,7235.0,7274.5,7188.0,7229.0,324682.0,0.0,EICHERMOT,-0.0037210584343990716,3.681273471007842,2025-12-01,3.7728682103800515,7125.5,0.0005166337058463044,12.0,100.30182918418663,
2025-12-12,108.2,,,109.61,,,GOLDBEES,0.022958469435370832,15.193145512634322,2025-12-01,15.60457908208253,106.72,0.14236455690249553,,100.30182918418663,2025-12_to_2026-01
2025-12-12,805.0,823.65,803.0,811.75,976001.0,0.0,HBLENGINE,0.012409578448490999,3.3407513578756785,2025-12-01,3.061821062160531,870.35,0.003771876885938443,6.0,100.30182918418663,
2025-12-12,6003.5,6037.5,5950.5,5960.0,679186.0,0.0,HEROMOTOCO,-0.003261142235972958,4.2739963082602666,2025-12-01,4.125519150899859,6295.5,0.0006922011998154131,3.0,100.30182918418663,
2025-12-12,830.8,855.0,830.6,852.1,8178645.0,0.0,HINDALCO,0.03366288591011091,3.819212598425195,2025-12-01,4.0256692913385805,810.8,0.004724409448818898,7.0,100.30182918418663,
2025-12-12,784.3,793.5,781.15,789.35,1533875.0,0.0,INDIANB,0.008560659298536999,3.7601538195644673,2025-12-01,3.410603180089873,887.35,0.004320774282751469,15.0,100.30182918418663,
2025-12-12,1016.1,1027.5,1006.1,1012.3,1244218.0,0.0,LAURUSLABS,-0.006867458059452547,3.9236709952318143,2025-12-01,3.8511971187988228,1029.4,0.0038044029623617733,1.0,100.30182918418663,
2025-12-12,303.5,309.0,302.6,307.85,3551485.0,0.0,LTF,0.020384487901889514,3.9698779867819027,2025-12-01,3.912684290798172,309.15,0.012709710218607015,2.0,100.30182918418663,
2025-12-12,6314.5,6318.0,6250.0,6284.5,170630.0,0.0,LTIM,-0.0015886885376121818,3.681273471007842,2025-12-01,3.794794247281029,6152.5,0.0005983378254380889,17.0,100.30182918418663,
2025-12-12,343.3,354.45,339.85,346.1,3314650.0,0.0,M&MFIN,0.01704378489568037,3.681273471007842,2025-12-01,3.426351346822144,367.9,0.010006179589583698,9.0,100.30182918418663,
2025-12-12,2004.0,2037.6,1994.4,2032.4,2219790.0,0.0,MCX,0.022539746427852725,3.681273471007842,2025-12-01,3.7136150307620666,2042.0,0.0018027783893280324,13.0,100.30182918418663,
2025-12-12,63.0,,,62.87,,,MOGSEC,0.004152691263376473,5.064381837544775,2025-12-01,5.068412704973575,62.82,0.08061734857600725,,100.30182918418663,2025-12_to_2026-01
2025-12-12,3765.0,3848.1,3751.1,3837.6,437084.0,0.0,MUTHOOTFIN,0.02769000053559001,3.681273471007842,2025-12-01,3.773103753095372,3811.1,0.0009659346306861122,4.0,100.30182918418663,
2025-12-12,266.75,279.75,266.35,278.15,21981929.0,0.0,NATIONALUM,0.05240257283390082,3.681273471007842,2025-12-01,3.938557642744944,263.8,0.013954789503441402,16.0,100.30182918418663,
2025-12-12,250.55,254.2,249.45,251.1,2904987.0,0.0,NYKAA,0.006211180124223503,3.681273471007842,2025-12-01,3.458036618794916,264.9,0.013896842095159843,10.0,100.30182918418663,
2025-12-12,1281.9,1314.0,1278.0,1304.7,2061708.0,0.0,PAYTM,0.01889886762983206,3.7162314272850074,2025-12-01,3.6714880684376405,1367.8,0.0028140477262494374,5.0,100.30182918418663,
2025-12-12,7230.0,7298.0,7193.5,7276.5,158727.0,0.0,POLYCAB,0.008034910299923759,3.681273471007842,2025-12-01,3.585915182301013,7401.0,0.0004974021714643753,11.0,100.30182918418663,
2025-12-12,183.32,,,184.13,,,SILVERBEES,0.029521945764607205,5.064381837544775,2025-12-01,5.6104002632038945,166.21,0.03046977821758483,,100.30182918418663,2025-12_to_2026-01
2025-12-12,736.9,752.5,733.05,738.8,856676.0,0.0,SYRMA,0.007706472072563475,3.681273471007842,2025-12-01,3.3157267179281846,813.05,0.004527733191080305,14.0,100.30182918418663,
2025-12-12,3631.0,3660.0,3623.0,3655.2,290853.0,0.0,TVSMOTOR,0.004893605322483063,3.681273471007842,2025-12-01,3.810219677538686,3661.8,0.0010053180050816108,20.0,100.30182918418663,
2025-12-15,362.7,362.7,351.4,351.8,4422870.0,0.0,ABCAPITAL,-0.03072048491527757,3.681273471007842,2025-12-01,3.6170144032971905,356.1,0.010337751954529182,8.0,100.30141065428874,
2025-12-15,965.0,983.35,957.4,979.05,1702377.0,0.0,AUBANK,0.011363049429264915,3.681273471007842,2025-12-01,3.7729921924001335,950.5,0.0038729862924858937,19.0,100.30141065428874,
2025-12-15,4545.0,4598.5,4512.3,4539.9,326631.0,0.0,CUMMINSIND,-0.013108125733663822,3.8053044719314935,2025-12-01,3.8567860540981376,4544.2,0.0008495310588555118,18.0,100.30141065428874,
2025-12-15,7200.0,7210.5,7094.5,7121.5,391821.0,0.0,EICHERMOT,-0.014870659842301848,3.681273471007842,2025-12-01,3.716763170593656,7125.5,0.0005166337058463044,12.0,100.30141065428874,
2025-12-15,110.45,,,110.95,,,GOLDBEES,0.012225161937779339,15.193145512634322,2025-12-01,15.795347588331872,106.72,0.14236455690249553,,100.30141065428874,2025-12_to_2026-01
2025-12-15,810.5,818.0,803.3,816.35,614196.0,0.0,HBLENGINE,0.005666769325531229,3.3407513578756785,2025-12-01,3.0791716958358477,870.35,0.003771876885938443,6.0,100.30141065428874,
2025-12-15,5939.5,5976.5,5876.5,5959.5,652031.0,0.0,HEROMOTOCO,-8.38926174496768e-05,4.2739963082602666,2025-12-01,4.125173050299951,6295.5,0.0006922011998154131,3.0,100.30141065428874,
2025-12-15,851.95,856.25,845.3,847.85,2521938.0,0.0,HINDALCO,-0.0049876775026405085,3.819212598425195,2025-12-01,4.0055905511811,810.8,0.004724409448818898,7.0,100.30141065428874,
2025-12-15,788.0,793.25,779.05,783.85,2416248.0,0.0,INDIANB,-0.00696775828213092,3.7601538195644673,2025-12-01,3.3868389215347396,887.35,0.004320774282751469,15.0,100.30141065428874,
2025-12-15,1006.9,1011.7,994.2,1004.9,895430.0,0.0,LAURUSLABS,-0.007310085942902278,3.9236709952318143,2025-12-01,3.8230445368773456,1029.4,0.0038044029623617733,1.0,100.30141065428874,
2025-12-15,307.05,309.7,303.5,305.1,3130247.0,0.0,LTF,-0.008932921877537803,3.9698779867819027,2025-12-01,3.877732587697002,309.15,0.012709710218607015,2.0,100.30141065428874,
2025-12-15,6271.0,6303.5,6233.0,6269.5,107413.0,0.0,LTIM,-0.0023868247275041776,3.681273471007842,2025-12-01,3.785736738535828,6152.5,0.0005983378254380889,17.0,100.30141065428874,
2025-12-15,345.0,349.45,342.05,348.3,1247974.0,0.0,M&MFIN,0.006356544351343585,3.681273471007842,2025-12-01,3.4481311011215046,367.9,0.010006179589583698,9.0,100.30141065428874,
2025-12-15,2032.4,2052.0,2017.0,2037.2,1293085.0,0.0,MCX,0.002361739814997099,3.681273471007842,2025-12-01,3.7223856232377885,2042.0,0.0018027783893280324,13.0,100.30141065428874,
2025-12-15,62.93,,,62.8,,,MOGSEC,-0.0011134086209638738,5.064381837544775,2025-12-01,5.062769490573254,62.82,0.08061734857600725,,100.30141065428874,2025-12_to_2026-01
2025-12-15,3837.4,3868.0,3802.6,3856.4,295860.0,0.0,MUTHOOTFIN,0.004898895142797732,3.681273471007842,2025-12-01,3.7915877927446835,3811.1,0.0009659346306861122,4.0,100.30141065428874,
2025-12-15,277.7,280.0,276.2,278.7,8117336.0,0.0,NATIONALUM,0.0019773503505302603,3.681273471007842,2025-12-01,3.946345551080409,263.8,0.013954789503441402,16.0,100.30141065428874,
2025-12-15,252.0,252.4,247.05,251.6,8897454.0,0.0,NYKAA,0.001991238550378416,3.681273471007842,2025-12-01,3.4649223946188807,264.9,0.013896842095159843,10.0,100.30141065428874,
2025-12-15,1301.0,1315.0,1294.0,1310.1,1479462.0,0.0,PAYTM,0.004138882501724339,3.7162314272850074,2025-12-01,3.686683926159387,1367.8,0.0028140477262494374,5.0,100.30141065428874,
2025-12-15,7250.5,7355.0,7223.5,7339.5,121874.0,0.0,POLYCAB,0.008658008658008587,3.681273471007842,2025-12-01,3.6169620669962597,7401.0,0.0004974021714643753,11.0,100.30141065428874,
2025-12-15,182.04,,,184.87,,,SILVERBEES,0.004018899690436228,5.064381837544775,2025-12-01,5.632947899084908,166.21,0.03046977821758483,,100.30141065428874,2025-12_to_2026-01
2025-12-15,738.05,746.4,731.1,733.7,591148.0,0.0,SYRMA,-0.006903086085544019,3.681273471007842,2025-12-01,3.2928379709581876,813.05,0.004527733191080305,14.0,100.30141065428874,
2025-12-15,3651.9,3653.9,3591.5,3639.3,327503.0,0.0,TVSMOTOR,-0.004349967170058977,3.681273471007842,2025-12-01,3.79364534703068,3661.8,0.0010053180050816108,20.0,100.30141065428874,
2025-12-16,352.5,353.4,346.1,348.05,3580090.0,0.0,ABCAPITAL,-0.010659465605457608,3.681273471007842,2025-12-01,3.5784589626707994,356.1,0.010337751954529182,8.0,99.39695180903908,
2025-12-16,976.0,984.0,973.3,980.6,1350309.0,0.0,AUBANK,0.0015831673561106374,3.681273471007842,2025-12-01,3.778965470474002,950.5,0.0038729862924858937,19.0,99.39695180903908,
2025-12-16,4550.0,4551.5,4470.3,4494.3,286429.0,0.0,CUMMINSIND,-0.01004427410295372,3.8053044719314935,2025-12-01,3.818047437814327,4544.2,0.0008495310588555118,18.0,99.39695180903908,
2025-12-16,7120.0,7121.5,7035.5,7061.5,505906.0,0.0,EICHERMOT,-0.008425191322052883,3.681273471007842,2025-12-01,3.6854487297826446,7125.5,0.0005166337058463044,12.0,99.39695180903908,
2025-12-16,109.46,,,109.56,,,GOLDBEES,-0.012528165840468675,15.193145512634322,2025-12-01,15.597460854237402,106.72,0.14236455690249553,,99.39695180903908,2025-12_to_2026-01
2025-12-16,814.95,814.95,795.5,799.95,573972.0,0.0,HBLENGINE,-0.020089422429105164,3.3407513578756785,2025-12-01,3.0173129149064573,870.35,0.003771876885938443,6.0,99.39695180903908,
2025-12-16,5960.5,5986.0,5932.5,5946.5,388048.0,0.0,HEROMOTOCO,-0.0021813910562966665,4.2739963082602666,2025-12-01,4.116174434702351,6295.5,0.0006922011998154131,3.0,99.39695180903908,
2025-12-16,845.0,845.0,831.15,837.15,2713249.0,0.0,HINDALCO,-0.012620156867370502,3.819212598425195,2025-12-01,3.955039370078737,810.8,0.004724409448818898,7.0,99.39695180903908,
2025-12-16,783.85,786.65,764.05,773.15,1751191.0,0.0,INDIANB,-0.013650570900044734,3.7601538195644673,2025-12-01,3.340606636709299,887.35,0.004320774282751469,15.0,99.39695180903908,
2025-12-16,1000.0,1007.6,992.6,1001.3,945609.0,0.0,LAURUSLABS,-0.0035824460145288395,3.9236709952318143,2025-12-01,3.809348686212843,1029.4,0.0038044029623617733,1.0,99.39695180903908,
2025-12-16,304.0,304.4,299.5,300.8,2957216.0,0.0,LTF,-0.014093739757456647,3.9698779867819027,2025-12-01,3.8230808337569915,309.15,0.012709710218607015,2.0,99.39695180903908,
2025-12-16,6240.0,6259.0,6181.0,6216.0,198232.0,0.0,LTIM,-0.00853337586729408,3.681273471007842,2025-12-01,3.7534316240112777,6152.5,0.0005983378254380889,17.0,99.39695180903908,
2025-12-16,348.0,348.5,340.6,341.6,2187620.0,0.0,M&MFIN,-0.019236290554120017,3.681273471007842,2025-12-01,3.3818018493916333,367.9,0.010006179589583698,9.0,99.39695180903908,
2025-12-16,2037.2,2046.0,2002.4,2032.8,1743700.0,0.0,MCX,-0.002159827213822907,3.681273471007842,2025-12-01,3.7143459134683767,2042.0,0.0018027783893280324,13.0,99.39695180903908,
2025-12-16,62.43,,,62.75,,,MOGSEC,-0.0007961783439489611,5.064381837544775,2025-12-01,5.058738623144454,62.82,0.08061734857600725,,99.39695180903908,2025-12_to_2026-01
2025-12-16,3849.1,3855.5,3818.8,3847.0,176630.0,0.0,MUTHOOTFIN,-0.002437506482730001,3.681273471007842,2025-12-01,3.7823457729200287,3811.1,0.0009659346306861122,4.0,99.39695180903908,
2025-12-16,277.3,277.95,273.7,276.85,7580301.0,0.0,NATIONALUM,-0.006637961966271866,3.681273471007842,2025-12-01,3.9201498594065707,263.8,0.013954789503441402,16.0,99.39695180903908,
2025-12-16,251.45,251.45,244.8,247.3,5298611.0,0.0,NYKAA,-0.0170906200317964,3.681273471007842,2025-12-01,3.4057047225327874,264.9,0.013896842095159843,10.0,99.39695180903908,
2025-12-16,1303.1,1306.3,1275.0,1281.4,2628713.0,0.0,PAYTM,-0.02190672467750543,3.7162314272850074,2025-12-01,3.6059207564160283,1367.8,0.0028140477262494374,5.0,99.39695180903908,
2025-12-16,7323.0,7402.5,7264.5,7361.5,267325.0,0.0,POLYCAB,0.0029974793923290832,3.681273471007842,2025-12-01,3.6278038362549165,7401.0,0.0004974021714643753,11.0,99.39695180903908,
2025-12-16,181.7,,,184.69,,,SILVERBEES,-0.0009736571644940462,5.064381837544775,2025-12-01,5.627463339005742,166.21,0.03046977821758483,,99.39695180903908,2025-12_to_2026-01
2025-12-16,732.4,739.15,717.0,718.85,566943.0,0.0,SYRMA,-0.020239880059970017,3.681273471007842,2025-12-01,3.2261913253690793,813.05,0.004527733191080305,14.0,99.39695180903908,
2025-12-16,3639.0,3651.4,3597.9,3619.6,266040.0,0.0,TVSMOTOR,-0.00541312889841461,3.681273471007842,2025-12-01,3.773109855772332,3661.8,0.0010053180050816108,20.0,99.39695180903908,
2025-12-17,348.9,353.4,344.7,346.8,3413456.0,0.0,ABCAPITAL,-0.0035914380117799682,3.681273471007842,2025-12-01,3.565607149128669,356.1,0.010337751954529182,8.0,99.49392416701833,
2025-12-17,981.0,998.2,979.4,990.3,3583750.0,0.0,AUBANK,0.009891902916581596,3.681273471007842,2025-12-01,3.8163466300330446,950.5,0.0038729862924858937,19.0,99.49392416701833,
2025-12-17,4498.0,4532.9,4480.7,4512.7,259526.0,0.0,CUMMINSIND,0.004094074716863405,3.8053044719314935,2025-12-01,3.8336788092972673,4544.2,0.0008495310588555118,18.0,99.49392416701833,
2025-12-17,7104.0,7176.5,7080.5,7134.5,594264.0,0.0,EICHERMOT,0.010337746937619574,3.681273471007842,2025-12-01,3.723547966102709,7125.5,0.0005166337058463044,12.0,99.49392416701833,
2025-12-17,110.13,,,109.99,,,GOLDBEES,0.003924790069368411,15.193145512634322,2025-12-01,15.658677613705475,106.72,0.14236455690249553,,99.49392416701833,2025-12_to_2026-01
2025-12-17,799.0,799.95,760.1,762.8,2850547.0,0.0,HBLENGINE,-0.04644040252515791,3.3407513578756785,2025-12-01,2.877187688593844,870.35,0.003771876885938443,6.0,99.49392416701833,
2025-12-17,5970.0,5971.0,5782.0,5817.0,538205.0,0.0,HEROMOTOCO,-0.021777516185991774,4.2739963082602666,2025-12-01,4.026534379326255,6295.5,0.0006922011998154131,3.0,99.49392416701833,
2025-12-17,844.05,851.9,840.1,848.8,3270389.0,0.0,HINDALCO,0.013916263513110039,3.819212598425195,2025-12-01,4.010078740157478,810.8,0.004724409448818898,7.0,99.49392416701833,
2025-12-17,772.0,783.7,769.6,775.0,910955.0,0.0,INDIANB,0.0023928086399793713,3.7601538195644673,2025-12-01,3.348600069132389,887.35,0.004320774282751469,15.0,99.49392416701833,
2025-12-17,1005.9,1018.8,1001.6,1010.0,1284797.0,0.0,LAURUSLABS,0.00868870468391103,3.9236709952318143,2025-12-01,3.842446991985391,1029.4,0.0038044029623617733,1.0,99.49392416701833,
2025-12-17,301.0,306.6,299.6,301.9,4018638.0,0.0,LTF,0.0036569148936169693,3.9698779867819027,2025-12-01,3.837061514997459,309.15,0.012709710218607015,2.0,99.49392416701833,
2025-12-17,6217.0,6292.5,6212.0,6252.5,405919.0,0.0,LTIM,0.005871943371943411,3.681273471007842,2025-12-01,3.7754715619579335,6152.5,0.0005983378254380889,17.0,99.49392416701833,
2025-12-17,343.3,353.85,342.5,351.7,4262109.0,0.0,M&MFIN,0.029566744730679106,3.681273471007842,2025-12-01,3.4817907214023345,367.9,0.010006179589583698,9.0,99.49392416701833,
2025-12-17,2032.8,2043.8,1996.0,2005.0,1391200.0,0.0,MCX,-0.01367571822117275,3.681273471007842,2025-12-01,3.663549565379819,2042.0,0.0018027783893280324,13.0,99.49392416701833,
2025-12-17,62.92,,,62.9,,,MOGSEC,0.0023904382470119057,5.064381837544775,2025-12-01,5.0708312254308545,62.82,0.08061734857600725,,99.49392416701833,2025-12_to_2026-01
2025-12-17,3853.0,3867.0,3756.5,3766.5,283613.0,0.0,MUTHOOTFIN,-0.020925396412789232,3.681273471007842,2025-12-01,3.7031986882514394,3811.1,0.0009659346306861122,4.0,99.49392416701833,
2025-12-17,278.0,281.5,277.15,279.45,8846891.0,0.0,NATIONALUM,0.009391367166335485,3.681273471007842,2025-12-01,3.9569654260833165,263.8,0.013954789503441402,16.0,99.49392416701833,
2025-12-17,246.25,248.5,243.75,245.1,4166380.0,0.0,NYKAA,-0.00889607763849587,3.681273471007842,2025-12-01,3.3754073089073438,264.9,0.013896842095159843,10.0,99.49392416701833,
2025-12-17,1282.0,1293.9,1260.0,1268.6,1537522.0,0.0,PAYTM,-0.009989074449820667,3.7162314272850074,2025-12-01,3.569900945520035,1367.8,0.0028140477262494374,5.0,99.49392416701833,
2025-12-17,7341.0,7341.0,7031.0,7079.5,1779522.0,0.0,POLYCAB,-0.038307410174556855,3.681273471007842,2025-12-01,3.4888320666666686,7401.0,0.0004974021714643753,11.0,99.49392416701833,
2025-12-17,190.0,,,192.16,,,SILVERBEES,0.04044615301315724,5.064381837544775,2025-12-01,5.855072582291101,166.21,0.03046977821758483,,99.49392416701833,2025-12_to_2026-01
2025-12-17,719.0,723.5,710.3,717.45,689141.0,0.0,SYRMA,-0.0019475551227654542,3.681273471007842,2025-12-01,3.219908139926335,813.05,0.004527733191080305,14.0,99.49392416701833,
2025-12-17,3617.8,3659.2,3611.0,3638.9,423064.0,0.0,TVSMOTOR,0.00533208089291648,3.681273471007842,2025-12-01,3.7932283827411704,3661.8,0.0010053180050816108,20.0,99.49392416701833,
2025-12-18,347.9,349.6,342.7,344.25,3210234.0,0.0,ABCAPITAL,-0.007352941176470673,3.681273471007842,2025-12-01,3.5393894495027225,356.1,0.010337751954529182,8.0,99.684164156362,
2025-12-18,991.0,993.05,982.15,987.65,1561587.0,0.0,AUBANK,-0.0026759567807734808,3.681273471007842,2025-12-01,3.8061342513906258,950.5,0.0038729862924858937,19.0,99.684164156362,
2025-12-18,4515.0,4515.0,4353.0,4385.4,518494.0,0.0,CUMMINSIND,-0.028209276043167142,3.8053044719314935,2025-12-01,3.7255335055049605,4544.2,0.0008495310588555118,18.0,99.684164156362,
2025-12-18,7135.0,7144.0,7013.5,7106.5,327756.0,0.0,EICHERMOT,-0.003924591772373698,3.681273471007842,2025-12-01,3.7089345603909036,7125.5,0.0005166337058463044,12.0,99.684164156362,
2025-12-18,110.05,,,109.88,,,GOLDBEES,-0.001000090917356089,15.193145512634322,2025-12-01,15.6430175124462,106.72,0.14236455690249553,,99.684164156362,2025-12_to_2026-01
2025-12-18,767.55,828.85,762.0,818.85,10043498.0,0.0,HBLENGINE,0.07347928683796545,3.3407513578756785,2025-12-01,3.0886013880506935,870.35,0.003771876885938443,6.0,99.684164156362,
2025-12-18,5785.0,5785.0,5513.0,5748.5,1016539.0,0.0,HEROMOTOCO,-0.011775829465360155,4.2739963082602666,2025-12-01,3.9791185971388994,6295.5,0.0006922011998154131,3.0,99.684164156362,
2025-12-18,850.0,861.95,847.5,856.7,4174631.0,0.0,HINDALCO,0.009307257304429939,3.819212598425195,2025-12-01,4.047401574803148,810.8,0.004724409448818898,7.0,99.684164156362,
2025-12-18,778.55,782.4,767.9,777.85,1083428.0,0.0,INDIANB,0.0036774193548387846,3.7601538195644673,2025-12-01,3.360914275838231,887.35,0.004320774282751469,15.0,99.684164156362,
2025-12-18,1006.6,1020.1,997.4,1015.5,870778.0,0.0,LAURUSLABS,0.00544554455445545,3.9236709952318143,2025-12-01,3.863371208278381,1029.4,0.0038044029623617733,1.0,99.684164156362,
2025-12-18,301.95,303.75,297.85,299.85,4654752.0,0.0,LTF,-0.006790327923153261,3.9698779867819027,2025-12-01,3.811006609049315,309.15,0.012709710218607015,2.0,99.684164156362,
2025-12-18,6280.0,6308.0,6182.5,6245.0,318467.0,0.0,LTIM,-0.0011995201919232645,3.681273471007842,2025-12-01,3.770942807585333,6152.5,0.0005983378254380889,17.0,99.684164156362,
2025-12-18,351.7,366.7,349.15,365.15,6242162.0,0.0,M&MFIN,0.03824282058572637,3.681273471007842,2025-12-01,3.6149442192779704,367.9,0.010006179589583698,9.0,99.684164156362,
2025-12-18,2024.0,2049.4,1990.0,2034.4,1891380.0,0.0,MCX,0.01466334164588523,3.681273471007842,2025-12-01,3.7172694442936174,2042.0,0.0018027783893280324,13.0,99.684164156362,
2025-12-18,62.89,,,62.87,,,MOGSEC,-0.0004769475357710995,5.064381837544775,2025-12-01,5.068412704973575,62.82,0.08061734857600725,,99.684164156362,2025-12_to_2026-01
2025-12-18,3784.9,3784.9,3724.1,3749.9,345092.0,0.0,MUTHOOTFIN,-0.004407274658170701,3.681273471007842,2025-12-01,3.6868776745185383,3811.1,0.0009659346306861122,4.0,99.684164156362,
2025-12-18,279.45,282.65,275.15,279.25,8501384.0,0.0,NATIONALUM,-0.0007156915369475048,3.681273471007842,2025-12-01,3.9541334594158744,263.8,0.013954789503441402,16.0,99.684164156362,
2025-12-18,245.5,247.25,240.95,244.1,5218701.0,0.0,NYKAA,-0.004079967360261172,3.681273471007842,2025-12-01,3.361635757259415,264.9,0.013896842095159843,10.0,99.684164156362,
2025-12-18,1275.9,1297.9,1256.0,1286.1,2296680.0,0.0,PAYTM,0.013794734352829963,3.7162314272850074,2025-12-01,3.6191467807294004,1367.8,0.0028140477262494374,5.0,99.684164156362,
2025-12-18,7079.5,7145.0,7022.5,7099.0,194054.0,0.0,POLYCAB,0.0027544318101559995,3.681273471007842,2025-12-01,3.4984418166913875,7401.0,0.0004974021714643753,11.0,99.684164156362,
2025-12-18,194.79,,,193.26,,,SILVERBEES,0.005724396336386217,5.064381837544775,2025-12-01,5.888589338330444,166.21,0.03046977821758483,,99.684164156362,2025-12_to_2026-01
2025-12-18,719.0,720.05,704.4,709.85,618051.0,0.0,SYRMA,-0.010593072687992255,3.681273471007842,2025-12-01,3.185799418951438,813.05,0.004527733191080305,14.0,99.684164156362,
2025-12-18,3638.9,3652.3,3561.4,3592.2,835779.0,0.0,TVSMOTOR,-0.01283354859985164,3.681273471007842,2025-12-01,3.744547801940925,3661.8,0.0010053180050816108,20.0,99.684164156362,
2025-12-19,345.45,349.7,343.45,348.7,4825518.0,0.0,ABCAPITAL,0.012926652142338346,3.681273471007842,2025-12-01,3.5851419057127067,356.1,0.010337751954529182,8.0,100.69547775889158,
2025-12-19,977.1,989.2,972.7,985.15,2775343.0,0.0,AUBANK,-0.002531261074267155,3.681273471007842,2025-12-01,3.7964999319166455,950.5,0.0038729862924858937,19.0,100.69547775889158,
2025-12-19,4380.0,4426.6,4338.6,4410.4,507355.0,0.0,CUMMINSIND,0.005700734254572071,3.8053044719314935,2025-12-01,3.746771781976349,4544.2,0.0008495310588555118,18.0,100.69547775889158,
2025-12-19,7075.0,7242.0,7075.0,7217.0,423435.0,0.0,EICHERMOT,0.015549145148807453,3.681273471007842,2025-12-01,3.7666053222178504,7125.5,0.0005166337058463044,12.0,100.69547775889158,
2025-12-19,109.79,,,109.82,,,GOLDBEES,-0.0005460502366217979,15.193145512634322,2025-12-01,15.63447563903205,106.72,0.14236455690249553,,100.69547775889158,2025-12_to_2026-01
2025-12-19,821.45,848.6,810.85,845.45,4553936.0,0.0,HBLENGINE,0.03248458203578197,3.3407513578756785,2025-12-01,3.188933313216656,870.35,0.003771876885938443,6.0,100.69547775889158,
2025-12-19,5725.0,5797.5,5725.0,5781.0,769295.0,0.0,HEROMOTOCO,0.005653648777942166,4.2739963082602666,2025-12-01,4.001615136132901,6295.5,0.0006922011998154131,3.0,100.69547775889158,
2025-12-19,858.0,864.4,847.55,852.0,4939377.0,0.0,HINDALCO,-0.005486167853390955,3.819212598425195,2025-12-01,4.025196850393699,810.8,0.004724409448818898,7.0,100.69547775889158,
2025-12-19,779.0,785.5,772.1,781.4,2015690.0,0.0,INDIANB,0.004563861927106672,3.7601538195644673,2025-12-01,3.3762530245419984,887.35,0.004320774282751469,15.0,100.69547775889158,
2025-12-19,1020.0,1049.0,1018.6,1045.2,2844049.0,0.0,LAURUSLABS,0.029246676514032455,3.9236709952318143,2025-12-01,3.9763619762605256,1029.4,0.0038044029623617733,1.0,100.69547775889158,
2025-12-19,300.2,303.4,296.7,300.3,5032118.0,0.0,LTF,0.0015007503751875984,3.9698779867819027,2025-12-01,3.8167259786476886,309.15,0.012709710218607015,2.0,100.69547775889158,
2025-12-19,6288.0,6290.0,6027.0,6197.5,635441.0,0.0,LTIM,-0.007606084867894269,3.681273471007842,2025-12-01,3.7422606965588634,6152.5,0.0005983378254380889,17.0,100.69547775889158,
2025-12-19,365.15,378.55,362.0,376.6,5356269.0,0.0,M&MFIN,0.03135697658496528,3.681273471007842,2025-12-01,3.728297940517826,367.9,0.010006179589583698,9.0,100.69547775889158,
2025-12-19,2044.0,2073.0,2036.2,2061.4,2358165.0,0.0,MCX,0.013271726307510834,3.681273471007842,2025-12-01,3.7666040269695555,2042.0,0.0018027783893280324,13.0,100.69547775889158,
2025-12-19,62.95,,,62.81,,,MOGSEC,-0.0009543502465404474,5.064381837544775,2025-12-01,5.063575664059015,62.82,0.08061734857600725,,100.69547775889158,2025-12_to_2026-01
2025-12-19,3749.5,3790.0,3722.0,3781.2,429282.0,0.0,MUTHOOTFIN,0.008346889250379963,3.681273471007842,2025-12-01,3.717651634147443,3811.1,0.0009659346306861122,4.0,100.69547775889158,
2025-12-19,279.5,281.45,276.7,278.5,5757096.0,0.0,NATIONALUM,-0.0026857654431512445,3.681273471007842,2025-12-01,3.9435135844129676,263.8,0.013954789503441402,16.0,100.69547775889158,
2025-12-19,245.0,249.8,243.5,249.05,4009145.0,0.0,NYKAA,0.02027857435477265,3.681273471007842,2025-12-01,3.4298049379166624,264.9,0.013896842095159843,10.0,100.69547775889158,
2025-12-19,1287.5,1345.0,1285.0,1336.0,7311327.0,0.0,PAYTM,0.03879947126973016,3.7162314272850074,2025-12-01,3.759567762269247,1367.8,0.0028140477262494374,5.0,100.69547775889158,
2025-12-19,7090.0,7455.0,7087.0,7439.0,630329.0,0.0,POLYCAB,0.04789406958726583,3.681273471007842,2025-12-01,3.6659964325070056,7401.0,0.0004974021714643753,11.0,100.69547775889158,
2025-12-19,190.0,,,192.56,,,SILVERBEES,-0.003622063541343201,5.064381837544775,2025-12-01,5.867260493578135,166.21,0.03046977821758483,,100.69547775889158,2025-12_to_2026-01
2025-12-19,711.55,737.9,704.5,729.7,1460465.0,0.0,SYRMA,0.0279636542931605,3.681273471007842,2025-12-01,3.2748860125503474,813.05,0.004527733191080305,14.0,100.69547775889158,
2025-12-19,3592.3,3674.7,3592.3,3666.0,602861.0,0.0,TVSMOTOR,0.020544513111742102,3.681273471007842,2025-12-01,3.8214777133554456,3661.8,0.0010053180050816108,20.0,100.69547775889158,
2025-12-22,350.05,352.7,344.1,346.1,4340353.0,0.0,ABCAPITAL,-0.007456266131344869,3.681273471007842,2025-12-01,3.5584101335450757,356.1,0.010337751954529182,8.0,102.08153051908386,
2025-12-22,985.0,987.7,973.25,984.45,1798327.0,0.0,AUBANK,-0.0007105516926355637,3.681273471007842,2025-12-01,3.7938023224639315,950.5,0.0038729862924858937,19.0,102.08153051908386,
2025-12-22,4425.7,4532.9,4405.1,4519.9,306066.0,0.0,CUMMINSIND,0.02482768002902236,3.8053044719314935,2025-12-01,3.839795432921028,4544.2,0.0008495310588555118,18.0,102.08153051908386,
2025-12-22,7238.0,7310.0,7213.0,7291.5,233966.0,0.0,EICHERMOT,0.010322848829153353,3.681273471007842,2025-12-01,3.8054874195581894,7125.5,0.0005166337058463044,12.0,102.08153051908386,
2025-12-22,110.7,,,111.39,,,GOLDBEES,0.014296120925150424,15.193145512634322,2025-12-01,15.85798799336897,106.72,0.14236455690249553,,102.08153051908386,2025-12_to_2026-01
2025-12-22,850.0,881.9,845.0,849.6,2020447.0,0.0,HBLENGINE,0.004908628541013593,3.3407513578756785,2025-12-01,3.2045866022933005,870.35,0.003771876885938443,6.0,102.08153051908386,
2025-12-22,5793.5,5793.5,5681.0,5699.5,1213460.0,0.0,HEROMOTOCO,-0.014097906936516136,4.2739963082602666,2025-12-01,3.945200738347945,6295.5,0.0006922011998154131,3.0,102.08153051908386,
2025-12-22,860.0,872.35,857.25,864.55,4865457.0,0.0,HINDALCO,0.014730046948356668,3.819212598425195,2025-12-01,4.084488188976375,810.8,0.004724409448818898,7.0,102.08153051908386,
2025-12-22,783.0,788.95,781.0,787.9,620853.0,0.0,INDIANB,0.008318402866649643,3.7601538195644673,2025-12-01,3.4043380573798836,887.35,0.004320774282751469,15.0,102.08153051908386,
2025-12-22,1050.7,1070.0,1047.6,1064.2,1357581.0,0.0,LAURUSLABS,0.01817833907386146,3.9236709952318143,2025-12-01,4.048645632545399,1029.4,0.0038044029623617733,1.0,102.08153051908386,
2025-12-22,301.25,303.9,299.15,303.35,4601018.0,0.0,LTF,0.010156510156510201,3.9698779867819027,2025-12-01,3.85549059481444,309.15,0.012709710218607015,2.0,102.08153051908386,
2025-12-22,6205.0,6249.5,6183.0,6191.5,236460.0,0.0,LTIM,-0.0009681323114159035,3.681273471007842,2025-12-01,3.7386376930607828,6152.5,0.0005983378254380889,17.0,102.08153051908386,
2025-12-22,376.6,398.95,374.85,394.3,5381489.0,0.0,M&MFIN,0.046999468932554356,3.681273471007842,2025-12-01,3.903525963744499,367.9,0.010006179589583698,9.0,102.08153051908386,
2025-12-22,2080.0,2169.4,2062.8,2164.2,3615345.0,0.0,MCX,0.04986902105365276,3.681273471007842,2025-12-01,3.954440882491273,2042.0,0.0018027783893280324,13.0,102.08153051908386,
2025-12-22,64.69,,,62.68,,,MOGSEC,-0.002069734118770983,5.064381837544775,2025-12-01,5.0530954087441335,62.82,0.08061734857600725,,102.08153051908386,2025-12_to_2026-01
2025-12-22,3781.2,3799.1,3750.0,3790.4,278670.0,0.0,MUTHOOTFIN,0.0024330900243310083,3.681273471007842,2025-12-01,3.726697015252425,3811.1,0.0009659346306861122,4.0,102.08153051908386,
2025-12-22,281.0,292.75,280.5,290.3,18744818.0,0.0,NATIONALUM,0.042369838420107664,3.681273471007842,2025-12-01,4.110599617792045,263.8,0.013954789503441402,16.0,102.08153051908386,
2025-12-22,249.3,254.0,248.4,253.65,2785045.0,0.0,NYKAA,0.018470186709496073,3.681273471007842,2025-12-01,3.493154075497135,264.9,0.013896842095159843,10.0,102.08153051908386,
2025-12-22,1341.0,1351.0,1325.0,1328.9,1676866.0,0.0,PAYTM,-0.005314371257484907,3.7162314272850074,2025-12-01,3.739588023412877,1367.8,0.0028140477262494374,5.0,102.08153051908386,
2025-12-22,7450.0,7648.0,7450.0,7603.0,390893.0,0.0,POLYCAB,0.02204597392122598,3.681273471007842,2025-12-01,3.7468168942533624,7401.0,0.0004974021714643753,11.0,102.08153051908386,
2025-12-22,197.13,,,199.95,,,SILVERBEES,0.03837764852513503,5.064381837544775,2025-12-01,6.092432154606088,166.21,0.03046977821758483,,102.08153051908386,2025-12_to_2026-01
2025-12-22,734.8,740.0,718.85,725.8,758212.0,0.0,SYRMA,-0.0053446621899412294,3.681273471007842,2025-12-01,3.257382853102702,813.05,0.004527733191080305,14.0,102.08153051908386,
2025-12-22,3677.6,3734.9,3670.0,3709.6,592689.0,0.0,TVSMOTOR,0.011893071467539595,3.681273471007842,2025-12-01,3.8669268209119916,3661.8,0.0010053180050816108,20.0,102.08153051908386,
2025-12-23,348.0,348.75,344.3,346.8,2418910.0,0.0,ABCAPITAL,0.0020225368390638376,3.681273471007842,2025-12-01,3.565607149128669,356.1,0.010337751954529182,8.0,102.53504945867593,
2025-12-23,975.0,986.1,975.0,980.35,1402838.0,0.0,AUBANK,-0.004164762049875592,3.681273471007842,2025-12-01,3.778002038526603,950.5,0.0038729862924858937,19.0,102.53504945867593,
2025-12-23,4539.9,4541.4,4484.1,4503.2,282637.0,0.0,CUMMINSIND,-0.003694772008230207,3.8053044719314935,2025-12-01,3.8256082642381406,4544.2,0.0008495310588555118,18.0,102.53504945867593,
2025-12-23,7338.0,7338.0,7280.0,7303.0,249187.0,0.0,EICHERMOT,0.0015771789069465303,3.681273471007842,2025-12-01,3.8114893540469668,7125.5,0.0005166337058463044,12.0,102.53504945867593,
2025-12-23,112.52,,,113.1,,,GOLDBEES,0.015351467815782227,15.193145512634322,2025-12-01,16.101431385672235,106.72,0.14236455690249553,,102.53504945867593,2025-12_to_2026-01
2025-12-23,851.0,878.4,843.0,875.75,1773464.0,0.0,HBLENGINE,0.03077919020715636,3.3407513578756785,2025-12-01,3.3032211828605913,870.35,0.003771876885938443,6.0,102.53504945867593,
2025-12-23,5710.0,5752.5,5695.0,5744.0,351302.0,0.0,HEROMOTOCO,0.007807702430037811,4.2739963082602666,2025-12-01,3.9760036917397312,6295.5,0.0006922011998154131,3.0,102.53504945867593,
2025-12-23,871.0,871.8,860.85,863.85,5452783.0,0.0,HINDALCO,-0.000809669770400756,3.819212598425195,2025-12-01,4.081181102362202,810.8,0.004724409448818898,7.0,102.53504945867593,
2025-12-23,787.9,792.8,780.1,783.25,581636.0,0.0,INDIANB,-0.005901764183271929,3.7601538195644673,2025-12-01,3.384246456965089,887.35,0.004320774282751469,15.0,102.53504945867593,
2025-12-23,1068.5,1073.1,1055.1,1068.4,1229233.0,0.0,LAURUSLABS,0.003946626573952283,3.9236709952318143,2025-12-01,4.0646241249873185,1029.4,0.0038044029623617733,1.0,102.53504945867593,
2025-12-23,304.75,307.35,301.7,303.5,3550546.0,0.0,LTF,0.0004944783253666429,3.9698779867819027,2025-12-01,3.8573970513472307,309.15,0.012709710218607015,2.0,102.53504945867593,
2025-12-23,6197.0,6217.0,6126.0,6202.5,160279.0,0.0,LTIM,0.001776629249777839,3.681273471007842,2025-12-01,3.745279866140597,6152.5,0.0005983378254380889,17.0,102.53504945867593,
2025-12-23,396.0,412.2,377.0,386.2,10152055.0,0.0,M&MFIN,-0.020542733958914594,3.681273471007842,2025-12-01,3.8233368683695805,367.9,0.010006179589583698,9.0,102.53504945867593,
2025-12-23,2171.8,2185.6,2147.4,2165.6,2497730.0,0.0,MCX,0.0006468903058867159,3.681273471007842,2025-12-01,3.9569989719633587,2042.0,0.0018027783893280324,13.0,102.53504945867593,
2025-12-23,62.66,,,62.62,,,MOGSEC,-0.0009572431397575354,5.064381837544775,2025-12-01,5.048258367829573,62.82,0.08061734857600725,,102.53504945867593,2025-12_to_2026-01
2025-12-23,3801.2,3819.9,3770.0,3808.2,290999.0,0.0,MUTHOOTFIN,0.004696074292950492,3.681273471007842,2025-12-01,3.744197861303367,3811.1,0.0009659346306861122,4.0,102.53504945867593,
2025-12-23,291.05,294.6,289.5,290.15,10822237.0,0.0,NATIONALUM,-0.0005167068549777332,3.681273471007842,2025-12-01,4.108475642791463,263.8,0.013954789503441402,16.0,102.53504945867593,
2025-12-23,255.0,257.45,250.3,256.85,4605075.0,0.0,NYKAA,0.012615809185886118,3.681273471007842,2025-12-01,3.537223040770507,264.9,0.013896842095159843,10.0,102.53504945867593,
2025-12-23,1331.0,1350.0,1323.0,1340.3,1646262.0,0.0,PAYTM,0.00857852359093969,3.7162314272850074,2025-12-01,3.77166816749212,1367.8,0.0028140477262494374,5.0,102.53504945867593,
2025-12-23,7605.0,7680.5,7580.0,7645.0,256703.0,0.0,POLYCAB,0.005524135209785674,3.681273471007842,2025-12-01,3.7675148173835273,7401.0,0.0004974021714643753,11.0,102.53504945867593,
2025-12-23,202.0,,,201.79,,,SILVERBEES,0.009202300575143818,5.064381837544775,2025-12-01,6.148496546526444,166.21,0.03046977821758483,,102.53504945867593,2025-12_to_2026-01
2025-12-23,728.0,735.0,716.0,733.5,989827.0,0.0,SYRMA,0.010608983190961707,3.681273471007842,2025-12-01,3.2919403730377956,813.05,0.004527733191080305,14.0,102.53504945867593,
2025-12-23,3714.0,3714.0,3675.5,3686.5,261018.0,0.0,TVSMOTOR,-0.006227086478326482,3.681273471007842,2025-12-01,3.8428471331928127,3661.8,0.0010053180050816108,20.0,102.53504945867593,
2025-12-24,347.0,355.35,346.25,347.4,4581179.0,0.0,ABCAPITAL,0.0017301038062282892,3.681273471007842,2025-12-01,3.571776019628891,356.1,0.010337751954529182,8.0,102.75854462160004,
2025-12-24,985.0,987.8,972.55,974.05,1552265.0,0.0,AUBANK,-0.006426276329882241,3.681273471007842,2025-12-01,3.753723553452173,950.5,0.0038729862924858937,19.0,102.75854462160004,
2025-12-24,4480.0,4537.2,4391.1,4417.4,259926.0,0.0,CUMMINSIND,-0.019053117782909967,3.8053044719314935,2025-12-01,3.7527184993883376,4544.2,0.0008495310588555118,18.0,102.75854462160004,
2025-12-24,7300.0,7349.5,7240.5,7312.5,205296.0,0.0,EICHERMOT,0.0013008352731753714,3.681273471007842,2025-12-01,3.816447473842043,7125.5,0.0005166337058463044,12.0,102.75854462160004,
2025-12-24,113.49,,,113.21,,,GOLDBEES,0.0009725906277631147,15.193145512634322,2025-12-01,16.11709148693151,106.72,0.14236455690249553,,102.75854462160004,2025-12_to_2026-01
2025-12-24,879.0,892.95,870.3,881.6,1498824.0,0.0,HBLENGINE,0.006679988581216101,3.3407513578756785,2025-12-01,3.325286662643331,870.35,0.003771876885938443,6.0,102.75854462160004,
2025-12-24,5744.0,5750.0,5690.0,5698.5,313655.0,0.0,HEROMOTOCO,-0.007921309192200576,4.2739963082602666,2025-12-01,3.94450853714813,6295.5,0.0006922011998154131,3.0,102.75854462160004,
2025-12-24,865.95,882.3,862.15,864.45,3683590.0,0.0,HINDALCO,0.0006945650286507288,3.819212598425195,2025-12-01,4.084015748031493,810.8,0.004724409448818898,7.0,102.75854462160004,
2025-12-24,783.25,783.25,773.25,777.2,902942.0,0.0,INDIANB,-0.007724225981487365,3.7601538195644673,2025-12-01,3.358105772554443,887.35,0.004320774282751469,15.0,102.75854462160004,
2025-12-24,1073.9,1092.6,1070.5,1084.8,1711875.0,0.0,LAURUSLABS,0.015350056158741854,3.9236709952318143,2025-12-01,4.127016333570051,1029.4,0.0038044029623617733,1.0,102.75854462160004,
2025-12-24,303.75,310.5,302.2,303.25,4437672.0,0.0,LTF,-0.0008237232289950436,3.9698779867819027,2025-12-01,3.854219623792579,309.15,0.012709710218607015,2.0,102.75854462160004,
2025-12-24,6202.5,6243.5,6134.5,6163.0,174322.0,0.0,LTIM,-0.006368399838774685,3.681273471007842,2025-12-01,3.7214284264449007,6152.5,0.0005983378254380889,17.0,102.75854462160004,
2025-12-24,386.1,398.9,384.35,389.65,3821693.0,0.0,M&MFIN,0.008933195235629077,3.681273471007842,2025-12-01,3.8574914830663043,367.9,0.010006179589583698,9.0,102.75854462160004,
2025-12-24,2168.4,2186.8,2160.4,2165.0,1483525.0,0.0,MCX,-0.0002770594754339939,3.681273471007842,2025-12-01,3.9559026479038937,2042.0,0.0018027783893280324,13.0,102.75854462160004,
2025-12-24,62.61,,,62.85,,,MOGSEC,0.0036729479399553178,5.064381837544775,2025-12-01,5.066800358002055,62.82,0.08061734857600725,,102.75854462160004,2025-12_to_2026-01
2025-12-24,3820.0,3890.0,3790.0,3804.7,622859.0,0.0,MUTHOOTFIN,-0.0009190693766083502,3.681273471007842,2025-12-01,3.7407566837090807,3811.1,0.0009659346306861122,4.0,102.75854462160004,
2025-12-24,292.0,298.6,290.35,295.3,12921219.0,0.0,NATIONALUM,0.017749439944856338,3.681273471007842,2025-12-01,4.181398784478095,263.8,0.013954789503441402,16.0,102.75854462160004,
2025-12-24,258.0,261.8,256.8,257.95,4267589.0,0.0,NYKAA,0.004282655246252487,3.681273471007842,2025-12-01,3.552371747583228,264.9,0.013896842095159843,10.0,102.75854462160004,
2025-12-24,1340.0,1350.8,1322.3,1324.7,1295488.0,0.0,PAYTM,-0.011639185257031892,3.7162314272850074,2025-12-01,3.727769022962629,1367.8,0.0028140477262494374,5.0,102.75854462160004,
2025-12-24,7644.5,7678.0,7611.0,7630.5,94994.0,0.0,POLYCAB,-0.0018966644865925364,3.681273471007842,2025-12-01,3.7603691058266846,7401.0,0.0004974021714643753,11.0,102.75854462160004,
2025-12-24,209.45,,,209.23,,,SILVERBEES,0.03687001338024687,5.064381837544775,2025-12-01,6.375191696465275,166.21,0.03046977821758483,,102.75854462160004,2025-12_to_2026-01
2025-12-24,732.2,743.4,725.7,733.85,883395.0,0.0,SYRMA,0.00047716428084521034,3.681273471007842,2025-12-01,3.2935111693984815,813.05,0.004527733191080305,14.0,102.75854462160004,
2025-12-24,3686.5,3716.1,3651.1,3665.2,644417.0,0.0,TVSMOTOR,-0.005777838057778428,3.681273471007842,2025-12-01,3.8206437847764265,3661.8,0.0010053180050816108,20.0,102.75854462160004,
2025-12-26,348.2,349.95,344.0,348.15,3234018.0,0.0,ABCAPITAL,0.0021588946459412117,3.681273471007842,2025-12-01,3.579487107754169,356.1,0.010337751954529182,8.0,103.3793587665192,
2025-12-26,974.05,982.0,970.0,974.95,1470189.0,0.0,AUBANK,0.0009239772085622988,3.681273471007842,2025-12-01,3.7571919084628065,950.5,0.0038729862924858937,19.0,103.3793587665192,
2025-12-26,4400.6,4433.6,4339.1,4346.4,388141.0,0.0,CUMMINSIND,-0.016072803006293324,3.8053044719314935,2025-12-01,3.692401794209596,4544.2,0.0008495310588555118,18.0,103.3793587665192,
2025-12-26,7300.0,7360.0,7274.0,7324.0,157706.0,0.0,EICHERMOT,0.001572649572649576,3.681273471007842,2025-12-01,3.8224494083308205,7125.5,0.0005166337058463044,12.0,103.3793587665192,
2025-12-26,113.37,,,114.31,,,GOLDBEES,0.009716456143450403,15.193145512634322,2025-12-01,16.27369249952426,106.72,0.14236455690249553,,103.3793587665192,2025-12_to_2026-01
2025-12-26,884.8,914.8,876.25,897.5,2377317.0,0.0,HBLENGINE,0.01803539019963707,3.3407513578756785,2025-12-01,3.3852595051297527,870.35,0.003771876885938443,6.0,103.3793587665192,
2025-12-26,5698.5,5720.0,5611.0,5637.0,249826.0,0.0,HEROMOTOCO,-0.010792313766780692,4.2739963082602666,2025-12-01,3.901938163359482,6295.5,0.0006922011998154131,3.0,103.3793587665192,
2025-12-26,865.25,874.75,861.0,872.9,2334952.0,0.0,HINDALCO,0.00977500144600607,3.819212598425195,2025-12-01,4.123937007874012,810.8,0.004724409448818898,7.0,103.3793587665192,
2025-12-26,777.2,781.5,772.1,778.45,710328.0,0.0,INDIANB,0.0016083376222335577,3.7601538195644673,2025-12-01,3.363506740407882,887.35,0.004320774282751469,15.0,103.3793587665192,
2025-12-26,1086.0,1089.1,1078.9,1085.0,940862.0,0.0,LAURUSLABS,0.00018436578171088236,3.9236709952318143,2025-12-01,4.127777214162522,1029.4,0.0038044029623617733,1.0,103.3793587665192,
2025-12-26,303.25,304.85,299.7,301.3,3394545.0,0.0,LTF,-0.006430338004946412,3.9698779867819027,2025-12-01,3.8294356888662953,309.15,0.012709710218607015,2.0,103.3793587665192,
2025-12-26,6160.0,6174.5,6020.0,6035.5,113668.0,0.0,LTIM,-0.020687976634755856,3.681273471007842,2025-12-01,3.644439602110692,6152.5,0.0005983378254380889,17.0,103.3793587665192,
2025-12-26,389.65,397.4,387.25,394.15,2982630.0,0.0,M&MFIN,0.011548825869369894,3.681273471007842,2025-12-01,3.9020409804968144,367.9,0.010006179589583698,9.0,103.3793587665192,
2025-12-26,2177.4,2222.0,2161.6,2210.4,2041720.0,0.0,MCX,0.02096997690531177,3.681273471007842,2025-12-01,4.0388578350701,2042.0,0.0018027783893280324,13.0,103.3793587665192,
2025-12-26,62.56,,,62.8,,,MOGSEC,-0.0007955449482895949,5.064381837544775,2025-12-01,5.062769490573254,62.82,0.08061734857600725,,103.3793587665192,2025-12_to_2026-01
2025-12-26,3824.0,3845.0,3785.0,3797.0,218879.0,0.0,MUTHOOTFIN,-0.0020238126527715172,3.681273471007842,2025-12-01,3.7331860930016507,3811.1,0.0009659346306861122,4.0,103.3793587665192,
2025-12-26,298.0,309.2,296.5,306.85,12990101.0,0.0,NATIONALUM,0.03911276667795471,3.681273471007842,2025-12-01,4.34494485952287,263.8,0.013954789503441402,16.0,103.3793587665192,
2025-12-26,258.1,261.4,257.5,259.45,2463160.0,0.0,NYKAA,0.005815080441946119,3.681273471007842,2025-12-01,3.5730290750551212,264.9,0.013896842095159843,10.0,103.3793587665192,
2025-12-26,1321.0,1335.5,1310.4,1315.3,1094267.0,0.0,PAYTM,-0.007095946251981622,3.7162314272850074,2025-12-01,3.7013169743358842,1367.8,0.0028140477262494374,5.0,103.3793587665192,
2025-12-26,7610.0,7672.5,7531.5,7556.5,134764.0,0.0,POLYCAB,-0.009697922809776549,3.681273471007842,2025-12-01,3.723901336502109,7401.0,0.0004974021714643753,11.0,103.3793587665192,
2025-12-26,216.73,,,219.85,,,SILVERBEES,0.050757539549777686,5.064381837544775,2025-12-01,6.698780741136026,166.21,0.03046977821758483,,103.3793587665192,2025-12_to_2026-01
2025-12-26,733.8,741.9,727.0,737.7,564067.0,0.0,SYRMA,0.005246303740546354,3.681273471007842,2025-12-01,3.310789929366028,813.05,0.004527733191080305,14.0,103.3793587665192,
2025-12-26,3664.9,3675.1,3626.4,3634.1,223878.0,0.0,TVSMOTOR,-0.008485212266724829,3.681273471007842,2025-12-01,3.788224811267056,3661.8,0.0010053180050816108,20.0,103.3793587665192,
2025-12-29,349.7,350.0,344.55,346.75,2840688.0,0.0,ABCAPITAL,-0.004021255206089314,3.681273471007842,2025-12-01,3.565093076586983,356.1,0.010337751954529182,8.0,102.71399108255724,
2025-12-29,972.5,988.5,967.0,986.65,997808.0,0.0,AUBANK,0.012000615416175142,3.681273471007842,2025-12-01,3.8022805236010337,950.5,0.0038729862924858937,19.0,102.71399108255724,
2025-12-29,4340.0,4453.3,4316.0,4402.2,477997.0,0.0,CUMMINSIND,0.012838210933186156,3.8053044719314935,2025-12-01,3.739805627293734,4544.2,0.0008495310588555118,18.0,102.71399108255724,
2025-12-29,7324.0,7374.5,7232.5,7272.0,282572.0,0.0,EICHERMOT,-0.007099945385035444,3.681273471007842,2025-12-01,3.7953102262946103,7125.5,0.0005166337058463044,12.0,102.71399108255724,
2025-12-29,115.44,,,113.03,,,GOLDBEES,-0.011197620505642547,15.193145512634322,2025-12-01,16.091465866689063,106.72,0.14236455690249553,,102.71399108255724,2025-12_to_2026-01
2025-12-29,902.0,948.0,898.35,924.35,5938576.0,0.0,HBLENGINE,0.029916434540389947,3.3407513578756785,2025-12-01,3.4865343995171996,870.35,0.003771876885938443,6.0,102.71399108255724,
2025-12-29,5637.0,5651.0,5550.5,5566.0,572147.0,0.0,HEROMOTOCO,-0.01259535213766183,4.2739963082602666,2025-12-01,3.852791878172588,6295.5,0.0006922011998154131,3.0,102.71399108255724,
2025-12-29,886.0,887.45,860.9,865.0,9836341.0,0.0,HINDALCO,-0.009050292129682669,3.819212598425195,2025-12-01,4.086614173228343,810.8,0.004724409448818898,7.0,102.71399108255724,
2025-12-29,778.4,789.5,774.35,784.45,1110856.0,0.0,INDIANB,0.007707624124863477,3.7601538195644673,2025-12-01,3.3894313861043908,887.35,0.004320774282751469,15.0,102.71399108255724,
2025-12-29,1085.0,1089.0,1076.3,1081.4,1522054.0,0.0,LAURUSLABS,-0.003317972350230347,3.9236709952318143,2025-12-01,4.114081363498021,1029.4,0.0038044029623617733,1.0,102.71399108255724,
2025-12-29,301.3,303.5,299.25,300.0,3522551.0,0.0,LTF,-0.004314636574842434,3.9698779867819027,2025-12-01,3.812913065582106,309.15,0.012709710218607015,2.0,102.71399108255724,
2025-12-29,6020.0,6117.0,6019.0,6033.5,128969.0,0.0,LTIM,-0.0003313727114572229,3.681273471007842,2025-12-01,3.6432319342779986,6152.5,0.0005983378254380889,17.0,102.71399108255724,
2025-12-29,396.0,396.75,379.8,386.4,3588920.0,0.0,M&MFIN,-0.019662565013319755,3.681273471007842,2025-12-01,3.8253168460331577,367.9,0.010006179589583698,9.0,102.71399108255724,
2025-12-29,2228.0,2243.8,2180.0,2187.4,2282335.0,0.0,MCX,-0.010405356496561713,3.681273471007842,2025-12-01,3.9968320794572643,2042.0,0.0018027783893280324,13.0,102.71399108255724,
2025-12-29,62.85,,,62.78,,,MOGSEC,-0.00031847133757956225,5.064381837544775,2025-12-01,5.061157143601735,62.82,0.08061734857600725,,102.71399108255724,2025-12_to_2026-01
2025-12-29,3812.0,3826.9,3725.6,3736.5,228650.0,0.0,MUTHOOTFIN,-0.01593363181459051,3.681273471007842,2025-12-01,3.673702880300413,3811.1,0.0009659346306861122,4.0,102.71399108255724,
2025-12-29,310.0,314.0,299.55,300.9,18589007.0,0.0,NATIONALUM,-0.01939058171745167,3.681273471007842,2025-12-01,4.2606938511664705,263.8,0.013954789503441402,16.0,102.71399108255724,
2025-12-29,258.0,259.85,257.15,258.85,4154505.0,0.0,NYKAA,-0.0023125843129696566,3.681273471007842,2025-12-01,3.5647661440663647,264.9,0.013896842095159843,10.0,102.71399108255724,
2025-12-29,1316.0,1327.3,1305.6,1309.0,1376042.0,0.0,PAYTM,-0.0047897817988291624,3.7162314272850074,2025-12-01,3.6835884736605125,1367.8,0.0028140477262494374,5.0,102.71399108255724,
2025-12-29,7547.5,7611.5,7462.0,7493.5,206255.0,0.0,POLYCAB,-0.008337193144974497,3.681273471007842,2025-12-01,3.6928544518068622,7401.0,0.0004974021714643753,11.0,102.71399108255724,
2025-12-29,235.21,,,218.25,,,SILVERBEES,-0.007277689333636594,5.064381837544775,2025-12-01,6.6500290959878905,166.21,0.03046977821758483,,102.71399108255724,2025-12_to_2026-01
2025-12-29,736.9,736.95,709.2,712.95,783251.0,0.0,SYRMA,-0.03355022366815774,3.681273471007842,2025-12-01,3.1997121867175133,813.05,0.004527733191080305,14.0,102.71399108255724,
2025-12-29,3634.1,3663.9,3568.9,3574.2,462957.0,0.0,TVSMOTOR,-0.01648276051842279,3.681273471007842,2025-12-01,3.7257844089129932,3661.8,0.0010053180050816108,20.0,102.71399108255724,
2025-12-30,346.75,351.8,345.65,349.3,17642736.0,0.0,ABCAPITAL,0.007354001441961078,3.681273471007842,2025-12-01,3.591310776212929,356.1,0.010337751954529182,8.0,103.5122450219926,
2025-12-30,985.0,1000.0,980.5,996.45,10250412.0,0.0,AUBANK,0.00993260021284148,3.681273471007842,2025-12-01,3.840047055939036,950.5,0.0038729862924858937,19.0,103.5122450219926,
2025-12-30,4402.0,4471.3,4360.0,4389.9,2372971.0,0.0,CUMMINSIND,-0.002794057516696258,3.8053044719314935,2025-12-01,3.7293563952698108,4544.2,0.0008495310588555118,18.0,103.5122450219926,
2025-12-30,7272.0,7312.0,7132.5,7192.5,1976062.0,0.0,EICHERMOT,-0.01093234323432346,3.681273471007842,2025-12-01,3.75381859222002,7125.5,0.0005166337058463044,12.0,103.5122450219926,
2025-12-30,111.78,,,111.17,,,GOLDBEES,-0.016455808192515242,15.193145512634322,2025-12-01,15.826667790850422,106.72,0.14236455690249553,,103.5122450219926,2025-12_to_2026-01
2025-12-30,923.5,941.0,901.5,933.15,1952950.0,0.0,HBLENGINE,0.009520203386163217,3.3407513578756785,2025-12-01,3.519726916113458,870.35,0.003771876885938443,6.0,103.5122450219926,
2025-12-30,5570.0,5742.5,5566.5,5711.0,2980473.0,0.0,HEROMOTOCO,0.02605102407473958,4.2739963082602666,2025-12-01,3.9531610521458234,6295.5,0.0006922011998154131,3.0,103.5122450219926,
2025-12-30,868.0,888.3,863.85,884.15,15280248.0,0.0,HINDALCO,0.02213872832369934,3.819212598425195,2025-12-01,4.1770866141732235,810.8,0.004724409448818898,7.0,103.5122450219926,
2025-12-30,784.45,815.2,778.65,809.0,7951593.0,0.0,INDIANB,0.0312958123526037,3.7601538195644673,2025-12-01,3.495506394745939,887.35,0.004320774282751469,15.0,103.5122450219926,
2025-12-30,1082.9,1098.4,1077.0,1091.9,2806339.0,0.0,LAURUSLABS,0.009709635657481064,3.9236709952318143,2025-12-01,4.15402759460282,1029.4,0.0038044029623617733,1.0,103.5122450219926,
2025-12-30,299.0,307.45,298.45,305.45,25281188.0,0.0,LTF,0.018166666666666664,3.9698779867819027,2025-12-01,3.8821809862735144,309.15,0.012709710218607015,2.0,103.5122450219926,
2025-12-30,6015.0,6093.5,6003.0,6074.0,239568.0,0.0,LTIM,0.006712521753542644,3.681273471007842,2025-12-01,3.667687207890041,6152.5,0.0005983378254380889,17.0,103.5122450219926,
2025-12-30,386.45,408.2,385.1,404.4,11718964.0,0.0,M&MFIN,0.04658385093167694,3.681273471007842,2025-12-01,4.003514835755198,367.9,0.010006179589583698,9.0,103.5122450219926,
2025-12-30,2170.0,2207.6,2162.4,2177.8,2824770.0,0.0,MCX,-0.004388772058151136,3.681273471007842,2025-12-01,3.9792908945058203,2042.0,0.0018027783893280324,13.0,103.5122450219926,
2025-12-30,62.96,,,62.92,,,MOGSEC,0.0022300095571838874,5.064381837544775,2025-12-01,5.072443572402376,62.82,0.08061734857600725,,103.5122450219926,2025-12_to_2026-01
2025-12-30,3710.0,3819.0,3690.1,3799.1,1688316.0,0.0,MUTHOOTFIN,0.01675364646059152,3.681273471007842,2025-12-01,3.735250799558223,3811.1,0.0009659346306861122,4.0,103.5122450219926,
2025-12-30,298.0,318.85,298.0,316.6,24881884.0,0.0,NATIONALUM,0.05217680292455973,3.681273471007842,2025-12-01,4.483003234560667,263.8,0.013954789503441402,16.0,103.5122450219926,
2025-12-30,258.8,267.2,256.0,263.55,25458240.0,0.0,NYKAA,0.018157233919258164,3.681273471007842,2025-12-01,3.6294924368116295,264.9,0.013896842095159843,10.0,103.5122450219926,
2025-12-30,1306.0,1309.0,1292.0,1294.6,2723011.0,0.0,PAYTM,-0.011000763941940495,3.7162314272850074,2025-12-01,3.6430661864025202,1367.8,0.0028140477262494374,5.0,103.5122450219926,
2025-12-30,7475.0,7596.5,7470.0,7497.0,370086.0,0.0,POLYCAB,0.0004670714619336991,3.681273471007842,2025-12-01,3.6945792787343765,7401.0,0.0004974021714643753,11.0,103.5122450219926,
2025-12-30,217.49,,,218.21,,,SILVERBEES,-0.0001832760595646965,5.064381837544775,2025-12-01,6.648810304859187,166.21,0.03046977821758483,,103.5122450219926,2025-12_to_2026-01
2025-12-30,712.95,737.0,711.0,722.7,1190014.0,0.0,SYRMA,0.013675573322112333,3.681273471007842,2025-12-01,3.243470085336625,813.05,0.004527733191080305,14.0,103.5122450219926,
2025-12-30,3575.0,3654.0,3549.1,3634.6,1497535.0,0.0,TVSMOTOR,0.01689888646410398,3.681273471007842,2025-12-01,3.7887460166289433,3661.8,0.0010053180050816108,20.0,103.5122450219926,
2025-12-31,350.85,359.65,349.05,357.7,6976404.0,0.0,ABCAPITAL,0.024048096192384794,3.681273471007842,2025-12-01,3.6776749632160457,356.1,0.010337751954529182,8.0,104.08705134375178,
2025-12-31,996.05,1006.1,989.65,994.5,1523909.0,0.0,AUBANK,-0.00195694716242667,3.681273471007842,2025-12-01,3.832532286749331,950.5,0.0038729862924858937,19.0,104.08705134375178,
2025-12-31,4365.0,4459.9,4365.0,4434.4,288657.0,0.0,CUMMINSIND,0.010136905168682597,3.8053044719314935,2025-12-01,3.767160527388881,4544.2,0.0008495310588555118,18.0,104.08705134375178,
2025-12-31,7189.0,7322.5,7140.0,7312.5,357381.0,0.0,EICHERMOT,0.016684045881126153,3.681273471007842,2025-12-01,3.816447473842043,7125.5,0.0005166337058463044,12.0,104.08705134375178,
2025-12-31,111.17,,,110.11,,,GOLDBEES,-0.009534946478366502,15.193145512634322,2025-12-01,15.675761360533775,106.72,0.14236455690249553,,104.08705134375178,2025-12_to_2026-01
2025-12-31,934.0,937.3,917.05,926.6,1156880.0,0.0,HBLENGINE,-0.007019235921341682,3.3407513578756785,2025-12-01,3.495021122510561,870.35,0.003771876885938443,6.0,104.08705134375178,
2025-12-31,5709.5,5785.5,5684.5,5771.0,473265.0,0.0,HEROMOTOCO,0.010506040973559783,4.2739963082602666,2025-12-01,3.9946931241347476,6295.5,0.0006922011998154131,3.0,104.08705134375178,
2025-12-31,886.4,890.0,879.45,886.7,3539118.0,0.0,HINDALCO,0.002884125996720055,3.819212598425195,2025-12-01,4.189133858267712,810.8,0.004724409448818898,7.0,104.08705134375178,
2025-12-31,812.9,840.4,806.5,837.25,3654469.0,0.0,INDIANB,0.034919653893696,3.7601538195644673,2025-12-01,3.6175682682336685,887.35,0.004320774282751469,15.0,104.08705134375178,
2025-12-31,1095.0,1119.0,1083.9,1108.0,1585443.0,0.0,LAURUSLABS,0.014744940012821672,3.9236709952318143,2025-12-01,4.215278482296845,1029.4,0.0038044029623617733,1.0,104.08705134375178,
2025-12-31,304.4,316.6,302.45,315.95,9647536.0,0.0,LTF,0.034375511540350345,3.9698779867819027,2025-12-01,4.015632943568888,309.15,0.012709710218607015,2.0,104.08705134375178,
2025-12-31,6052.0,6105.5,6036.5,6063.5,93136.0,0.0,LTIM,-0.0017286796180441266,3.681273471007842,2025-12-01,3.6613469517684005,6152.5,0.0005983378254380889,17.0,104.08705134375178,
2025-12-31,407.45,408.0,395.5,403.0,4876797.0,0.0,M&MFIN,-0.0034619188921859445,3.681273471007842,2025-12-01,3.989654992110151,367.9,0.010006179589583698,9.0,104.08705134375178,
2025-12-31,2210.0,2239.6,2197.0,2227.2,2188250.0,0.0,MCX,0.02268344200569361,3.681273471007842,2025-12-01,4.069554908735127,2042.0,0.0018027783893280324,13.0,104.08705134375178,
2025-12-31,62.95,,,62.99,,,MOGSEC,0.001112523839796653,5.064381837544775,2025-12-01,5.0780867868026975,62.82,0.08061734857600725,,104.08705134375178,2025-12_to_2026-01
2025-12-31,3799.1,3859.0,3780.7,3811.7,334171.0,0.0,MUTHOOTFIN,0.0033165749782844145,3.681273471007842,2025-12-01,3.747639038897655,3811.1,0.0009659346306861122,4.0,104.08705134375178,
2025-12-31,318.05,319.85,313.45,314.3,11874119.0,0.0,NATIONALUM,-0.0072646873025900005,3.681273471007842,2025-12-01,4.450435617885083,263.8,0.013954789503441402,16.0,104.08705134375178,
2025-12-31,264.3,266.65,261.7,265.15,5234939.0,0.0,NYKAA,0.006070954278125429,3.681273471007842,2025-12-01,3.651526919448315,264.9,0.013896842095159843,10.0,104.08705134375178,
2025-12-31,1302.0,1314.8,1294.3,1298.9,1213575.0,0.0,PAYTM,0.003321489263093058,3.7162314272850074,2025-12-01,3.655166591625394,1367.8,0.0028140477262494374,5.0,104.08705134375178,
2025-12-31,7498.0,7659.5,7498.0,7619.0,235002.0,0.0,POLYCAB,0.016273175937041584,3.681273471007842,2025-12-01,3.7547018173505693,7401.0,0.0004974021714643753,11.0,104.08705134375178,
2025-12-31,216.8,,,215.43,,,SILVERBEES,-0.012740021080610453,5.064381837544775,2025-12-01,6.564104321414301,166.21,0.03046977821758483,,104.08705134375178,2025-12_to_2026-01
2025-12-31,722.4,735.0,722.25,733.15,377297.0,0.0,SYRMA,0.014459665144596512,3.681273471007842,2025-12-01,3.2903695766771084,813.05,0.004527733191080305,14.0,104.08705134375178,
2025-12-31,3649.0,3725.0,3641.0,3719.8,602873.0,0.0,TVSMOTOR,0.023441369063996076,3.681273471007842,2025-12-01,3.8775594102944875,3661.8,0.0010053180050816108,20.0,104.08705134375178,
2026-01-01,3103.0,3103.6,3062.0,3094.9,265253.0,0.0,ANANDRATHI,-0.005622670607891012,3.718411381354779,2026-01-01,3.697503978972788,3094.9,0.0012014641446750393,11.0,104.52475452017052,
2026-01-01,155.0,156.28,153.55,154.24,18111681.0,0.0,CANBK,-0.004325091988896745,3.718411381354779,2026-01-01,3.702328910077859,154.24,0.024107957607331296,9.0,104.52475452017052,
2026-01-01,4439.0,4504.9,4420.3,4470.6,289174.0,0.0,CUMMINSIND,0.008163449395634403,3.767160527388881,2026-01-01,3.7979135517194518,4470.6,0.0008495310588555118,14.0,104.52475452017052,
2026-01-01,7317.0,7363.0,7271.5,7348.0,155326.0,0.0,EICHERMOT,0.004854700854700855,3.816447473842043,2026-01-01,3.834975184655225,7348.0,0.0005166337058463044,12.0,104.52475452017052,
2026-01-01,110.35,,,110.52,,,GOLDBEES,0.0037235491780946983,15.193145512634322,2025-12-01,15.7341308288638,106.72,0.14236455690249553,,104.52475452017052,2025-12_to_2026-01
2026-01-01,265.2,270.0,262.0,266.6,1520198.0,0.0,GPIL,0.0019919570037960632,3.718411381354779,2026-01-01,3.7258182969488636,266.6,0.013947529562471039,6.0,104.52475452017052,
2026-01-01,928.0,931.4,915.55,919.3,522197.0,0.0,HBLENGINE,-0.00787826462335428,3.495021122510561,2026-01-01,3.46748642124321,919.3,0.003771876885938443,1.0,104.52475452017052,
2026-01-01,5771.0,5856.0,5730.0,5841.5,384697.0,0.0,HEROMOTOCO,0.012216253682204137,3.9946931241347476,2026-01-01,4.043493308721734,5841.5,0.0006922011998154131,7.0,104.52475452017052,
2026-01-01,888.1,895.95,882.45,894.95,2566505.0,0.0,HINDALCO,0.00930416149768809,4.189133858267712,2026-01-01,4.228110236220468,894.95,0.004724409448818898,10.0,104.52475452017052,
2026-01-01,611.0,621.95,609.45,620.45,1008135.0,0.0,IIFL,0.016298116298116394,3.718411381354779,2026-01-01,3.7790144824923386,620.45,0.0059930878900068965,19.0,104.52475452017052,
2026-01-01,503.2,522.4,502.6,516.65,2060164.0,0.0,JKTYRE,0.027750149194350593,3.718411381354779,2026-01-01,3.8215978519533453,516.65,0.007197157420603463,18.0,104.52475452017052,
2026-01-01,834.0,857.9,828.05,853.75,627100.0,0.0,JSL,0.01727733095025319,3.718411381354779,2026-01-01,3.7826556053996336,853.75,0.0043553866838708976,15.0,104.52475452017052,
2026-01-01,1108.0,1115.9,1101.1,1110.4,959580.0,0.0,LAURUSLABS,0.0021660649819494893,4.215278482296845,2026-01-01,4.224409049406513,1110.4,0.0038044029623617733,2.0,104.52475452017052,
2026-01-01,315.95,321.9,313.4,317.25,5017284.0,0.0,LTF,0.004114575090995443,4.015632943568888,2026-01-01,4.032155566853077,317.25,0.012709710218607015,8.0,104.52475452017052,
2026-01-01,402.5,405.8,398.25,404.15,2358460.0,0.0,M&MFIN,0.00285359801488827,3.989654992110151,2026-01-01,4.001039863675726,404.15,0.010006179589583698,5.0,104.52475452017052,
2026-01-01,62.99,,,62.99,,,MOGSEC,0.0,5.064381837544775,2025-12-01,5.0780867868026975,62.82,0.08061734857600725,,104.52475452017052,2025-12_to_2026-01
2026-01-01,315.5,317.25,312.1,314.6,6888014.0,0.0,NATIONALUM,0.0009545020680878924,4.450435617885083,2026-01-01,4.454683567886247,314.6,0.013954789503441402,4.0,104.52475452017052,
2026-01-01,265.0,268.3,264.25,265.75,2627582.0,0.0,NYKAA,0.0022628700735434215,3.651526919448315,2026-01-01,3.6597898504370727,265.75,0.013896842095159843,20.0,104.52475452017052,
2026-01-01,3282.0,3307.8,3246.0,3253.9,168345.0,0.0,RADICO,-0.013491389764734407,3.718411381354779,2026-01-01,3.668244844103297,3253.9,0.0011427552725513318,16.0,104.52475452017052,
2026-01-01,983.2,987.65,980.35,984.75,4328348.0,0.0,SBIN,0.0025962125839951167,3.718411381354779,2026-01-01,3.7280651677755228,984.75,0.0037759953098296817,13.0,104.52475452017052,
2026-01-01,996.2,1025.6,996.0,1019.7,4289057.0,0.0,SHRIRAMFIN,0.023589640634410713,3.718411381354779,2026-01-01,3.806127369571841,1019.7,0.0036465738759976257,3.0,104.52475452017052,
2026-01-01,216.5,,,214.95,,,SILVERBEES,-0.0022281019356636955,5.064381837544775,2025-12-01,6.5494788278698595,166.21,0.03046977821758483,,104.52475452017052,2025-12_to_2026-01
2026-01-01,603.0,606.9,597.7,602.65,4250535.0,0.0,VEDL,-0.002895433487756449,3.718411381354779,2026-01-01,3.7076449685199497,602.65,0.006170101022740859,17.0,104.52475452017052,
2026-01-02,3074.0,3107.5,3055.0,3079.4,149134.0,0.0,ANANDRATHI,-0.005008239361530276,3.718411381354779,2026-01-01,3.678985994005882,3094.9,0.0012014641446750393,11.0,105.52402078434787,
2026-01-02,154.9,155.67,152.8,154.87,29236511.0,0.0,CANBK,0.00408454356846466,3.718411381354779,2026-01-01,3.7174512338158583,154.24,0.024107957607331296,9.0,105.52402078434787,
2026-01-02,4484.0,4493.4,4441.1,4482.1,269527.0,0.0,CUMMINSIND,0.0025723616516799552,3.767160527388881,2026-01-01,3.80768315889629,4470.6,0.0008495310588555118,14.0,105.52402078434787,
2026-01-02,7348.0,7382.5,7298.0,7334.5,227469.0,0.0,EICHERMOT,-0.0018372346216657398,3.816447473842043,2026-01-01,3.8279294354727473,7348.0,0.0005166337058463044,12.0,105.52402078434787,
2026-01-02,111.62,,,111.82,,,GOLDBEES,0.011762576909156719,15.193145512634322,2025-12-01,15.919204752837043,106.72,0.14236455690249553,,105.52402078434787,2025-12_to_2026-01
2026-01-02,266.55,273.9,265.85,273.05,2183847.0,0.0,GPIL,0.024193548387096753,3.718411381354779,2026-01-01,3.8159590621976265,266.6,0.013947529562471039,6.0,105.52402078434787,
2026-01-02,917.95,944.9,917.0,937.55,1421909.0,0.0,HBLENGINE,0.019852061351028016,3.495021122510561,2026-01-01,3.536323174411587,919.3,0.003771876885938443,1.0,105.52402078434787,
2026-01-02,5900.0,6029.5,5875.0,5933.0,1069537.0,0.0,HEROMOTOCO,0.01566378498673293,3.9946931241347476,2026-01-01,4.106829718504844,5841.5,0.0006922011998154131,7.0,105.52402078434787,
2026-01-02,898.0,927.3,896.55,925.7,5357771.0,0.0,HINDALCO,0.03435946142242585,4.189133858267712,2026-01-01,4.373385826771649,894.95,0.004724409448818898,10.0,105.52402078434787,
2026-01-02,623.5,650.0,619.0,641.4,2441538.0,0.0,IIFL,0.03376581513417665,3.718411381354779,2026-01-01,3.9066159868975516,620.45,0.0059930878900068965,19.0,105.52402078434787,
2026-01-02,518.8,524.7,509.0,511.55,1179005.0,0.0,JKTYRE,-0.009871286170521576,3.718411381354779,2026-01-01,3.7838737659280635,516.65,0.007197157420603463,18.0,105.52402078434787,
2026-01-02,853.75,865.1,847.0,855.4,658245.0,0.0,JSL,0.0019326500732064211,3.718411381354779,2026-01-01,3.7899661550323236,853.75,0.0043553866838708976,15.0,105.52402078434787,
2026-01-02,1110.0,1115.9,1103.2,1106.5,953854.0,0.0,LAURUSLABS,-0.003512247838616811,4.215278482296845,2026-01-01,4.2095718778533024,1110.4,0.0038044029623617733,2.0,105.52402078434787,
2026-01-02,319.5,321.5,316.3,319.75,3861694.0,0.0,LTF,0.007880220646178104,4.015632943568888,2026-01-01,4.063929842399595,317.25,0.012709710218607015,8.0,105.52402078434787,
2026-01-02,403.9,410.0,399.85,402.95,2125824.0,0.0,M&MFIN,-0.0029691946059631213,3.989654992110151,2026-01-01,3.9891599976942564,404.15,0.010006179589583698,5.0,105.52402078434787,
2026-01-02,62.99,,,62.95,,,MOGSEC,-0.0006350214319733594,5.064381837544775,2025-12-01,5.074862092859657,62.82,0.08061734857600725,,105.52402078434787,2025-12_to_2026-01
2026-01-02,316.2,331.4,315.7,330.3,21272570.0,0.0,NATIONALUM,0.04990464081373158,4.450435617885083,2026-01-01,4.676992951280442,314.6,0.013954789503441402,4.0,105.52402078434787,
2026-01-02,266.6,268.4,263.0,264.9,4186213.0,0.0,NYKAA,-0.0031984948259643486,3.651526919448315,2026-01-01,3.6480840315363325,265.75,0.013896842095159843,20.0,105.52402078434787,
2026-01-02,3253.9,3254.0,3086.0,3094.2,592140.0,0.0,RADICO,-0.049079566059190616,3.718411381354779,2026-01-01,3.488208978955844,3253.9,0.0011427552725513318,16.0,105.52402078434787,
2026-01-02,984.5,1009.5,983.95,998.95,7357435.0,0.0,SBIN,0.014419903528814393,3.718411381354779,2026-01-01,3.7818235078439795,984.75,0.0037759953098296817,13.0,105.52402078434787,
2026-01-02,1024.75,1025.0,1007.2,1010.35,5264026.0,0.0,SHRIRAMFIN,-0.00916936353829556,3.718411381354779,2026-01-01,3.77122760404718,1019.7,0.0036465738759976257,3.0,105.52402078434787,
2026-01-02,220.33,,,221.87,,,SILVERBEES,0.032193533379855754,5.064381837544775,2025-12-01,6.760329693135547,166.21,0.03046977821758483,,105.52402078434787,2025-12_to_2026-01
2026-01-02,604.2,618.45,603.6,616.95,9255218.0,0.0,VEDL,0.023728532315606232,3.718411381354779,2026-01-01,3.79562194197027,602.65,0.006170101022740859,17.0,105.52402078434787,
2026-01-05,3099.0,3145.0,3082.6,3123.6,154296.0,0.0,ANANDRATHI,0.014353445476391391,3.718411381354779,2026-01-01,3.731792118879253,3094.9,0.0012014641446750393,11.0,105.87736845668245,
2026-01-05,155.5,157.6,153.52,154.23,19385780.0,0.0,CANBK,-0.004132498224317271,3.718411381354779,2026-01-01,3.702088873193128,154.24,0.024107957607331296,9.0,105.87736845668245,
2026-01-05,4488.0,4515.8,4286.2,4309.8,492433.0,0.0,CUMMINSIND,-0.03844180183396184,3.767160527388881,2026-01-01,3.6613089574554847,4470.6,0.0008495310588555118,14.0,105.87736845668245,
2026-01-05,7344.0,7514.5,7328.0,7482.5,426798.0,0.0,EICHERMOT,0.020178607948735383,3.816447473842043,2026-01-01,3.905171722806576,7348.0,0.0005166337058463044,12.0,105.87736845668245,
2026-01-05,112.16,,,112.92,,,GOLDBEES,0.009837238418887617,15.193145512634322,2025-12-01,16.075805765429788,106.72,0.14236455690249553,,105.87736845668245,2025-12_to_2026-01
2026-01-05,274.0,280.4,268.25,274.0,3453704.0,0.0,GPIL,0.003479216260757978,3.718411381354779,2026-01-01,3.829235609017211,266.6,0.013947529562471039,6.0,105.87736845668245,
2026-01-05,935.0,984.9,928.75,969.4,3400290.0,0.0,HBLENGINE,0.0339715215188523,3.495021122510561,2026-01-01,3.656457453228726,919.3,0.003771876885938443,1.0,105.87736845668245,
2026-01-05,5960.0,6045.0,5925.0,5985.5,653817.0,0.0,HEROMOTOCO,0.008848811730996164,3.9946931241347476,2026-01-01,4.143170281495154,5841.5,0.0006922011998154131,7.0,105.87736845668245,
2026-01-05,932.5,937.9,925.85,931.7,5278463.0,0.0,HINDALCO,0.0064815815058874016,4.189133858267712,2026-01-01,4.401732283464562,894.95,0.004724409448818898,10.0,105.87736845668245,
2026-01-05,645.0,649.1,638.15,645.45,1101439.0,0.0,IIFL,0.006314312441534353,3.718411381354779,2026-01-01,3.931283580827916,620.45,0.0059930878900068965,19.0,105.87736845668245,
2026-01-05,512.4,515.0,506.3,508.25,350732.0,0.0,JKTYRE,-0.006450982308669806,3.718411381354779,2026-01-01,3.7594640632058214,516.65,0.007197157420603463,18.0,105.87736845668245,
2026-01-05,859.4,870.0,857.0,865.65,622857.0,0.0,JSL,0.011982698152910976,3.718411381354779,2026-01-01,3.8353801754778245,853.75,0.0043553866838708976,15.0,105.87736845668245,
2026-01-05,1106.5,1113.5,1096.7,1103.2,1017074.0,0.0,LAURUSLABS,-0.002982376863985503,4.215278482296845,2026-01-01,4.197017348077509,1110.4,0.0038044029623617733,2.0,105.87736845668245,
2026-01-05,319.0,321.6,316.3,320.3,4877876.0,0.0,LTF,0.0017200938232995178,4.015632943568888,2026-01-01,4.07092018301983,317.25,0.012709710218607015,8.0,105.87736845668245,
2026-01-05,400.0,404.4,382.1,384.2,4430405.0,0.0,M&MFIN,-0.04653182777019482,3.989654992110151,2026-01-01,3.803537091733797,404.15,0.010006179589583698,5.0,105.87736845668245,
2026-01-05,62.95,,,62.83,,,MOGSEC,-0.001906274821286802,5.064381837544775,2025-12-01,5.065188011030536,62.82,0.08061734857600725,,105.87736845668245,2025-12_to_2026-01
2026-01-05,332.0,334.8,327.75,330.8,12952006.0,0.0,NATIONALUM,0.001513775355737268,4.450435617885083,2026-01-01,4.684072867949047,314.6,0.013954789503441402,4.0,105.87736845668245,
2026-01-05,268.9,272.95,266.9,269.55,7717985.0,0.0,NYKAA,0.017553793884484747,3.651526919448315,2026-01-01,3.7121217466992014,265.75,0.013896842095159843,20.0,105.87736845668245,
2026-01-05,3099.0,3123.9,3015.0,3104.6,469055.0,0.0,RADICO,0.0033611272703768513,3.718411381354779,2026-01-01,3.4999332932797858,3253.9,0.0011427552725513318,16.0,105.87736845668245,
2026-01-05,1000.0,1015.5,1000.0,1005.55,11259060.0,0.0,SBIN,0.006606937284148184,3.718411381354779,2026-01-01,3.8068097785800217,984.75,0.0037759953098296817,13.0,105.87736845668245,
2026-01-05,1013.5,1014.8,994.65,1003.35,4603571.0,0.0,SHRIRAMFIN,-0.006928292175978568,3.718411381354779,2026-01-01,3.745099437344225,1019.7,0.0036465738759976257,3.0,105.87736845668245,
2026-01-05,222.9,,,225.54,,,SILVERBEES,0.016541217830260857,5.064381837544775,2025-12-01,6.872153779194082,166.21,0.03046977821758483,,105.87736845668245,2025-12_to_2026-01
2026-01-05,620.5,624.5,609.7,615.65,8336113.0,0.0,VEDL,-0.0021071399627199394,3.718411381354779,2026-01-01,3.7876240352929673,602.65,0.006170101022740859,17.0,105.87736845668245,
2026-01-06,3105.6,3170.0,3101.0,3149.2,183406.0,0.0,ANANDRATHI,0.008195671660903958,3.718411381354779,2026-01-01,3.762376661792336,3094.9,0.0012014641446750393,11.0,106.35554257886405,
2026-01-06,154.5,156.12,152.6,153.88,17196220.0,0.0,CANBK,-0.0022693380016857168,3.718411381354779,2026-01-01,3.693687582227573,154.24,0.024107957607331296,9.0,106.35554257886405,
2026-01-06,4309.8,4326.2,4117.0,4130.3,1031214.0,0.0,CUMMINSIND,-0.04164926446702866,3.767160527388881,2026-01-01,3.50881813239092,4470.6,0.0008495310588555118,14.0,106.35554257886405,
2026-01-06,7514.0,7569.0,7484.5,7522.5,396099.0,0.0,EICHERMOT,0.005345806882726345,3.816447473842043,2026-01-01,3.926048016680584,7348.0,0.0005166337058463044,12.0,106.35554257886405,
2026-01-06,113.62,,,113.14,,,GOLDBEES,0.0019482819695360032,15.193145512634322,2025-12-01,16.10712596794834,106.72,0.14236455690249553,,106.35554257886405,2025-12_to_2026-01
2026-01-06,275.05,276.4,271.0,274.05,1482185.0,0.0,GPIL,0.0001824817518247812,3.718411381354779,2026-01-01,3.829934374639295,266.6,0.013947529562471039,6.0,106.35554257886405,
2026-01-06,971.3,977.8,945.0,948.65,1062052.0,0.0,HBLENGINE,-0.021404992779038623,3.495021122510561,2026-01-01,3.5781910078455033,919.3,0.003771876885938443,1.0,106.35554257886405,
2026-01-06,6010.0,6037.0,5960.0,6000.0,453152.0,0.0,HEROMOTOCO,0.002422521092640517,3.9946931241347476,2026-01-01,4.153207198892478,5841.5,0.0006922011998154131,7.0,106.35554257886405,
2026-01-06,936.0,970.8,936.0,942.25,10369133.0,0.0,HINDALCO,0.011323387356445114,4.189133858267712,2026-01-01,4.451574803149601,894.95,0.004724409448818898,10.0,106.35554257886405,
2026-01-06,649.8,675.0,645.65,665.15,3802351.0,0.0,IIFL,0.03052134169958931,3.718411381354779,2026-01-01,4.05127163031635,620.45,0.0059930878900068965,19.0,106.35554257886405,
2026-01-06,508.55,511.95,497.6,510.65,721177.0,0.0,JKTYRE,0.004722085587801184,3.718411381354779,2026-01-01,3.7772165742765424,516.65,0.007197157420603463,18.0,106.35554257886405,
2026-01-06,870.0,871.2,856.5,860.9,563558.0,0.0,JSL,-0.0054872061456708865,3.718411381354779,2026-01-01,3.814334653807958,853.75,0.0043553866838708976,15.0,106.35554257886405,
2026-01-06,1134.0,1134.0,1105.2,1115.9,1138196.0,0.0,LAURUSLABS,0.011511965192168239,4.215278482296845,2026-01-01,4.245333265699503,1110.4,0.0038044029623617733,2.0,106.35554257886405,
2026-01-06,324.4,329.45,316.85,319.35,8344558.0,0.0,LTF,-0.002965969403683988,4.015632943568888,2026-01-01,4.058845958312153,317.25,0.012709710218607015,8.0,106.35554257886405,
2026-01-06,386.1,387.0,372.3,374.35,2279370.0,0.0,M&MFIN,-0.02563768870380001,3.989654992110151,2026-01-01,3.706023191802569,404.15,0.010006179589583698,5.0,106.35554257886405,
2026-01-06,62.97,,,62.85,,,MOGSEC,0.00031831927423220385,5.064381837544775,2025-12-01,5.066800358002057,62.82,0.08061734857600725,,106.35554257886405,2025-12_to_2026-01
2026-01-06,333.4,351.7,333.0,346.7,41794775.0,0.0,NATIONALUM,0.04806529625151135,4.450435617885083,2026-01-01,4.9092142180106855,314.6,0.013954789503441402,4.0,106.35554257886405,
2026-01-06,270.0,271.15,267.15,269.05,2829075.0,0.0,NYKAA,-0.0018549434242255414,3.651526919448315,2026-01-01,3.705235970875237,265.75,0.013896842095159843,20.0,106.35554257886405,
2026-01-06,3112.4,3163.4,3074.0,3128.6,229834.0,0.0,RADICO,0.007730464472073706,3.718411381354779,2026-01-01,3.526989403258113,3253.9,0.0011427552725513318,16.0,106.35554257886405,
2026-01-06,1007.95,1024.0,1004.95,1018.9,9575742.0,0.0,SBIN,0.01327631644373728,3.718411381354779,2026-01-01,3.857350189841563,984.75,0.0037759953098296817,13.0,106.35554257886405,
2026-01-06,1002.5,1011.75,992.45,1002.65,4352915.0,0.0,SHRIRAMFIN,-0.0006976628295211063,3.718411381354779,2026-01-01,3.7424866206739296,1019.7,0.0036465738759976257,3.0,106.35554257886405,
2026-01-06,228.16,,,231.65,,,SILVERBEES,0.027090538263722763,5.064381837544775,2025-12-01,7.0583241241035255,166.21,0.03046977821758483,,106.35554257886405,2025-12_to_2026-01
2026-01-06,618.2,627.9,618.0,621.75,10820314.0,0.0,VEDL,0.00990822707707295,3.718411381354779,2026-01-01,3.8251526743172297,602.65,0.006170101022740859,17.0,106.35554257886405,
2026-01-07,3150.0,3180.5,3150.0,3166.1,182284.0,0.0,ANANDRATHI,0.005366442271053096,3.718411381354779,2026-01-01,3.7825672389498024,3094.9,0.0012014641446750393,11.0,106.30213628019426,
2026-01-07,154.1,156.39,151.71,152.96,22810626.0,0.0,CANBK,-0.005978684689368241,3.718411381354779,2026-01-01,3.6716041888323994,154.24,0.024107957607331296,9.0,106.30213628019426,
2026-01-07,4130.3,4173.0,4120.4,4147.9,778593.0,0.0,CUMMINSIND,0.004261191680991594,3.767160527388881,2026-01-01,3.5237698790267773,4470.6,0.0008495310588555118,14.0,106.30213628019426,
2026-01-07,7523.0,7597.0,7490.0,7582.5,380761.0,0.0,EICHERMOT,0.007976071784645988,3.816447473842043,2026-01-01,3.957362457491595,7348.0,0.0005166337058463044,12.0,106.30213628019426,
2026-01-07,113.51,,,112.91,,,GOLDBEES,-0.002032879618172223,15.193145512634322,2025-12-01,16.074382119860765,106.72,0.14236455690249553,,106.30213628019426,2025-12_to_2026-01
2026-01-07,276.75,277.7,272.35,275.7,1949578.0,0.0,GPIL,0.006020799124247356,3.718411381354779,2026-01-01,3.852993640168048,266.6,0.013947529562471039,6.0,106.30213628019426,
2026-01-07,949.0,960.0,942.15,956.9,902428.0,0.0,HBLENGINE,0.008696568808306493,3.495021122510561,2026-01-01,3.6093089921544954,919.3,0.003771876885938443,1.0,106.30213628019426,
2026-01-07,6033.5,6049.0,5944.0,5981.0,609748.0,0.0,HEROMOTOCO,-0.003166666666666651,3.9946931241347476,2026-01-01,4.140055376095985,5841.5,0.0006922011998154131,7.0,106.30213628019426,
2026-01-07,951.05,954.6,935.1,938.45,6555117.0,0.0,HINDALCO,-0.004032899973467674,4.189133858267712,2026-01-01,4.43362204724409,894.95,0.004724409448818898,10.0,106.30213628019426,
2026-01-07,665.05,665.5,648.4,656.95,2403638.0,0.0,IIFL,-0.012328046305344564,3.718411381354779,2026-01-01,4.001327366062282,620.45,0.0059930878900068965,19.0,106.30213628019426,
2026-01-07,511.7,518.3,509.35,512.2,783296.0,0.0,JKTYRE,0.003035347106628894,3.718411381354779,2026-01-01,3.7886817376763835,516.65,0.007197157420603463,18.0,106.30213628019426,
2026-01-07,863.15,884.0,848.15,855.0,713444.0,0.0,JSL,-0.006853293065396615,3.718411381354779,2026-01-01,3.7881939005759144,853.75,0.0043553866838708976,15.0,106.30213628019426,
2026-01-07,1115.9,1141.0,1113.8,1128.5,1358594.0,0.0,LAURUSLABS,0.011291334348956017,4.215278482296845,2026-01-01,4.293268743025261,1110.4,0.0038044029623617733,2.0,106.30213628019426,
2026-01-07,319.0,319.0,311.1,313.95,4959976.0,0.0,LTF,-0.016909347111319972,4.015632943568888,2026-01-01,3.9902135231316747,317.25,0.012709710218607015,8.0,106.30213628019426,
2026-01-07,372.9,376.3,355.1,360.0,5107714.0,0.0,M&MFIN,-0.038333110725257136,3.989654992110151,2026-01-01,3.56395979444083,404.15,0.010006179589583698,5.0,106.30213628019426,
2026-01-07,62.78,,,62.71,,,MOGSEC,-0.002227525855210799,5.064381837544775,2025-12-01,5.055513929201417,62.82,0.08061734857600725,,106.30213628019426,2025-12_to_2026-01
2026-01-07,350.8,357.6,347.1,352.6,31378469.0,0.0,NATIONALUM,0.017017594462070962,4.450435617885083,2026-01-01,4.992757234700224,314.6,0.013954789503441402,4.0,106.30213628019426,
2026-01-07,269.95,270.0,264.5,266.35,5240442.0,0.0,NYKAA,-0.01003530942204045,3.651526919448315,2026-01-01,3.6680527814258297,265.75,0.013896842095159843,20.0,106.30213628019426,
2026-01-07,3139.0,3239.0,3115.0,3207.3,442543.0,0.0,RADICO,0.025155021415329548,3.718411381354779,2026-01-01,3.6157108972287113,3253.9,0.0011427552725513318,16.0,106.30213628019426,
2026-01-07,1022.7,1022.7,1004.0,1007.15,7896720.0,0.0,SBIN,-0.011532044361566407,3.718411381354779,2026-01-01,3.812867056334213,984.75,0.0037759953098296817,13.0,106.30213628019426,
2026-01-07,996.05,1003.1,990.25,995.85,4191098.0,0.0,SHRIRAMFIN,-0.006782027626788922,3.718411381354779,2026-01-01,3.7171049730196315,1019.7,0.0036465738759976257,3.0,106.30213628019426,
2026-01-07,237.6,,,234.36,,,SILVERBEES,0.011698683358515094,5.064381837544775,2025-12-01,7.140897223073181,166.21,0.03046977821758483,,106.30213628019426,2025-12_to_2026-01
2026-01-07,625.95,629.9,618.3,622.2,10182854.0,0.0,VEDL,0.0007237635705670264,3.718411381354779,2026-01-01,3.8279211804747573,602.65,0.006170101022740859,17.0,106.30213628019426,
2026-01-08,3188.0,3188.0,3130.0,3142.3,183231.0,0.0,ANANDRATHI,-0.007517134645146917,3.718411381354779,2026-01-01,3.754133171710295,3094.9,0.0012014641446750393,11.0,103.98090142418008,
2026-01-08,153.15,153.8,149.64,150.46,17324688.0,0.0,CANBK,-0.016344142259414274,3.718411381354779,2026-01-01,3.6115949676498613,154.24,0.024107957607331296,9.0,103.98090142418008,
2026-01-08,4148.0,4235.0,4096.0,4118.0,1117650.0,0.0,CUMMINSIND,-0.007208466935075486,3.767160527388881,2026-01-01,3.498368900366998,4470.6,0.0008495310588555118,14.0,103.98090142418008,
2026-01-08,7590.0,7601.0,7539.0,7551.0,459727.0,0.0,EICHERMOT,-0.004154302670623111,3.816447473842043,2026-01-01,3.9409223760658136,7348.0,0.0005166337058463044,12.0,103.98090142418008,
2026-01-08,112.73,,,112.29,,,GOLDBEES,-0.005491099105482178,15.193145512634322,2025-12-01,15.986116094581218,106.72,0.14236455690249553,,103.98090142418008,2025-12_to_2026-01
2026-01-08,280.0,280.0,268.05,269.4,3309716.0,0.0,GPIL,-0.02285092491838958,3.718411381354779,2026-01-01,3.7649491717855352,266.6,0.013947529562471039,6.0,103.98090142418008,
2026-01-08,952.0,958.6,907.1,911.1,1538055.0,0.0,HBLENGINE,-0.04786289058417803,3.495021122510561,2026-01-01,3.436557030778515,919.3,0.003771876885938443,1.0,103.98090142418008,
2026-01-08,5981.0,5985.0,5830.0,5850.0,562060.0,0.0,HEROMOTOCO,-0.021902691857548895,3.9946931241347476,2026-01-01,4.049377018920166,5841.5,0.0006922011998154131,7.0,103.98090142418008,
2026-01-08,934.05,934.2,898.6,903.95,6266789.0,0.0,HINDALCO,-0.036762747082955904,4.189133858267712,2026-01-01,4.270629921259839,894.95,0.004724409448818898,10.0,103.98090142418008,
2026-01-08,656.95,657.0,639.85,647.55,1240235.0,0.0,IIFL,-0.014308547073597855,3.718411381354779,2026-01-01,3.944074185088104,620.45,0.0059930878900068965,19.0,103.98090142418008,
2026-01-08,512.2,523.95,504.2,506.85,2129936.0,0.0,JKTYRE,-0.010445138617727445,3.718411381354779,2026-01-01,3.749108431747901,516.65,0.007197157420603463,18.0,103.98090142418008,
2026-01-08,857.25,862.9,801.1,805.8,822468.0,0.0,JSL,-0.0575438596491229,3.718411381354779,2026-01-01,3.5702066024375103,853.75,0.0043553866838708976,15.0,103.98090142418008,
2026-01-08,1131.9,1131.9,1092.7,1100.9,1379464.0,0.0,LAURUSLABS,-0.024457244129375222,4.215278482296845,2026-01-01,4.188267221264077,1110.4,0.0038044029623617733,2.0,103.98090142418008,
2026-01-08,312.8,313.4,305.0,307.3,5757228.0,0.0,LTF,-0.021181716833890696,4.015632943568888,2026-01-01,3.905693950177938,317.25,0.012709710218607015,8.0,103.98090142418008,
2026-01-08,361.8,369.0,353.65,355.05,3738500.0,0.0,M&MFIN,-0.013749999999999929,3.989654992110151,2026-01-01,3.514955347267269,404.15,0.010006179589583698,5.0,103.98090142418008,
2026-01-08,62.99,,,62.76,,,MOGSEC,0.0007973210014351473,5.064381837544775,2025-12-01,5.059544796630217,62.82,0.08061734857600725,,103.98090142418008,2025-12_to_2026-01
2026-01-08,348.0,348.0,331.75,333.5,27665985.0,0.0,NATIONALUM,-0.05416903006239371,4.450435617885083,2026-01-01,4.7223044179595135,314.6,0.013954789503441402,4.0,103.98090142418008,
2026-01-08,266.35,267.7,255.65,256.65,6101910.0,0.0,NYKAA,-0.036418246667918375,3.651526919448315,2026-01-01,3.5344687304409197,265.75,0.013896842095159843,20.0,103.98090142418008,
2026-01-08,3209.0,3214.9,3057.7,3079.4,249814.0,0.0,RADICO,-0.03987777881707355,3.718411381354779,2026-01-01,3.4715243778025426,3253.9,0.0011427552725513318,16.0,103.98090142418008,
2026-01-08,1006.6,1011.6,995.85,998.0,6854268.0,0.0,SBIN,-0.009085041950057104,3.718411381354779,2026-01-01,3.778226999177426,984.75,0.0037759953098296817,13.0,103.98090142418008,
2026-01-08,1001.4,1002.55,981.1,992.9,3804564.0,0.0,SHRIRAMFIN,-0.0029622935181001786,3.718411381354779,2026-01-01,3.7060938170519573,1019.7,0.0036465738759976257,3.0,103.98090142418008,
2026-01-08,232.7,,,223.53,,,SILVERBEES,-0.046210957501280125,5.064381837544775,2025-12-01,6.810909524976737,166.21,0.03046977821758483,,103.98090142418008,2025-12_to_2026-01
2026-01-08,619.0,619.1,595.0,603.5,18002061.0,0.0,VEDL,-0.030054644808743203,3.718411381354779,2026-01-01,3.7128743690397235,602.65,0.006170101022740859,17.0,103.98090142418008,
2026-01-09,3139.6,3155.0,3102.1,3145.4,214935.0,0.0,ANANDRATHI,0.0009865385227381118,3.718411381354779,2026-01-01,3.757836768703676,3094.9,0.0012014641446750393,11.0,103.67427797200787,
2026-01-09,150.4,152.9,149.21,150.54,18132919.0,0.0,CANBK,0.0005317027781468475,3.718411381354779,2026-01-01,3.613515262727702,154.24,0.024107957607331296,9.0,103.67427797200787,
2026-01-09,4120.1,4193.5,4100.4,4116.7,929594.0,0.0,CUMMINSIND,-0.0003156872268091915,3.767160527388881,2026-01-01,3.4972645099904853,4470.6,0.0008495310588555118,14.0,103.67427797200787,
2026-01-09,7582.0,7613.5,7486.0,7507.0,474627.0,0.0,EICHERMOT,-0.005827042775791269,3.816447473842043,2026-01-01,3.917958452804405,7348.0,0.0005166337058463044,12.0,103.67427797200787,
2026-01-09,113.26,,,113.61,,,GOLDBEES,0.011755276516163482,15.193145512634322,2025-12-01,16.174037309692512,106.72,0.14236455690249553,,103.67427797200787,2025-12_to_2026-01
2026-01-09,267.2,271.0,256.95,258.4,1794895.0,0.0,GPIL,-0.04083147735708981,3.718411381354779,2026-01-01,3.6112207349271803,266.6,0.013947529562471039,6.0,103.67427797200787,
2026-01-09,910.0,918.95,875.0,878.25,1635058.0,0.0,HBLENGINE,-0.03605531774777748,3.495021122510561,2026-01-01,3.3126508750754367,919.3,0.003771876885938443,1.0,103.67427797200787,
2026-01-09,5850.0,5891.0,5751.0,5773.0,500234.0,0.0,HEROMOTOCO,-0.013162393162393204,3.9946931241347476,2026-01-01,3.9960775265343784,5841.5,0.0006922011998154131,7.0,103.67427797200787,
2026-01-09,902.0,908.45,894.0,900.95,4320582.0,0.0,HINDALCO,-0.003318767630953068,4.189133858267712,2026-01-01,4.256456692913381,894.95,0.004724409448818898,10.0,103.67427797200787,
2026-01-09,647.9,656.7,638.65,649.3,1846485.0,0.0,IIFL,0.002702494015906165,3.718411381354779,2026-01-01,3.954733021971595,620.45,0.0059930878900068965,19.0,103.67427797200787,
2026-01-09,507.0,515.8,499.25,506.5,973215.0,0.0,JKTYRE,-0.0006905396073789705,3.718411381354779,2026-01-01,3.7465195238834204,516.65,0.007197157420603463,18.0,103.67427797200787,
2026-01-09,803.7,807.0,766.65,772.15,1102234.0,0.0,JSL,-0.041759741871432055,3.718411381354779,2026-01-01,3.4211156962920377,853.75,0.0043553866838708976,15.0,103.67427797200787,
2026-01-09,1095.0,1107.8,1079.6,1083.0,1612326.0,0.0,LAURUSLABS,-0.016259424107548437,4.215278482296845,2026-01-01,4.1201684082378005,1110.4,0.0038044029623617733,2.0,103.67427797200787,
2026-01-09,306.0,310.55,298.3,299.7,5438329.0,0.0,LTF,-0.024731532704197923,4.015632943568888,2026-01-01,3.8091001525165247,317.25,0.012709710218607015,8.0,103.67427797200787,
2026-01-09,356.4,359.3,346.8,348.5,2919673.0,0.0,M&MFIN,-0.01844810590057744,3.989654992110151,2026-01-01,3.4501110787850817,404.15,0.010006179589583698,5.0,103.67427797200787,
2026-01-09,62.94,,,63.12,,,MOGSEC,0.005736137667303964,5.064381837544775,2025-12-01,5.088567042117578,62.82,0.08061734857600725,,103.67427797200787,2025-12_to_2026-01
2026-01-09,330.85,349.4,328.85,348.05,28744580.0,0.0,NATIONALUM,0.043628185907046424,4.450435617885083,2026-01-01,4.928329993015918,314.6,0.013954789503441402,4.0,103.67427797200787,
2026-01-09,257.0,258.6,253.0,254.0,3097714.0,0.0,NYKAA,-0.010325345801675323,3.651526919448315,2026-01-01,3.4979741185739086,265.75,0.013896842095159843,20.0,103.67427797200787,
2026-01-09,3091.2,3091.2,2919.0,2945.8,435632.0,0.0,RADICO,-0.043385075014613195,3.718411381354779,2026-01-01,3.320912032256521,3253.9,0.0011427552725513318,16.0,103.67427797200787,
2026-01-09,996.0,1008.0,994.0,1000.5,7809460.0,0.0,SBIN,0.0025050100200401104,3.718411381354779,2026-01-01,3.787691495668352,984.75,0.0037759953098296817,13.0,103.67427797200787,
2026-01-09,987.0,993.2,961.0,975.4,6949168.0,0.0,SHRIRAMFIN,-0.017625138483230995,3.718411381354779,2026-01-01,3.6407734002945706,1019.7,0.0036465738759976257,3.0,103.67427797200787,
2026-01-09,224.2,,,230.37,,,SILVERBEES,0.030599919473896176,5.064381837544775,2025-12-01,7.019322807985017,166.21,0.03046977821758483,,103.67427797200787,2025-12_to_2026-01
2026-01-09,603.0,615.3,602.35,609.85,10839255.0,0.0,VEDL,0.010521955260977656,3.718411381354779,2026-01-01,3.75194106704039,602.65,0.006170101022740859,17.0,103.67427797200787,
2026-01-12,3149.9,3163.5,3078.0,3131.7,391470.0,0.0,ANANDRATHI,-0.004355566859540971,3.718411381354779,2026-01-01,3.741469259410346,3094.9,0.0012014641446750393,11.0,104.06231169186991,
2026-01-12,150.55,151.36,146.96,150.02,25793554.0,0.0,CANBK,-0.003454231433505872,3.718411381354779,2026-01-01,3.601033344721735,154.24,0.024107957607331296,9.0,104.06231169186991,
2026-01-12,4032.3,4091.3,3893.0,3974.7,1559613.0,0.0,CUMMINSIND,-0.03449364782471398,3.767160527388881,2026-01-01,3.376631099633003,4470.6,0.0008495310588555118,14.0,104.06231169186991,
2026-01-12,7477.0,7507.0,7322.0,7436.0,315579.0,0.0,EICHERMOT,-0.009457839349940045,3.816447473842043,2026-01-01,3.8809030311780415,7348.0,0.0005166337058463044,12.0,104.06231169186991,
2026-01-12,115.7,,,116.76,,,GOLDBEES,0.027726432532347633,15.193145512634322,2025-12-01,16.622485663935375,106.72,0.14236455690249553,,104.06231169186991,2025-12_to_2026-01
2026-01-12,259.45,263.45,253.0,254.7,2434377.0,0.0,GPIL,-0.014318885448916352,3.718411381354779,2026-01-01,3.559512078893006,266.6,0.013947529562471039,6.0,104.06231169186991,
2026-01-12,875.0,880.0,848.55,861.15,1916728.0,0.0,HBLENGINE,-0.01947053800170795,3.495021122510561,2026-01-01,3.2481517803258892,919.3,0.003771876885938443,1.0,104.06231169186991,
2026-01-12,5773.0,5792.0,5627.0,5726.5,314329.0,0.0,HEROMOTOCO,-0.008054737571453363,3.9946931241347476,2026-01-01,3.9638901707429612,5841.5,0.0006922011998154131,7.0,104.06231169186991,
2026-01-12,909.95,921.95,897.0,920.15,6884726.0,0.0,HINDALCO,0.021310838559298384,4.189133858267712,2026-01-01,4.347165354330703,894.95,0.004724409448818898,10.0,104.06231169186991,
2026-01-12,649.55,653.9,627.35,641.75,1521908.0,0.0,IIFL,-0.011627906976744096,3.718411381354779,2026-01-01,3.9087477542742506,620.45,0.0059930878900068965,19.0,104.06231169186991,
2026-01-12,500.05,505.0,482.6,502.3,1071753.0,0.0,JKTYRE,-0.00829220138203357,3.718411381354779,2026-01-01,3.7154526295096586,516.65,0.007197157420603463,18.0,104.06231169186991,
2026-01-12,770.0,781.9,748.55,772.35,739046.0,0.0,JSL,0.0002590170303697903,3.718411381354779,2026-01-01,3.422001823520243,853.75,0.0043553866838708976,15.0,104.06231169186991,
2026-01-12,1085.0,1087.0,1025.3,1043.2,2428156.0,0.0,LAURUSLABS,-0.036749769159741374,4.215278482296845,2026-01-01,3.968753170335802,1110.4,0.0038044029623617733,2.0,104.06231169186991,
2026-01-12,299.7,301.15,292.4,296.15,6677927.0,0.0,LTF,-0.011845178511845189,4.015632943568888,2026-01-01,3.7639806812404695,317.25,0.012709710218607015,8.0,104.06231169186991,
2026-01-12,346.5,355.0,343.0,353.55,2277275.0,0.0,M&MFIN,0.014490674318508034,3.989654992110151,2026-01-01,3.5001055147904325,404.15,0.010006179589583698,5.0,104.06231169186991,
2026-01-12,63.12,,,62.81,,,MOGSEC,-0.004911280101394078,5.064381837544775,2025-12-01,5.063575664059017,62.82,0.08061734857600725,,104.06231169186991,2025-12_to_2026-01
2026-01-12,352.0,356.4,344.3,350.05,23846101.0,0.0,NATIONALUM,0.00574630081884786,4.450435617885083,2026-01-01,4.9566496596903376,314.6,0.013954789503441402,4.0,104.06231169186991,
2026-01-12,254.15,254.15,249.8,252.75,3172973.0,0.0,NYKAA,-0.004921259842519676,3.651526919448315,2026-01-01,3.4807596790139974,265.75,0.013896842095159843,20.0,104.06231169186991,
2026-01-12,2962.0,2962.0,2781.3,2831.8,963017.0,0.0,RADICO,-0.038699164912757156,3.718411381354779,2026-01-01,3.1923955098594665,3253.9,0.0011427552725513318,16.0,104.06231169186991,
2026-01-12,1008.0,1017.25,996.0,1015.15,7617922.0,0.0,SBIN,0.014642678660669706,3.718411381354779,2026-01-01,3.843153445105175,984.75,0.0037759953098296817,13.0,104.06231169186991,
2026-01-12,979.0,985.65,962.45,972.8,5510203.0,0.0,SHRIRAMFIN,-0.002665573098216134,3.718411381354779,2026-01-01,3.6310686526620444,1019.7,0.0036465738759976257,3.0,104.06231169186991,
2026-01-12,238.15,,,243.35,,,SILVERBEES,0.056344142032382694,5.064381837544775,2025-12-01,7.414820529249269,166.21,0.03046977821758483,,104.06231169186991,2025-12_to_2026-01
2026-01-12,619.85,628.7,614.8,627.35,13566302.0,0.0,VEDL,0.02869558088054447,3.718411381354779,2026-01-01,3.859605195388683,602.65,0.006170101022740859,17.0,104.06231169186991,
2026-01-13,3129.8,3205.5,3024.4,3152.2,633595.0,0.0,ANANDRATHI,0.00654596545007502,3.718411381354779,2026-01-01,3.765960787914964,3094.9,0.0012014641446750393,11.0,104.79427416079864,
2026-01-13,150.99,151.59,149.24,150.86,13262673.0,0.0,CANBK,0.005599253432875706,3.718411381354779,2026-01-01,3.6211964430390675,154.24,0.024107957607331296,9.0,104.79427416079864,
2026-01-13,3970.0,4008.5,3929.1,3977.8,693509.0,0.0,CUMMINSIND,0.0007799330767102042,3.767160527388881,2026-01-01,3.3792646459154545,4470.6,0.0008495310588555118,14.0,104.79427416079864,
2026-01-13,7488.0,7514.5,7348.0,7404.0,262636.0,0.0,EICHERMOT,-0.004303388918773576,3.816447473842043,2026-01-01,3.8642019960788345,7348.0,0.0005166337058463044,12.0,104.79427416079864,
2026-01-13,116.98,,,116.37,,,GOLDBEES,-0.0033401849948612172,15.193145512634322,2025-12-01,16.5669634867434,106.72,0.14236455690249553,,104.79427416079864,2025-12_to_2026-01
2026-01-13,258.0,261.25,255.7,259.2,1337523.0,0.0,GPIL,0.0176678445229681,3.718411381354779,2026-01-01,3.6224009848805148,266.6,0.013947529562471039,6.0,104.79427416079864,
2026-01-13,860.05,869.0,834.85,846.05,1156178.0,0.0,HBLENGINE,-0.017534691981652473,3.495021122510561,2026-01-01,3.191196439348219,919.3,0.003771876885938443,1.0,104.79427416079864,
2026-01-13,5780.0,5780.0,5680.5,5734.5,336437.0,0.0,HEROMOTOCO,0.0013970138828254264,3.9946931241347476,2026-01-01,3.9694277803414844,5841.5,0.0006922011998154131,7.0,104.79427416079864,
2026-01-13,927.4,937.9,922.95,936.3,6868939.0,0.0,HINDALCO,0.0175514861707331,4.189133858267712,2026-01-01,4.4234645669291295,894.95,0.004724409448818898,10.0,104.79427416079864,
2026-01-13,644.0,650.7,630.65,637.55,802349.0,0.0,IIFL,-0.006544604596805725,3.718411381354779,2026-01-01,3.883166545753873,620.45,0.0059930878900068965,19.0,104.79427416079864,
2026-01-13,507.85,513.5,500.85,504.2,452735.0,0.0,JKTYRE,0.003782600039816897,3.718411381354779,2026-01-01,3.729506700773979,516.65,0.007197157420603463,18.0,104.79427416079864,
2026-01-13,776.7,809.8,776.7,784.4,1783303.0,0.0,JSL,0.01560173496471795,3.718411381354779,2026-01-01,3.4753909890195875,853.75,0.0043553866838708976,15.0,104.79427416079864,
2026-01-13,1043.2,1063.2,1023.8,1058.3,1574593.0,0.0,LAURUSLABS,0.01447469325153361,4.215278482296845,2026-01-01,4.026199655067464,1110.4,0.0038044029623617733,2.0,104.79427416079864,
2026-01-13,298.4,302.25,285.35,288.65,8485545.0,0.0,LTF,-0.025325004220834058,4.015632943568888,2026-01-01,3.6686578546009168,317.25,0.012709710218607015,8.0,104.79427416079864,
2026-01-13,356.5,363.45,351.9,362.8,2315156.0,0.0,M&MFIN,0.0261632018102107,3.989654992110151,2026-01-01,3.5916794817309263,404.15,0.010006179589583698,5.0,104.79427416079864,
2026-01-13,63.0,,,62.98,,,MOGSEC,0.002706575386084875,5.064381837544775,2025-12-01,5.077280613316938,62.82,0.08061734857600725,,104.79427416079864,2025-12_to_2026-01
2026-01-13,353.0,359.8,351.15,357.4,17824247.0,0.0,NATIONALUM,0.02099700042851005,4.450435617885083,2026-01-01,5.06072443471883,314.6,0.013954789503441402,4.0,104.79427416079864,
2026-01-13,253.7,256.0,248.4,254.6,8428359.0,0.0,NYKAA,0.007319485657764524,3.651526919448315,2026-01-01,3.5062370495626656,265.75,0.013896842095159843,20.0,104.79427416079864,
2026-01-13,2855.5,2966.0,2845.9,2927.9,718456.0,0.0,RADICO,0.033936012430256346,3.718411381354779,2026-01-01,3.300732683564352,3253.9,0.0011427552725513318,16.0,104.79427416079864,
2026-01-13,1022.8,1029.5,1016.0,1028.45,11016895.0,0.0,SBIN,0.013101512091809209,3.718411381354779,2026-01-01,3.893504566436899,984.75,0.0037759953098296817,13.0,104.79427416079864,
2026-01-13,975.0,987.65,969.2,979.05,3860197.0,0.0,SHRIRAMFIN,0.0064247532894736725,3.718411381354779,2026-01-01,3.6543973729325394,1019.7,0.0036465738759976257,3.0,104.79427416079864,
2026-01-13,246.6,,,249.51,,,SILVERBEES,0.025313334703102486,5.064381837544775,2025-12-01,7.602514363069592,166.21,0.03046977821758483,,104.79427416079864,2025-12_to_2026-01
2026-01-13,631.1,642.5,629.1,637.2,17754332.0,0.0,VEDL,0.015700964373954074,3.718411381354779,2026-01-01,3.920204719059009,602.65,0.006170101022740859,17.0,104.79427416079864,
2026-01-14,3135.0,3149.0,3061.2,3084.2,236135.0,0.0,ANANDRATHI,-0.021572235264259887,3.718411381354779,2026-01-01,3.684720595802085,3094.9,0.0012014641446750393,11.0,106.33253446439504,
2026-01-14,151.3,154.55,150.4,153.89,21735599.0,0.0,CANBK,0.020084846877899798,3.718411381354779,2026-01-01,3.6939276191123027,154.24,0.024107957607331296,9.0,106.33253446439504,
2026-01-14,3970.0,4038.4,3946.0,4029.2,853871.0,0.0,CUMMINSIND,0.012921715521142296,3.767160527388881,2026-01-01,3.4229305423406275,4470.6,0.0008495310588555118,14.0,106.33253446439504,
2026-01-14,7390.0,7390.0,7236.0,7358.0,426082.0,0.0,EICHERMOT,-0.006212857914640768,3.816447473842043,2026-01-01,3.840194258123726,7348.0,0.0005166337058463044,12.0,106.33253446439504,
2026-01-14,117.83,,,118.01,,,GOLDBEES,0.014092979290195151,15.193145512634322,2025-12-01,16.800441360063495,106.72,0.14236455690249553,,106.33253446439504,2025-12_to_2026-01
2026-01-14,259.4,267.35,256.8,265.15,2385429.0,0.0,GPIL,0.022955246913580307,3.718411381354779,2026-01-01,3.7055540939084435,266.6,0.013947529562471039,6.0,106.33253446439504,
2026-01-14,846.0,885.0,841.0,878.25,2305129.0,0.0,HBLENGINE,0.038059216358371284,3.495021122510561,2026-01-01,3.3126508750754367,919.3,0.003771876885938443,1.0,106.33253446439504,
2026-01-14,5720.0,5741.0,5640.0,5676.5,368182.0,0.0,HEROMOTOCO,-0.010114220943412633,3.9946931241347476,2026-01-01,3.929280110752191,5841.5,0.0006922011998154131,7.0,106.33253446439504,
2026-01-14,941.0,959.0,936.75,955.35,7050653.0,0.0,HINDALCO,0.0203460429349569,4.189133858267712,2026-01-01,4.51346456692913,894.95,0.004724409448818898,10.0,106.33253446439504,
2026-01-14,640.0,640.85,629.4,635.35,674117.0,0.0,IIFL,-0.0034507097482548987,3.718411381354779,2026-01-01,3.8697668651003423,620.45,0.0059930878900068965,19.0,106.33253446439504,
2026-01-14,501.0,510.7,500.05,506.15,434644.0,0.0,JKTYRE,0.0038675128917096124,3.718411381354779,2026-01-01,3.7439306160189396,516.65,0.007197157420603463,18.0,106.33253446439504,
2026-01-14,780.4,799.25,769.55,794.1,752362.0,0.0,JSL,0.01236613972463041,3.718411381354779,2026-01-01,3.518368159587525,853.75,0.0043553866838708976,15.0,106.33253446439504,
2026-01-14,1063.0,1098.9,1057.8,1090.5,2383234.0,0.0,LAURUSLABS,0.030426155154493095,4.215278482296845,2026-01-01,4.148701430455514,1110.4,0.0038044029623617733,2.0,106.33253446439504,
2026-01-14,286.1,296.45,283.7,295.8,10569647.0,0.0,LTF,0.024770483284254352,4.015632943568888,2026-01-01,3.7595322826639572,317.25,0.012709710218607015,8.0,106.33253446439504,
2026-01-14,362.8,363.8,353.05,354.95,1850607.0,0.0,M&MFIN,-0.021637265711135667,3.989654992110151,2026-01-01,3.51396535843548,404.15,0.010006179589583698,5.0,106.33253446439504,
2026-01-14,62.89,,,62.99,,,MOGSEC,0.00015878056525897577,5.064381837544775,2025-12-01,5.078086786802698,62.82,0.08061734857600725,,106.33253446439504,2025-12_to_2026-01
2026-01-14,359.0,374.3,356.3,373.55,27306024.0,0.0,NATIONALUM,0.045187465025182005,4.450435617885083,2026-01-01,5.289405743114771,314.6,0.013954789503441402,4.0,106.33253446439504,
2026-01-14,255.9,256.3,251.1,254.85,3678434.0,0.0,NYKAA,0.0009819324430480059,3.651526919448315,2026-01-01,3.5096799374746483,265.75,0.013896842095159843,20.0,106.33253446439504,
2026-01-14,2927.9,2949.8,2889.5,2907.4,296806.0,0.0,RADICO,-0.007001605246080844,3.718411381354779,2026-01-01,3.277622256291197,3253.9,0.0011427552725513318,16.0,106.33253446439504,
2026-01-14,1030.0,1030.4,1020.5,1028.35,7370514.0,0.0,SBIN,-9.723370120096053e-05,3.718411381354779,2026-01-01,3.8931259865772616,984.75,0.0037759953098296817,13.0,106.33253446439504,
2026-01-14,980.0,990.5,970.4,981.1,3846614.0,0.0,SHRIRAMFIN,0.002093866503243058,3.718411381354779,2026-01-01,3.6620491931812627,1019.7,0.0036465738759976257,3.0,106.33253446439504,
2026-01-14,258.5,,,262.81,,,SILVERBEES,0.053304476774477916,5.064381837544775,2025-12-01,8.00776241336347,166.21,0.03046977821758483,,106.33253446439504,2025-12_to_2026-01
2026-01-14,647.0,679.45,642.15,675.75,45759805.0,0.0,VEDL,0.06049905838041414,3.718411381354779,2026-01-01,4.157373413220535,602.65,0.006170101022740859,17.0,106.33253446439504,
2026-01-16,3084.2,3140.0,3055.0,3092.2,175899.0,0.0,ANANDRATHI,0.0025938655080735007,3.718411381354779,2026-01-01,3.694278265462424,3094.9,0.0012014641446750393,11.0,105.99557929758099,
2026-01-16,154.0,157.72,153.85,157.13,35174000.0,0.0,CANBK,0.021053999610111118,3.718411381354779,2026-01-01,3.771699569764872,154.24,0.024107957607331296,9.0,105.99557929758099,
2026-01-16,3975.0,4076.4,3970.1,4062.0,404603.0,0.0,CUMMINSIND,0.008140573811178387,3.767160527388881,2026-01-01,3.4507951610710887,4470.6,0.0008495310588555118,14.0,105.99557929758099,
2026-01-16,7330.0,7417.0,7298.5,7315.0,441023.0,0.0,EICHERMOT,-0.005843979342212591,3.816447473842043,2026-01-01,3.8177522422091674,7348.0,0.0005166337058463044,12.0,105.99557929758099,
2026-01-16,117.79,,,117.78,,,GOLDBEES,-0.0019489873739514385,15.193145512634322,2025-12-01,16.76769751197592,106.72,0.14236455690249553,,105.99557929758099,2025-12_to_2026-01
2026-01-16,263.0,265.0,256.3,257.55,1112642.0,0.0,GPIL,-0.028663020931548044,3.718411381354779,2026-01-01,3.5993417193517625,266.6,0.013947529562471039,6.0,105.99557929758099,
2026-01-16,785.0,819.9,757.7,796.05,12507092.0,0.0,HBLENGINE,-0.09359521776259616,3.495021122510561,2026-01-01,3.0026025950512967,919.3,0.003771876885938443,1.0,105.99557929758099,
2026-01-16,5622.0,5732.0,5617.5,5651.5,588398.0,0.0,HEROMOTOCO,-0.004404122258433896,3.9946931241347476,2026-01-01,3.9119750807568052,5841.5,0.0006922011998154131,7.0,105.99557929758099,
2026-01-16,966.5,966.5,930.0,934.65,4037987.0,0.0,HINDALCO,-0.021667451719265207,4.189133858267712,2026-01-01,4.415669291338578,894.95,0.004724409448818898,10.0,105.99557929758099,
2026-01-16,635.35,641.35,626.75,633.65,931932.0,0.0,IIFL,-0.0026756905642559836,3.718411381354779,2026-01-01,3.859412566413523,620.45,0.0059930878900068965,19.0,105.99557929758099,
2026-01-16,509.4,510.15,498.85,503.4,478094.0,0.0,JKTYRE,-0.005433171984589591,3.718411381354779,2026-01-01,3.723589197083738,516.65,0.007197157420603463,18.0,105.99557929758099,
2026-01-16,801.15,815.9,792.7,813.3,745507.0,0.0,JSL,0.0241783150736683,3.718411381354779,2026-01-01,3.603436373495195,853.75,0.0043553866838708976,15.0,105.99557929758099,
2026-01-16,1095.0,1096.9,1070.4,1076.8,1410479.0,0.0,LAURUSLABS,-0.012563044475011553,4.215278482296845,2026-01-01,4.096581109871157,1110.4,0.0038044029623617733,2.0,105.99557929758099,
2026-01-16,298.0,299.55,292.75,296.4,6787271.0,0.0,LTF,0.002028397565922768,4.015632943568888,2026-01-01,3.767158108795121,317.25,0.012709710218607015,8.0,105.99557929758099,
2026-01-16,356.05,360.4,352.3,356.15,1935209.0,0.0,M&MFIN,0.0033807578532187854,3.989654992110151,2026-01-01,3.52584522441695,404.15,0.010006179589583698,5.0,105.99557929758099,
2026-01-16,62.9,,,62.7,,,MOGSEC,-0.004603905381806661,5.064381837544775,2025-12-01,5.054707755715656,62.82,0.08061734857600725,,105.99557929758099,2025-12_to_2026-01
2026-01-16,366.25,369.8,360.4,361.6,17073322.0,0.0,NATIONALUM,-0.03199036273591216,4.450435617885083,2026-01-01,5.120195734735113,314.6,0.013954789503441402,4.0,105.99557929758099,
2026-01-16,251.0,256.7,249.4,252.85,2644636.0,0.0,NYKAA,-0.007847753580537575,3.651526919448315,2026-01-01,3.4821368341787906,265.75,0.013896842095159843,20.0,105.99557929758099,
2026-01-16,2922.6,2947.9,2870.6,2891.1,363997.0,0.0,RADICO,-0.005606383710531793,3.718411381354779,2026-01-01,3.2592466482642495,3253.9,0.0011427552725513318,16.0,105.99557929758099,
2026-01-16,1032.0,1047.45,1028.4,1042.3,11051580.0,0.0,SBIN,0.01356542033354402,3.718411381354779,2026-01-01,3.945937876996626,984.75,0.0037759953098296817,13.0,105.99557929758099,
2026-01-16,981.0,1022.0,981.0,995.45,13316550.0,0.0,SHRIRAMFIN,0.014626439710529127,3.718411381354779,2026-01-01,3.71561193492232,1019.7,0.0036465738759976257,3.0,105.99557929758099,
2026-01-16,262.81,,,269.44,,,SILVERBEES,0.025227350557436967,5.064381837544775,2025-12-01,8.209777042946056,166.21,0.03046977821758483,,105.99557929758099,2025-12_to_2026-01
2026-01-16,675.75,686.0,664.35,682.7,27743749.0,0.0,VEDL,0.010284868664447,3.718411381354779,2026-01-01,4.200131452764572,602.65,0.006170101022740859,17.0,105.99557929758099,
2026-01-19,3070.0,3129.4,3045.0,3097.8,188628.0,0.0,ANANDRATHI,0.001811008343574283,3.718411381354779,2026-01-01,3.7009686342246617,3094.9,0.0012014641446750393,11.0,106.84398776300915,
2026-01-19,157.45,159.1,156.05,156.86,24657963.0,0.0,CANBK,-0.001718322408196915,3.718411381354779,2026-01-01,3.765218573877158,154.24,0.024107957607331296,9.0,106.84398776300915,
2026-01-19,4061.9,4061.9,4001.0,4031.3,341836.0,0.0,CUMMINSIND,-0.007557853274249071,3.767160527388881,2026-01-01,3.4247145575642244,4470.6,0.0008495310588555118,14.0,106.84398776300915,
2026-01-19,7300.0,7373.0,7268.5,7323.5,211682.0,0.0,EICHERMOT,0.0011619958988380308,3.816447473842043,2026-01-01,3.822188454657394,7348.0,0.0005166337058463044,12.0,106.84398776300915,
2026-01-19,119.15,,,121.1,,,GOLDBEES,0.02818814739344533,15.193145512634322,2025-12-01,17.240347840892206,106.72,0.14236455690249553,,106.84398776300915,2025-12_to_2026-01
2026-01-19,257.0,258.3,245.9,250.2,1670236.0,0.0,GPIL,-0.02853814793244036,3.718411381354779,2026-01-01,3.496623172905498,266.6,0.013947529562471039,6.0,106.84398776300915,
2026-01-19,790.0,790.8,751.1,756.3,2859676.0,0.0,HBLENGINE,-0.049934049368758227,3.495021122510561,2026-01-01,2.8526704888352437,919.3,0.003771876885938443,1.0,106.84398776300915,
2026-01-19,5625.0,5787.5,5590.0,5762.5,581040.0,0.0,HEROMOTOCO,0.019640803326550493,3.9946931241347476,2026-01-01,3.988809413936316,5841.5,0.0006922011998154131,7.0,106.84398776300915,
2026-01-19,938.5,946.8,928.45,939.95,4007683.0,0.0,HINDALCO,0.0056705718718237375,4.189133858267712,2026-01-01,4.440708661417318,894.95,0.004724409448818898,10.0,106.84398776300915,
2026-01-19,632.0,654.45,630.0,651.8,1970220.0,0.0,IIFL,0.028643572950366902,3.718411381354779,2026-01-01,3.9699599318051515,620.45,0.0059930878900068965,19.0,106.84398776300915,
2026-01-19,501.0,510.0,497.15,506.65,456511.0,0.0,JKTYRE,0.006456098529995957,3.718411381354779,2026-01-01,3.7476290558253393,516.65,0.007197157420603463,18.0,106.84398776300915,
2026-01-19,808.0,816.0,801.6,804.25,465560.0,0.0,JSL,-0.01112750522562389,3.718411381354779,2026-01-01,3.563339116418924,853.75,0.0043553866838708976,15.0,106.84398776300915,
2026-01-19,1067.0,1075.8,1052.2,1062.7,4147522.0,0.0,LAURUSLABS,-0.013094353640416001,4.215278482296845,2026-01-01,4.0429390281018565,1110.4,0.0038044029623617733,2.0,106.84398776300915,
2026-01-19,284.5,301.8,282.3,300.05,21465689.0,0.0,LTF,0.012314439946019107,4.015632943568888,2026-01-01,3.8135485510930374,317.25,0.012709710218607015,8.0,106.84398776300915,
2026-01-19,355.05,363.8,352.9,360.6,1072446.0,0.0,M&MFIN,0.012494735364313003,3.989654992110151,2026-01-01,3.569899727431566,404.15,0.010006179589583698,5.0,106.84398776300915,
2026-01-19,62.39,,,62.72,,,MOGSEC,0.00031897926634760765,5.064381837544775,2025-12-01,5.056320102687176,62.82,0.08061734857600725,,106.84398776300915,2025-12_to_2026-01
2026-01-19,363.0,369.25,360.1,368.65,12485722.0,0.0,NATIONALUM,0.019496681415928974,4.450435617885083,2026-01-01,5.220022559762442,314.6,0.013954789503441402,4.0,106.84398776300915,
2026-01-19,252.75,256.65,249.05,250.8,2578023.0,0.0,NYKAA,-0.008107573660272815,3.651526919448315,2026-01-01,3.453905153300537,265.75,0.013896842095159843,20.0,106.84398776300915,
2026-01-19,2891.0,2927.8,2828.5,2837.5,278320.0,0.0,RADICO,-0.01853965618622666,3.718411381354779,2026-01-01,3.1988213359793187,3253.9,0.0011427552725513318,16.0,106.84398776300915,
2026-01-19,1035.0,1043.6,1034.0,1038.4,5460164.0,0.0,SBIN,-0.0037417250311808647,3.718411381354779,2026-01-01,3.931173262470783,984.75,0.0037759953098296817,13.0,106.84398776300915,
2026-01-19,1002.0,1014.5,991.2,1010.35,4908985.0,0.0,SHRIRAMFIN,0.014968104877191246,3.718411381354779,2026-01-01,3.7712276040471804,1019.7,0.0036465738759976257,3.0,106.84398776300915,
2026-01-19,274.3,,,282.95,,,SILVERBEES,0.05014103325415675,5.064381837544775,2025-12-01,8.621423746665627,166.21,0.03046977821758483,,106.84398776300915,2025-12_to_2026-01
2026-01-19,684.95,688.0,673.5,674.8,16748844.0,0.0,VEDL,-0.011571700600556789,3.718411381354779,2026-01-01,4.151528789110198,602.65,0.006170101022740859,17.0,106.84398776300915,
2026-01-20,3083.8,3092.9,3017.6,3066.9,214088.0,0.0,ANANDRATHI,-0.009974820840596532,3.718411381354779,2026-01-01,3.6640521351616036,3094.9,0.0012014641446750393,11.0,106.12213683841378,
2026-01-20,157.5,159.09,153.06,153.68,35087078.0,0.0,CANBK,-0.02027285477495855,3.718411381354779,2026-01-01,3.6888868445329703,154.24,0.024107957607331296,9.0,106.12213683841378,
2026-01-20,4034.0,4062.0,4000.0,4020.9,440629.0,0.0,CUMMINSIND,-0.0025798129635601352,3.767160527388881,2026-01-01,3.4158794345521275,4470.6,0.0008495310588555118,14.0,106.12213683841378,
2026-01-20,7336.0,7375.0,7130.0,7173.5,302200.0,0.0,EICHERMOT,-0.020482009967911496,3.816447473842043,2026-01-01,3.743902352629865,7348.0,0.0005166337058463044,12.0,106.12213683841378,
2026-01-20,121.99,,,125.86,,,GOLDBEES,0.03930635838150298,15.193145512634322,2025-12-01,17.918003131748083,106.72,0.14236455690249553,,106.12213683841378,2025-12_to_2026-01
2026-01-20,250.75,251.7,238.1,239.05,2173046.0,0.0,GPIL,-0.04456434852118296,3.718411381354779,2026-01-01,3.340798439180893,266.6,0.013947529562471039,6.0,106.12213683841378,
2026-01-20,753.5,757.0,700.0,705.15,3928325.0,0.0,HBLENGINE,-0.06763189210630705,3.495021122510561,2026-01-01,2.659738986119492,919.3,0.003771876885938443,1.0,106.12213683841378,
2026-01-20,5779.0,5845.0,5555.0,5580.5,394664.0,0.0,HEROMOTOCO,-0.031583514099783105,3.9946931241347476,2026-01-01,3.8628287955699108,5841.5,0.0006922011998154131,7.0,106.12213683841378,
2026-01-20,944.5,949.85,925.7,928.1,5709976.0,0.0,HINDALCO,-0.012607053566679127,4.189133858267712,2026-01-01,4.384724409448814,894.95,0.004724409448818898,10.0,106.12213683841378,
2026-01-20,653.0,654.05,627.5,630.6,2171713.0,0.0,IIFL,-0.03252531451365437,3.718411381354779,2026-01-01,3.840835736416583,620.45,0.0059930878900068965,19.0,106.12213683841378,
2026-01-20,510.45,516.95,488.7,499.95,1415073.0,0.0,JKTYRE,-0.013224119214447771,3.718411381354779,2026-01-01,3.6980699624195763,516.65,0.007197157420603463,18.0,106.12213683841378,
2026-01-20,804.25,811.7,753.3,759.5,784258.0,0.0,JSL,-0.05564190239353439,3.718411381354779,2026-01-01,3.3650681491080787,853.75,0.0043553866838708976,15.0,106.12213683841378,
2026-01-20,1065.0,1066.4,1015.0,1035.5,2915781.0,0.0,LAURUSLABS,-0.025595182083372636,4.215278482296845,2026-01-01,3.9394592675256157,1110.4,0.0038044029623617733,2.0,106.12213683841378,
2026-01-20,300.0,309.4,292.5,293.8,10309616.0,0.0,LTF,-0.020829861689718343,4.015632943568888,2026-01-01,3.7341128622267434,317.25,0.012709710218607015,8.0,106.12213683841378,
2026-01-20,360.6,361.7,350.0,351.9,1481871.0,0.0,M&MFIN,-0.024126455906822053,3.989654992110151,2026-01-01,3.4837706990659125,404.15,0.010006179589583698,5.0,106.12213683841378,
2026-01-20,62.61,,,62.6,,,MOGSEC,-0.001913265306122458,5.064381837544775,2025-12-01,5.046646020858056,62.82,0.08061734857600725,,106.12213683841378,2025-12_to_2026-01
2026-01-20,367.5,370.8,357.2,358.95,13324472.0,0.0,NATIONALUM,-0.026312220263122188,4.450435617885083,2026-01-01,5.0826721763915055,314.6,0.013954789503441402,4.0,106.12213683841378,
2026-01-20,249.55,250.2,241.15,242.35,3608580.0,0.0,NYKAA,-0.03369218500797455,3.651526919448315,2026-01-01,3.337535541875538,265.75,0.013896842095159843,20.0,106.12213683841378,
2026-01-20,2852.9,2852.9,2722.0,2753.5,397891.0,0.0,RADICO,-0.029603524229074862,3.718411381354779,2026-01-01,3.1041249510551734,3253.9,0.0011427552725513318,16.0,106.12213683841378,
2026-01-20,1039.75,1052.0,1033.05,1036.4,8905718.0,0.0,SBIN,-0.0019260400616333273,3.718411381354779,2026-01-01,3.9236016652780425,984.75,0.0037759953098296817,13.0,106.12213683841378,
2026-01-20,1005.0,1008.05,983.0,987.5,6129218.0,0.0,SHRIRAMFIN,-0.02261592517444455,3.718411381354779,2026-01-01,3.68593780273825,1019.7,0.0036465738759976257,3.0,106.12213683841378,
2026-01-20,288.15,,,297.62,,,SILVERBEES,0.05184661600989582,5.064381837544775,2025-12-01,9.068415393117599,166.21,0.03046977821758483,,106.12213683841378,2025-12_to_2026-01
2026-01-20,676.0,686.5,669.15,671.8,18175860.0,0.0,VEDL,-0.00444576170717248,3.718411381354779,2026-01-01,4.133072081393348,602.65,0.006170101022740859,17.0,106.12213683841378,
2026-01-21,3040.0,3060.0,2986.1,3053.5,220599.0,0.0,ANANDRATHI,-0.004369232775767062,3.718411381354779,2026-01-01,3.648043038480536,3094.9,0.0012014641446750393,11.0,107.51451665034213,
2026-01-21,152.8,155.49,149.81,150.76,24315864.0,0.0,CANBK,-0.019000520562207246,3.718411381354779,2026-01-01,3.6187960741917653,154.24,0.024107957607331296,9.0,107.51451665034213,
2026-01-21,4020.9,4034.2,3931.9,4000.7,385165.0,0.0,CUMMINSIND,-0.005023750901539503,3.767160527388881,2026-01-01,3.398718907163246,4470.6,0.0008495310588555118,14.0,107.51451665034213,
2026-01-21,7100.5,7219.0,7005.0,7140.0,480751.0,0.0,EICHERMOT,-0.004669965846518465,3.816447473842043,2026-01-01,3.7264184565103835,7348.0,0.0005166337058463044,12.0,107.51451665034213,
2026-01-21,127.0,,,134.97,,,GOLDBEES,0.07238201175909742,15.193145512634322,2025-12-01,19.214944245129818,106.72,0.14236455690249553,,107.51451665034213,2025-12_to_2026-01
2026-01-21,239.85,244.1,237.25,242.75,1576340.0,0.0,GPIL,0.01547793348671811,3.718411381354779,2026-01-01,3.392507095215066,266.6,0.013947529562471039,6.0,107.51451665034213,
2026-01-21,705.0,739.0,701.1,705.2,5026138.0,0.0,HBLENGINE,7.090689924149629e-05,3.495021122510561,2026-01-01,2.6599275799637896,919.3,0.003771876885938443,1.0,107.51451665034213,
2026-01-21,5580.5,5642.0,5504.0,5538.5,406596.0,0.0,HEROMOTOCO,-0.0075262073290923714,3.9946931241347476,2026-01-01,3.833756345177663,5841.5,0.0006922011998154131,7.0,107.51451665034213,
2026-01-21,928.75,944.15,926.4,939.2,5590031.0,0.0,HINDALCO,0.011959918112272483,4.189133858267712,2026-01-01,4.437165354330705,894.95,0.004724409448818898,10.0,107.51451665034213,
2026-01-21,626.0,631.75,598.05,622.85,2719019.0,0.0,IIFL,-0.01228988265144304,3.718411381354779,2026-01-01,3.7936323159325545,620.45,0.0059930878900068965,19.0,107.51451665034213,
2026-01-21,499.95,512.45,490.5,510.95,1155995.0,0.0,JKTYRE,0.022002200220021972,3.718411381354779,2026-01-01,3.779435638160381,516.65,0.007197157420603463,18.0,107.51451665034213,
2026-01-21,758.0,758.75,735.0,749.95,507681.0,0.0,JSL,-0.012574061882817622,3.718411381354779,2026-01-01,3.3227555739612953,853.75,0.0043553866838708976,15.0,107.51451665034213,
2026-01-21,1033.6,1050.0,980.1,987.9,2490377.0,0.0,LAURUSLABS,-0.04596813133751809,4.215278482296845,2026-01-01,3.7583696865171956,1110.4,0.0038044029623617733,2.0,107.51451665034213,
2026-01-21,293.25,296.6,276.75,281.35,13697608.0,0.0,LTF,-0.04237576582709324,4.015632943568888,2026-01-01,3.575876970005086,317.25,0.012709710218607015,8.0,107.51451665034213,
2026-01-21,348.55,358.7,343.8,349.65,1810388.0,0.0,M&MFIN,-0.006393861892583175,3.989654992110151,2026-01-01,3.461495950350657,404.15,0.010006179589583698,5.0,107.51451665034213,
2026-01-21,62.67,,,62.63,,,MOGSEC,0.0004792332268370725,5.064381837544775,2025-12-01,5.049064541315335,62.82,0.08061734857600725,,107.51451665034213,2025-12_to_2026-01
2026-01-21,354.05,363.0,353.15,361.5,12016882.0,0.0,NATIONALUM,0.007104053489343842,4.450435617885083,2026-01-01,5.118779751401391,314.6,0.013954789503441402,4.0,107.51451665034213,
2026-01-21,241.05,245.1,237.9,241.65,5412322.0,0.0,NYKAA,-0.0028883845677738496,3.651526919448315,2026-01-01,3.327895455721988,265.75,0.013896842095159843,20.0,107.51451665034213,
2026-01-21,2759.8,2852.0,2700.0,2832.4,654467.0,0.0,RADICO,0.028654439803885934,3.718411381354779,2026-01-01,3.193071912608924,3253.9,0.0011427552725513318,16.0,107.51451665034213,
2026-01-21,1032.0,1040.6,1022.0,1028.65,7408949.0,0.0,SBIN,-0.00747780779621765,3.718411381354779,2026-01-01,3.8942617261561736,984.75,0.0037759953098296817,13.0,107.51451665034213,
2026-01-21,982.55,997.5,972.55,986.0,7042588.0,0.0,SHRIRAMFIN,-0.0015189873417721378,3.718411381354779,2026-01-01,3.680338909873331,1019.7,0.0036465738759976257,3.0,107.51451665034213,
2026-01-21,300.0,,,310.68,,,SILVERBEES,0.04388145957932932,5.064381837544775,2025-12-01,9.466350696639257,166.21,0.03046977821758483,,107.51451665034213,2025-12_to_2026-01
2026-01-21,671.8,677.9,659.0,676.65,16508847.0,0.0,VEDL,0.007219410538850779,3.718411381354779,2026-01-01,4.16291042553559,602.65,0.006170101022740859,17.0,107.51451665034213,
2026-01-22,3068.3,3074.9,2985.0,3008.3,206453.0,0.0,ANANDRATHI,-0.014802685442934282,3.718411381354779,2026-01-01,3.5940422048996226,3094.9,0.0012014641446750393,11.0,105.39159590989547,
2026-01-22,152.0,155.59,152.0,154.68,18824351.0,0.0,CANBK,0.026001591934200263,3.718411381354779,2026-01-01,3.7128905330059854,154.24,0.024107957607331296,9.0,105.39159590989547,
2026-01-22,4015.0,4079.8,3997.5,4067.8,454883.0,0.0,CUMMINSIND,0.01677206488864469,3.767160527388881,2026-01-01,3.455722441212451,4470.6,0.0008495310588555118,14.0,105.39159590989547,
2026-01-22,7175.0,7325.0,7026.0,7049.0,366499.0,0.0,EICHERMOT,-0.012745098039215641,3.816447473842043,2026-01-01,3.678924887947016,7348.0,0.0005166337058463044,12.0,105.39159590989547,
2026-01-22,131.44,,,124.34,,,GOLDBEES,-0.07875824257242348,15.193145512634322,2025-12-01,17.70160900525629,106.72,0.14236455690249553,,105.39159590989547,2025-12_to_2026-01
2026-01-22,244.1,252.4,244.1,250.55,1421662.0,0.0,GPIL,0.03213182286302785,3.718411381354779,2026-01-01,3.501514532260082,266.6,0.013947529562471039,6.0,105.39159590989547,
2026-01-22,720.95,733.0,712.4,726.6,1801140.0,0.0,HBLENGINE,0.030346001134429867,3.495021122510561,2026-01-01,2.7406457453228725,919.3,0.003771876885938443,1.0,105.39159590989547,
2026-01-22,5593.0,5665.0,5465.5,5488.5,401574.0,0.0,HEROMOTOCO,-0.00902771508531186,3.9946931241347476,2026-01-01,3.7991462851868927,5841.5,0.0006922011998154131,7.0,105.39159590989547,
2026-01-22,945.0,951.4,934.15,944.45,6165965.0,0.0,HINDALCO,0.005589863713798993,4.189133858267712,2026-01-01,4.461968503937003,894.95,0.004724409448818898,10.0,105.39159590989547,
2026-01-22,633.8,637.0,511.15,538.75,24293884.0,0.0,IIFL,-0.13502448422573654,3.718411381354779,2026-01-01,3.281399069131675,620.45,0.0059930878900068965,19.0,105.39159590989547,
2026-01-22,513.0,528.95,512.5,520.2,1291752.0,0.0,JKTYRE,0.01810353263528741,3.718411381354779,2026-01-01,3.8478567745787857,516.65,0.007197157420603463,18.0,105.39159590989547,
2026-01-22,764.0,784.0,753.65,756.95,953053.0,0.0,JSL,0.009333955597039756,3.718411381354779,2026-01-01,3.3537700269484665,853.75,0.0043553866838708976,15.0,105.39159590989547,
2026-01-22,1003.0,1021.4,986.1,1005.8,4268831.0,0.0,LAURUSLABS,0.018119242838343874,4.215278482296845,2026-01-01,3.826468499543471,1110.4,0.0038044029623617733,2.0,105.39159590989547,
2026-01-22,288.0,290.05,283.8,287.3,8091520.0,0.0,LTF,0.02114803625377637,4.015632943568888,2026-01-01,3.6514997458057974,317.25,0.012709710218607015,8.0,105.39159590989547,
2026-01-22,354.95,362.5,353.0,360.45,1165187.0,0.0,M&MFIN,0.030888030888030826,3.989654992110151,2026-01-01,3.568414744183882,404.15,0.010006179589583698,5.0,105.39159590989547,
2026-01-22,62.82,,,62.93,,,MOGSEC,0.004790036723614888,5.064381837544775,2025-12-01,5.073249745888138,62.82,0.08061734857600725,,105.39159590989547,2025-12_to_2026-01
2026-01-22,363.0,368.0,356.8,364.6,12526200.0,0.0,NATIONALUM,0.008575380359612694,4.450435617885083,2026-01-01,5.162675234746741,314.6,0.013954789503441402,4.0,105.39159590989547,
2026-01-22,242.6,248.2,236.5,239.45,2756840.0,0.0,NYKAA,-0.009104076143182316,3.651526919448315,2026-01-01,3.2975980420965447,265.75,0.013896842095159843,20.0,105.39159590989547,
2026-01-22,2849.2,3000.7,2700.0,2986.8,1014149.0,0.0,RADICO,0.054512074565739255,3.718411381354779,2026-01-01,3.36713288680283,3253.9,0.0011427552725513318,16.0,105.39159590989547,
2026-01-22,1035.0,1055.5,1034.05,1048.35,12001641.0,0.0,SBIN,0.019151314830117006,3.718411381354779,2026-01-01,3.9688419585046653,984.75,0.0037759953098296817,13.0,105.39159590989547,
2026-01-22,995.05,1009.7,986.1,1005.5,7210572.0,0.0,SHRIRAMFIN,0.019776876267748378,3.718411381354779,2026-01-01,3.7531245171172762,1019.7,0.0036465738759976257,3.0,105.39159590989547,
2026-01-22,299.6,,,276.27,,,SILVERBEES,-0.11075704905368877,5.064381837544775,2025-12-01,8.417885628172161,166.21,0.03046977821758483,,105.39159590989547,2025-12_to_2026-01
2026-01-22,680.0,694.0,664.8,678.65,19313521.0,0.0,VEDL,0.0029557378260547384,3.718411381354779,2026-01-01,4.175214897346823,602.65,0.006170101022740859,17.0,105.39159590989547,
2026-01-23,3039.0,3039.0,2936.9,2959.4,474666.0,0.0,ANANDRATHI,-0.016255027756540308,3.718411381354779,2026-01-01,3.5356209491008017,3094.9,0.0012014641446750393,11.0,105.5620275338671,
2026-01-23,155.7,156.78,150.92,151.81,26875350.0,0.0,CANBK,-0.018554434962503308,3.718411381354779,2026-01-01,3.6439999470884317,154.24,0.024107957607331296,9.0,105.5620275338671,
2026-01-23,4108.0,4108.0,3917.8,3930.4,441947.0,0.0,CUMMINSIND,-0.03377747185210678,3.767160527388881,2026-01-01,3.338996873725704,4470.6,0.0008495310588555118,14.0,105.5620275338671,
2026-01-23,7088.5,7095.0,6950.0,6973.0,365996.0,0.0,EICHERMOT,-0.010781671159029615,3.816447473842043,2026-01-01,3.6392599295864017,7348.0,0.0005166337058463044,12.0,105.5620275338671,
2026-01-23,129.1,,,127.42,,,GOLDBEES,0.02477078976998559,15.193145512634322,2025-12-01,18.14009184051598,106.72,0.14236455690249553,,105.5620275338671,2025-12_to_2026-01
2026-01-23,251.6,251.6,241.0,241.85,859009.0,0.0,GPIL,-0.034723608062263045,3.718411381354779,2026-01-01,3.3799293140175646,266.6,0.013947529562471039,6.0,105.5620275338671,
2026-01-23,725.95,728.5,704.1,706.1,1215987.0,0.0,HBLENGINE,-0.02821359757775943,3.495021122510561,2026-01-01,2.6633222691611342,919.3,0.003771876885938443,1.0,105.5620275338671,
2026-01-23,5514.0,5524.5,5368.0,5384.0,460330.0,0.0,HEROMOTOCO,-0.01903981051289061,3.9946931241347476,2026-01-01,3.726811259806182,5841.5,0.0006922011998154131,7.0,105.5620275338671,
2026-01-23,955.0,963.9,948.5,950.3,5958887.0,0.0,HINDALCO,0.006194081211286839,4.189133858267712,2026-01-01,4.489606299212594,894.95,0.004724409448818898,10.0,105.5620275338671,
2026-01-23,550.0,567.9,519.05,521.15,14085105.0,0.0,IIFL,-0.0326682134570766,3.718411381354779,2026-01-01,3.174201623903429,620.45,0.0059930878900068965,19.0,105.5620275338671,
2026-01-23,522.8,524.95,502.65,508.05,888416.0,0.0,JKTYRE,-0.023356401384083125,3.718411381354779,2026-01-01,3.7579846872832605,516.65,0.007197157420603463,18.0,105.5620275338671,
2026-01-23,764.0,764.0,741.0,745.95,378056.0,0.0,JSL,-0.014532003434837182,3.718411381354779,2026-01-01,3.3050330293971975,853.75,0.0043553866838708976,15.0,105.5620275338671,
2026-01-23,1017.9,1044.8,1000.0,1016.4,4200801.0,0.0,LAURUSLABS,0.01053887452773905,4.215278482296845,2026-01-01,3.866795170944505,1110.4,0.0038044029623617733,2.0,105.5620275338671,
2026-01-23,289.0,295.3,285.3,288.0,6502459.0,0.0,LTF,0.002436477549599747,4.015632943568888,2026-01-01,3.6603965429588228,317.25,0.012709710218607015,8.0,105.5620275338671,
2026-01-23,362.2,368.75,357.45,360.65,2249442.0,0.0,M&MFIN,0.0005548619780828545,3.989654992110151,2026-01-01,3.57039472184746,404.15,0.010006179589583698,5.0,105.5620275338671,
2026-01-23,62.9,,,62.99,,,MOGSEC,0.0009534403305260231,5.064381837544775,2025-12-01,5.078086786802698,62.82,0.08061734857600725,,105.5620275338671,2025-12_to_2026-01
2026-01-23,366.85,382.65,365.4,370.65,22954119.0,0.0,NATIONALUM,0.016593527153044407,4.450435617885083,2026-01-01,5.248342226436861,314.6,0.013954789503441402,4.0,105.5620275338671,
2026-01-23,241.35,241.35,233.85,234.7,7359262.0,0.0,NYKAA,-0.01983712674879934,3.651526919448315,2026-01-01,3.232183171768883,265.75,0.013896842095159843,20.0,105.5620275338671,
2026-01-23,2991.5,3049.0,2889.0,2962.0,882356.0,0.0,RADICO,-0.0083032007499666,3.718411381354779,2026-01-01,3.3391749064918916,3253.9,0.0011427552725513318,16.0,105.5620275338671,
2026-01-23,1051.9,1053.0,1025.6,1029.5,10917698.0,0.0,SBIN,-0.017980636237897585,3.718411381354779,2026-01-01,3.897479654963088,984.75,0.0037759953098296817,13.0,105.5620275338671,
2026-01-23,1010.0,1020.85,973.65,1003.55,9023942.0,0.0,SHRIRAMFIN,-0.0019393336648434456,3.718411381354779,2026-01-01,3.7458459563928814,1019.7,0.0036465738759976257,3.0,105.5620275338671,
2026-01-23,295.65,,,292.73,,,SILVERBEES,0.05957939696673553,5.064381837544775,2025-12-01,8.91941817763361,166.21,0.03046977821758483,,105.5620275338671,2025-12_to_2026-01
2026-01-23,685.0,699.0,681.45,684.15,21435331.0,0.0,VEDL,0.008104324762395976,3.718411381354779,2026-01-01,4.2090521948277155,602.65,0.006170101022740859,17.0,105.5620275338671,
2026-01-27,2921.7,2949.4,2707.7,2900.7,686816.0,0.0,ANANDRATHI,-0.01983510170980618,3.718411381354779,2026-01-01,3.4654915479680657,3094.9,0.0012014641446750393,11.0,107.7448292911127,
2026-01-27,152.9,155.45,152.1,154.72,23086886.0,0.0,CANBK,0.019168697714248006,3.718411381354779,2026-01-01,3.7138506805449056,154.24,0.024107957607331296,9.0,107.7448292911127,
2026-01-27,3933.2,3974.9,3883.1,3928.3,473955.0,0.0,CUMMINSIND,-0.0005342967636881024,3.767160527388881,2026-01-01,3.3372128585021077,4470.6,0.0008495310588555118,14.0,107.7448292911127,
2026-01-27,7020.0,7175.0,6910.5,7164.5,498369.0,0.0,EICHERMOT,0.027463071848558673,3.816447473842043,2026-01-01,3.739205186508214,7348.0,0.0005166337058463044,12.0,107.7448292911127,
2026-01-27,130.55,,,131.45,,,GOLDBEES,0.031627687961073514,15.193145512634322,2025-12-01,18.713821004833033,106.72,0.14236455690249553,,107.7448292911127,2025-12_to_2026-01
2026-01-27,236.8,250.0,236.6,247.7,2061079.0,0.0,GPIL,0.02418854661980574,3.718411381354779,2026-01-01,3.4616848918013265,266.6,0.013947529562471039,6.0,107.7448292911127,
2026-01-27,712.0,720.95,692.4,704.85,1905972.0,0.0,HBLENGINE,-0.0017702874946891045,3.495021122510561,2026-01-01,2.658607423053711,919.3,0.003771876885938443,1.0,107.7448292911127,
2026-01-27,5418.0,5424.5,5298.5,5380.0,400942.0,0.0,HEROMOTOCO,-0.0007429420505200568,3.9946931241347476,2026-01-01,3.7240424550069204,5841.5,0.0006922011998154131,7.0,107.7448292911127,
2026-01-27,985.0,985.0,950.75,961.85,10009735.0,0.0,HINDALCO,0.012154056613701059,4.189133858267712,2026-01-01,4.544173228346453,894.95,0.004724409448818898,10.0,107.7448292911127,
2026-01-27,524.0,531.0,508.0,521.85,8531286.0,0.0,IIFL,0.001343183344526544,3.718411381354779,2026-01-01,3.178465158656825,620.45,0.0059930878900068965,19.0,107.7448292911127,
2026-01-27,508.05,515.1,497.65,510.5,702793.0,0.0,JKTYRE,0.004822360003936543,3.718411381354779,2026-01-01,3.7761070423346212,516.65,0.007197157420603463,18.0,107.7448292911127,
2026-01-27,750.0,831.5,730.2,810.05,1538290.0,0.0,JSL,0.0859306924056571,3.718411381354779,2026-01-01,3.589036806036865,853.75,0.0043553866838708976,15.0,107.7448292911127,
2026-01-27,1030.0,1041.0,990.1,1000.2,5389025.0,0.0,LAURUSLABS,-0.015938606847697656,4.215278482296845,2026-01-01,3.805163842954245,1110.4,0.0038044029623617733,2.0,107.7448292911127,
2026-01-27,288.0,290.4,280.35,285.25,5836546.0,0.0,LTF,-0.00954861111111116,4.015632943568888,2026-01-01,3.625444839857653,317.25,0.012709710218607015,8.0,107.7448292911127,
2026-01-27,359.0,369.75,357.5,364.1,2575498.0,0.0,M&MFIN,0.009566061278247773,3.989654992110151,2026-01-01,3.604549336544185,404.15,0.010006179589583698,5.0,107.7448292911127,
2026-01-27,62.99,,,62.77,,,MOGSEC,-0.00349261787585331,5.064381837544775,2025-12-01,5.060350970115977,62.82,0.08061734857600725,,107.7448292911127,2025-12_to_2026-01
2026-01-27,375.55,385.9,373.8,384.6,15593346.0,0.0,NATIONALUM,0.037636584378794025,4.450435617885083,2026-01-01,5.445871901490939,314.6,0.013954789503441402,4.0,107.7448292911127,
2026-01-27,235.0,238.9,232.0,236.5,7912935.0,0.0,NYKAA,0.007669365146996121,3.651526919448315,2026-01-01,3.256971964735155,265.75,0.013896842095159843,20.0,107.7448292911127,
2026-01-27,2901.4,2976.7,2874.9,2924.0,654595.0,0.0,RADICO,-0.01282916948008106,3.718411381354779,2026-01-01,3.2963360656928735,3253.9,0.0011427552725513318,16.0,107.7448292911127,
2026-01-27,1034.1,1055.0,1030.25,1053.15,14420630.0,0.0,SBIN,0.022972316658572245,3.718411381354779,2026-01-01,3.987013791767243,984.75,0.0037759953098296817,13.0,107.7448292911127,
2026-01-27,1011.2,1019.95,984.2,1001.05,7984660.0,0.0,SHRIRAMFIN,-0.002491156394798466,3.718411381354779,2026-01-01,3.7365144682846836,1019.7,0.0036465738759976257,3.0,107.7448292911127,
2026-01-27,310.4,,,317.85,,,SILVERBEES,0.08581286509753006,5.064381837544775,2025-12-01,9.684819006459339,166.21,0.03046977821758483,,107.7448292911127,2025-12_to_2026-01
2026-01-27,697.1,707.35,694.55,705.45,18667388.0,0.0,VEDL,0.031133523350142633,3.718411381354779,2026-01-01,4.340094819617353,602.65,0.006170101022740859,17.0,107.7448292911127,
2026-01-28,2900.7,2925.0,2770.0,2879.5,426370.0,0.0,ANANDRATHI,-0.007308580687420241,3.718411381354779,2026-01-01,3.440163723368168,3094.9,0.0012014641446750393,11.0,110.03741634106879,
2026-01-28,155.49,158.25,152.31,157.74,28198960.0,0.0,CANBK,0.019519131334022832,3.718411381354779,2026-01-01,3.786341819733411,154.24,0.024107957607331296,9.0,110.03741634106879,
2026-01-28,3929.0,4037.3,3929.0,4024.0,494698.0,0.0,CUMMINSIND,0.02436168317083731,3.767160527388881,2026-01-01,3.4185129808345804,4470.6,0.0008495310588555118,14.0,110.03741634106879,
2026-01-28,7124.0,7124.0,6851.0,7071.0,856378.0,0.0,EICHERMOT,-0.013050457114941683,3.816447473842043,2026-01-01,3.690406849577721,7348.0,0.0005166337058463044,12.0,110.03741634106879,
2026-01-28,132.0,,,135.82,,,GOLDBEES,0.03324457968809447,15.193145512634322,2025-12-01,19.335954118496943,106.72,0.14236455690249553,,110.03741634106879,2025-12_to_2026-01
2026-01-28,250.0,259.0,247.75,257.2,1643801.0,0.0,GPIL,0.0383528461849012,3.718411381354779,2026-01-01,3.594450359997179,266.6,0.013947529562471039,6.0,110.03741634106879,
2026-01-28,710.0,745.95,708.3,734.55,1511305.0,0.0,HBLENGINE,0.04213662481378999,3.495021122510561,2026-01-01,2.7706321665660822,919.3,0.003771876885938443,1.0,110.03741634106879,
2026-01-28,5407.0,5524.0,5328.5,5512.5,547414.0,0.0,HEROMOTOCO,0.0246282527881041,3.9946931241347476,2026-01-01,3.815759113982463,5841.5,0.0006922011998154131,7.0,110.03741634106879,
2026-01-28,971.05,1007.9,963.05,998.2,12615677.0,0.0,HINDALCO,0.03779175547122726,4.189133858267712,2026-01-01,4.715905511811019,894.95,0.004724409448818898,10.0,110.03741634106879,
2026-01-28,527.5,558.0,524.75,544.6,4302227.0,0.0,IIFL,0.043594902749832354,3.718411381354779,2026-01-01,3.3170300381422,620.45,0.0059930878900068965,19.0,110.03741634106879,
2026-01-28,510.5,512.55,500.5,507.2,471114.0,0.0,JKTYRE,-0.0064642507345740174,3.718411381354779,2026-01-01,3.751697339612379,516.65,0.007197157420603463,18.0,110.03741634106879,
2026-01-28,811.0,815.4,801.8,809.0,512643.0,0.0,JSL,-0.001296216282945406,3.718411381354779,2026-01-01,3.58438463808879,853.75,0.0043553866838708976,15.0,110.03741634106879,
2026-01-28,1010.0,1012.6,987.0,999.0,1981540.0,0.0,LAURUSLABS,-0.0011997600479904946,4.215278482296845,2026-01-01,3.8005985593994103,1110.4,0.0038044029623617733,2.0,110.03741634106879,
2026-01-28,288.0,292.0,285.95,289.4,2299975.0,0.0,LTF,0.014548641542506457,4.015632943568888,2026-01-01,3.6781901372648718,317.25,0.012709710218607015,8.0,110.03741634106879,
2026-01-28,367.8,372.5,363.9,370.15,1337823.0,0.0,M&MFIN,0.016616314199395577,3.989654992110151,2026-01-01,3.664443660867426,404.15,0.010006179589583698,5.0,110.03741634106879,
2026-01-28,62.94,,,62.99,,,MOGSEC,0.0035048590090807075,5.064381837544775,2025-12-01,5.0780867868026975,62.82,0.08061734857600725,,110.03741634106879,2025-12_to_2026-01
2026-01-28,388.3,407.9,383.95,406.15,22117381.0,0.0,NATIONALUM,0.05603224128965145,4.450435617885083,2026-01-01,5.751016309907812,314.6,0.013954789503441402,4.0,110.03741634106879,
2026-01-28,236.5,238.8,234.3,237.2,6064706.0,0.0,NYKAA,0.0029598308668075113,3.651526919448315,2026-01-01,3.2666120508887047,265.75,0.013896842095159843,20.0,110.03741634106879,
2026-01-28,2920.0,2920.0,2732.4,2746.8,960964.0,0.0,RADICO,-0.0606019151846785,3.718411381354779,2026-01-01,3.096571787019557,3253.9,0.0011427552725513318,16.0,110.03741634106879,
2026-01-28,1059.4,1065.6,1044.15,1063.5,12171257.0,0.0,SBIN,0.00982765987751022,3.718411381354779,2026-01-01,4.026196807239674,984.75,0.0037759953098296817,13.0,110.03741634106879,
2026-01-28,1002.0,1020.7,999.5,1018.8,5587231.0,0.0,SHRIRAMFIN,0.01773138204884872,3.718411381354779,2026-01-01,3.80276803385289,1019.7,0.0036465738759976257,3.0,110.03741634106879,
2026-01-28,320.8,,,332.03,,,SILVERBEES,0.04461223847726892,5.064381837544775,2025-12-01,10.116880461584689,166.21,0.03046977821758483,,110.03741634106879,2025-12_to_2026-01
2026-01-28,711.1,741.95,710.1,737.1,26645434.0,0.0,VEDL,0.04486497980012749,3.718411381354779,2026-01-01,4.534813086030123,602.65,0.006170101022740859,17.0,110.03741634106879,
2026-01-29,2893.8,2944.0,2862.4,2928.4,202622.0,0.0,ANANDRATHI,0.016982114950512273,3.718411381354779,2026-01-01,3.4985849791669885,3094.9,0.0012014641446750393,11.0,112.77175548231149,
2026-01-29,158.0,160.79,149.0,150.32,88706121.0,0.0,CANBK,-0.0470394319766706,3.718411381354779,2026-01-01,3.608234451263638,154.24,0.024107957607331296,9.0,112.77175548231149,
2026-01-29,4038.9,4069.9,3982.2,4045.8,680888.0,0.0,CUMMINSIND,0.00541749502982114,3.767160527388881,2026-01-01,3.4370327579176303,4470.6,0.0008495310588555118,14.0,112.77175548231149,
2026-01-29,7071.5,7108.5,6978.0,7056.5,632904.0,0.0,EICHERMOT,-0.002050629331070586,3.816447473842043,2026-01-01,3.6828391930483932,7348.0,0.0005166337058463044,12.0,112.77175548231149,
2026-01-29,143.0,,,146.53,,,GOLDBEES,0.07885436607274343,15.193145512634322,2025-12-01,20.860678522922672,106.72,0.14236455690249553,,112.77175548231149,2025-12_to_2026-01
2026-01-29,257.0,262.45,255.7,257.65,2440138.0,0.0,GPIL,0.0017496111975117135,3.718411381354779,2026-01-01,3.60073925059593,266.6,0.013947529562471039,6.0,112.77175548231149,
2026-01-29,748.95,771.75,738.75,768.75,3204164.0,0.0,HBLENGINE,0.046559117827241314,3.495021122510561,2026-01-01,2.8996303560651775,919.3,0.003771876885938443,1.0,112.77175548231149,
2026-01-29,5522.0,5595.0,5472.0,5580.0,337842.0,0.0,HEROMOTOCO,0.012244897959183598,3.9946931241347476,2026-01-01,3.862482694970003,5841.5,0.0006922011998154131,7.0,112.77175548231149,
2026-01-29,1010.25,1029.8,1008.55,1024.05,14615261.0,0.0,HINDALCO,0.025896613905028953,4.189133858267712,2026-01-01,4.838031496062986,894.95,0.004724409448818898,10.0,112.77175548231149,
2026-01-29,544.9,566.0,540.45,546.0,3915806.0,0.0,IIFL,0.0025706940874035134,3.718411381354779,2026-01-01,3.325557107648992,620.45,0.0059930878900068965,19.0,112.77175548231149,
2026-01-29,507.2,507.2,494.5,504.2,678036.0,0.0,JKTYRE,-0.005914826498422676,3.718411381354779,2026-01-01,3.729506700773978,516.65,0.007197157420603463,18.0,112.77175548231149,
2026-01-29,813.95,835.95,804.95,810.1,597453.0,0.0,JSL,0.0013597033374537215,3.718411381354779,2026-01-01,3.5892583378439173,853.75,0.0043553866838708976,15.0,112.77175548231149,
2026-01-29,1001.7,1006.9,965.8,973.3,2161278.0,0.0,LAURUSLABS,-0.025725725725725734,4.215278482296845,2026-01-01,3.7028254032667127,1110.4,0.0038044029623617733,2.0,112.77175548231149,
2026-01-29,291.6,293.95,286.0,289.15,3987000.0,0.0,LTF,-0.000863856254319284,4.015632943568888,2026-01-01,3.6750127097102196,317.25,0.012709710218607015,8.0,112.77175548231149,
2026-01-29,373.0,377.0,358.9,374.25,3241103.0,0.0,M&MFIN,0.0110765905713901,3.989654992110151,2026-01-01,3.7050332029707804,404.15,0.010006179589583698,5.0,112.77175548231149,
2026-01-29,62.83,,,62.9,,,MOGSEC,-0.0014287982219400863,5.064381837544775,2025-12-01,5.070831225430856,62.82,0.08061734857600725,,112.77175548231149,2025-12_to_2026-01
2026-01-29,411.9,431.5,411.55,428.85,39396481.0,0.0,NATIONALUM,0.055890680782962,4.450435617885083,2026-01-01,6.072444526662477,314.6,0.013954789503441402,4.0,112.77175548231149,
2026-01-29,238.3,239.0,233.85,237.9,4125273.0,0.0,NYKAA,0.00295109612141653,3.651526919448315,2026-01-01,3.276252137042255,265.75,0.013896842095159843,20.0,112.77175548231149,
2026-01-29,2746.8,2761.0,2677.8,2701.3,709175.0,0.0,RADICO,-0.016564729867482142,3.718411381354779,2026-01-01,3.045277911852312,3253.9,0.0011427552725513318,16.0,112.77175548231149,
2026-01-29,1063.0,1075.0,1060.3,1066.2,14800724.0,0.0,SBIN,0.0025387870239774735,3.718411381354779,2026-01-01,4.036418463449873,984.75,0.0037759953098296817,13.0,112.77175548231149,
2026-01-29,1022.4,1028.4,1006.15,1022.8,6653822.0,0.0,SHRIRAMFIN,0.0039261876717706645,3.718411381354779,2026-01-01,3.817698414826007,1019.7,0.0036465738759976257,3.0,112.77175548231149,
2026-01-29,351.2,,,351.91,,,SILVERBEES,0.05987410776134694,5.064381837544775,2025-12-01,10.722619652550277,166.21,0.03046977821758483,,112.77175548231149,2025-12_to_2026-01
2026-01-29,745.25,769.8,743.0,766.35,30290476.0,0.0,VEDL,0.039682539682539764,3.718411381354779,2026-01-01,4.7147659862694145,602.65,0.006170101022740859,17.0,112.77175548231149,
2026-01-30,2904.7,2904.7,2815.9,2885.4,316738.0,0.0,ANANDRATHI,-0.01468378636798251,3.718411381354779,2026-01-01,3.447212504742668,3094.9,0.0012014641446750393,11.0,107.21563097295184,
2026-01-30,150.7,150.7,146.62,147.42,43411151.0,0.0,CANBK,-0.019292176689728602,3.718411381354779,2026-01-01,3.538623754691894,154.24,0.024107957607331296,9.0,107.21563097295184,
2026-01-30,4040.1,4125.0,4020.3,4112.5,718670.0,0.0,CUMMINSIND,0.016486232636314213,3.767160527388881,2026-01-01,3.4936964795432934,4470.6,0.0008495310588555118,14.0,107.21563097295184,
2026-01-30,6980.0,7151.0,6980.0,7122.5,454539.0,0.0,EICHERMOT,0.009353078721745955,3.816447473842043,2026-01-01,3.7172850779405064,7348.0,0.0005166337058463044,12.0,107.21563097295184,
2026-01-30,138.7,,,131.12,,,GOLDBEES,-0.10516617757455804,15.193145512634322,2025-12-01,18.666840701055218,106.72,0.14236455690249553,,107.21563097295184,2025-12_to_2026-01
2026-01-30,254.8,254.8,245.0,248.5,1990173.0,0.0,GPIL,-0.03551329322724617,3.718411381354779,2026-01-01,3.472865141754662,266.6,0.013947529562471039,6.0,107.21563097295184,
2026-01-30,764.75,794.0,749.15,783.6,1631835.0,0.0,HBLENGINE,0.019317073170731724,3.495021122510561,2026-01-01,2.9556427278213637,919.3,0.003771876885938443,1.0,107.21563097295184,
2026-01-30,5540.5,5595.0,5465.0,5534.0,466102.0,0.0,HEROMOTOCO,-0.008243727598566286,3.9946931241347476,2026-01-01,3.8306414397784936,5841.5,0.0006922011998154131,7.0,107.21563097295184,
2026-01-30,1000.0,1000.0,955.55,962.6,11977092.0,0.0,HINDALCO,-0.06000683560373021,4.189133858267712,2026-01-01,4.547716535433066,894.95,0.004724409448818898,10.0,107.21563097295184,
2026-01-30,541.0,546.75,525.0,528.7,2721472.0,0.0,IIFL,-0.03168498168498157,3.718411381354779,2026-01-01,3.220186891600773,620.45,0.0059930878900068965,19.0,107.21563097295184,
2026-01-30,504.9,521.3,501.1,519.7,884633.0,0.0,JKTYRE,0.030741769139230657,3.718411381354779,2026-01-01,3.8441583347723856,516.65,0.007197157420603463,18.0,107.21563097295184,
2026-01-30,809.9,830.0,769.65,822.55,1630943.0,0.0,JSL,0.015368473028021246,3.718411381354779,2026-01-01,3.644419757799672,853.75,0.0043553866838708976,15.0,107.21563097295184,
2026-01-30,974.0,983.3,951.8,965.0,1976994.0,0.0,LAURUSLABS,-0.008527689304428154,4.215278482296845,2026-01-01,3.6712488586791103,1110.4,0.0038044029623617733,2.0,107.21563097295184,
2026-01-30,288.85,293.35,283.75,286.35,4445140.0,0.0,LTF,-0.009683555248140907,4.015632943568888,2026-01-01,3.6394255210981212,317.25,0.012709710218607015,8.0,107.21563097295184,
2026-01-30,376.0,386.9,368.75,375.55,4371676.0,0.0,M&MFIN,0.0034736138944555517,3.989654992110151,2026-01-01,3.7179030577840386,404.15,0.010006179589583698,5.0,107.21563097295184,
2026-01-30,62.71,,,63.06,,,MOGSEC,0.0025437201907789753,5.064381837544775,2025-12-01,5.083730001203017,62.82,0.08061734857600725,,107.21563097295184,2025-12_to_2026-01
2026-01-30,413.9,413.9,380.15,385.45,40709006.0,0.0,NATIONALUM,-0.10120088609070776,4.450435617885083,2026-01-01,5.457907759827567,314.6,0.013954789503441402,4.0,107.21563097295184,
2026-01-30,234.8,238.5,233.05,237.5,8061305.0,0.0,NYKAA,-0.0016813787305590688,3.651526919448315,2026-01-01,3.2707435163830834,265.75,0.013896842095159843,20.0,107.21563097295184,
2026-01-30,2700.0,2849.0,2694.9,2828.1,626081.0,0.0,RADICO,0.04694036204790275,3.718411381354779,2026-01-01,3.1882243595711404,3253.9,0.0011427552725513318,16.0,107.21563097295184,
2026-01-30,1064.0,1082.5,1060.4,1077.15,9480769.0,0.0,SBIN,0.010270118176702425,3.718411381354779,2026-01-01,4.077872958080127,984.75,0.0037759953098296817,13.0,107.21563097295184,
2026-01-30,1025.0,1029.3,1010.15,1020.0,6464610.0,0.0,SHRIRAMFIN,-0.0027375831052013355,3.718411381354779,2026-01-01,3.8072471481448256,1019.7,0.0036465738759976257,3.0,107.21563097295184,
2026-01-30,329.0,,,286.48,,,SILVERBEES,-0.18592822028359524,5.064381837544775,2025-12-01,8.728982063773701,166.21,0.03046977821758483,,107.21563097295184,2025-12_to_2026-01
2026-01-30,755.0,755.0,675.1,681.55,54628339.0,0.0,VEDL,-0.11065440073073673,3.718411381354779,2026-01-01,4.193056381473111,602.65,0.006170101022740859,17.0,107.21563097295184,
2026-02-01,196.68,198.4,187.5,189.06,6590542.0,0.0,ASHOKLEY,-0.038792007727896705,3.5087226862628658,2026-02-01,3.3726122887023102,189.06,0.018558778621934124,11.0,102.92232949624986,
2026-02-01,1373.2,1384.9,1332.1,1340.4,3021528.0,0.0,AXISBANK,-0.02189141856392296,3.5087226862628658,2026-02-01,3.431911769313153,1340.4,0.002617668372323833,16.0,102.92232949624986,
2026-02-01,164.11,164.12,149.01,150.44,18084329.0,0.0,BANKINDIA,-0.08324192565508837,3.5087226862628658,2026-02-01,3.2166498532686503,150.44,0.023323070235727637,3.0,102.92232949624986,
2026-02-01,145.98,148.92,138.01,141.05,26364131.0,0.0,CANBK,-0.043209876543209735,3.538623754691894,2026-02-01,3.3857202591187883,141.05,0.024107957607331296,12.0,102.92232949624986,
2026-02-01,288.55,288.8,281.25,285.1,3155061.0,0.0,FEDERALBNK,-0.009209383145091121,3.5087226862628658,2026-02-01,3.476409514695198,285.1,0.012306989429192793,9.0,102.92232949624986,
2026-02-01,120.35,,,122.31,,,GOLDBEES,,12.991821106412775,2026-02-01,12.991821106412775,122.31,0.10622043255999325,,102.92232949624986,2026-02
2026-02-01,801.0,829.1,724.8,760.9,3847924.0,0.0,HBLENGINE,-0.028968861664114387,2.9556427278213637,2026-02-01,2.8700211225105607,760.9,0.003771876885938443,15.0,102.92232949624986,
2026-02-01,920.0,936.5,866.35,908.2,8740180.0,0.0,HINDALCO,-0.0565136089756908,4.547716535433066,2026-02-01,4.290708661417319,908.2,0.004724409448818898,5.0,102.92232949624986,
2026-02-01,619.95,619.95,555.1,599.25,88029787.0,0.0,HINDCOPPER,-0.12633036885843418,3.5087226862628658,2026-02-01,3.065464455085322,599.25,0.005855190131435738,10.0,102.92232949624986,
2026-02-01,575.0,582.9,543.55,570.1,45908639.0,0.0,HINDZINC,-0.09291964996022273,3.5087226862628658,2026-02-01,3.182693402447828,570.1,0.006154574085709289,17.0,102.92232949624986,
2026-02-01,909.0,909.0,833.75,843.15,1984313.0,0.0,INDIANB,-0.07518920697597897,3.5087226862628658,2026-02-01,3.2449046099841343,843.15,0.0041614453967418205,8.0,102.92232949624986,
2026-02-01,522.95,523.7,498.0,499.3,571420.0,0.0,JKTYRE,-0.03925341543198002,3.8441583347723856,2026-02-01,3.6932619906712567,499.3,0.007197157420603463,19.0,102.92232949624986,
2026-02-01,371.85,378.9,354.6,358.55,1431232.0,0.0,M&MFIN,-0.04526694181866597,3.7179030577840386,2026-02-01,3.549604956379888,358.55,0.010006179589583698,7.0,102.92232949624986,
2026-02-01,2300.0,2319.9,2068.5,2233.3,20999802.0,0.0,MCX,-0.11657436708860758,3.5087226862628658,2026-02-01,3.099695559822333,2233.3,0.0015710933086745468,13.0,102.92232949624986,
2026-02-01,63.1,,,64.8,,,MOGSEC,,19.48773165961916,2026-02-01,19.48773165961916,64.8,0.3007365996854809,,102.92232949624986,2026-02
2026-02-01,3700.0,3700.0,3481.7,3493.1,1394507.0,0.0,MUTHOOTFIN,-0.0878681846668059,3.5087226862628658,2026-02-01,3.200417593321709,3493.1,0.0010044724417459753,18.0,102.92232949624986,
2026-02-01,353.0,364.45,329.4,354.2,38640299.0,0.0,NATIONALUM,-0.08107406926968475,5.457907759827567,2026-02-01,5.015412968039756,354.2,0.013954789503441402,1.0,102.92232949624986,
2026-02-01,148.0,154.66,141.86,148.63,31784997.0,0.0,SAIL,-0.01654204989082242,3.5087226862628658,2026-02-01,3.450681220533645,148.63,0.02360709605236403,20.0,102.92232949624986,
2026-02-01,1076.0,1083.6,988.3,1018.2,12051593.0,0.0,SBIN,-0.054727753794736156,4.077872958080127,2026-02-01,3.8547001308241056,1018.2,0.0037759953098296817,6.0,102.92232949624986,
2026-02-01,1020.0,1028.6,970.2,997.6,3797158.0,0.0,SHRIRAMFIN,-0.0219607843137255,3.8072471481448256,2026-02-01,3.7236370146953703,997.6,0.0036465738759976257,4.0,102.92232949624986,
2026-02-01,180.75,181.59,167.42,169.37,13587080.0,0.0,UNIONBANK,-0.06301172825846424,3.5087226862628658,2026-02-01,3.287632005821761,169.37,0.020716317448561526,14.0,102.92232949624986,
2026-02-01,635.0,673.9,613.4,655.15,47336588.0,0.0,VEDL,-0.038735235859438055,4.193056381473111,2026-02-01,4.0306373535648286,655.15,0.006170101022740859,2.0,102.92232949624986,
2026-02-02,189.77,195.0,185.52,194.4,14956648.0,0.0,ASHOKLEY,0.02824500158679788,3.5087226862628658,2026-02-01,3.467871728148361,189.06,0.018558778621934124,11.0,102.97245012014767,
2026-02-02,1339.0,1352.7,1302.9,1311.5,8647298.0,0.0,AXISBANK,-0.021560728140853525,3.5087226862628658,2026-02-01,3.357917252651597,1340.4,0.002617668372323833,16.0,102.97245012014767,
2026-02-02,150.44,152.4,146.4,151.67,17969570.0,0.0,BANKINDIA,0.008176017016750858,3.5087226862628658,2026-02-01,3.242949237205904,150.44,0.023323070235727637,3.0,102.97245012014767,
2026-02-02,141.05,146.97,139.0,146.47,32606697.0,0.0,CANBK,0.03842609003899322,3.538623754691894,2026-02-01,3.51582025064253,141.05,0.024107957607331296,12.0,102.97245012014767,
2026-02-02,284.8,284.8,276.0,281.3,7143698.0,0.0,FEDERALBNK,-0.013328656611715228,3.5087226862628658,2026-02-01,3.4300736460321257,285.1,0.012306989429192793,9.0,102.97245012014767,
2026-02-02,121.99,,,118.67,,,GOLDBEES,-0.02976044477148232,12.991821106412775,2026-02-01,12.6051787318944,122.31,0.10622043255999325,,102.97245012014767,2026-02
2026-02-02,758.0,776.85,742.1,771.55,1071008.0,0.0,HBLENGINE,0.013996582993823115,2.9556427278213637,2026-02-01,2.9101916113458053,760.9,0.003771876885938443,15.0,102.97245012014767,
2026-02-02,905.7,936.75,897.5,930.5,9659915.0,0.0,HINDALCO,0.024554062981722025,4.547716535433066,2026-02-01,4.396062992125979,908.2,0.004724409448818898,5.0,102.97245012014767,
2026-02-02,590.15,638.55,581.55,610.55,70707887.0,0.0,HINDCOPPER,0.018856904463913082,3.5087226862628658,2026-02-01,3.1232696254523873,599.25,0.005855190131435738,10.0,102.97245012014767,
2026-02-02,565.0,614.0,560.35,610.1,37031059.0,0.0,HINDZINC,0.07016312927556578,3.5087226862628658,2026-02-01,3.4060011310882654,570.1,0.006154574085709289,17.0,102.97245012014767,
2026-02-02,843.15,847.0,806.2,834.8,4129175.0,0.0,INDIANB,-0.009903338670462003,3.5087226862628658,2026-02-01,3.2127692206781178,843.15,0.0041614453967418205,8.0,102.97245012014767,
2026-02-02,501.9,527.45,501.75,524.5,1402618.0,0.0,JKTYRE,0.050470658922491474,3.8441583347723856,2026-02-01,3.8796633569138277,499.3,0.007197157420603463,19.0,102.97245012014767,
2026-02-02,359.6,362.7,341.4,353.6,2058074.0,0.0,M&MFIN,-0.013805605912703967,3.7179030577840386,2026-02-01,3.500600509206327,358.55,0.010006179589583698,7.0,102.97245012014767,
2026-02-02,2212.7,2350.0,2125.5,2321.8,8631439.0,0.0,MCX,0.03962745712622584,3.5087226862628658,2026-02-01,3.2225286127235453,2233.3,0.0015710933086745468,13.0,102.97245012014767,
2026-02-02,66.1,,,62.86,,,MOGSEC,-0.029938271604938227,19.48773165961916,2026-02-01,18.90430265622933,64.8,0.3007365996854809,,102.97245012014767,2026-02
2026-02-02,3480.0,3584.0,3410.5,3535.1,1113164.0,0.0,MUTHOOTFIN,0.012023703873350389,3.5087226862628658,2026-02-01,3.2388984667348697,3493.1,0.0010044724417459753,18.0,102.97245012014767,
2026-02-02,347.1,371.8,342.0,369.7,31185668.0,0.0,NATIONALUM,0.043760587238848014,5.457907759827567,2026-02-01,5.23489038476651,354.2,0.013954789503441402,1.0,102.97245012014767,
2026-02-02,148.1,149.9,141.3,148.67,38552721.0,0.0,SAIL,0.00026912467200435053,3.5087226862628658,2026-02-01,3.4516098839853124,148.63,0.02360709605236403,20.0,102.97245012014767,
2026-02-02,1019.9,1031.3,990.0,1028.7,14434549.0,0.0,SBIN,0.010312315851502607,4.077872958080127,2026-02-01,3.894451016085992,1018.2,0.0037759953098296817,6.0,102.97245012014767,
2026-02-02,990.2,992.7,939.0,962.1,13566710.0,0.0,SHRIRAMFIN,-0.03558540497193263,3.8072471481448256,2026-02-01,3.5911298835589576,997.6,0.0036465738759976257,4.0,102.97245012014767,
2026-02-02,169.37,172.08,165.11,171.13,13991985.0,0.0,UNIONBANK,0.010391450670130364,3.5087226862628658,2026-02-01,3.3217952716318,169.37,0.020716317448561526,14.0,102.97245012014767,
2026-02-02,653.35,674.55,639.05,660.65,35747809.0,0.0,VEDL,0.008395024040296128,4.193056381473111,2026-02-01,4.064474651045721,655.15,0.006170101022740859,2.0,102.97245012014767,
2026-02-03,203.0,203.0,196.02,199.87,16548292.0,0.0,ASHOKLEY,0.028137860082304567,3.5087226862628658,2026-02-01,3.5654502176183795,189.06,0.018558778621934124,11.0,105.55148883859206,
2026-02-03,1403.0,1418.3,1345.5,1356.2,10384723.0,0.0,AXISBANK,0.034083110941669936,3.5087226862628658,2026-02-01,3.4723655189066687,1340.4,0.002617668372323833,16.0,105.55148883859206,
2026-02-03,158.0,160.87,155.61,158.01,19569935.0,0.0,BANKINDIA,0.04180127909276732,3.5087226862628658,2026-02-01,3.3785086633540247,150.44,0.023323070235727637,3.0,105.55148883859206,
2026-02-03,152.5,157.5,146.88,147.34,40510681.0,0.0,CANBK,0.005939782890694412,3.538623754691894,2026-02-01,3.5367034596140536,141.05,0.024107957607331296,12.0,105.55148883859206,
2026-02-03,294.0,298.25,283.35,285.5,8832776.0,0.0,FEDERALBNK,0.014930678990401569,3.5087226862628658,2026-02-01,3.4812869745544677,285.1,0.012306989429192793,9.0,105.55148883859206,
2026-02-03,120.1,,,125.2,,,GOLDBEES,0.05502654419819675,12.991821106412775,2026-02-01,13.298798156511156,122.31,0.10622043255999325,,105.55148883859206,2026-02
2026-02-03,802.5,807.0,775.1,793.0,1414403.0,0.0,HBLENGINE,0.02780117944397653,2.9556427278213637,2026-02-01,2.991098370549185,760.9,0.003771876885938443,15.0,105.55148883859206,
2026-02-03,950.0,972.55,945.2,955.3,10099249.0,0.0,HINDALCO,0.026652337452982122,4.547716535433066,2026-02-01,4.513228346456687,908.2,0.004724409448818898,5.0,105.55148883859206,
2026-02-03,639.9,658.0,610.0,614.75,45672234.0,0.0,HINDCOPPER,0.0068790434853820415,3.5087226862628658,2026-02-01,3.1447547330224475,599.25,0.005855190131435738,10.0,105.55148883859206,
2026-02-03,635.9,639.4,602.0,628.25,26990191.0,0.0,HINDZINC,0.02974922143910841,3.5087226862628658,2026-02-01,3.5073270129588634,570.1,0.006154574085709289,17.0,105.55148883859206,
2026-02-03,875.0,892.1,857.9,870.1,1411737.0,0.0,INDIANB,0.04228557738380467,3.5087226862628658,2026-02-01,3.3486230221754085,843.15,0.0041614453967418205,8.0,105.55148883859206,
2026-02-03,545.0,545.0,527.6,534.25,1715794.0,0.0,JKTYRE,0.018589132507149664,3.8441583347723856,2026-02-01,3.9517829331386323,499.3,0.007197157420603463,19.0,105.55148883859206,
2026-02-03,373.0,375.9,360.25,362.45,1324712.0,0.0,M&MFIN,0.025028280542986225,3.7179030577840386,2026-02-01,3.588214520819663,358.55,0.010006179589583698,7.0,105.55148883859206,
2026-02-03,2500.0,2553.9,2391.0,2434.1,10210272.0,0.0,MCX,0.048367645792057656,3.5087226862628658,2026-02-01,3.378394735218529,2233.3,0.0015710933086745468,13.0,105.55148883859206,
2026-02-03,63.5,,,62.96,,,MOGSEC,0.0015908367801464873,19.48773165961916,2026-02-01,18.93437631619788,64.8,0.3007365996854809,,105.55148883859206,2026-02
2026-02-03,3725.0,3798.9,3590.0,3624.2,1218833.0,0.0,MUTHOOTFIN,0.02520437894260419,3.5087226862628658,2026-02-01,3.3205328910470753,3493.1,0.0010044724417459753,18.0,105.55148883859206,
2026-02-03,389.9,391.95,361.05,370.85,27221983.0,0.0,NATIONALUM,0.0031106302407357678,5.457907759827567,2026-02-01,5.251174193104302,354.2,0.013954789503441402,1.0,105.55148883859206,
2026-02-03,154.5,156.05,149.04,154.36,32031454.0,0.0,SAIL,0.03827268446895826,3.5087226862628658,2026-02-01,3.58371225998502,148.63,0.02360709605236403,20.0,105.55148883859206,
2026-02-03,1087.0,1089.8,1040.3,1064.2,16129381.0,0.0,SBIN,0.03450957519198994,4.077872958080127,2026-02-01,4.028846866257133,1018.2,0.0037759953098296817,6.0,105.55148883859206,
2026-02-03,1013.0,1041.5,997.2,1000.4,9880727.0,0.0,SHRIRAMFIN,0.039808751689013544,3.8072471481448256,2026-02-01,3.734088281376552,997.6,0.0036465738759976257,4.0,105.55148883859206,
2026-02-03,179.0,183.1,172.0,174.41,11079255.0,0.0,UNIONBANK,0.019166715362589848,3.5087226862628658,2026-02-01,3.3854631760959637,169.37,0.020716317448561526,14.0,105.55148883859206,
2026-02-03,695.0,700.0,653.55,675.65,21124257.0,0.0,VEDL,0.022704911829259045,4.193056381473111,2026-02-01,4.156758189629972,655.15,0.006170101022740859,2.0,105.55148883859206,
2026-02-04,201.74,205.19,199.05,200.92,22146705.0,0.0,ASHOKLEY,0.0052534147195675285,3.5087226862628658,2026-02-01,3.584181006273501,189.06,0.018558778621934124,11.0,106.98584440266927,
2026-02-04,1369.7,1369.9,1336.6,1338.7,6672251.0,0.0,AXISBANK,-0.01290370151895004,3.5087226862628658,2026-02-01,3.4275591506860033,1340.4,0.002617668372323833,16.0,106.98584440266927,
2026-02-04,158.0,161.55,156.2,160.93,8224127.0,0.0,BANKINDIA,0.018479843047908506,3.5087226862628658,2026-02-01,3.4409429731888066,150.44,0.023323070235727637,3.0,106.98584440266927,
2026-02-04,147.5,148.5,146.0,147.5,26421597.0,0.0,CANBK,0.0010859237138591826,3.538623754691894,2026-02-01,3.540544049769736,141.05,0.024107957607331296,12.0,106.98584440266927,
2026-02-04,285.5,288.3,282.7,287.4,3498764.0,0.0,FEDERALBNK,0.006654991243432384,3.5087226862628658,2026-02-01,3.504454908886003,285.1,0.012306989429192793,9.0,106.98584440266927,
2026-02-04,128.25,,,129.6,,,GOLDBEES,0.03514376996805102,12.991821106412775,2026-02-01,13.766168059775124,122.31,0.10622043255999325,,106.98584440266927,2026-02
2026-02-04,791.75,804.5,785.2,798.9,947930.0,0.0,HBLENGINE,0.0074401008827238435,2.9556427278213637,2026-02-01,3.013352444176222,760.9,0.003771876885938443,15.0,106.98584440266927,
2026-02-04,958.95,970.8,955.45,964.95,4388355.0,0.0,HINDALCO,0.010101538783628294,4.547716535433066,2026-02-01,4.55881889763779,908.2,0.004724409448818898,5.0,106.98584440266927,
2026-02-04,624.75,642.0,607.75,613.65,35143075.0,0.0,HINDCOPPER,-0.0017893452623017891,3.5087226862628658,2026-02-01,3.1391276810398123,599.25,0.005855190131435738,10.0,106.98584440266927,
2026-02-04,635.0,643.95,632.15,639.25,10586353.0,0.0,HINDZINC,0.017508953442101127,3.5087226862628658,2026-02-01,3.5687366383349843,570.1,0.006154574085709289,17.0,106.98584440266927,
2026-02-04,864.4,883.4,862.1,879.25,1374637.0,0.0,INDIANB,0.01051603263992651,3.5087226862628658,2026-02-01,3.3838372511754145,843.15,0.0041614453967418205,8.0,106.98584440266927,
2026-02-04,535.0,555.5,532.1,546.5,1690766.0,0.0,JKTYRE,0.02292934019653714,3.8441583347723856,2026-02-01,4.042394708395436,499.3,0.007197157420603463,19.0,106.98584440266927,
2026-02-04,362.0,372.95,358.25,370.0,875696.0,0.0,M&MFIN,0.020830459373706756,3.7179030577840386,2026-02-01,3.662958677619742,358.55,0.010006179589583698,7.0,106.98584440266927,
2026-02-04,2460.0,2557.0,2450.0,2543.3,4065299.0,0.0,MCX,0.044862577544061644,3.5087226862628658,2026-02-01,3.5299582310017192,2233.3,0.0015710933086745468,13.0,106.98584440266927,
2026-02-04,63.12,,,63.28,,,MOGSEC,0.0050825921219821435,19.48773165961916,2026-02-01,19.03061202809723,64.8,0.3007365996854809,,106.98584440266927,2026-02
2026-02-04,3636.1,3776.7,3636.1,3721.7,600107.0,0.0,MUTHOOTFIN,0.02690248882511992,3.5087226862628658,2026-02-01,3.4098634900419125,3493.1,0.0010044724417459753,18.0,106.98584440266927,
2026-02-04,371.95,378.5,370.75,374.9,9413750.0,0.0,NATIONALUM,0.010920857489550961,5.457907759827567,2026-02-01,5.308521518120002,354.2,0.013954789503441402,1.0,106.98584440266927,
2026-02-04,154.95,158.2,154.11,157.29,20559103.0,0.0,SAIL,0.01898160145115302,3.5087226862628658,2026-02-01,3.6517368578196665,148.63,0.02360709605236403,20.0,106.98584440266927,
2026-02-04,1064.2,1073.9,1056.3,1068.2,7312276.0,0.0,SBIN,0.0037586919751926295,4.077872958080127,2026-02-01,4.0439900606426145,1018.2,0.0037759953098296817,6.0,106.98584440266927,
2026-02-04,1010.4,1011.2,995.5,998.8,4402517.0,0.0,SHRIRAMFIN,-0.001599360255897686,3.8072471481448256,2026-02-01,3.7281161289873053,997.6,0.0036465738759976257,4.0,106.98584440266927,
2026-02-04,174.4,176.99,171.9,176.11,13200784.0,0.0,UNIONBANK,0.009747147525944744,3.5087226862628658,2026-02-01,3.4184617851170245,169.37,0.020716317448561526,14.0,106.98584440266927,
2026-02-04,680.0,693.95,677.6,687.8,13319058.0,0.0,VEDL,0.017982683341966954,4.193056381473111,2026-02-01,4.2315078558832155,655.15,0.006170101022740859,2.0,106.98584440266927,
2026-02-05,201.25,202.86,200.0,201.5,14809572.0,0.0,ASHOKLEY,0.002886721083018129,3.5087226862628658,2026-02-01,3.5945275371496637,189.06,0.018558778621934124,11.0,106.02484493092496,
2026-02-05,1340.0,1340.0,1317.4,1330.6,3766488.0,0.0,AXISBANK,-0.006050646149249328,3.5087226862628658,2026-02-01,3.4068202031095804,1340.4,0.002617668372323833,16.0,106.02484493092496,
2026-02-05,160.95,164.87,160.83,163.46,12318378.0,0.0,BANKINDIA,0.015721120984278913,3.5087226862628658,2026-02-01,3.495038453970312,150.44,0.023323070235727637,3.0,106.02484493092496,
2026-02-05,148.0,149.58,147.57,148.29,16041047.0,0.0,CANBK,0.005355932203389813,3.538623754691894,2026-02-01,3.5595069636634173,141.05,0.024107957607331296,12.0,106.02484493092496,
2026-02-05,287.9,289.15,285.4,287.6,2481799.0,0.0,FEDERALBNK,0.0006958942240780086,3.5087226862628658,2026-02-01,3.5068936388156384,285.1,0.012306989429192793,9.0,106.02484493092496,
2026-02-05,125.88,,,125.22,,,GOLDBEES,-0.03379629629629621,12.991821106412775,2026-02-01,13.300922565162354,122.31,0.10622043255999325,,106.02484493092496,2026-02
2026-02-05,796.0,798.35,776.05,779.55,657238.0,0.0,HBLENGINE,-0.02422080360495682,2.9556427278213637,2026-02-01,2.9403666264333133,760.9,0.003771876885938443,15.0,106.02484493092496,
2026-02-05,943.15,943.15,923.7,935.45,4580529.0,0.0,HINDALCO,-0.030571532203741092,4.547716535433066,2026-02-01,4.419448818897633,908.2,0.004724409448818898,5.0,106.02484493092496,
2026-02-05,588.0,620.0,577.6,607.3,31154519.0,0.0,HINDCOPPER,-0.0103479181944105,3.5087226862628658,2026-02-01,3.106644244594603,599.25,0.005855190131435738,10.0,106.02484493092496,
2026-02-05,600.0,612.7,593.25,610.8,16770606.0,0.0,HINDZINC,-0.04450527962456008,3.5087226862628658,2026-02-01,3.409909016339473,570.1,0.006154574085709289,17.0,106.02484493092496,
2026-02-05,876.0,882.95,871.7,879.5,904730.0,0.0,INDIANB,0.0002843332385555897,3.5087226862628658,2026-02-01,3.3847993885797862,843.15,0.0041614453967418205,8.0,106.02484493092496,
2026-02-05,549.9,549.9,535.0,536.05,586928.0,0.0,JKTYRE,-0.019121683440073256,3.8441583347723856,2026-02-01,3.965097316441672,499.3,0.007197157420603463,19.0,106.02484493092496,
2026-02-05,372.55,382.5,369.05,375.3,2878240.0,0.0,M&MFIN,0.014324324324324289,3.7179030577840386,2026-02-01,3.715428085704565,358.55,0.010006179589583698,7.0,106.02484493092496,
2026-02-05,2475.0,2477.9,2393.0,2410.4,5412056.0,0.0,MCX,-0.0522549443636221,3.5087226862628658,2026-02-01,3.3455004600348146,2233.3,0.0015710933086745468,13.0,106.02484493092496,
2026-02-05,62.97,,,64.88,,,MOGSEC,0.025284450063211006,19.48773165961916,2026-02-01,19.511790587593996,64.8,0.3007365996854809,,106.02484493092496,2026-02
2026-02-05,3630.5,3630.5,3531.0,3578.8,689465.0,0.0,MUTHOOTFIN,-0.03839643173818408,3.5087226862628658,2026-02-01,3.2789368993099917,3493.1,0.0010044724417459753,18.0,106.02484493092496,
2026-02-05,360.0,365.6,352.25,363.85,12183411.0,0.0,NATIONALUM,-0.029474526540410606,5.457907759827567,2026-02-01,5.152055359743833,354.2,0.013954789503441402,1.0,106.02484493092496,
2026-02-05,155.9,160.0,152.29,158.5,22567786.0,0.0,SAIL,0.007692796744866115,3.5087226862628658,2026-02-01,3.6798289272326095,148.63,0.02360709605236403,20.0,106.02484493092496,
2026-02-05,1068.2,1081.0,1067.5,1073.5,9551567.0,0.0,SBIN,0.0049616176745928,4.077872958080127,2026-02-01,4.064054793203376,1018.2,0.0037759953098296817,6.0,106.02484493092496,
2026-02-05,995.5,998.0,972.4,992.0,5775866.0,0.0,SHRIRAMFIN,-0.006808169803764419,3.8072471481448256,2026-02-01,3.7027344813330068,997.6,0.0036465738759976257,4.0,106.02484493092496,
2026-02-05,176.11,179.2,175.51,177.92,11292976.0,0.0,UNIONBANK,0.010277667366986432,3.5087226862628658,2026-02-01,3.453595598251212,169.37,0.020716317448561526,14.0,106.02484493092496,
2026-02-05,660.05,665.3,644.2,655.2,18234038.0,0.0,VEDL,-0.047397499273044374,4.193056381473111,2026-02-01,4.03094496536011,655.15,0.006170101022740859,2.0,106.02484493092496,
2026-02-06,201.5,203.0,199.26,201.84,9580410.0,0.0,ASHOKLEY,0.0016873449131513674,3.5087226862628658,2026-02-01,3.6005927449046555,189.06,0.018558778621934124,11.0,105.570703269395,
2026-02-06,1325.0,1346.4,1324.7,1341.6,5876574.0,0.0,AXISBANK,0.008266947241845735,3.5087226862628658,2026-02-01,3.4349842059911415,1340.4,0.002617668372323833,16.0,105.570703269395,
2026-02-06,163.38,164.85,161.0,163.66,12267604.0,0.0,BANKINDIA,0.0012235409274439224,3.5087226862628658,2026-02-01,3.4993147765617354,150.44,0.023323070235727637,3.0,105.570703269395,
2026-02-06,148.0,149.2,144.86,147.31,21884724.0,0.0,CANBK,-0.006608672196371956,3.538623754691894,2026-02-01,3.5359833489598627,141.05,0.024107957607331296,12.0,105.570703269395,
2026-02-06,289.0,289.15,284.35,286.8,5682140.0,0.0,FEDERALBNK,-0.002781641168289384,3.5087226862628658,2026-02-01,3.4971387190970966,285.1,0.012306989429192793,9.0,105.570703269395,
2026-02-06,123.89,,,125.04,,,GOLDBEES,-0.0014374700527072237,12.991821106412775,2026-02-01,13.281802887301554,122.31,0.10622043255999325,,105.570703269395,2026-02
2026-02-06,776.0,796.4,764.6,784.7,1009287.0,0.0,HBLENGINE,0.006606375473029447,2.9556427278213637,2026-02-01,2.9597917923958965,760.9,0.003771876885938443,15.0,105.570703269395,
2026-02-06,926.0,944.0,922.0,942.55,3830296.0,0.0,HINDALCO,0.007589929980223342,4.547716535433066,2026-02-01,4.452992125984247,908.2,0.004724409448818898,5.0,105.570703269395,
2026-02-06,587.4,601.15,575.75,579.85,27714476.0,0.0,HINDCOPPER,-0.04520006586530534,3.5087226862628658,2026-02-01,2.9662237201188555,599.25,0.005855190131435738,10.0,105.570703269395,
2026-02-06,595.0,610.8,594.0,608.95,11409412.0,0.0,HINDZINC,-0.003028814669286062,3.5087226862628658,2026-02-01,3.3995810338898536,570.1,0.006154574085709289,17.0,105.570703269395,
2026-02-06,878.3,882.3,862.25,871.2,1237331.0,0.0,INDIANB,-0.009437180216031793,3.5087226862628658,2026-02-01,3.3528564267546446,843.15,0.0041614453967418205,8.0,105.570703269395,
2026-02-06,532.0,544.0,520.6,541.45,1181339.0,0.0,JKTYRE,0.01007368715604895,3.8441583347723856,2026-02-01,4.005040466350795,499.3,0.007197157420603463,19.0,105.570703269395,
2026-02-06,375.0,385.2,370.0,380.45,1933736.0,0.0,M&MFIN,0.013722355448974044,3.7179030577840386,2026-02-01,3.7664125105417043,358.55,0.010006179589583698,7.0,105.570703269395,
2026-02-06,2380.0,2396.9,2327.9,2380.4,4957750.0,0.0,MCX,-0.01244606704281448,3.5087226862628658,2026-02-01,3.3038621370174543,2233.3,0.0015710933086745468,13.0,105.570703269395,
2026-02-06,63.64,,,63.2,,,MOGSEC,-0.025893958076448675,19.48773165961916,2026-02-01,19.006553100122392,64.8,0.3007365996854809,,105.570703269395,2026-02
2026-02-06,3549.0,3712.8,3470.4,3704.2,827152.0,0.0,MUTHOOTFIN,0.03503967810439246,3.5087226862628658,2026-02-01,3.3938297927864287,3493.1,0.0010044724417459753,18.0,105.570703269395,
2026-02-06,356.0,357.5,349.55,354.65,12608116.0,0.0,NATIONALUM,-0.025285144977325924,5.457907759827567,2026-02-01,5.021784893041501,354.2,0.013954789503441402,1.0,105.570703269395,
2026-02-06,158.0,161.3,156.49,160.52,29587522.0,0.0,SAIL,0.012744479495268246,3.5087226862628658,2026-02-01,3.7267264315418203,148.63,0.02360709605236403,20.0,105.570703269395,
2026-02-06,1070.0,1073.6,1051.0,1066.4,7041557.0,0.0,SBIN,-0.006613879832324088,4.077872958080127,2026-02-01,4.037175623169149,1018.2,0.0037759953098296817,6.0,105.570703269395,
2026-02-06,994.0,1005.0,972.9,1002.5,3270421.0,0.0,SHRIRAMFIN,0.01058467741935476,3.8072471481448256,2026-02-01,3.7419267313874385,997.6,0.0036465738759976257,4.0,105.570703269395,
2026-02-06,177.5,178.69,174.55,178.13,9274510.0,0.0,UNIONBANK,0.0011803057553956275,3.5087226862628658,2026-02-01,3.457671897012637,169.37,0.020716317448561526,14.0,105.570703269395,
2026-02-06,643.0,673.35,640.25,671.05,16866400.0,0.0,VEDL,0.024191086691086605,4.193056381473111,2026-02-01,4.128457904464135,655.15,0.006170101022740859,2.0,105.570703269395,
2026-02-09,202.8,206.38,200.79,205.8,9662823.0,0.0,ASHOKLEY,0.019619500594530326,3.5087226862628658,2026-02-01,3.671234576403974,189.06,0.018558778621934124,11.0,107.44405188943465,
2026-02-09,1350.0,1350.0,1330.7,1341.4,4077536.0,0.0,AXISBANK,-0.00014907573047096,3.5087226862628658,2026-02-01,3.4344721332114774,1340.4,0.002617668372323833,16.0,107.44405188943465,
2026-02-09,166.0,170.5,165.69,168.41,14437299.0,0.0,BANKINDIA,0.029023585482097047,3.5087226862628658,2026-02-01,3.60087743810804,150.44,0.023323070235727637,3.0,107.44405188943465,
2026-02-09,148.65,150.37,147.35,147.93,31077822.0,0.0,CANBK,0.004208811350213892,3.538623754691894,2026-02-01,3.5508656358131323,141.05,0.024107957607331296,12.0,107.44405188943465,
2026-02-09,288.7,288.7,284.6,286.65,3613561.0,0.0,FEDERALBNK,-0.0005230125523013607,3.5087226862628658,2026-02-01,3.4953096716498697,285.1,0.012306989429192793,9.0,107.44405188943465,
2026-02-09,129.1,,,127.98,,,GOLDBEES,0.023512476007677474,12.991821106412775,2026-02-01,13.594090959027934,122.31,0.10622043255999325,,107.44405188943465,2026-02
2026-02-09,785.0,807.85,753.0,773.3,5121810.0,0.0,HBLENGINE,-0.014527845036319764,2.9556427278213637,2026-02-01,2.9167923958961977,760.9,0.003771876885938443,15.0,107.44405188943465,
2026-02-09,960.5,970.7,948.3,964.25,5294536.0,0.0,HINDALCO,0.023022651318232557,4.547716535433066,2026-02-01,4.555511811023618,908.2,0.004724409448818898,5.0,107.44405188943465,
2026-02-09,594.25,610.5,592.85,598.0,24271749.0,0.0,HINDCOPPER,0.03130119858584113,3.5087226862628658,2026-02-01,3.0590700778323283,599.25,0.005855190131435738,10.0,107.44405188943465,
2026-02-09,625.0,630.5,614.25,629.1,7574577.0,0.0,HINDZINC,0.03308974464241721,3.5087226862628658,2026-02-01,3.5120723021924736,570.1,0.006154574085709289,17.0,107.44405188943465,
2026-02-09,881.0,910.6,881.0,902.5,2416660.0,0.0,INDIANB,0.03592745638200179,3.5087226862628658,2026-02-01,3.4733160297819863,843.15,0.0041614453967418205,8.0,107.44405188943465,
2026-02-09,550.0,582.6,538.05,555.85,6695807.0,0.0,JKTYRE,0.026595253486009662,3.8441583347723856,2026-02-01,4.11155553277512,499.3,0.007197157420603463,19.0,107.44405188943465,
2026-02-09,380.45,391.0,375.05,389.9,2045538.0,0.0,M&MFIN,0.02483900643974235,3.7179030577840386,2026-02-01,3.859966455145776,358.55,0.010006179589583698,7.0,107.44405188943465,
2026-02-09,2430.0,2457.1,2391.0,2434.9,3235535.0,0.0,MCX,0.02289531171231718,3.5087226862628658,2026-02-01,3.379505090498992,2233.3,0.0015710933086745468,13.0,107.44405188943465,
2026-02-09,63.06,,,62.97,,,MOGSEC,-0.0036392405063291333,19.48773165961916,2026-02-01,18.93738368219473,64.8,0.3007365996854809,,107.44405188943465,2026-02
2026-02-09,3722.4,3799.6,3722.4,3779.8,505069.0,0.0,MUTHOOTFIN,0.02040926515846886,3.5087226862628658,2026-02-01,3.4630953649301186,3493.1,0.0010044724417459753,18.0,107.44405188943465,
2026-02-09,358.25,368.9,358.25,365.2,8166050.0,0.0,NATIONALUM,0.029747638516847585,5.457907759827567,2026-02-01,5.171171134749066,354.2,0.013954789503441402,1.0,107.44405188943465,
2026-02-09,161.05,161.9,157.17,158.38,22102148.0,0.0,SAIL,-0.013331672065786337,3.5087226862628658,2026-02-01,3.6770429368776063,148.63,0.02360709605236403,20.0,107.44405188943465,
2026-02-09,1120.0,1150.0,1100.5,1146.0,40852966.0,0.0,SBIN,0.07464366091522878,4.077872958080127,2026-02-01,4.338525191440214,1018.2,0.0037759953098296817,6.0,107.44405188943465,
2026-02-09,1005.0,1067.8,1003.4,1062.7,8667620.0,0.0,SHRIRAMFIN,0.06004987531172068,3.8072471481448256,2026-02-01,3.966628965032849,997.6,0.0036465738759976257,4.0,107.44405188943465,
2026-02-09,181.0,182.1,178.92,179.98,15467264.0,0.0,UNIONBANK,0.010385673384606608,3.5087226862628658,2026-02-01,3.4935821480061433,169.37,0.020716317448561526,14.0,107.44405188943465,
2026-02-09,682.0,686.1,670.9,679.75,10904101.0,0.0,VEDL,0.012964756724536342,4.193056381473111,2026-02-01,4.181982356843002,655.15,0.006170101022740859,2.0,107.44405188943465,
2026-02-10,206.7,211.0,204.92,209.73,12114047.0,0.0,ASHOKLEY,0.019096209912536244,3.5087226862628658,2026-02-01,3.7413412425131454,189.06,0.018558778621934124,11.0,107.93532111869968,
2026-02-10,1352.6,1360.1,1343.3,1356.7,5478998.0,0.0,AXISBANK,0.011405993737885867,3.5087226862628658,2026-02-01,3.4736457008558306,1340.4,0.002617668372323833,16.0,107.93532111869968,
2026-02-10,168.5,168.94,165.35,167.57,6303083.0,0.0,BANKINDIA,-0.004987827326168315,3.5087226862628658,2026-02-01,3.5829168832240623,150.44,0.023323070235727637,3.0,107.93532111869968,
2026-02-10,148.0,148.53,146.45,146.83,18264415.0,0.0,CANBK,-0.0074359494355438205,3.538623754691894,2026-02-01,3.5244615784928155,141.05,0.024107957607331296,12.0,107.93532111869968,
2026-02-10,286.5,288.1,281.1,282.25,5142766.0,0.0,FEDERALBNK,-0.015349729635443898,3.5087226862628658,2026-02-01,3.441657613197892,285.1,0.012306989429192793,9.0,107.93532111869968,
2026-02-10,127.98,,,128.34,,,GOLDBEES,0.002812939521800173,12.991821106412775,2026-02-01,13.632330314749531,122.31,0.10622043255999325,,107.93532111869968,2026-02
2026-02-10,778.3,793.0,775.45,780.3,940137.0,0.0,HBLENGINE,0.009052114315272197,2.9556427278213637,2026-02-01,2.9431955340977667,760.9,0.003771876885938443,15.0,107.93532111869968,
2026-02-10,970.25,976.65,955.0,968.9,4101779.0,0.0,HINDALCO,0.004822400829660234,4.547716535433066,2026-02-01,4.577480314960624,908.2,0.004724409448818898,5.0,107.93532111869968,
2026-02-10,610.0,610.0,595.0,597.55,12379419.0,0.0,HINDCOPPER,-0.0007525083612041072,3.5087226862628658,2026-02-01,3.05676810202125,599.25,0.005855190131435738,10.0,107.93532111869968,
2026-02-10,632.0,632.45,613.3,617.7,7580536.0,0.0,HINDZINC,-0.01812112541726274,3.5087226862628658,2026-02-01,3.448429599529949,570.1,0.006154574085709289,17.0,107.93532111869968,
2026-02-10,906.9,915.8,897.8,906.05,1698438.0,0.0,INDIANB,0.003933518005540204,3.5087226862628658,2026-02-01,3.4869783809240653,843.15,0.0041614453967418205,8.0,107.93532111869968,
2026-02-10,560.0,588.0,559.55,571.65,2738362.0,0.0,JKTYRE,0.028424934784564204,3.8441583347723856,2026-02-01,4.228426230657367,499.3,0.007197157420603463,19.0,107.93532111869968,
2026-02-10,390.0,396.9,386.0,392.8,2928837.0,0.0,M&MFIN,0.0074378045652732094,3.7179030577840386,2026-02-01,3.8886761312676605,358.55,0.010006179589583698,7.0,107.93532111869968,
2026-02-10,2447.0,2494.5,2435.0,2470.7,3096524.0,0.0,MCX,0.014702862540555861,3.5087226862628658,2026-02-01,3.429193489299707,2233.3,0.0015710933086745468,13.0,107.93532111869968,
2026-02-10,63.33,,,63.16,,,MOGSEC,0.0030173098300778634,19.48773165961916,2026-02-01,18.99452363613497,64.8,0.3007365996854809,,107.93532111869968,2026-02
2026-02-10,3790.5,3892.0,3759.2,3882.0,542510.0,0.0,MUTHOOTFIN,0.027038467643790698,3.5087226862628658,2026-02-01,3.5567321569021435,3493.1,0.0010044724417459753,18.0,107.93532111869968,
2026-02-10,369.0,370.35,363.55,368.65,8272261.0,0.0,NATIONALUM,0.009446878422781912,5.457907759827567,2026-02-01,5.22002255976244,354.2,0.013954789503441402,1.0,107.93532111869968,
2026-02-10,158.49,161.48,156.22,160.99,28657528.0,0.0,SAIL,0.016479353453719092,3.5087226862628658,2026-02-01,3.7376382270989135,148.63,0.02360709605236403,20.0,107.93532111869968,
2026-02-10,1151.0,1154.0,1138.1,1144.1,17280036.0,0.0,SBIN,-0.0016579406631763716,4.077872958080127,2026-02-01,4.33133217410711,1018.2,0.0037759953098296817,6.0,107.93532111869968,
2026-02-10,1064.9,1066.8,1036.5,1048.6,4345362.0,0.0,SHRIRAMFIN,-0.013268090712336589,3.8072471481448256,2026-02-01,3.913999372102611,997.6,0.0036465738759976257,4.0,107.93532111869968,
2026-02-10,181.0,181.0,177.5,179.26,8405977.0,0.0,UNIONBANK,-0.004000444493832633,3.5087226862628658,2026-02-01,3.4796062665384007,169.37,0.020716317448561526,14.0,107.93532111869968,
2026-02-10,686.0,692.75,678.0,690.15,10605218.0,0.0,VEDL,0.015299742552408846,4.193056381473111,2026-02-01,4.245965610261415,655.15,0.006170101022740859,2.0,107.93532111869968,
2026-02-11,210.5,215.42,202.56,206.35,53661132.0,0.0,ASHOKLEY,-0.016115958613455383,3.5087226862628658,2026-02-01,3.6810459418899892,189.06,0.018558778621934124,11.0,108.2815248351079,
2026-02-11,1358.0,1360.0,1344.8,1347.3,3866272.0,0.0,AXISBANK,-0.006928576693447375,3.5087226862628658,2026-02-01,3.449578280211587,1340.4,0.002617668372323833,16.0,108.2815248351079,
2026-02-11,167.5,167.6,163.11,167.13,8276865.0,0.0,BANKINDIA,-0.0026257683356208927,3.5087226862628658,2026-02-01,3.5735089735229315,150.44,0.023323070235727637,3.0,108.2815248351079,
2026-02-11,147.34,147.34,144.0,145.51,31370839.0,0.0,CANBK,-0.00898998842198473,3.538623754691894,2026-02-01,3.4927767097084352,141.05,0.024107957607331296,12.0,108.2815248351079,
2026-02-11,281.9,293.5,279.65,290.5,16329588.0,0.0,FEDERALBNK,0.029229406554472925,3.5087226862628658,2026-02-01,3.5422552227953505,285.1,0.012306989429192793,9.0,108.2815248351079,
2026-02-11,128.34,,,128.7,,,GOLDBEES,0.0028050490883588797,12.991821106412775,2026-02-01,13.670569670471124,122.31,0.10622043255999325,,108.2815248351079,2026-02
2026-02-11,788.0,817.0,768.0,772.4,5681063.0,0.0,HBLENGINE,-0.010124311162373445,2.9556427278213637,2026-02-01,2.913397706698853,760.9,0.003771876885938443,15.0,108.2815248351079,
2026-02-11,970.0,972.0,950.15,965.95,6275356.0,0.0,HINDALCO,-0.0030446898544740364,4.547716535433066,2026-02-01,4.563543307086609,908.2,0.004724409448818898,5.0,108.2815248351079,
2026-02-11,601.0,607.45,593.8,603.7,10230524.0,0.0,HINDCOPPER,0.010292025771902136,3.5087226862628658,2026-02-01,3.0882284381059812,599.25,0.005855190131435738,10.0,108.2815248351079,
2026-02-11,623.0,631.0,617.9,628.55,6425398.0,0.0,HINDZINC,0.017565161081430913,3.5087226862628658,2026-02-01,3.509001820923667,570.1,0.006154574085709289,17.0,108.2815248351079,
2026-02-11,910.55,910.85,876.9,897.3,2377332.0,0.0,INDIANB,-0.009657303680812301,3.5087226862628658,2026-02-01,3.453303571771054,843.15,0.0041614453967418205,8.0,108.2815248351079,
2026-02-11,574.4,611.9,569.35,604.9,6676372.0,0.0,JKTYRE,0.05816496107758251,3.8441583347723856,2026-02-01,4.474372477782981,499.3,0.007197157420603463,19.0,108.2815248351079,
2026-02-11,390.2,394.35,381.0,382.45,1835572.0,0.0,M&MFIN,-0.026349287169042834,3.7179030577840386,2026-02-01,3.786212287177486,358.55,0.010006179589583698,7.0,108.2815248351079,
2026-02-11,2470.0,2470.0,2350.1,2372.8,6371079.0,0.0,MCX,-0.03962439794390238,3.5087226862628658,2026-02-01,3.2933137618530566,2233.3,0.0015710933086745468,13.0,108.2815248351079,
2026-02-11,63.12,,,63.11,,,MOGSEC,-0.0007916402786573018,19.48773165961916,2026-02-01,18.9794868061507,64.8,0.3007365996854809,,108.2815248351079,2026-02
2026-02-11,3909.0,3947.7,3896.0,3933.2,576889.0,0.0,MUTHOOTFIN,0.013189077794951043,3.5087226862628658,2026-02-01,3.60364217401533,3493.1,0.0010044724417459753,18.0,108.2815248351079,
2026-02-11,368.1,371.7,365.8,367.7,9020339.0,0.0,NATIONALUM,-0.0025769700257696204,5.457907759827567,2026-02-01,5.206570718092091,354.2,0.013954789503441402,1.0,108.2815248351079,
2026-02-11,161.0,162.9,160.37,162.12,15729412.0,0.0,SAIL,0.007019069507422815,3.5087226862628658,2026-02-01,3.763872969608521,148.63,0.02360709605236403,20.0,108.2815248351079,
2026-02-11,1144.7,1187.5,1142.8,1182.9,29491859.0,0.0,SBIN,0.033913119482562815,4.077872958080127,2026-02-01,4.478221159646273,1018.2,0.0037759953098296817,6.0,108.2815248351079,
2026-02-11,1053.0,1059.3,1041.5,1056.8,4898578.0,0.0,SHRIRAMFIN,0.007819950410070664,3.8072471481448256,2026-02-01,3.944606653097501,997.6,0.0036465738759976257,4.0,108.2815248351079,
2026-02-11,179.98,180.58,176.11,180.33,10157636.0,0.0,UNIONBANK,0.005968983599241362,3.5087226862628658,2026-02-01,3.500375979275186,169.37,0.020716317448561526,14.0,108.2815248351079,
2026-02-11,695.0,705.0,689.5,701.15,11146383.0,0.0,VEDL,0.0159385640802725,4.193056381473111,2026-02-01,4.3136402052232,655.15,0.006170101022740859,2.0,108.2815248351079,
2026-02-12,206.4,212.35,204.63,211.02,36604082.0,0.0,ASHOKLEY,0.022631451417494564,3.5087226862628658,2026-02-01,3.7643533542894385,189.06,0.018558778621934124,11.0,108.45258038593535,
2026-02-12,1347.9,1357.7,1336.2,1340.0,4152620.0,0.0,AXISBANK,-0.0054182438951977385,3.5087226862628658,2026-02-01,3.430887623753824,1340.4,0.002617668372323833,16.0,108.45258038593535,
2026-02-12,166.2,166.9,163.54,165.28,5243794.0,0.0,BANKINDIA,-0.011069227547418126,3.5087226862628658,2026-02-01,3.5339529895522657,150.44,0.023323070235727637,3.0,108.45258038593535,
2026-02-12,145.5,145.8,143.65,144.81,20031934.0,0.0,CANBK,-0.004810665933612679,3.538623754691894,2026-02-01,3.4759741277773246,141.05,0.024107957607331296,12.0,108.45258038593535,
2026-02-12,292.6,293.2,286.1,287.1,9229784.0,0.0,FEDERALBNK,-0.011703958691910432,3.5087226862628658,2026-02-01,3.50079681399155,285.1,0.012306989429192793,9.0,108.45258038593535,
2026-02-12,129.0,,,128.52,,,GOLDBEES,-0.0013986013986012624,12.991821106412775,2026-02-01,13.651449992610328,122.31,0.10622043255999325,,108.45258038593535,2026-02
2026-02-12,775.0,788.0,772.1,776.95,1136085.0,0.0,HBLENGINE,0.0058907301916106825,2.9556427278213637,2026-02-01,2.9305597465298736,760.9,0.003771876885938443,15.0,108.45258038593535,
2026-02-12,950.0,966.55,943.95,964.4,4557796.0,0.0,HINDALCO,-0.0016046379212175665,4.547716535433066,2026-02-01,4.556220472440939,908.2,0.004724409448818898,5.0,108.45258038593535,
2026-02-12,606.0,628.7,602.05,624.7,27778672.0,0.0,HINDCOPPER,0.034785489481530485,3.5087226862628658,2026-02-01,3.1956539759562803,599.25,0.005855190131435738,10.0,108.45258038593535,
2026-02-12,629.95,634.0,621.35,623.7,4106081.0,0.0,HINDZINC,-0.0077161721422319696,3.5087226862628658,2026-02-01,3.4819257588260144,570.1,0.006154574085709289,17.0,108.45258038593535,
2026-02-12,897.05,897.05,877.0,880.7,2301586.0,0.0,INDIANB,-0.018499944277276192,3.5087226862628658,2026-02-01,3.389417648120771,843.15,0.0041614453967418205,8.0,108.45258038593535,
2026-02-12,604.95,606.3,580.5,582.75,2355500.0,0.0,JKTYRE,-0.03661762274756153,3.8441583347723856,2026-02-01,4.3105315943594515,499.3,0.007197157420603463,19.0,108.45258038593535,
2026-02-12,382.0,384.95,376.4,379.05,492099.0,0.0,M&MFIN,-0.008890050987057085,3.7179030577840386,2026-02-01,3.7525526668966562,358.55,0.010006179589583698,7.0,108.45258038593535,
2026-02-12,2376.0,2447.4,2339.6,2441.9,3463494.0,0.0,MCX,0.02912171274443698,3.5087226862628658,2026-02-01,3.3892206992030425,2233.3,0.0015710933086745468,13.0,108.45258038593535,
2026-02-12,63.37,,,63.22,,,MOGSEC,0.0017429884328949985,19.48773165961916,2026-02-01,19.0125678321161,64.8,0.3007365996854809,,108.45258038593535,2026-02
2026-02-12,3950.0,4082.9,3882.3,4066.9,918911.0,0.0,MUTHOOTFIN,0.03399267771788872,3.5087226862628658,2026-02-01,3.7261396210472246,3493.1,0.0010044724417459753,18.0,108.45258038593535,
2026-02-12,367.5,374.45,366.5,369.7,7845057.0,0.0,NATIONALUM,0.00543921675278769,5.457907759827567,2026-02-01,5.234890384766511,354.2,0.013954789503441402,1.0,108.45258038593535,
2026-02-12,162.12,163.0,159.33,160.35,11007640.0,0.0,SAIL,-0.010917838638045962,3.5087226862628658,2026-02-01,3.7227796118722325,148.63,0.02360709605236403,20.0,108.45258038593535,
2026-02-12,1183.0,1203.7,1174.8,1192.4,33214985.0,0.0,SBIN,0.008031109983937856,4.077872958080127,2026-02-01,4.51418624631179,1018.2,0.0037759953098296817,6.0,108.45258038593535,
2026-02-12,1053.5,1087.1,1049.7,1082.8,8462756.0,0.0,SHRIRAMFIN,0.02460257380772135,3.8072471481448256,2026-02-01,4.041654129422761,997.6,0.0036465738759976257,4.0,108.45258038593535,
2026-02-12,180.4,182.35,178.31,181.0,13347286.0,0.0,UNIONBANK,0.0037154106360559602,3.5087226862628658,2026-02-01,3.5133813134187797,169.37,0.020716317448561526,14.0,108.45258038593535,
2026-02-12,701.15,709.0,698.0,702.75,8735305.0,0.0,VEDL,0.0022819653426513486,4.193056381473111,2026-02-01,4.323483782672186,655.15,0.006170101022740859,2.0,108.45258038593535,
2026-02-13,210.12,212.87,203.8,204.63,26832686.0,0.0,ASHOKLEY,-0.030281489906170078,3.5087226862628658,2026-02-01,3.650363126188265,189.06,0.018558778621934124,11.0,105.99166596129294,
2026-02-13,1341.3,1346.5,1316.1,1332.3,4624549.0,0.0,AXISBANK,-0.005746268656716458,3.5087226862628658,2026-02-01,3.4111728217367308,1340.4,0.002617668372323833,16.0,105.99166596129294,
2026-02-13,164.1,164.45,161.26,161.79,8120034.0,0.0,BANKINDIA,-0.021115682478218822,3.5087226862628658,2026-02-01,3.459331160331928,150.44,0.023323070235727637,3.0,105.99166596129294,
2026-02-13,143.8,143.8,141.42,141.77,14139257.0,0.0,CANBK,-0.020993025343553517,3.538623754691894,2026-02-01,3.403002914819359,141.05,0.024107957607331296,12.0,105.99166596129294,
2026-02-13,287.05,290.55,285.1,288.3,6202181.0,0.0,FEDERALBNK,0.004179728317659226,3.5087226862628658,2026-02-01,3.5154291935693616,285.1,0.012306989429192793,9.0,105.99166596129294,
2026-02-13,126.5,,,126.1,,,GOLDBEES,-0.01882975412387189,12.991821106412775,2026-02-01,13.394396545815143,122.31,0.10622043255999325,,105.99166596129294,2026-02
2026-02-13,772.0,774.45,760.0,762.6,760201.0,0.0,HBLENGINE,-0.01846965699208447,2.9556427278213637,2026-02-01,2.876433313216657,760.9,0.003771876885938443,15.0,105.99166596129294,
2026-02-13,923.55,932.65,901.0,909.0,10170485.0,0.0,HINDALCO,-0.05744504355039404,4.547716535433066,2026-02-01,4.294488188976373,908.2,0.004724409448818898,5.0,105.99166596129294,
2026-02-13,606.0,613.0,585.0,591.65,16167639.0,0.0,HINDCOPPER,-0.05290539458940302,3.5087226862628658,2026-02-01,3.026586641387119,599.25,0.005855190131435738,10.0,105.99166596129294,
2026-02-13,599.95,608.0,591.0,592.85,9424678.0,0.0,HINDZINC,-0.049462882796216134,3.5087226862628658,2026-02-01,3.3096996731120774,570.1,0.006154574085709289,17.0,105.99166596129294,
2026-02-13,875.0,881.9,864.15,873.7,877486.0,0.0,INDIANB,-0.007948223004428323,3.5087226862628658,2026-02-01,3.362477800798362,843.15,0.0041614453967418205,8.0,105.99166596129294,
2026-02-13,582.0,598.0,575.5,587.95,2096508.0,0.0,JKTYRE,0.00892320892320897,3.8441583347723856,2026-02-01,4.348995368346014,499.3,0.007197157420603463,19.0,105.99166596129294,
2026-02-13,377.2,377.2,361.55,363.45,1023886.0,0.0,M&MFIN,-0.041155520379897115,3.7179030577840386,2026-02-01,3.598114409137554,358.55,0.010006179589583698,7.0,105.99166596129294,
2026-02-13,2380.0,2404.4,2321.2,2340.6,3459271.0,0.0,MCX,-0.04148409025758637,3.5087226862628658,2026-02-01,3.2486219618144236,2233.3,0.0015710933086745468,13.0,105.99166596129294,
2026-02-13,64.05,,,63.28,,,MOGSEC,0.000949066751028127,19.48773165961916,2026-02-01,19.03061202809723,64.8,0.3007365996854809,,105.99166596129294,2026-02
2026-02-13,3870.0,3870.0,3552.7,3586.1,6498829.0,0.0,MUTHOOTFIN,-0.11822272492561903,3.5087226862628658,2026-02-01,3.2856252415937086,3493.1,0.0010044724417459753,18.0,105.99166596129294,
2026-02-13,360.0,361.25,348.35,349.3,10586115.0,0.0,NATIONALUM,-0.055179875574790316,5.457907759827567,2026-02-01,4.946029784687428,354.2,0.013954789503441402,1.0,105.99166596129294,
2026-02-13,157.8,161.3,155.0,159.28,19899685.0,0.0,SAIL,-0.006672903024633525,3.5087226862628658,2026-02-01,3.6979378645401257,148.63,0.02360709605236403,20.0,105.99166596129294,
2026-02-13,1189.0,1201.0,1184.5,1198.6,18141390.0,0.0,SBIN,0.005199597450519899,4.077872958080127,2026-02-01,4.537658197609285,1018.2,0.0037759953098296817,6.0,105.99166596129294,
2026-02-13,1081.8,1086.0,1060.0,1065.8,4555743.0,0.0,SHRIRAMFIN,-0.01570003694126343,3.8072471481448256,2026-02-01,3.978200010287014,997.6,0.0036465738759976257,4.0,105.99166596129294,
2026-02-13,180.0,180.76,178.1,178.87,8733451.0,0.0,UNIONBANK,-0.011767955801104901,3.5087226862628658,2026-02-01,3.4720359974100394,169.37,0.020716317448561526,14.0,105.99166596129294,
2026-02-13,685.0,685.0,662.55,673.65,15868021.0,0.0,VEDL,-0.04140875133404487,4.193056381473111,2026-02-01,4.144453717818738,655.15,0.006170101022740859,2.0,105.99166596129294,
2026-02-16,204.95,206.89,203.0,205.86,11066053.0,0.0,ASHOKLEY,0.006010848849142381,3.5087226862628658,2026-02-01,3.6723049071842655,189.06,0.018558778621934124,11.0,106.38635748311482,
2026-02-16,1324.0,1361.9,1324.0,1358.3,5082167.0,0.0,AXISBANK,0.01951512422127144,3.5087226862628658,2026-02-01,3.477742283093148,1340.4,0.002617668372323833,16.0,106.38635748311482,
2026-02-16,161.0,166.21,159.56,165.61,9299801.0,0.0,BANKINDIA,0.02361085357562276,3.5087226862628658,2026-02-01,3.541008921828114,150.44,0.023323070235727637,3.0,106.38635748311482,
2026-02-16,141.0,146.27,140.15,145.84,18090364.0,0.0,CANBK,0.028708471467870478,3.538623754691894,2026-02-01,3.5006979269045306,141.05,0.024107957607331296,12.0,106.38635748311482,
2026-02-16,287.15,289.75,285.35,289.0,4743148.0,0.0,FEDERALBNK,0.0024280263614291364,3.5087226862628658,2026-02-01,3.5239647483230856,285.1,0.012306989429192793,9.0,106.38635748311482,
2026-02-16,127.08,,,126.92,,,GOLDBEES,0.0065027755749405,12.991821106412775,2026-02-01,13.48149730051434,122.31,0.10622043255999325,,106.38635748311482,2026-02
2026-02-16,758.0,758.0,735.0,738.25,1035664.0,0.0,HBLENGINE,-0.03193023865722533,2.9556427278213637,2026-02-01,2.7845881110440556,760.9,0.003771876885938443,15.0,106.38635748311482,
2026-02-16,895.0,910.3,889.5,907.45,6943209.0,0.0,HINDALCO,-0.0017051705170516573,4.547716535433066,2026-02-01,4.287165354330703,908.2,0.004724409448818898,5.0,106.38635748311482,
2026-02-16,585.0,585.0,568.3,574.4,11668799.0,0.0,HINDCOPPER,-0.029155750866221575,3.5087226862628658,2026-02-01,2.938344235295802,599.25,0.005855190131435738,10.0,106.38635748311482,
2026-02-16,585.95,596.3,582.6,594.1,4181298.0,0.0,HINDZINC,0.0021084591380620132,3.5087226862628658,2026-02-01,3.3166780396320914,570.1,0.006154574085709289,17.0,106.38635748311482,
2026-02-16,869.0,892.4,863.1,888.9,1290153.0,0.0,INDIANB,0.017397275952844238,3.5087226862628658,2026-02-01,3.420975754984164,843.15,0.0041614453967418205,8.0,106.38635748311482,
2026-02-16,591.0,601.8,576.45,582.6,1788159.0,0.0,JKTYRE,-0.009099413215409524,3.8441583347723856,2026-02-01,4.309422062417531,499.3,0.007197157420603463,19.0,106.38635748311482,
2026-02-16,363.45,371.5,358.0,369.55,990453.0,0.0,M&MFIN,0.01678360159581782,3.7179030577840386,2026-02-01,3.65850372787669,358.55,0.010006179589583698,7.0,106.38635748311482,
2026-02-16,2240.0,2358.2,2168.0,2339.7,5065061.0,0.0,MCX,-0.0003845167905666136,3.5087226862628658,2026-02-01,3.2473728121239023,2233.3,0.0015710933086745468,13.0,106.38635748311482,
2026-02-16,64.86,,,63.25,,,MOGSEC,-0.0004740834386852688,19.48773165961916,2026-02-01,19.021589930106664,64.8,0.3007365996854809,,106.38635748311482,2026-02
2026-02-16,3580.0,3580.0,3450.0,3498.2,1558907.0,0.0,MUTHOOTFIN,-0.024511307548590433,3.5087226862628658,2026-02-01,3.2050902708075935,3493.1,0.0010044724417459753,18.0,106.38635748311482,
2026-02-16,346.0,349.1,341.5,348.4,9841101.0,0.0,NATIONALUM,-0.0025765817348984976,5.457907759827567,2026-02-01,4.933285934683939,354.2,0.013954789503441402,1.0,106.38635748311482,
2026-02-16,158.0,160.14,157.25,159.58,8429730.0,0.0,SAIL,0.0018834756403818265,3.5087226862628658,2026-02-01,3.704902840427633,148.63,0.02360709605236403,20.0,106.38635748311482,
2026-02-16,1194.0,1212.3,1185.3,1208.1,14972739.0,0.0,SBIN,0.007925913565826725,4.077872958080127,2026-02-01,4.573623284274801,1018.2,0.0037759953098296817,6.0,106.38635748311482,
2026-02-16,1065.8,1088.3,1052.8,1085.4,5096496.0,0.0,SHRIRAMFIN,0.018389941827735123,3.8072471481448256,2026-02-01,4.0513588770552875,997.6,0.0036465738759976257,4.0,106.38635748311482,
2026-02-16,178.0,184.0,176.08,183.09,8656305.0,0.0,UNIONBANK,0.023592553250964432,3.5087226862628658,2026-02-01,3.5539501915682012,169.37,0.020716317448561526,14.0,106.38635748311482,
2026-02-16,669.0,681.45,665.25,679.8,6387272.0,0.0,VEDL,0.009129369850812807,4.193056381473111,2026-02-01,4.1822899686382815,655.15,0.006170101022740859,2.0,106.38635748311482,
2026-02-17,205.86,208.25,203.86,207.68,7435573.0,0.0,ASHOKLEY,0.008840959875643595,3.5087226862628658,2026-02-01,3.704771607519811,189.06,0.018558778621934124,11.0,106.15966640480224,
2026-02-17,1358.3,1360.9,1350.4,1357.2,4513065.0,0.0,AXISBANK,-0.0008098358241919179,3.5087226862628658,2026-02-01,3.4749258828049925,1340.4,0.002617668372323833,16.0,106.15966640480224,
2026-02-17,165.6,171.0,165.0,170.21,15325479.0,0.0,BANKINDIA,0.02777610047702428,3.5087226862628658,2026-02-01,3.639364341430851,150.44,0.023323070235727637,3.0,106.15966640480224,
2026-02-17,145.8,149.9,144.8,149.11,24239721.0,0.0,CANBK,0.02242183214481641,3.538623754691894,2026-02-01,3.579189988211291,141.05,0.024107957607331296,12.0,106.15966640480224,
2026-02-17,289.0,291.05,282.6,288.85,7052510.0,0.0,FEDERALBNK,-0.0005190311418684646,3.5087226862628658,2026-02-01,3.522135700875859,285.1,0.012306989429192793,9.0,106.15966640480224,
2026-02-17,126.0,,,124.58,,,GOLDBEES,-0.018436810589347652,12.991821106412775,2026-02-01,13.232941488323956,122.31,0.10622043255999325,,106.15966640480224,2026-02
2026-02-17,739.9,754.95,739.15,745.7,712574.0,0.0,HBLENGINE,0.010091432441584836,2.9556427278213637,2026-02-01,2.8126885938442974,760.9,0.003771876885938443,15.0,106.15966640480224,
2026-02-17,892.9,898.9,881.0,890.1,7099432.0,0.0,HINDALCO,-0.019119510716843924,4.547716535433066,2026-02-01,4.205196850393696,908.2,0.004724409448818898,5.0,106.15966640480224,
2026-02-17,574.4,574.4,547.0,549.45,15247235.0,0.0,HINDCOPPER,-0.04343662952646232,3.5087226862628658,2026-02-01,2.810712465326042,599.25,0.005855190131435738,10.0,106.15966640480224,
2026-02-17,590.0,590.0,575.0,581.1,6472316.0,0.0,HINDZINC,-0.021881838074398252,3.5087226862628658,2026-02-01,3.2441030278239493,570.1,0.006154574085709289,17.0,106.15966640480224,
2026-02-17,888.0,921.9,881.0,920.1,1893818.0,0.0,INDIANB,0.0350995612554843,3.5087226862628658,2026-02-01,3.541050503049757,843.15,0.0041614453967418205,8.0,106.15966640480224,
2026-02-17,586.0,586.0,562.1,571.45,1041589.0,0.0,JKTYRE,-0.019138345348437946,3.8441583347723856,2026-02-01,4.226946854734807,499.3,0.007197157420603463,19.0,106.15966640480224,
2026-02-17,369.7,390.0,367.05,384.4,3721158.0,0.0,M&MFIN,0.04018400757678253,3.7179030577840386,2026-02-01,3.805517069397374,358.55,0.010006179589583698,7.0,106.15966640480224,
2026-02-17,2338.8,2344.6,2271.4,2283.2,3230251.0,0.0,MCX,-0.024148395093388064,3.5087226862628658,2026-02-01,3.168953970441208,2233.3,0.0015710933086745468,13.0,106.15966640480224,
2026-02-17,63.29,,,63.6,,,MOGSEC,0.005533596837944632,19.48773165961916,2026-02-01,19.12684773999658,64.8,0.3007365996854809,,106.15966640480224,2026-02
2026-02-17,3496.9,3533.1,3440.1,3495.9,1095510.0,0.0,MUTHOOTFIN,-0.0006574809902234469,3.5087226862628658,2026-02-01,3.2029829848825875,3493.1,0.0010044724417459753,18.0,106.15966640480224,
2026-02-17,344.5,345.5,335.2,340.85,7660056.0,0.0,NATIONALUM,-0.021670493685418957,5.457907759827567,2026-02-01,4.826379192988004,354.2,0.013954789503441402,1.0,106.15966640480224,
2026-02-17,158.8,158.84,153.84,157.27,15671137.0,0.0,SAIL,-0.01447549818272964,3.5087226862628658,2026-02-01,3.651272526093833,148.63,0.02360709605236403,20.0,106.15966640480224,
2026-02-17,1206.1,1225.5,1204.1,1213.4,20107196.0,0.0,SBIN,0.004387054051817163,4.077872958080127,2026-02-01,4.593688016835563,1018.2,0.0037759953098296817,6.0,106.15966640480224,
2026-02-17,1080.0,1081.9,1060.0,1075.0,2832145.0,0.0,SHRIRAMFIN,-0.009581721024507162,3.8072471481448256,2026-02-01,4.012539886525183,997.6,0.0036465738759976257,4.0,106.15966640480224,
2026-02-17,183.55,190.0,181.86,188.89,29239580.0,0.0,UNIONBANK,0.03167840952536993,3.5087226862628658,2026-02-01,3.666533681169466,169.37,0.020716317448561526,14.0,106.15966640480224,
2026-02-17,679.8,680.0,660.3,668.2,10070194.0,0.0,VEDL,-0.01706384230656066,4.193056381473111,2026-02-01,4.110924032133127,655.15,0.006170101022740859,2.0,106.15966640480224,
2026-02-18,208.5,209.65,207.1,208.34,7339062.0,0.0,ASHOKLEY,0.0031779661016948513,3.5087226862628658,2026-02-01,3.7165452461030304,189.06,0.018558778621934124,11.0,106.8020659899295,
2026-02-18,1363.0,1378.5,1353.8,1377.0,5556076.0,0.0,AXISBANK,0.01458885941644561,3.5087226862628658,2026-02-01,3.5256210879918024,1340.4,0.002617668372323833,16.0,106.8020659899295,
2026-02-18,171.26,173.29,170.45,172.55,11782447.0,0.0,BANKINDIA,0.01374772340050523,3.5087226862628658,2026-02-01,3.689397315750504,150.44,0.023323070235727637,3.0,106.8020659899295,
2026-02-18,149.5,152.48,149.38,151.94,26925046.0,0.0,CANBK,0.018979277043793097,3.538623754691894,2026-02-01,3.6471204265899235,141.05,0.024107957607331296,12.0,106.8020659899295,
2026-02-18,289.0,293.0,287.85,290.85,5124162.0,0.0,FEDERALBNK,0.006924009001211706,3.5087226862628658,2026-02-01,3.546523000172213,285.1,0.012306989429192793,9.0,106.8020659899295,
2026-02-18,124.21,,,124.64,,,GOLDBEES,0.0004816182372773259,12.991821106412775,2026-02-01,13.239314714277555,122.31,0.10622043255999325,,106.8020659899295,2026-02
2026-02-18,748.0,752.0,727.0,731.25,1204711.0,0.0,HBLENGINE,-0.01937776585758355,2.9556427278213637,2026-02-01,2.7581849728424865,760.9,0.003771876885938443,15.0,106.8020659899295,
2026-02-18,893.0,907.0,891.35,899.25,3909665.0,0.0,HINDALCO,0.010279743849005651,4.547716535433066,2026-02-01,4.248425196850388,908.2,0.004724409448818898,5.0,106.8020659899295,
2026-02-18,549.45,579.3,545.0,569.4,22294257.0,0.0,HINDCOPPER,0.03630903630903615,3.5087226862628658,2026-02-01,2.912766726283825,599.25,0.005855190131435738,10.0,106.8020659899295,
2026-02-18,580.0,589.8,576.8,585.25,4571121.0,0.0,HINDZINC,0.007141627946997131,3.5087226862628658,2026-02-01,3.267271204670395,570.1,0.006154574085709289,17.0,106.8020659899295,
2026-02-18,925.0,942.5,920.45,938.15,2221965.0,0.0,INDIANB,0.019617432887729436,3.5087226862628658,2026-02-01,3.6105168236453964,843.15,0.0041614453967418205,8.0,106.8020659899295,
2026-02-18,571.5,578.0,567.0,567.95,678342.0,0.0,JKTYRE,-0.006124770321112916,3.8441583347723856,2026-02-01,4.201057776090005,499.3,0.007197157420603463,19.0,106.8020659899295,
2026-02-18,383.0,385.5,377.7,384.5,1414708.0,0.0,M&MFIN,0.00026014568158183593,3.7179030577840386,2026-02-01,3.8065070582291636,358.55,0.010006179589583698,7.0,106.8020659899295,
2026-02-18,2281.2,2348.8,2280.0,2341.3,3261320.0,0.0,MCX,0.02544674141555725,3.5087226862628658,2026-02-01,3.2495935226848287,2233.3,0.0015710933086745468,13.0,106.8020659899295,
2026-02-18,64.14,,,63.5,,,MOGSEC,-0.0015723270440252124,19.48773165961916,2026-02-01,19.096774080028034,64.8,0.3007365996854809,,106.8020659899295,2026-02
2026-02-18,3482.1,3529.0,3445.2,3456.9,834116.0,0.0,MUTHOOTFIN,-0.01115592551274347,3.5087226862628658,2026-02-01,3.1672507452846523,3493.1,0.0010044724417459753,18.0,106.8020659899295,
2026-02-18,340.5,344.9,339.1,344.05,4668713.0,0.0,NATIONALUM,0.009388293970954864,5.457907759827567,2026-02-01,4.871690659667076,354.2,0.013954789503441402,1.0,106.8020659899295,
2026-02-18,157.51,160.89,157.31,159.21,14036849.0,0.0,SAIL,0.01233547402556101,3.5087226862628658,2026-02-01,3.6963127034997076,148.63,0.02360709605236403,20.0,106.8020659899295,
2026-02-18,1218.8,1224.1,1214.0,1218.9,10417264.0,0.0,SBIN,0.004532717982528522,4.077872958080127,2026-02-01,4.6145099091156005,1018.2,0.0037759953098296817,6.0,106.8020659899295,
2026-02-18,1076.2,1087.1,1072.1,1076.2,2470593.0,0.0,SHRIRAMFIN,0.0011162790697674119,3.8072471481448256,2026-02-01,4.017019000817118,997.6,0.0036465738759976257,4.0,106.8020659899295,
2026-02-18,190.0,193.99,189.0,193.11,27237712.0,0.0,UNIONBANK,0.0223410450526762,3.5087226862628658,2026-02-01,3.748447875327628,169.37,0.020716317448561526,14.0,106.8020659899295,
2026-02-18,670.0,678.85,668.3,678.0,7902530.0,0.0,VEDL,0.01466626758455547,4.193056381473111,2026-02-01,4.171215944008171,655.15,0.006170101022740859,2.0,106.8020659899295,
2026-02-19,208.3,208.61,202.28,203.49,9638504.0,0.0,ASHOKLEY,-0.023279255063837878,3.5087226862628658,2026-02-01,3.630026841362704,189.06,0.018558778621934124,11.0,106.18501444746764,
2026-02-19,1381.1,1382.8,1351.0,1356.6,2744704.0,0.0,AXISBANK,-0.014814814814814836,3.5087226862628658,2026-02-01,3.4733896644659983,1340.4,0.002617668372323833,16.0,106.18501444746764,
2026-02-19,172.33,173.45,168.35,169.16,6852486.0,0.0,BANKINDIA,-0.019646479281367757,3.5087226862628658,2026-02-01,3.6169136478258777,150.44,0.023323070235727637,3.0,106.18501444746764,
2026-02-19,152.14,152.59,148.77,149.42,15847818.0,0.0,CANBK,-0.016585494274055645,3.538623754691894,2026-02-01,3.5866311316379247,141.05,0.024107957607331296,12.0,106.18501444746764,
2026-02-19,292.05,292.4,287.5,288.3,3644333.0,0.0,FEDERALBNK,-0.008767405879319234,3.5087226862628658,2026-02-01,3.5154291935693625,285.1,0.012306989429192793,9.0,106.18501444746764,
2026-02-19,126.11,,,127.09,,,GOLDBEES,0.019656611039794658,12.991821106412775,2026-02-01,13.499554774049539,122.31,0.10622043255999325,,106.18501444746764,2026-02
2026-02-19,735.0,758.8,718.2,727.0,1445496.0,0.0,HBLENGINE,-0.005811965811965858,2.9556427278213637,2026-02-01,2.742154496077248,760.9,0.003771876885938443,15.0,106.18501444746764,
2026-02-19,910.6,920.5,900.3,905.65,3522571.0,0.0,HINDALCO,0.007117041979427308,4.547716535433066,2026-02-01,4.278661417322828,908.2,0.004724409448818898,5.0,106.18501444746764,
2026-02-19,583.0,592.0,560.0,563.65,15951583.0,0.0,HINDCOPPER,-0.010098349139445073,3.5087226862628658,2026-02-01,2.883352590920053,599.25,0.005855190131435738,10.0,106.18501444746764,
2026-02-19,593.05,596.15,582.05,584.1,5544345.0,0.0,HINDZINC,-0.0019649722340879805,3.5087226862628658,2026-02-01,3.260851107471982,570.1,0.006154574085709289,17.0,106.18501444746764,
2026-02-19,942.15,952.5,921.1,927.35,1724103.0,0.0,INDIANB,-0.011512018333955099,3.5087226862628658,2026-02-01,3.5689524877765373,843.15,0.0041614453967418205,8.0,106.18501444746764,
2026-02-19,572.0,581.8,553.15,557.7,1673516.0,0.0,JKTYRE,-0.018047363324236287,3.8441583347723856,2026-02-01,4.1252397600588,499.3,0.007197157420603463,19.0,106.18501444746764,
2026-02-19,384.5,388.0,374.7,379.4,1928625.0,0.0,M&MFIN,-0.013263979193758213,3.7179030577840386,2026-02-01,3.756017627807918,358.55,0.010006179589583698,7.0,106.18501444746764,
2026-02-19,2400.9,2436.0,2352.1,2361.2,3671027.0,0.0,MCX,0.008499551531200522,3.5087226862628658,2026-02-01,3.277213610286344,2233.3,0.0015710933086745468,13.0,106.18501444746764,
2026-02-19,65.08,,,63.42,,,MOGSEC,-0.0012598425196850283,19.48773165961916,2026-02-01,19.072715152053195,64.8,0.3007365996854809,,106.18501444746764,2026-02
2026-02-19,3462.9,3492.4,3381.7,3410.9,539236.0,0.0,MUTHOOTFIN,-0.01330671989354626,3.5087226862628658,2026-02-01,3.125105026784524,3493.1,0.0010044724417459753,18.0,106.18501444746764,
2026-02-19,348.0,351.45,338.8,340.1,6492452.0,0.0,NATIONALUM,-0.011480889405609651,5.457907759827567,2026-02-01,4.815759317985097,354.2,0.013954789503441402,1.0,106.18501444746764,
2026-02-19,160.5,161.74,154.87,155.8,13791140.0,0.0,SAIL,-0.021418252622322664,3.5087226862628658,2026-02-01,3.6171441442450503,148.63,0.02360709605236403,20.0,106.18501444746764,
2026-02-19,1222.9,1224.9,1199.2,1205.7,9630899.0,0.0,SBIN,-0.010829436377061352,4.077872958080127,2026-02-01,4.5645373676435135,1018.2,0.0037759953098296817,6.0,106.18501444746764,
2026-02-19,1078.0,1078.0,1048.1,1054.7,2576169.0,0.0,SHRIRAMFIN,-0.019977699312395458,3.8072471481448256,2026-02-01,3.936768203086615,997.6,0.0036465738759976257,4.0,106.18501444746764,
2026-02-19,193.11,195.69,188.51,189.52,15642408.0,0.0,UNIONBANK,-0.01859044068147686,3.5087226862628658,2026-02-01,3.678762577453742,169.37,0.020716317448561526,14.0,106.18501444746764,
2026-02-19,683.45,688.8,673.75,676.15,8113467.0,0.0,VEDL,-0.002728613569321525,4.193056381473111,2026-02-01,4.159834307582781,655.15,0.006170101022740859,2.0,106.18501444746764,
2026-02-20,202.56,209.36,201.81,208.85,14624480.0,0.0,ASHOKLEY,0.026340360705685795,3.5087226862628658,2026-02-01,3.725643057735519,189.06,0.018558778621934124,11.0,107.01161757466485,
2026-02-20,1351.0,1376.5,1351.0,1368.3,3791536.0,0.0,AXISBANK,0.008624502432551973,3.5087226862628658,2026-02-01,3.503345922076386,1340.4,0.002617668372323833,16.0,107.01161757466485,
2026-02-20,169.0,172.62,168.16,171.7,7073597.0,0.0,BANKINDIA,0.015015370063844902,3.5087226862628658,2026-02-01,3.671222944736954,150.44,0.023323070235727637,3.0,107.01161757466485,
2026-02-20,149.2,154.5,148.41,154.15,35644772.0,0.0,CANBK,0.03165573551064127,3.538623754691894,2026-02-01,3.700168578115287,141.05,0.024107957607331296,12.0,107.01161757466485,
2026-02-20,289.55,293.2,287.05,292.6,5030819.0,0.0,FEDERALBNK,0.014915019077349934,3.5087226862628658,2026-02-01,3.5678618870565226,285.1,0.012306989429192793,9.0,107.01161757466485,
2026-02-20,126.88,,,127.54,,,GOLDBEES,0.0035407978597843393,12.991821106412775,2026-02-01,13.547353968701534,122.31,0.10622043255999325,,107.01161757466485,2026-02
2026-02-20,722.55,733.15,716.8,720.35,842416.0,0.0,HBLENGINE,-0.009147180192572213,2.9556427278213637,2026-02-01,2.7170715147857574,760.9,0.003771876885938443,15.0,107.01161757466485,
2026-02-20,907.5,937.7,901.1,935.7,5855696.0,0.0,HINDALCO,0.03318058852757688,4.547716535433066,2026-02-01,4.420629921259836,908.2,0.004724409448818898,5.0,107.01161757466485,
2026-02-20,565.0,573.8,560.6,569.05,8034313.0,0.0,HINDCOPPER,0.009580413377095587,3.5087226862628658,2026-02-01,2.9109763006529863,599.25,0.005855190131435738,10.0,107.01161757466485,
2026-02-20,586.25,591.5,582.5,589.35,5062307.0,0.0,HINDZINC,0.008988186954288713,3.5087226862628658,2026-02-01,3.29016024685604,570.1,0.006154574085709289,17.0,107.01161757466485,
2026-02-20,927.35,950.0,924.0,946.7,1821350.0,0.0,INDIANB,0.020865908233137498,3.5087226862628658,2026-02-01,3.6434219228749103,843.15,0.0041614453967418205,8.0,107.01161757466485,
2026-02-20,559.8,562.25,527.3,538.3,2136708.0,0.0,JKTYRE,-0.03478572709341954,3.8441583347723856,2026-02-01,3.9817402955704715,499.3,0.007197157420603463,19.0,107.01161757466485,
2026-02-20,376.0,381.8,372.05,374.15,903540.0,0.0,M&MFIN,-0.013837638376383743,3.7179030577840386,2026-02-01,3.7040432141389896,358.55,0.010006179589583698,7.0,107.01161757466485,
2026-02-20,2372.1,2423.0,2366.2,2395.9,2937437.0,0.0,MCX,0.014695917330171282,3.5087226862628658,2026-02-01,3.3253752705764246,2233.3,0.0015710933086745468,13.0,107.01161757466485,
2026-02-20,63.69,,,63.49,,,MOGSEC,0.001103752759381793,19.48773165961916,2026-02-01,19.093766714031176,64.8,0.3007365996854809,,107.01161757466485,2026-02
2026-02-20,3400.3,3471.5,3365.0,3460.0,881990.0,0.0,MUTHOOTFIN,0.01439502770529777,3.5087226862628658,2026-02-01,3.1700910002270524,3493.1,0.0010044724417459753,18.0,107.01161757466485,
2026-02-20,338.0,342.5,337.75,341.2,5837972.0,0.0,NATIONALUM,0.0032343428403409646,5.457907759827567,2026-02-01,4.831335134656027,354.2,0.013954789503441402,1.0,107.01161757466485,
2026-02-20,155.9,160.1,155.32,158.75,14376451.0,0.0,SAIL,0.018934531450577552,3.5087226862628658,2026-02-01,3.6856330738055307,148.63,0.02360709605236403,20.0,107.01161757466485,
2026-02-20,1206.2,1218.0,1201.8,1216.1,9958162.0,0.0,SBIN,0.008625694617234725,4.077872958080127,2026-02-01,4.603909673045763,1018.2,0.0037759953098296817,6.0,107.01161757466485,
2026-02-20,1056.8,1066.0,1044.6,1059.3,2295049.0,0.0,SHRIRAMFIN,0.004361429790461724,3.8072471481448256,2026-02-01,3.953938141205699,997.6,0.0036465738759976257,4.0,107.01161757466485,
2026-02-20,189.35,194.9,188.5,193.98,14595009.0,0.0,UNIONBANK,0.02353313634444909,3.5087226862628658,2026-02-01,3.7653353987678178,169.37,0.020716317448561526,14.0,107.01161757466485,
2026-02-20,675.7,683.45,672.55,682.45,6871777.0,0.0,VEDL,0.009317459143681317,4.193056381473111,2026-02-01,4.198593393788166,655.15,0.006170101022740859,2.0,107.01161757466485,
2026-02-23,209.76,211.75,208.96,210.76,8533992.0,0.0,ASHOKLEY,0.009145319607373636,3.5087226862628658,2026-02-01,3.759715254241503,189.06,0.018558778621934124,11.0,107.54650452645616,
2026-02-23,1380.5,1402.0,1380.2,1386.7,6160153.0,0.0,AXISBANK,0.013447343418840907,3.5087226862628658,2026-02-01,3.5504566178055432,1340.4,0.002617668372323833,16.0,107.54650452645616,
2026-02-23,172.41,174.67,171.83,174.13,9288166.0,0.0,BANKINDIA,0.014152591729761355,3.5087226862628658,2026-02-01,3.7231802642227487,150.44,0.023323070235727637,3.0,107.54650452645616,
2026-02-23,155.0,157.1,154.74,156.44,23618301.0,0.0,CANBK,0.014855660071358967,3.538623754691894,2026-02-01,3.755137024718491,141.05,0.024107957607331296,12.0,107.54650452645616,
2026-02-23,293.9,296.6,288.0,296.2,6561111.0,0.0,FEDERALBNK,0.012303485987696483,3.5087226862628658,2026-02-01,3.6117590257899583,285.1,0.012306989429192793,9.0,107.54650452645616,
2026-02-23,130.72,,,130.0,,,GOLDBEES,0.019288066488944544,12.991821106412775,2026-02-01,13.808656232799114,122.31,0.10622043255999325,,107.54650452645616,2026-02
2026-02-23,725.05,727.35,701.0,705.5,1016700.0,0.0,HBLENGINE,-0.02061497882973562,2.9556427278213637,2026-02-01,2.661059143029571,760.9,0.003771876885938443,15.0,107.54650452645616,
2026-02-23,946.9,946.9,907.65,916.2,4932242.0,0.0,HINDALCO,-0.020840012824623222,4.547716535433066,2026-02-01,4.328503937007868,908.2,0.004724409448818898,5.0,107.54650452645616,
2026-02-23,584.0,584.95,560.05,563.35,11737715.0,0.0,HINDCOPPER,-0.010016694490817879,3.5087226862628658,2026-02-01,2.8818179403793343,599.25,0.005855190131435738,10.0,107.54650452645616,
2026-02-23,607.0,607.35,585.7,590.85,7862513.0,0.0,HINDZINC,0.002545176889793943,3.5087226862628658,2026-02-01,3.298534286680056,570.1,0.006154574085709289,17.0,107.54650452645616,
2026-02-23,953.0,986.0,952.05,982.75,4004600.0,0.0,INDIANB,0.0380796450829195,3.5087226862628658,2026-02-01,3.782162136585315,843.15,0.0041614453967418205,8.0,107.54650452645616,
2026-02-23,540.0,546.0,530.5,532.55,1152903.0,0.0,JKTYRE,-0.010681775961359885,3.8441583347723856,2026-02-01,3.9392082377968687,499.3,0.007197157420603463,19.0,107.54650452645616,
2026-02-23,375.5,383.6,374.15,380.2,1593628.0,0.0,M&MFIN,0.016169985300013456,3.7179030577840386,2026-02-01,3.763937538462232,358.55,0.010006179589583698,7.0,107.54650452645616,
2026-02-23,2427.0,2450.0,2384.0,2396.2,1635978.0,0.0,MCX,0.00012521390709108182,3.5087226862628658,2026-02-01,3.3257916538065975,2233.3,0.0015710933086745468,13.0,107.54650452645616,
2026-02-23,63.6,,,63.46,,,MOGSEC,-0.0004725153567490814,19.48773165961916,2026-02-01,19.084744616040613,64.8,0.3007365996854809,,107.54650452645616,2026-02
2026-02-23,3512.0,3539.9,3442.5,3473.2,946415.0,0.0,MUTHOOTFIN,0.003815028901734019,3.5087226862628658,2026-02-01,3.1821849890140457,3493.1,0.0010044724417459753,18.0,107.54650452645616,
2026-02-23,345.0,346.8,336.2,338.95,4888956.0,0.0,NATIONALUM,-0.006594372801875692,5.457907759827567,2026-02-01,4.799475509647304,354.2,0.013954789503441402,1.0,107.54650452645616,
2026-02-23,159.4,159.7,155.25,156.68,15614066.0,0.0,SAIL,-0.01303937007874012,3.5087226862628658,2026-02-01,3.6375747401817358,148.63,0.02360709605236403,20.0,107.54650452645616,
2026-02-23,1222.0,1231.1,1217.1,1227.8,9733835.0,0.0,SBIN,0.00962091933229181,4.077872958080127,2026-02-01,4.648203516623294,1018.2,0.0037759953098296817,6.0,107.54650452645616,
2026-02-23,1072.8,1077.5,1056.9,1064.7,2423932.0,0.0,SHRIRAMFIN,0.005097706032285654,3.8072471481448256,2026-02-01,3.974094155519408,997.6,0.0036465738759976257,4.0,107.54650452645616,
2026-02-23,196.0,200.25,194.63,197.78,23701488.0,0.0,UNIONBANK,0.01958964841736277,3.5087226862628658,2026-02-01,3.8390969954031298,169.37,0.020716317448561526,14.0,107.54650452645616,
2026-02-23,695.0,695.75,670.3,681.25,10762317.0,0.0,VEDL,-0.0017583705765991109,4.193056381473111,2026-02-01,4.1912107107014265,655.15,0.006170101022740859,2.0,107.54650452645616,
2026-02-24,209.0,211.02,208.62,210.18,12888307.0,0.0,ASHOKLEY,-0.002751945340671802,3.5087226862628658,2026-02-01,3.7493687233653397,189.06,0.018558778621934124,11.0,108.06622725897165,
2026-02-24,1398.0,1398.0,1383.5,1387.6,7888492.0,0.0,AXISBANK,0.0006490228600273262,3.5087226862628658,2026-02-01,3.552760945314034,1340.4,0.002617668372323833,16.0,108.06622725897165,
2026-02-24,174.0,178.22,173.02,175.5,22315167.0,0.0,BANKINDIA,0.007867685062884044,3.5087226862628658,2026-02-01,3.7524730739739987,150.44,0.023323070235727637,3.0,108.06622725897165,
2026-02-24,155.95,158.1,155.0,157.03,27666076.0,0.0,CANBK,0.0037714139606239705,3.538623754691894,2026-02-01,3.7692992009175703,141.05,0.024107957607331296,12.0,108.06622725897165,
2026-02-24,296.45,300.0,295.0,295.65,9095061.0,0.0,FEDERALBNK,-0.0018568534773801826,3.5087226862628658,2026-02-01,3.605052518483461,285.1,0.012306989429192793,9.0,108.06622725897165,
2026-02-24,130.11,,,131.22,,,GOLDBEES,0.009384615384615325,12.991821106412775,2026-02-01,13.938245160522305,122.31,0.10622043255999325,,108.06622725897165,2026-02
2026-02-24,706.95,709.9,694.1,700.55,879976.0,0.0,HBLENGINE,-0.007016300496102135,2.9556427278213637,2026-02-01,2.642388352444176,760.9,0.003771876885938443,15.0,108.06622725897165,
2026-02-24,920.5,927.0,908.05,922.85,5179022.0,0.0,HINDALCO,0.007258240558829954,4.547716535433066,2026-02-01,4.359921259842514,908.2,0.004724409448818898,5.0,108.06622725897165,
2026-02-24,569.0,569.05,556.45,563.45,6939903.0,0.0,HINDCOPPER,0.00017750954113782136,3.5087226862628658,2026-02-01,2.8823294905595733,599.25,0.005855190131435738,10.0,108.06622725897165,
2026-02-24,593.0,600.95,588.5,597.35,4411001.0,0.0,HINDZINC,0.011001100110010986,3.5087226862628658,2026-02-01,3.3348217925841275,570.1,0.006154574085709289,17.0,108.06622725897165,
2026-02-24,981.0,989.9,975.35,985.85,2141014.0,0.0,INDIANB,0.0031544136352072982,3.5087226862628658,2026-02-01,3.794092640399525,843.15,0.0041614453967418205,8.0,108.06622725897165,
2026-02-24,532.55,542.75,530.05,534.75,1309710.0,0.0,JKTYRE,0.004131067505398711,3.8441583347723856,2026-02-01,3.9554813729450307,499.3,0.007197157420603463,19.0,108.06622725897165,
2026-02-24,380.2,380.35,362.3,364.65,3427333.0,0.0,M&MFIN,-0.04089952656496587,3.7179030577840386,2026-02-01,3.6099942751190235,358.55,0.010006179589583698,7.0,108.06622725897165,
2026-02-24,2385.0,2410.9,2373.0,2395.8,1777072.0,0.0,MCX,-0.0001669309740420788,3.5087226862628658,2026-02-01,3.325236476166366,2233.3,0.0015710933086745468,13.0,108.06622725897165,
2026-02-24,61.87,,,64.02,,,MOGSEC,0.008824456350456922,19.48773165961916,2026-02-01,19.253157111864482,64.8,0.3007365996854809,,108.06622725897165,2026-02
2026-02-24,3475.0,3504.0,3444.0,3494.0,550989.0,0.0,MUTHOOTFIN,0.005988713578256366,3.5087226862628658,2026-02-01,3.2012421834662774,3493.1,0.0010044724417459753,18.0,108.06622725897165,
2026-02-24,339.4,345.0,334.35,343.0,6380571.0,0.0,NATIONALUM,0.011948664994837044,5.457907759827567,2026-02-01,4.856822834663005,354.2,0.013954789503441402,1.0,108.06622725897165,
2026-02-24,156.7,160.68,152.05,160.18,47145393.0,0.0,SAIL,0.02233852438090378,3.5087226862628658,2026-02-01,3.7188327922026447,148.63,0.02360709605236403,20.0,108.06622725897165,
2026-02-24,1232.0,1234.7,1219.7,1223.3,15788449.0,0.0,SBIN,-0.003665092034533357,4.077872958080127,2026-02-01,4.631167422939629,1018.2,0.0037759953098296817,6.0,108.06622725897165,
2026-02-24,1064.7,1066.0,1050.2,1061.7,2464507.0,0.0,SHRIRAMFIN,-0.0028176951253874316,3.8072471481448256,2026-02-01,3.9628963697895703,997.6,0.0036465738759976257,4.0,108.06622725897165,
2026-02-24,197.6,202.24,196.21,200.62,19355793.0,0.0,UNIONBANK,0.014359389220345964,3.5087226862628658,2026-02-01,3.8942240834147843,169.37,0.020716317448561526,14.0,108.06622725897165,
2026-02-24,678.5,698.9,676.0,695.1,10730605.0,0.0,VEDL,0.02033027522935793,4.193056381473111,2026-02-01,4.276419177994219,655.15,0.006170101022740859,2.0,108.06622725897165,
2026-02-25,210.46,213.7,209.63,211.61,13401777.0,0.0,ASHOKLEY,0.006803692073460876,3.5087226862628658,2026-02-01,3.7748782736289823,189.06,0.018558778621934124,11.0,109.20244225443318,
2026-02-25,1394.0,1404.3,1387.6,1403.0,4379373.0,0.0,AXISBANK,0.01109829922167771,3.5087226862628658,2026-02-01,3.59219054934822,1340.4,0.002617668372323833,16.0,109.20244225443318,
2026-02-25,175.8,176.35,173.7,175.58,9784182.0,0.0,BANKINDIA,0.00045584045584057264,3.5087226862628658,2026-02-01,3.754183603010568,150.44,0.023323070235727637,3.0,109.20244225443318,
2026-02-25,157.49,159.6,156.9,158.93,34100843.0,0.0,CANBK,0.012099598802776557,3.538623754691894,2026-02-01,3.814906209016299,141.05,0.024107957607331296,12.0,109.20244225443318,
2026-02-25,296.35,301.05,296.35,299.1,5928219.0,0.0,FEDERALBNK,0.011669203450025423,3.5087226862628658,2026-02-01,3.6471206097696713,285.1,0.012306989429192793,9.0,109.20244225443318,
2026-02-25,131.1,,,131.69,,,GOLDBEES,0.003581771071482942,12.991821106412775,2026-02-01,13.988168763825502,122.31,0.10622043255999325,,109.20244225443318,2026-02
2026-02-25,705.0,716.05,701.6,708.65,726822.0,0.0,HBLENGINE,0.011562343872671521,2.9556427278213637,2026-02-01,2.6729405552202774,760.9,0.003771876885938443,15.0,109.20244225443318,
2026-02-25,936.0,946.0,928.5,937.4,5288850.0,0.0,HINDALCO,0.015766375900742258,4.547716535433066,2026-02-01,4.428661417322829,908.2,0.004724409448818898,5.0,109.20244225443318,
2026-02-25,568.8,589.0,567.15,585.95,17518066.0,0.0,HINDCOPPER,0.0399325583459047,3.5087226862628658,2026-02-01,2.997428281113465,599.25,0.005855190131435738,10.0,109.20244225443318,
2026-02-25,607.5,621.3,602.85,619.05,10715612.0,0.0,HINDZINC,0.0363271114087218,3.5087226862628658,2026-02-01,3.455966235371564,570.1,0.006154574085709289,17.0,109.20244225443318,
2026-02-25,989.95,990.4,971.3,983.6,1095273.0,0.0,INDIANB,-0.0022822944667038048,3.5087226862628658,2026-02-01,3.7854334037601793,843.15,0.0041614453967418205,8.0,109.20244225443318,
2026-02-25,535.5,557.0,532.55,535.8,2338504.0,0.0,JKTYRE,0.001963534361851149,3.8441583347723856,2026-02-01,3.9632480965384707,499.3,0.007197157420603463,19.0,109.20244225443318,
2026-02-25,368.0,384.2,364.7,378.25,2797739.0,0.0,M&MFIN,0.037296037296037365,3.7179030577840386,2026-02-01,3.744632756242344,358.55,0.010006179589583698,7.0,109.20244225443318,
2026-02-25,2414.9,2484.9,2400.2,2449.2,2689531.0,0.0,MCX,0.022289005760079972,3.5087226862628658,2026-02-01,3.3993526911372665,2233.3,0.0015710933086745468,13.0,109.20244225443318,
2026-02-25,64.02,,,63.53,,,MOGSEC,-0.007653858169321959,19.48773165961916,2026-02-01,19.105796178018597,64.8,0.3007365996854809,,109.20244225443318,2026-02
2026-02-25,3510.0,3523.4,3466.0,3504.6,476959.0,0.0,MUTHOOTFIN,0.003033772180881522,3.5087226862628658,2026-02-01,3.210954022946742,3493.1,0.0010044724417459753,18.0,109.20244225443318,
2026-02-25,347.0,361.0,346.6,359.8,14931791.0,0.0,NATIONALUM,0.04897959183673484,5.457907759827567,2026-02-01,5.094708034728132,354.2,0.013954789503441402,1.0,109.20244225443318,
2026-02-25,161.55,167.2,160.85,164.93,64790496.0,0.0,SAIL,0.029654139093519882,3.5087226862628658,2026-02-01,3.8291115770881654,148.63,0.02360709605236403,20.0,109.20244225443318,
2026-02-25,1228.1,1228.1,1197.5,1200.1,19581100.0,0.0,SBIN,-0.018965094416741657,4.077872958080127,2026-02-01,4.54333689550384,1018.2,0.0037759953098296817,6.0,109.20244225443318,
2026-02-25,1065.0,1095.0,1055.8,1085.9,3115583.0,0.0,SHRIRAMFIN,0.022793632852971646,3.8072471481448256,2026-02-01,4.0532251746769274,997.6,0.0036465738759976257,4.0,109.20244225443318,
2026-02-25,201.3,202.54,196.62,199.3,20245353.0,0.0,UNIONBANK,-0.006579603229986963,3.5087226862628658,2026-02-01,3.868601634057255,169.37,0.020716317448561526,14.0,109.20244225443318,
2026-02-25,706.4,732.35,706.4,727.8,23666523.0,0.0,VEDL,0.04704359085023735,4.193056381473111,2026-02-01,4.4775972921078875,655.15,0.006170101022740859,2.0,109.20244225443318,
2026-02-26,211.65,212.89,210.32,211.92,7744469.0,0.0,ASHOKLEY,0.0014649591229147774,3.5087226862628658,2026-02-01,3.780408315993828,189.06,0.018558778621934124,11.0,109.44753304078375,
2026-02-26,1403.0,1405.7,1386.0,1395.5,8979547.0,0.0,AXISBANK,-0.005345687811831756,3.5087226862628658,2026-02-01,3.5729878201107916,1340.4,0.002617668372323833,16.0,109.44753304078375,
2026-02-26,175.58,177.9,174.75,177.2,8488762.0,0.0,BANKINDIA,0.009226563389907572,3.5087226862628658,2026-02-01,3.7888218160010965,150.44,0.023323070235727637,3.0,109.44753304078375,
2026-02-26,159.37,162.89,156.62,158.88,37476276.0,0.0,CANBK,-0.00031460391367277296,3.538623754691894,2026-02-01,3.813706024592648,141.05,0.024107957607331296,12.0,109.44753304078375,
2026-02-26,299.8,301.7,297.05,299.5,12490528.0,0.0,FEDERALBNK,0.0013373453694416337,3.5087226862628658,2026-02-01,3.6519980696289425,285.1,0.012306989429192793,9.0,109.44753304078375,
2026-02-26,132.69,,,130.48,,,GOLDBEES,-0.009188245121117822,12.991821106412775,2026-02-01,13.859642040427909,122.31,0.10622043255999325,,109.44753304078375,2026-02
2026-02-26,710.8,718.2,695.1,700.15,899276.0,0.0,HBLENGINE,-0.01199463769138498,2.9556427278213637,2026-02-01,2.640879601689801,760.9,0.003771876885938443,15.0,109.44753304078375,
2026-02-26,942.0,943.1,931.2,941.3,3075442.0,0.0,HINDALCO,0.004160443780669931,4.547716535433066,2026-02-01,4.447086614173222,908.2,0.004724409448818898,5.0,109.44753304078375,
2026-02-26,590.0,591.55,577.75,583.75,7976576.0,0.0,HINDCOPPER,-0.0037545865688199953,3.5087226862628658,2026-02-01,2.9861741771481953,599.25,0.005855190131435738,10.0,109.44753304078375,
2026-02-26,620.5,620.5,608.15,609.8,4592362.0,0.0,HINDZINC,-0.014942250222114484,3.5087226862628658,2026-02-01,3.4043263231234637,570.1,0.006154574085709289,17.0,109.44753304078375,
2026-02-26,987.0,997.95,973.35,991.55,1532659.0,0.0,INDIANB,0.00808255388369239,3.5087226862628658,2026-02-01,3.8160293732192,843.15,0.0041614453967418205,8.0,109.44753304078375,
2026-02-26,538.7,538.9,523.35,530.65,1103359.0,0.0,JKTYRE,-0.009611795446061944,3.8441583347723856,2026-02-01,3.9251541665325487,499.3,0.007197157420603463,19.0,109.44753304078375,
2026-02-26,378.25,387.6,373.45,386.65,1478727.0,0.0,M&MFIN,0.022207534699272946,3.7179030577840386,2026-02-01,3.82779181811263,358.55,0.010006179589583698,7.0,109.44753304078375,
2026-02-26,2456.4,2468.0,2377.5,2458.9,2765633.0,0.0,MCX,0.003960476890413345,3.5087226862628658,2026-02-01,3.41281574891288,2233.3,0.0015710933086745468,13.0,109.44753304078375,
2026-02-26,63.85,,,64.05,,,MOGSEC,0.008185109397135237,19.48773165961916,2026-02-01,19.26217920985505,64.8,0.3007365996854809,,109.44753304078375,2026-02
2026-02-26,3499.8,3505.0,3399.0,3435.9,800594.0,0.0,MUTHOOTFIN,-0.01960280773840095,3.5087226862628658,2026-02-01,3.1480103085780717,3493.1,0.0010044724417459753,18.0,109.44753304078375,
2026-02-26,363.6,363.95,357.75,361.3,6425639.0,0.0,NATIONALUM,0.004168982768204543,5.457907759827567,2026-02-01,5.115947784733947,354.2,0.013954789503441402,1.0,109.44753304078375,
2026-02-26,165.0,165.9,162.86,165.51,20505687.0,0.0,SAIL,0.0035166434244831013,3.5087226862628658,2026-02-01,3.842577197137344,148.63,0.02360709605236403,20.0,109.44753304078375,
2026-02-26,1201.0,1215.4,1188.9,1209.5,16196052.0,0.0,SBIN,0.00783268060994935,4.077872958080127,2026-02-01,4.57892340230972,1018.2,0.0037759953098296817,6.0,109.44753304078375,
2026-02-26,1089.0,1108.0,1085.1,1104.6,5231414.0,0.0,SHRIRAMFIN,0.01722073855787798,3.8072471481448256,2026-02-01,4.123024705726249,997.6,0.0036465738759976257,4.0,109.44753304078375,
2026-02-26,200.0,203.2,197.9,201.54,30109110.0,0.0,UNIONBANK,0.011239337681886452,3.5087226862628658,2026-02-01,3.9120821541791226,169.37,0.020716317448561526,14.0,109.44753304078375,
2026-02-26,733.05,738.35,725.2,737.45,13822953.0,0.0,VEDL,0.01325913712558413,4.193056381473111,2026-02-01,4.53696636859709,655.15,0.006170101022740859,2.0,109.44753304078375,
2026-02-27,211.92,214.1,210.42,211.1,13962660.0,0.0,ASHOKLEY,-0.003869384673461651,3.5087226862628658,2026-02-01,3.7657804619964947,189.06,0.018558778621934124,11.0,108.42940881479629,
2026-02-27,1387.0,1395.5,1381.0,1383.9,5840317.0,0.0,AXISBANK,-0.008312432819777782,3.5087226862628658,2026-02-01,3.543287598890237,1340.4,0.002617668372323833,16.0,108.42940881479629,
2026-02-27,177.0,178.36,175.18,176.05,6371509.0,0.0,BANKINDIA,-0.006489841986455858,3.5087226862628658,2026-02-01,3.764232961100413,150.44,0.023323070235727637,3.0,108.42940881479629,
2026-02-27,158.88,158.89,156.6,157.37,23377836.0,0.0,CANBK,-0.009504028197381609,3.538623754691894,2026-02-01,3.777460454998396,141.05,0.024107957607331296,12.0,108.42940881479629,
2026-02-27,299.5,302.0,296.75,299.85,6871717.0,0.0,FEDERALBNK,0.001168614357262232,3.5087226862628658,2026-02-01,3.6562658470058045,285.1,0.012306989429192793,9.0,108.42940881479629,
2026-02-27,130.7,,,131.6,,,GOLDBEES,0.008583690987124415,12.991821106412775,2026-02-01,13.9786089248951,122.31,0.10622043255999325,,108.42940881479629,2026-02
2026-02-27,697.0,704.8,680.4,684.75,1005342.0,0.0,HBLENGINE,-0.02199528672427331,2.9556427278213637,2026-02-01,2.582792697646349,760.9,0.003771876885938443,15.0,108.42940881479629,
2026-02-27,938.95,943.35,922.6,924.7,5418634.0,0.0,HINDALCO,-0.01763518538191855,4.547716535433066,2026-02-01,4.368661417322829,908.2,0.004724409448818898,5.0,108.42940881479629,
2026-02-27,584.1,588.7,560.3,566.3,10159245.0,0.0,HINDCOPPER,-0.02989293361884371,3.5087226862628658,2026-02-01,2.896908670696399,599.25,0.005855190131435738,10.0,108.42940881479629,
2026-02-27,615.0,617.6,601.0,603.8,4662433.0,0.0,HINDZINC,-0.009839291571006936,3.5087226862628658,2026-02-01,3.3708301638273976,570.1,0.006154574085709289,17.0,108.42940881479629,
2026-02-27,988.1,1000.0,980.0,990.5,2343944.0,0.0,INDIANB,-0.0010589481115425015,3.5087226862628658,2026-02-01,3.811988396120839,843.15,0.0041614453967418205,8.0,108.42940881479629,
2026-02-27,530.0,531.65,498.65,501.1,2101229.0,0.0,JKTYRE,-0.05568642231225851,3.8441583347723856,2026-02-01,3.7065763739742965,499.3,0.007197157420603463,19.0,108.42940881479629,
2026-02-27,383.0,384.7,371.2,374.3,963530.0,0.0,M&MFIN,-0.03194103194103182,3.7179030577840386,2026-02-01,3.705528197386674,358.55,0.010006179589583698,7.0,108.42940881479629,
2026-02-27,2455.2,2482.0,2432.5,2443.3,2538434.0,0.0,MCX,-0.006344300296880712,3.5087226862628658,2026-02-01,3.3911638209438526,2233.3,0.0015710933086745468,13.0,108.42940881479629,
2026-02-27,64.05,,,63.99,,,MOGSEC,-0.0009367681498828606,19.48773165961916,2026-02-01,19.24413501387392,64.8,0.3007365996854809,,108.42940881479629,2026-02
2026-02-27,3458.0,3458.0,3332.4,3353.5,1362651.0,0.0,MUTHOOTFIN,-0.02398207165517041,3.5087226862628658,2026-02-01,3.072514499786537,3493.1,0.0010044724417459753,18.0,108.42940881479629,
2026-02-27,357.25,362.15,353.2,354.6,9832443.0,0.0,NATIONALUM,-0.01854414613894273,5.457907759827567,2026-02-01,5.021076901374641,354.2,0.013954789503441402,1.0,108.42940881479629,
2026-02-27,164.75,167.99,164.0,165.71,28020533.0,0.0,SAIL,0.001208386200229672,3.5087226862628658,2026-02-01,3.8472205143956826,148.63,0.02360709605236403,20.0,108.42940881479629,
2026-02-27,1207.0,1211.8,1198.6,1201.7,10700355.0,0.0,SBIN,-0.006448945845390575,4.077872958080127,2026-02-01,4.549394173258033,1018.2,0.0037759953098296817,6.0,108.42940881479629,
2026-02-27,1099.0,1103.9,1073.3,1079.4,5601117.0,0.0,SHRIRAMFIN,-0.02281368821292762,3.8072471481448256,2026-02-01,4.028963305595612,997.6,0.0036465738759976257,4.0,108.42940881479629,
2026-02-27,202.01,205.49,199.86,202.27,23419781.0,0.0,UNIONBANK,0.003622109754887415,3.5087226862628658,2026-02-01,3.9262521451116963,169.37,0.020716317448561526,14.0,108.42940881479629,
2026-02-27,734.8,734.8,715.0,718.4,12543859.0,0.0,VEDL,-0.025832259814224767,4.193056381473111,2026-02-01,4.419766274595091,655.15,0.006170101022740859,2.0,108.42940881479629,
2026-03-02,2195.0,2251.8,2194.2,2222.3,509813.0,0.0,APLAPOLLO,-0.005504340821623432,3.2552002668249633,2026-03-01,3.237282535113719,2222.3,0.0014647888524613973,20.0,107.73987402708886,
2026-03-02,200.05,212.9,200.05,209.01,17727577.0,0.0,ASHOKLEY,-0.009900521080056901,3.7657804619964947,2026-03-01,3.728497273149632,209.01,0.018558778621934124,4.0,107.73987402708886,
2026-03-02,312.0,320.2,311.2,315.2,9823313.0,0.0,BANKBARODA,-0.020965988507532174,3.2552002668249633,2026-03-01,3.1869517754409955,315.2,0.010327412014038589,19.0,107.73987402708886,
2026-03-02,170.5,174.4,170.07,172.3,11169455.0,0.0,BANKINDIA,-0.021300766827605844,3.764232961100413,2026-03-01,3.6840519125112245,172.3,0.023323070235727637,2.0,107.73987402708886,
2026-03-02,1860.1,1929.5,1852.2,1879.3,1490881.0,0.0,BHARATFORG,-0.016691084135621592,3.2552002668249633,2026-03-01,3.20086744529309,1879.3,0.0017321344473074885,3.0,107.73987402708886,
2026-03-02,150.3,156.25,150.3,153.56,28209294.0,0.0,CANBK,-0.024210459426828534,3.777460454998396,2026-03-01,3.6860064019162078,153.56,0.024107957607331296,12.0,107.73987402708886,
2026-03-02,290.0,299.35,289.05,294.95,6275477.0,0.0,FEDERALBNK,-0.016341504085376157,3.6562658470058045,2026-03-01,3.5965169637297376,294.95,0.012306989429192793,10.0,107.73987402708886,
2026-03-02,140.1,,,138.32,,,GOLDBEES,,13.9786089248951,2026-03-01,13.9786089248951,138.32,0.10105992571497326,,107.73987402708886,2026-03_onward
2026-03-02,901.1,945.4,896.1,940.0,5573300.0,0.0,HINDALCO,0.016545906780577324,4.368661417322829,2026-03-01,4.440944881889758,940.0,0.004724409448818898,17.0,107.73987402708886,
2026-03-02,563.5,589.8,555.0,576.0,18272860.0,0.0,HINDCOPPER,0.017128730354935673,2.896908670696399,2026-03-01,2.9465290381796327,576.0,0.005855190131435738,14.0,107.73987402708886,
2026-03-02,960.0,985.0,960.0,976.65,1434807.0,0.0,INDIANB,-0.01398283695103486,3.811988396120839,2026-03-01,3.7586859839186446,976.65,0.0041614453967418205,9.0,107.73987402708886,
2026-03-02,181.31,182.4,176.85,179.11,31464579.0,0.0,IOC,-0.04459380167493454,3.2552002668249633,2026-03-01,3.110038511713977,179.11,0.018174307781949433,18.0,107.73987402708886,
2026-03-02,112.98,,,112.97,,,LIQUIDCASE,,19.24413501387392,2026-03-01,19.24413501387392,112.97,0.1703473047169507,,107.73987402708886,2026-03_onward
2026-03-02,360.0,368.25,359.8,366.0,1226291.0,0.0,M&MFIN,-0.02217472615549032,3.705528197386674,2026-03-01,3.623359124348177,366.0,0.010006179589583698,13.0,107.73987402708886,
2026-03-02,70.65,74.58,70.41,71.98,38923899.0,0.0,MAHABANK,-0.03718566078116636,3.2552002668249633,2026-03-01,3.134153493928048,71.98,0.04522367694949935,16.0,107.73987402708886,
2026-03-02,2427.0,2534.3,2425.3,2501.2,5390946.0,0.0,MCX,0.023697458355502743,3.3911638209438526,2026-03-01,3.471525784367357,2501.2,0.0015710933086745468,11.0,107.73987402708886,
2026-03-02,341.85,363.8,341.0,362.85,8626089.0,0.0,NATIONALUM,0.02326565143824033,5.021076901374641,2026-03-01,5.137895526406623,362.85,0.013954789503441402,5.0,107.73987402708886,
2026-03-02,158.99,168.21,158.8,165.59,21848406.0,0.0,SAIL,-0.0007241566592239845,3.8472205143956826,2026-03-01,3.84443452404068,165.59,0.02360709605236403,15.0,107.73987402708886,
2026-03-02,1185.0,1197.3,1179.4,1189.9,16270835.0,0.0,SBIN,-0.009819422484813156,4.549394173258033,2026-03-01,4.504721749820865,1189.9,0.0037759953098296817,7.0,107.73987402708886,
2026-03-02,1044.0,1071.0,1038.0,1052.5,6717872.0,0.0,SHRIRAMFIN,-0.024921252547711825,4.028963305595612,2026-03-01,3.9285564935513997,1052.5,0.0036465738759976257,8.0,107.73987402708886,
2026-03-02,195.04,201.2,195.04,198.13,22256833.0,0.0,UNIONBANK,-0.02046769169921403,3.9262521451116963,2026-03-01,3.8458908266721723,198.13,0.020716317448561526,6.0,107.73987402708886,
2026-03-02,695.0,731.0,695.0,723.35,13268756.0,0.0,VEDL,0.006890311804008897,4.419766274595091,2026-03-01,4.450219842327893,723.35,0.006170101022740859,1.0,107.73987402708886,
2026-03-04,2200.2,2211.1,2105.0,2119.7,588108.0,0.0,APLAPOLLO,-0.04616838410655644,3.2552002668249633,2026-03-01,3.087822431571142,2222.3,0.0014647888524613973,20.0,104.99512172875572,
2026-03-04,206.8,207.18,197.14,200.46,28728295.0,0.0,ASHOKLEY,-0.04090713362996978,3.7657804619964947,2026-03-01,3.575975136957922,209.01,0.018558778621934124,4.0,104.99512172875572,
2026-03-04,310.15,310.4,296.7,299.3,17339156.0,0.0,BANKBARODA,-0.050444162436548146,3.2552002668249633,2026-03-01,3.0261886624032046,315.2,0.010327412014038589,19.0,104.99512172875572,
2026-03-04,168.8,169.03,160.63,163.39,13624211.0,0.0,BANKINDIA,-0.05171213000580399,3.764232961100413,2026-03-01,3.4935417410633134,172.3,0.023323070235727637,2.0,104.99512172875572,
2026-03-04,1870.0,1870.0,1810.4,1841.8,1688493.0,0.0,BHARATFORG,-0.0199542382802107,3.2552002668249633,2026-03-01,3.1369965735863423,1879.3,0.0017321344473074885,3.0,104.99512172875572,
2026-03-04,150.0,151.51,145.52,146.93,36072028.0,0.0,CANBK,-0.04317530606928888,3.777460454998396,2026-03-01,3.5268619473401173,153.56,0.024107957607331296,12.0,104.99512172875572,
2026-03-04,290.95,293.75,283.15,286.45,8763077.0,0.0,FEDERALBNK,-0.028818443804034533,3.6562658470058045,2026-03-01,3.4928709417202355,294.95,0.012306989429192793,10.0,104.99512172875572,
2026-03-04,134.4,,,133.96,,,GOLDBEES,-0.03152111046847883,13.9786089248951,2026-03-01,13.537987648777818,138.32,0.10105992571497326,,104.99512172875572,2026-03_onward
2026-03-04,928.0,945.5,912.0,921.8,7575786.0,0.0,HINDALCO,-0.01936170212765964,4.368661417322829,2026-03-01,4.354960629921253,940.0,0.004724409448818898,17.0,104.99512172875572,
2026-03-04,570.55,574.3,540.0,546.8,17693572.0,0.0,HINDCOPPER,-0.050694444444444486,2.896908670696399,2026-03-01,2.7971563855496933,576.0,0.005855190131435738,14.0,104.99512172875572,
2026-03-04,955.0,961.35,915.7,939.0,2957995.0,0.0,INDIANB,-0.038550145906926736,3.811988396120839,2026-03-01,3.61378809082026,976.65,0.0041614453967418205,9.0,104.99512172875572,
2026-03-04,175.0,176.17,169.21,170.44,27718538.0,0.0,IOC,-0.048406007481436086,3.2552002668249633,2026-03-01,2.959493964248396,179.11,0.018174307781949433,18.0,104.99512172875572,
2026-03-04,112.98,,,112.98,,,LIQUIDCASE,8.851907586082675e-05,19.24413501387392,2026-03-01,19.245838486921087,112.97,0.1703473047169507,,104.99512172875572,2026-03_onward
2026-03-04,362.7,367.8,359.3,362.2,1760692.0,0.0,M&MFIN,-0.010382513661202242,3.705528197386674,2026-03-01,3.58573954874019,366.0,0.010006179589583698,13.0,104.99512172875572,
2026-03-04,70.5,70.5,67.25,68.42,35412738.0,0.0,MAHABANK,-0.04945818282856351,3.2552002668249633,2026-03-01,2.9791439574125733,71.98,0.04522367694949935,16.0,104.99512172875572,
2026-03-04,2494.2,2497.7,2432.6,2478.5,2931485.0,0.0,MCX,-0.009075643691028201,3.3911638209438526,2026-03-01,3.4400194532842217,2501.2,0.0015710933086745468,11.0,104.99512172875572,
2026-03-04,365.0,377.3,357.9,373.5,26380460.0,0.0,NATIONALUM,0.029350971475816445,5.021076901374641,2026-03-01,5.288697751447908,362.85,0.013954789503441402,5.0,104.99512172875572,
2026-03-04,161.42,161.42,152.4,155.62,36418465.0,0.0,SAIL,-0.06020894981581015,3.8472205143956826,2026-03-01,3.6129651587125466,165.59,0.02360709605236403,15.0,104.99512172875572,
2026-03-04,1172.1,1182.7,1157.6,1174.5,13855065.0,0.0,SBIN,-0.012942264055803121,4.549394173258033,2026-03-01,4.446420451436764,1189.9,0.0037759953098296817,7.0,104.99512172875572,
2026-03-04,1042.3,1042.5,987.4,1010.0,9200897.0,0.0,SHRIRAMFIN,-0.040380047505938266,4.028963305595612,2026-03-01,3.7699211957120324,1052.5,0.0036465738759976257,8.0,104.99512172875572,
2026-03-04,196.0,196.0,189.4,191.13,23915359.0,0.0,UNIONBANK,-0.035330338666532124,3.9262521451116963,2026-03-01,3.7100142012913353,198.13,0.020716317448561526,6.0,104.99512172875572,
2026-03-04,710.1,718.75,691.9,701.0,14669674.0,0.0,VEDL,-0.03089790557821248,4.419766274595091,2026-03-01,4.312717369837359,723.35,0.006170101022740859,1.0,104.99512172875572,
2026-03-05,2126.0,2165.9,2119.7,2161.3,391810.0,0.0,APLAPOLLO,0.019625418691324503,3.2552002668249633,2026-03-01,3.1484222396351895,2222.3,0.0014647888524613973,20.0,106.17449360536716,
2026-03-05,201.04,203.99,196.94,203.04,17821008.0,0.0,ASHOKLEY,0.01287039808440582,3.7657804619964947,2026-03-01,3.6219993605105083,209.01,0.018558778621934124,4.0,106.17449360536716,
2026-03-05,301.05,303.6,298.45,301.85,10288116.0,0.0,BANKBARODA,0.008519879719345091,3.2552002668249633,2026-03-01,3.0519714258149255,315.2,0.010327412014038589,19.0,106.17449360536716,
2026-03-05,164.5,167.29,162.03,164.18,11180767.0,0.0,BANKINDIA,0.0048350572250444035,3.764232961100413,2026-03-01,3.5104332152994355,172.3,0.023323070235727637,2.0,106.17449360536716,
2026-03-05,1900.0,1918.0,1859.9,1898.4,3038129.0,0.0,BHARATFORG,0.030730806819415868,3.2552002668249633,2026-03-01,3.233399009282394,1879.3,0.0017321344473074885,3.0,106.17449360536716,
2026-03-05,148.0,149.7,145.75,148.51,24474731.0,0.0,CANBK,0.01075341999591628,3.777460454998396,2026-03-01,3.564787775127481,153.56,0.024107957607331296,12.0,106.17449360536716,
2026-03-05,287.75,291.6,285.2,289.7,6014011.0,0.0,FEDERALBNK,0.011345784604642972,3.6562658470058045,2026-03-01,3.53250030307681,294.95,0.012306989429192793,10.0,106.17449360536716,
2026-03-05,136.0,,,132.24,,,GOLDBEES,-0.012839653627948588,13.9786089248951,2026-03-01,13.364164576548065,138.32,0.10105992571497326,,106.17449360536716,2026-03_onward
2026-03-05,930.0,983.5,926.4,954.95,16533658.0,0.0,HINDALCO,0.03596224777609036,4.368661417322829,2026-03-01,4.5115748031496,940.0,0.004724409448818898,17.0,106.17449360536716,
2026-03-05,554.8,564.8,549.5,558.0,11612411.0,0.0,HINDCOPPER,0.02048280907095834,2.896908670696399,2026-03-01,2.854450005736519,576.0,0.005855190131435738,14.0,106.17449360536716,
2026-03-05,951.95,957.3,930.0,951.75,2154862.0,0.0,INDIANB,0.013578274760383424,3.811988396120839,2026-03-01,3.662857098443219,976.65,0.0041614453967418205,9.0,106.17449360536716,
2026-03-05,171.0,175.42,169.28,171.54,32355154.0,0.0,IOC,0.00645388406477343,3.2552002668249633,2026-03-01,2.9785941951840518,179.11,0.018174307781949433,18.0,106.17449360536716,
2026-03-05,113.01,,,113.0,,,LIQUIDCASE,0.00017702248185513803,19.24413501387392,2026-03-01,19.249245433015425,112.97,0.1703473047169507,,106.17449360536716,2026-03_onward
2026-03-05,364.8,369.9,360.75,364.75,886381.0,0.0,M&MFIN,0.007040309221424623,3.705528197386674,2026-03-01,3.6109842639508125,366.0,0.010006179589583698,13.0,106.17449360536716,
2026-03-05,69.0,71.91,69.0,71.39,25095072.0,0.0,MAHABANK,0.04340836012861726,3.2552002668249633,2026-03-01,3.1084637111909323,71.98,0.04522367694949935,16.0,106.17449360536716,
2026-03-05,2498.1,2572.1,2498.1,2553.5,3764228.0,0.0,MCX,0.0302602380472059,3.3911638209438526,2026-03-01,3.544115260827621,2501.2,0.0015710933086745468,11.0,106.17449360536716,
2026-03-05,377.0,404.3,376.5,395.95,45535889.0,0.0,NATIONALUM,0.060107095046854075,5.021076901374641,2026-03-01,5.606586009868271,362.85,0.013954789503441402,5.0,106.17449360536716,
2026-03-05,156.1,160.2,154.31,156.15,20616217.0,0.0,SAIL,0.0034057319110654127,3.8472205143956826,2026-03-01,3.6252699494471416,165.59,0.02360709605236403,15.0,106.17449360536716,
2026-03-05,1181.0,1183.2,1150.6,1169.5,22100665.0,0.0,SBIN,-0.004257130693912314,4.549394173258033,2026-03-01,4.427491458454913,1189.9,0.0037759953098296817,7.0,106.17449360536716,
2026-03-05,1022.3,1046.4,1018.3,1039.5,5051614.0,0.0,SHRIRAMFIN,0.029207920792079234,4.028963305595612,2026-03-01,3.88003275538877,1052.5,0.0036465738759976257,8.0,106.17449360536716,
2026-03-05,193.03,195.4,188.8,191.2,17729256.0,0.0,UNIONBANK,0.00036624287134401357,3.9262521451116963,2026-03-01,3.711372967545143,198.13,0.020716317448561526,6.0,106.17449360536716,
2026-03-05,706.45,737.9,706.0,711.25,22092809.0,0.0,VEDL,0.014621968616262526,4.419766274595091,2026-03-01,4.375777787869931,723.35,0.006170101022740859,1.0,106.17449360536716,
2026-03-06,2160.0,2191.7,2143.4,2152.8,693422.0,0.0,APLAPOLLO,-0.00393281821126179,3.2552002668249633,2026-03-01,3.1360400673144104,2222.3,0.0014647888524613973,20.0,105.25103465574578,
2026-03-06,202.49,202.49,194.12,194.67,23585465.0,0.0,ASHOKLEY,-0.04122340425531912,3.7657804619964947,2026-03-01,3.472688216659676,209.01,0.018558778621934124,4.0,105.25103465574578,
2026-03-06,299.0,299.6,293.95,295.35,9115653.0,0.0,BANKBARODA,-0.021533874440947454,3.2552002668249633,2026-03-01,2.9862506563340676,315.2,0.010327412014038589,19.0,105.25103465574578,
2026-03-06,163.5,164.21,159.13,159.58,7458169.0,0.0,BANKINDIA,-0.02801802899256911,3.764232961100413,2026-03-01,3.4120777956966983,172.3,0.023323070235727637,2.0,105.25103465574578,
2026-03-06,1894.9,1935.5,1879.9,1923.9,1711572.0,0.0,BHARATFORG,0.013432364096080951,3.2552002668249633,2026-03-01,3.276831202042982,1879.3,0.0017321344473074885,3.0,105.25103465574578,
2026-03-06,147.58,149.34,145.6,145.97,23417808.0,0.0,CANBK,-0.017103225372028796,3.777460454998396,2026-03-01,3.5038184064060225,153.56,0.024107957607331296,12.0,105.25103465574578,
2026-03-06,286.4,291.25,285.6,286.5,3826606.0,0.0,FEDERALBNK,-0.011045909561615441,3.6562658470058045,2026-03-01,3.493480624202644,294.95,0.012306989429192793,10.0,105.25103465574578,
2026-03-06,132.31,,,130.82,,,GOLDBEES,-0.010738052026618372,13.9786089248951,2026-03-01,13.220659482032803,138.32,0.10105992571497326,,105.25103465574578,2026-03_onward
2026-03-06,955.0,971.65,943.15,958.9,8295000.0,0.0,HINDALCO,0.0041363422168698705,4.368661417322829,2026-03-01,4.5302362204724345,940.0,0.004724409448818898,17.0,105.25103465574578,
2026-03-06,558.25,564.4,553.4,558.6,6695386.0,0.0,HINDCOPPER,0.0010752688172044333,2.896908670696399,2026-03-01,2.8575193068179567,576.0,0.005855190131435738,14.0,105.25103465574578,
2026-03-06,948.05,954.55,936.65,939.4,1071588.0,0.0,INDIANB,-0.012976096664039982,3.811988396120839,2026-03-01,3.615327510667255,976.65,0.0041614453967418205,9.0,105.25103465574578,
2026-03-06,172.06,172.94,168.05,168.68,20979104.0,0.0,IOC,-0.01667249621079625,3.2552002668249633,2026-03-01,2.9289335947513457,179.11,0.018174307781949433,18.0,105.25103465574578,
2026-03-06,113.05,,,113.04,,,LIQUIDCASE,0.000353982300884903,19.24413501387392,2026-03-01,19.256059325204102,112.97,0.1703473047169507,,105.25103465574578,2026-03_onward
2026-03-06,363.0,368.4,361.3,363.5,1776257.0,0.0,M&MFIN,-0.0034270047978066653,3.705528197386674,2026-03-01,3.5986094035534486,366.0,0.010006179589583698,13.0,105.25103465574578,
2026-03-06,71.0,71.23,69.5,70.13,15951877.0,0.0,MAHABANK,-0.017649530746603248,3.2552002668249633,2026-03-01,3.0536007853455676,71.98,0.04522367694949935,16.0,105.25103465574578,
2026-03-06,2562.0,2590.7,2522.8,2533.9,1832576.0,0.0,MCX,-0.00767573918151554,3.3911638209438526,2026-03-01,3.516911556456279,2501.2,0.0015710933086745468,11.0,105.25103465574578,
2026-03-06,392.0,402.0,386.75,396.15,15765117.0,0.0,NATIONALUM,0.0005051142821062005,5.021076901374641,2026-03-01,5.6094179765357115,362.85,0.013954789503441402,5.0,105.25103465574578,
2026-03-06,155.4,157.6,153.51,154.94,12234478.0,0.0,SAIL,-0.007748959333973793,3.8472205143956826,2026-03-01,3.5971778800341982,165.59,0.02360709605236403,15.0,105.25103465574578,
2026-03-06,1168.5,1169.3,1138.0,1143.0,20333328.0,0.0,SBIN,-0.022659256092347202,4.549394173258033,2026-03-01,4.327167795651103,1189.9,0.0037759953098296817,7.0,105.25103465574578,
2026-03-06,1043.9,1052.0,1000.0,1007.5,8166989.0,0.0,SHRIRAMFIN,-0.030784030784030803,4.028963305595612,2026-03-01,3.760589707603834,1052.5,0.0036465738759976257,8.0,105.25103465574578,
2026-03-06,190.8,193.05,188.0,188.65,12364075.0,0.0,UNIONBANK,-0.013336820083681866,3.9262521451116963,2026-03-01,3.661875054013553,198.13,0.020716317448561526,6.0,105.25103465574578,
2026-03-06,712.1,729.3,701.7,721.0,13468762.0,0.0,VEDL,0.013708260105448122,4.419766274595091,2026-03-01,4.435762087949694,723.35,0.006170101022740859,1.0,105.25103465574578,
2026-03-09,2093.5,2140.4,2051.6,2097.9,355658.0,0.0,APLAPOLLO,-0.025501672240802686,3.2552002668249633,2026-03-01,3.0560658013837334,2222.3,0.0014647888524613973,20.0,102.95440234442881,
2026-03-09,190.45,190.45,182.66,186.94,22595249.0,0.0,ASHOKLEY,-0.03970822417424358,3.7657804619964947,2026-03-01,3.3347939344652997,209.01,0.018558778621934124,4.0,102.95440234442881,
2026-03-09,285.15,288.85,277.05,288.05,11662512.0,0.0,BANKBARODA,-0.024716438124259388,3.2552002668249633,2026-03-01,2.9124411767632576,315.2,0.010327412014038589,19.0,102.95440234442881,
2026-03-09,154.0,155.08,147.85,151.29,13124009.0,0.0,BANKINDIA,-0.05194886577265334,3.764232961100413,2026-03-01,3.2348242242821996,172.3,0.023323070235727637,2.0,102.95440234442881,
2026-03-09,1909.2,1909.2,1809.9,1862.3,1166675.0,0.0,BHARATFORG,-0.03201829616923968,3.2552002668249633,2026-03-01,3.1719126501193644,1879.3,0.0017321344473074885,3.0,102.95440234442881,
2026-03-09,140.15,141.01,136.3,139.91,29651646.0,0.0,CANBK,-0.041515379872576585,3.777460454998396,2026-03-01,3.3583560542595503,153.56,0.024107957607331296,12.0,102.95440234442881,
2026-03-09,280.0,280.75,268.7,273.3,12304998.0,0.0,FEDERALBNK,-0.04607329842931929,3.6562658470058045,2026-03-01,3.3325244488467116,294.95,0.012306989429192793,10.0,102.95440234442881,
2026-03-09,129.89,,,131.35,,,GOLDBEES,0.004051368292310009,13.9786089248951,2026-03-01,13.274221242661739,138.32,0.10105992571497326,,102.95440234442881,2026-03_onward
2026-03-09,940.0,956.25,925.25,945.35,7016889.0,0.0,HINDALCO,-0.014130774846177863,4.368661417322829,2026-03-01,4.466220472440939,940.0,0.004724409448818898,17.0,102.95440234442881,
2026-03-09,549.8,551.35,534.65,540.55,7172740.0,0.0,HINDCOPPER,-0.03231292517006812,2.896908670696399,2026-03-01,2.7651844992847234,576.0,0.005855190131435738,14.0,102.95440234442881,
2026-03-09,928.0,928.0,878.7,898.9,2044078.0,0.0,INDIANB,-0.04311262507983815,3.811988396120839,2026-03-01,3.459461251159033,976.65,0.0041614453967418205,9.0,102.95440234442881,
2026-03-09,158.0,162.15,156.3,161.22,40458725.0,0.0,IOC,-0.04422575290490871,3.2552002668249633,2026-03-01,2.7993993013149865,179.11,0.018174307781949433,18.0,102.95440234442881,
2026-03-09,113.07,,,113.05,,,LIQUIDCASE,8.846426043862543e-05,19.24413501387392,2026-03-01,19.257762798251267,112.97,0.1703473047169507,,102.95440234442881,2026-03_onward
2026-03-09,358.0,358.8,344.05,347.85,1005944.0,0.0,M&MFIN,-0.04305364511691878,3.705528197386674,2026-03-01,3.443676151378452,366.0,0.010006179589583698,13.0,102.95440234442881,
2026-03-09,67.0,67.5,63.59,65.69,36574212.0,0.0,MAHABANK,-0.0633109938685299,3.2552002668249633,2026-03-01,2.8602742847476166,71.98,0.04522367694949935,16.0,102.95440234442881,
2026-03-09,2479.0,2587.9,2451.1,2577.1,4232863.0,0.0,MCX,0.01704881802754632,3.3911638209438526,2026-03-01,3.5768707416012773,2501.2,0.0015710933086745468,11.0,102.95440234442881,
2026-03-09,396.0,402.45,384.0,388.1,18671228.0,0.0,NATIONALUM,-0.020320585636753652,5.021076901374641,2026-03-01,5.495431318171173,362.85,0.013954789503441402,5.0,102.95440234442881,
2026-03-09,150.99,151.19,144.8,149.52,17043925.0,0.0,SAIL,-0.03498128307732018,3.8472205143956826,2026-03-01,3.4713439823332473,165.59,0.02360709605236403,15.0,102.95440234442881,
2026-03-09,1115.0,1115.0,1064.3,1098.5,24631198.0,0.0,SBIN,-0.03893263342082243,4.549394173258033,2026-03-01,4.158699758112631,1189.9,0.0037759953098296817,7.0,102.95440234442881,
2026-03-09,957.5,993.0,934.2,987.2,11999852.0,0.0,SHRIRAMFIN,-0.020148883374689786,4.028963305595612,2026-03-01,3.6848180241652657,1052.5,0.0036465738759976257,8.0,102.95440234442881,
2026-03-09,181.51,183.16,175.5,179.06,22083962.0,0.0,UNIONBANK,-0.05083487940630804,3.9262521451116963,2026-03-01,3.4757240772418063,198.13,0.020716317448561526,6.0,102.95440234442881,
2026-03-09,709.05,713.25,698.0,709.4,10105473.0,0.0,VEDL,-0.016088765603328725,4.419766274595091,2026-03-01,4.364396151444539,723.35,0.006170101022740859,1.0,102.95440234442881,
2026-03-10,2137.7,2168.6,2085.7,2100.6,1148309.0,0.0,APLAPOLLO,0.0012870012870012104,3.2552002668249633,2026-03-01,3.0599989620032746,2222.3,0.0014647888524613973,20.0,104.4124973133625,
2026-03-10,191.5,195.17,191.0,193.56,17754507.0,0.0,ASHOKLEY,0.03541243179629827,3.7657804619964947,2026-03-01,3.452887097224261,209.01,0.018558778621934124,4.0,104.4124973133625,
2026-03-10,291.0,296.15,290.5,294.4,8965568.0,0.0,BANKBARODA,0.022044783891685293,3.2552002668249633,2026-03-01,2.976645313102249,315.2,0.010327412014038589,19.0,104.4124973133625,
2026-03-10,154.0,156.95,151.54,156.17,6865878.0,0.0,BANKINDIA,0.03225593231542079,3.764232961100413,2026-03-01,3.33916649551293,172.3,0.023323070235727637,2.0,104.4124973133625,
2026-03-10,1885.0,1886.5,1827.1,1842.2,959909.0,0.0,BHARATFORG,-0.010793105299897965,3.2552002668249633,2026-03-01,3.1376778628845474,1879.3,0.0017321344473074885,3.0,104.4124973133625,
2026-03-10,142.5,143.85,140.17,142.27,21772242.0,0.0,CANBK,0.016867986562790538,3.777460454998396,2026-03-01,3.4150047590558668,153.56,0.024107957607331296,12.0,104.4124973133625,
2026-03-10,277.25,281.15,275.25,276.0,10974726.0,0.0,FEDERALBNK,0.009879253567508295,3.6562658470058045,2026-03-01,3.365447302896789,294.95,0.012306989429192793,10.0,104.4124973133625,
2026-03-10,131.51,,,132.2,,,GOLDBEES,0.006471259992386624,13.9786089248951,2026-03-01,13.360122179519463,138.32,0.10105992571497326,,104.4124973133625,2026-03_onward
2026-03-10,956.0,959.75,933.35,956.6,4839199.0,0.0,HINDALCO,0.011900354366107813,4.368661417322829,2026-03-01,4.519370078740152,940.0,0.004724409448818898,17.0,104.4124973133625,
2026-03-10,552.0,555.0,545.5,548.95,4213894.0,0.0,HINDCOPPER,0.015539728054759117,2.896908670696399,2026-03-01,2.808154714424843,576.0,0.005855190131435738,14.0,104.4124973133625,
2026-03-10,912.0,937.0,905.55,929.75,1627044.0,0.0,INDIANB,0.034319724107242155,3.811988396120839,2026-03-01,3.578189006858506,976.65,0.0041614453967418205,9.0,104.4124973133625,
2026-03-10,164.44,166.86,159.12,159.94,26772223.0,0.0,IOC,-0.007939461605259934,3.2552002668249633,2026-03-01,2.7771735780444047,179.11,0.018174307781949433,18.0,104.4124973133625,
2026-03-10,113.08,,,113.06,,,LIQUIDCASE,8.845643520571933e-05,19.24413501387392,2026-03-01,19.259466271298436,112.97,0.1703473047169507,,104.4124973133625,2026-03_onward
2026-03-10,351.35,364.45,350.5,360.7,1483496.0,0.0,M&MFIN,0.036941210291792315,3.705528197386674,2026-03-01,3.5708897162633533,366.0,0.010006179589583698,13.0,104.4124973133625,
2026-03-10,67.44,69.08,66.44,68.77,20969226.0,0.0,MAHABANK,0.046886892982189066,3.2552002668249633,2026-03-01,2.994383659036285,71.98,0.04522367694949935,16.0,104.4124973133625,
2026-03-10,2605.0,2623.9,2562.1,2578.2,3351851.0,0.0,MCX,0.00042683636645834966,3.3911638209438526,2026-03-01,3.5783974801119136,2501.2,0.0015710933086745468,11.0,104.4124973133625,
2026-03-10,390.0,393.65,380.65,388.75,13040542.0,0.0,NATIONALUM,0.0016748260757535327,5.021076901374641,2026-03-01,5.504635209840359,362.85,0.013954789503441402,5.0,104.4124973133625,
2026-03-10,152.05,153.45,148.37,149.84,11722822.0,0.0,SAIL,0.0021401819154627244,3.8472205143956826,2026-03-01,3.4787732899465875,165.59,0.02360709605236403,15.0,104.4124973133625,
2026-03-10,1111.1,1119.9,1104.5,1112.2,17491459.0,0.0,SBIN,0.012471552116522622,4.549394173258033,2026-03-01,4.210565198882902,1189.9,0.0037759953098296817,7.0,104.4124973133625,
2026-03-10,1010.0,1068.3,1006.7,1062.9,14297519.0,0.0,SHRIRAMFIN,0.07668152350081048,4.028963305595612,2026-03-01,3.9673754840815048,1052.5,0.0036465738759976257,8.0,104.4124973133625,
2026-03-10,182.0,187.55,179.8,186.3,18486715.0,0.0,UNIONBANK,0.04043337428794813,3.9262521451116963,2026-03-01,3.6162593297785577,198.13,0.020716317448561526,6.0,104.4124973133625,
2026-03-10,720.0,723.95,703.1,722.0,14950497.0,0.0,VEDL,0.017761488581900187,4.419766274595091,2026-03-01,4.441914323855311,723.35,0.006170101022740859,1.0,104.4124973133625,
2026-03-11,2109.9,2126.5,1989.5,2016.3,722986.0,0.0,APLAPOLLO,-0.040131391031133945,3.2552002668249633,2026-03-01,2.9371969471042574,2222.3,0.0014647888524613973,20.0,103.51780351204626,
2026-03-11,194.39,195.38,183.88,184.66,28300159.0,0.0,ASHOKLEY,-0.04598057449886339,3.7657804619964947,2026-03-01,3.2941213648141767,209.01,0.018558778621934124,4.0,103.51780351204626,
2026-03-11,295.0,297.2,288.5,289.3,6444909.0,0.0,BANKBARODA,-0.017323369565217295,3.2552002668249633,2026-03-01,2.925079786278807,315.2,0.010327412014038589,19.0,103.51780351204626,
2026-03-11,156.95,157.7,153.78,154.3,6073597.0,0.0,BANKINDIA,-0.011974130754946355,3.764232961100413,2026-03-01,3.299182879283122,172.3,0.023323070235727637,2.0,103.51780351204626,
2026-03-11,1849.7,1862.8,1793.0,1797.1,807896.0,0.0,BHARATFORG,-0.02448159808924122,3.2552002668249633,2026-03-01,3.0608624945118987,1879.3,0.0017321344473074885,3.0,103.51780351204626,
2026-03-11,143.0,143.7,139.01,139.41,13349850.0,0.0,CANBK,-0.020102621775497376,3.777460454998396,2026-03-01,3.3463542100230432,153.56,0.024107957607331296,12.0,103.51780351204626,
2026-03-11,276.7,277.0,268.7,269.45,9571287.0,0.0,FEDERALBNK,-0.02373188405797111,3.6562658470058045,2026-03-01,3.285578897701231,294.95,0.012306989429192793,10.0,103.51780351204626,
2026-03-11,133.43,,,132.71,,,GOLDBEES,0.003857791225416074,13.9786089248951,2026-03-01,13.4116627416341,138.32,0.10105992571497326,,103.51780351204626,2026-03_onward
2026-03-11,959.95,978.9,952.5,959.1,4456510.0,0.0,HINDALCO,0.002613422538155996,4.368661417322829,2026-03-01,4.531181102362199,940.0,0.004724409448818898,17.0,103.51780351204626,
2026-03-11,550.0,562.0,540.4,542.9,5402609.0,0.0,HINDCOPPER,-0.011021040167592755,2.896908670696399,2026-03-01,2.777205928520352,576.0,0.005855190131435738,14.0,103.51780351204626,
2026-03-11,929.85,935.0,910.0,917.8,1145458.0,0.0,INDIANB,-0.012852917450927759,3.811988396120839,2026-03-01,3.5321988389295362,976.65,0.0041614453967418205,9.0,103.51780351204626,
2026-03-11,160.5,162.99,159.66,160.63,22703344.0,0.0,IOC,0.004314117794172789,3.2552002668249633,2026-03-01,2.7891546319949523,179.11,0.018174307781949433,18.0,103.51780351204626,
2026-03-11,113.08,,,113.08,,,LIQUIDCASE,0.0001768972227136345,19.24413501387392,2026-03-01,19.262873217392773,112.97,0.1703473047169507,,103.51780351204626,2026-03_onward
2026-03-11,361.2,363.95,351.0,353.05,612104.0,0.0,M&MFIN,-0.02120876074299971,3.705528197386674,2026-03-01,3.4951555706314856,366.0,0.010006179589583698,13.0,103.51780351204626,
2026-03-11,69.05,69.14,66.7,67.04,11860949.0,0.0,MAHABANK,-0.025156318161989044,3.2552002668249633,2026-03-01,2.9190559910105076,71.98,0.04522367694949935,16.0,103.51780351204626,
2026-03-11,2580.0,2608.0,2520.4,2531.6,2043024.0,0.0,MCX,-0.018074625707858116,3.3911638209438526,2026-03-01,3.513719285024948,2501.2,0.0015710933086745468,11.0,103.51780351204626,
2026-03-11,392.0,403.35,390.65,397.75,16596283.0,0.0,NATIONALUM,0.023151125401929207,5.021076901374641,2026-03-01,5.632073709875248,362.85,0.013954789503441402,5.0,103.51780351204626,
2026-03-11,150.82,155.34,150.82,153.88,13160960.0,0.0,SAIL,0.02696209289909235,3.8472205143956826,2026-03-01,3.5725682985650087,165.59,0.02360709605236403,15.0,103.51780351204626,
2026-03-11,1113.4,1115.9,1088.0,1091.1,8364878.0,0.0,SBIN,-0.018971408020140412,4.549394173258033,2026-03-01,4.130684848499492,1189.9,0.0037759953098296817,7.0,103.51780351204626,
2026-03-11,1062.9,1077.9,1028.7,1031.7,10731059.0,0.0,SHRIRAMFIN,-0.029353655094552678,4.028963305595612,2026-03-01,3.850918512491192,1052.5,0.0036465738759976257,8.0,103.51780351204626,
2026-03-11,187.5,187.55,180.4,180.92,12583965.0,0.0,UNIONBANK,-0.02887815351583478,3.9262521451116963,2026-03-01,3.5118284377001427,198.13,0.020716317448561526,6.0,103.51780351204626,
2026-03-11,727.6,743.5,715.0,721.55,15906006.0,0.0,VEDL,-0.0006232686980609525,4.419766274595091,2026-03-01,4.439145817697783,723.35,0.006170101022740859,1.0,103.51780351204626,
2026-03-12,2019.9,2025.0,1937.2,2009.2,1360299.0,0.0,APLAPOLLO,-0.003521301393641818,3.2552002668249633,2026-03-01,2.9268541914010187,2222.3,0.0014647888524613973,20.0,103.38626294493073,
2026-03-12,184.66,184.97,177.01,178.47,44243228.0,0.0,ASHOKLEY,-0.03352106574244551,3.7657804619964947,2026-03-01,3.1836989059806466,209.01,0.018558778621934124,4.0,103.38626294493073,
2026-03-12,287.0,293.35,282.95,289.2,8115474.0,0.0,BANKBARODA,-0.0003456619426202012,3.2552002668249633,2026-03-01,2.924068697517563,315.2,0.010327412014038589,19.0,103.38626294493073,
2026-03-12,151.0,156.6,149.81,154.78,6364616.0,0.0,BANKINDIA,0.003110823071937663,3.764232961100413,2026-03-01,3.3094460535025374,172.3,0.023323070235727637,2.0,103.38626294493073,
2026-03-12,1789.9,1792.4,1720.0,1779.6,1253973.0,0.0,BHARATFORG,-0.009737911078960493,3.2552002668249633,2026-03-01,3.0310560877154167,1879.3,0.0017321344473074885,3.0,103.38626294493073,
2026-03-12,138.6,142.86,136.26,140.34,21773776.0,0.0,CANBK,0.0066709705186143164,3.777460454998396,2026-03-01,3.368677640302948,153.56,0.024107957607331296,12.0,103.38626294493073,
2026-03-12,265.75,272.15,264.85,270.25,7972457.0,0.0,FEDERALBNK,0.0029690109482278793,3.6562658470058045,2026-03-01,3.295333817419772,294.95,0.012306989429192793,10.0,103.38626294493073,
2026-03-12,131.9,,,132.43,,,GOLDBEES,-0.0021098636123879633,13.9786089248951,2026-03-01,13.383365962433906,138.32,0.10105992571497326,,103.38626294493073,2026-03_onward
2026-03-12,968.0,972.0,934.45,969.75,4664967.0,0.0,HINDALCO,0.011104160150140707,4.368661417322829,2026-03-01,4.5814960629921195,940.0,0.004724409448818898,17.0,103.38626294493073,
2026-03-12,540.8,540.8,519.4,527.35,8013312.0,0.0,HINDCOPPER,-0.02864247559403199,2.896908670696399,2026-03-01,2.6976598754931067,576.0,0.005855190131435738,14.0,103.38626294493073,
2026-03-12,910.0,922.3,890.0,909.6,1025100.0,0.0,INDIANB,-0.0089344083678361,3.811988396120839,2026-03-01,3.5006407320661435,976.65,0.0041614453967418205,9.0,103.38626294493073,
2026-03-12,157.4,162.25,154.06,160.16,21636039.0,0.0,IOC,-0.0029259789578534035,3.2552002668249633,2026-03-01,2.780993624231536,179.11,0.018174307781949433,18.0,103.38626294493073,
2026-03-12,113.11,,,113.09,,,LIQUIDCASE,8.843296781035903e-05,19.24413501387392,2026-03-01,19.264576690439945,112.97,0.1703473047169507,,103.38626294493073,2026-03_onward
2026-03-12,350.0,352.3,344.0,346.3,906284.0,0.0,M&MFIN,-0.019119104942642684,3.705528197386674,2026-03-01,3.4283313244857205,366.0,0.010006179589583698,13.0,103.38626294493073,
2026-03-12,65.56,68.02,65.45,67.11,12907665.0,0.0,MAHABANK,0.0010441527446298782,3.2552002668249633,2026-03-01,2.9221039313352497,71.98,0.04522367694949935,16.0,103.38626294493073,
2026-03-12,2512.7,2539.9,2466.9,2526.1,2510419.0,0.0,MCX,-0.002172539105703919,3.3911638209438526,2026-03-01,3.5060855924717655,2501.2,0.0015710933086745468,11.0,103.38626294493073,
2026-03-12,403.5,410.2,385.95,409.15,20128518.0,0.0,NATIONALUM,0.028661219358893764,5.021076901374641,2026-03-01,5.793495809919442,362.85,0.013954789503441402,5.0,103.38626294493073,
2026-03-12,153.01,154.2,149.6,153.65,9824998.0,0.0,SAIL,-0.0014946711723420325,3.8472205143956826,2026-03-01,3.5672284837179205,165.59,0.02360709605236403,15.0,103.38626294493073,
2026-03-12,1075.1,1098.0,1070.5,1085.2,14614140.0,0.0,SBIN,-0.005407387040601064,4.549394173258033,2026-03-01,4.1083486367809074,1189.9,0.0037759953098296817,7.0,103.38626294493073,
2026-03-12,1021.1,1046.7,1006.1,1031.7,7054662.0,0.0,SHRIRAMFIN,0.0,4.028963305595612,2026-03-01,3.850918512491192,1052.5,0.0036465738759976257,8.0,103.38626294493073,
2026-03-12,179.52,183.4,175.52,182.1,14230468.0,0.0,UNIONBANK,0.006522219765642268,3.9262521451116963,2026-03-01,3.534733354550055,198.13,0.020716317448561526,6.0,103.38626294493073,
2026-03-12,730.25,730.3,704.55,719.6,10180516.0,0.0,VEDL,-0.0027025154181968825,4.419766274595091,2026-03-01,4.427148957681831,723.35,0.006170101022740859,1.0,103.38626294493073,
2026-03-13,2006.8,2013.5,1908.5,1933.2,560842.0,0.0,APLAPOLLO,-0.03782600039816841,3.2552002668249633,2026-03-01,2.8161430035917028,2222.3,0.0014647888524613973,20.0,100.37567993446447,
2026-03-13,176.6,176.6,169.41,170.65,27176714.0,0.0,ASHOKLEY,-0.043816887992379594,3.7657804619964947,2026-03-01,3.0441991276158307,209.01,0.018558778621934124,4.0,100.37567993446447,
2026-03-13,286.15,287.5,280.0,281.05,6237801.0,0.0,BANKBARODA,-0.02818118948824333,3.2552002668249633,2026-03-01,2.8416649634761795,315.2,0.010327412014038589,19.0,100.37567993446447,
2026-03-13,154.06,154.65,149.7,150.2,9551217.0,0.0,BANKINDIA,-0.029590386354826248,3.764232961100413,2026-03-01,3.2115182661589428,172.3,0.023323070235727637,2.0,100.37567993446447,
2026-03-13,1764.0,1775.5,1666.1,1675.1,1361265.0,0.0,BHARATFORG,-0.05872106091256457,3.2552002668249633,2026-03-01,2.85306925855928,1879.3,0.0017321344473074885,3.0,100.37567993446447,
2026-03-13,139.0,139.67,134.34,134.68,21035474.0,0.0,CANBK,-0.04033062562348577,3.777460454998396,2026-03-01,3.2328167635456824,153.56,0.024107957607331296,12.0,100.37567993446447,
2026-03-13,268.65,269.75,262.15,263.05,7258500.0,0.0,FEDERALBNK,-0.026641998149861235,3.6562658470058045,2026-03-01,3.2075395399528994,294.95,0.012306989429192793,10.0,100.37567993446447,
2026-03-13,131.38,,,130.32,,,GOLDBEES,-0.01593294570716619,13.9786089248951,2026-03-01,13.170129519175312,138.32,0.10105992571497326,,100.37567993446447,2026-03_onward
2026-03-13,967.0,968.15,904.3,910.05,10347187.0,0.0,HINDALCO,-0.06156225831399853,4.368661417322829,2026-03-01,4.2994488188976305,940.0,0.004724409448818898,17.0,100.37567993446447,
2026-03-13,526.3,528.35,493.55,496.3,10833935.0,0.0,HINDCOPPER,-0.058879302171233494,2.896908670696399,2026-03-01,2.538823544528736,576.0,0.005855190131435738,14.0,100.37567993446447,
2026-03-13,909.6,909.6,867.55,870.3,2204866.0,0.0,INDIANB,-0.04320580474934044,3.811988396120839,2026-03-01,3.3493927320989054,976.65,0.0041614453967418205,9.0,100.37567993446447,
2026-03-13,158.99,160.34,155.8,156.54,11958819.0,0.0,IOC,-0.022602397602397684,3.2552002668249633,2026-03-01,2.718136500606922,179.11,0.018174307781949433,18.0,100.37567993446447,
2026-03-13,113.15,,,113.14,,,LIQUIDCASE,0.00044212574056068377,19.24413501387392,2026-03-01,19.273094055675795,112.97,0.1703473047169507,,100.37567993446447,2026-03_onward
2026-03-13,346.0,347.95,327.8,330.2,2655760.0,0.0,M&MFIN,-0.04649148137453085,3.705528197386674,2026-03-01,3.268943122567672,366.0,0.010006179589583698,13.0,100.37567993446447,
2026-03-13,67.0,67.08,63.8,64.09,17868529.0,0.0,MAHABANK,-0.04500074504544771,3.2552002668249633,2026-03-01,2.790607077324932,71.98,0.04522367694949935,16.0,100.37567993446447,
2026-03-13,2520.0,2544.0,2465.0,2498.8,2434350.0,0.0,MCX,-0.010807173112703294,3.3911638209438526,2026-03-01,3.468194718525968,2501.2,0.0015710933086745468,11.0,100.37567993446447,
2026-03-13,408.65,411.7,381.25,387.35,28466667.0,0.0,NATIONALUM,-0.05328119271660747,5.021076901374641,2026-03-01,5.484811443168266,362.85,0.013954789503441402,5.0,100.37567993446447,
2026-03-13,152.26,154.25,144.25,149.89,24157379.0,0.0,SAIL,-0.02447120078099585,3.8472205143956826,2026-03-01,3.4799341192611717,165.59,0.02360709605236403,15.0,100.37567993446447,
2026-03-13,1077.5,1081.3,1042.3,1047.0,15978675.0,0.0,SBIN,-0.03520088462956139,4.549394173258033,2026-03-01,3.9637311303995673,1189.9,0.0037759953098296817,7.0,100.37567993446447,
2026-03-13,1021.3,1028.0,994.7,1003.6,6562852.0,0.0,SHRIRAMFIN,-0.02723659978675974,4.028963305595612,2026-03-01,3.746032586155046,1052.5,0.0036465738759976257,8.0,100.37567993446447,
2026-03-13,181.5,181.64,173.31,173.88,10935027.0,0.0,UNIONBANK,-0.04514003294892921,3.9262521451116963,2026-03-01,3.375175374459987,198.13,0.020716317448561526,6.0,100.37567993446447,
2026-03-13,714.5,715.5,684.45,689.55,15416801.0,0.0,VEDL,-0.0417593107281824,4.419766274595091,2026-03-01,4.242274268718046,723.35,0.006170101022740859,1.0,100.37567993446447,
2026-03-16,1921.6,1937.7,1872.1,1893.7,667940.0,0.0,APLAPOLLO,-0.020432443616801188,3.2552002668249633,2026-03-01,2.7586023204539663,2222.3,0.0014647888524613973,20.0,99.54825846662293,
2026-03-16,169.3,174.9,168.7,172.77,21338066.0,0.0,ASHOKLEY,0.012423088192206277,3.7657804619964947,2026-03-01,3.08201748185284,209.01,0.018558778621934124,4.0,99.54825846662293,
2026-03-16,280.0,282.5,272.5,279.95,9554841.0,0.0,BANKBARODA,-0.00391389432485334,3.2552002668249633,2026-03-01,2.8305429871024956,315.2,0.010327412014038589,19.0,99.54825846662293,
2026-03-16,149.0,151.84,146.88,150.67,10444439.0,0.0,BANKINDIA,0.0031291611185086943,3.764232961100413,2026-03-01,3.221567624248788,172.3,0.023323070235727637,2.0,99.54825846662293,
2026-03-16,1675.1,1717.4,1650.0,1697.0,905203.0,0.0,BHARATFORG,0.013073846337532169,3.2552002668249633,2026-03-01,2.8903698476360207,1879.3,0.0017321344473074885,3.0,99.54825846662293,
2026-03-16,134.5,135.38,131.5,134.51,28679443.0,0.0,CANBK,-0.0012622512622514348,3.777460454998396,2026-03-01,3.2287361365052694,153.56,0.024107957607331296,12.0,99.54825846662293,
2026-03-16,262.0,265.5,257.05,260.85,12531069.0,0.0,FEDERALBNK,-0.008363429005892375,3.6562658470058045,2026-03-01,3.1807135107269104,294.95,0.012306989429192793,10.0,99.54825846662293,
2026-03-16,128.0,,,127.22,,,GOLDBEES,-0.02378759975445055,13.9786089248951,2026-03-01,12.856843749458895,138.32,0.10105992571497326,,99.54825846662293,2026-03_onward
2026-03-16,906.85,943.15,901.3,921.15,10755610.0,0.0,HINDALCO,0.01219713202571282,4.368661417322829,2026-03-01,4.35188976377952,940.0,0.004724409448818898,17.0,99.54825846662293,
2026-03-16,488.05,494.8,472.5,477.55,11893736.0,0.0,HINDCOPPER,-0.03777956880918798,2.896908670696399,2026-03-01,2.442907885733826,576.0,0.005855190131435738,14.0,99.54825846662293,
2026-03-16,865.0,884.6,848.65,877.45,2341800.0,0.0,INDIANB,0.00821555785361383,3.811988396120839,2026-03-01,3.376909861863938,976.65,0.0041614453967418205,9.0,99.54825846662293,
2026-03-16,153.01,154.6,146.88,148.96,35687077.0,0.0,IOC,-0.04842212852944927,3.2552002668249633,2026-03-01,2.586518545613946,179.11,0.018174307781949433,18.0,99.54825846662293,
2026-03-16,113.15,,,113.15,,,LIQUIDCASE,8.838607035532853e-05,19.24413501387392,2026-03-01,19.274797528722964,112.97,0.1703473047169507,,99.54825846662293,2026-03_onward
2026-03-16,328.0,330.4,314.7,319.55,2087233.0,0.0,M&MFIN,-0.03225317989097509,3.705528197386674,2026-03-01,3.163509311982131,366.0,0.010006179589583698,13.0,99.54825846662293,
2026-03-16,63.9,64.26,61.9,63.33,18679362.0,0.0,MAHABANK,-0.011858324231549422,3.2552002668249633,2026-03-01,2.757515153799156,71.98,0.04522367694949935,16.0,99.54825846662293,
2026-03-16,2474.0,2577.0,2440.8,2555.6,3474374.0,0.0,MCX,0.0227309108372018,3.3911638209438526,2026-03-01,3.547029943438836,2501.2,0.0015710933086745468,11.0,99.54825846662293,
2026-03-16,384.25,390.3,369.6,372.25,17935359.0,0.0,NATIONALUM,-0.038982832064024864,5.021076901374641,2026-03-01,5.270997959776396,362.85,0.013954789503441402,5.0,99.54825846662293,
2026-03-16,148.97,150.13,143.27,144.69,16060150.0,0.0,SAIL,-0.03469210754553331,3.8472205143956826,2026-03-01,3.3592078705443926,165.59,0.02360709605236403,15.0,99.54825846662293,
2026-03-16,1048.7,1073.0,1036.1,1066.7,15322269.0,0.0,SBIN,0.018815663801337257,4.549394173258033,2026-03-01,4.03831136274806,1189.9,0.0037759953098296817,7.0,99.54825846662293,
2026-03-16,990.0,1002.9,969.3,992.0,10476354.0,0.0,SHRIRAMFIN,-0.011558389796731738,4.028963305595612,2026-03-01,3.7027344813330068,1052.5,0.0036465738759976257,8.0,99.54825846662293,
2026-03-16,172.2,176.97,171.25,175.6,13777819.0,0.0,UNIONBANK,0.009891879457096797,3.9262521451116963,2026-03-01,3.4085622024107067,198.13,0.020716317448561526,6.0,99.54825846662293,
2026-03-16,688.0,697.5,677.25,685.6,11112301.0,0.0,VEDL,-0.005728373576970425,4.419766274595091,2026-03-01,4.2179729368908605,723.35,0.006170101022740859,1.0,99.54825846662293,
2026-03-17,1914.0,1974.5,1896.7,1965.6,866076.0,0.0,APLAPOLLO,0.03796799915509319,3.2552002668249633,2026-03-01,2.8633409310262006,2222.3,0.0014647888524613973,20.0,100.93323899958523,
2026-03-17,174.0,176.6,171.7,176.11,20890037.0,0.0,ASHOKLEY,0.019332059964114245,3.7657804619964947,2026-03-01,3.141599228622467,209.01,0.018558778621934124,4.0,100.93323899958523,
2026-03-17,280.55,283.95,277.3,283.25,5072811.0,0.0,BANKBARODA,0.011787819253438192,3.2552002668249633,2026-03-01,2.8639089162235467,315.2,0.010327412014038589,19.0,100.93323899958523,
2026-03-17,151.1,151.75,148.54,151.38,8579109.0,0.0,BANKINDIA,0.0047122851264354,3.764232961100413,2026-03-01,3.2367485694483413,172.3,0.023323070235727637,2.0,100.93323899958523,
2026-03-17,1708.0,1755.0,1691.2,1746.0,1099383.0,0.0,BHARATFORG,0.028874484384207477,3.2552002668249633,2026-03-01,2.9738277866661713,1879.3,0.0017321344473074885,3.0,100.93323899958523,
2026-03-17,135.0,136.85,133.67,136.58,21872417.0,0.0,CANBK,0.015389190394766272,3.777460454998396,2026-03-01,3.2784237716444107,153.56,0.024107957607331296,12.0,100.93323899958523,
2026-03-17,260.85,266.5,255.8,264.55,12836887.0,0.0,FEDERALBNK,0.014184397163120588,3.6562658470058045,2026-03-01,3.2258300144251644,294.95,0.012306989429192793,10.0,100.93323899958523,
2026-03-17,127.82,,,128.22,,,GOLDBEES,0.00786039930828486,13.9786089248951,2026-03-01,12.957903675173869,138.32,0.10105992571497326,,100.93323899958523,2026-03_onward
2026-03-17,928.9,942.0,916.35,936.65,4862641.0,0.0,HINDALCO,0.016826792596211337,4.368661417322829,2026-03-01,4.425118110236213,940.0,0.004724409448818898,17.0,100.93323899958523,
2026-03-17,479.45,495.0,461.8,493.15,15297877.0,0.0,HINDCOPPER,0.032666736467385604,2.896908670696399,2026-03-01,2.5227097138511914,576.0,0.005855190131435738,14.0,100.93323899958523,
2026-03-17,885.0,885.0,860.0,873.95,1399473.0,0.0,INDIANB,-0.00398883127243721,3.811988396120839,2026-03-01,3.3634399382027333,976.65,0.0041614453967418205,9.0,100.93323899958523,
2026-03-17,149.0,149.8,145.51,146.68,19101788.0,0.0,IOC,-0.015306122448979553,3.2552002668249633,2026-03-01,2.5469289760382225,179.11,0.018174307781949433,18.0,100.93323899958523,
2026-03-17,113.18,,,113.17,,,LIQUIDCASE,0.0001767565178965036,19.24413501387392,2026-03-01,19.2782044748173,112.97,0.1703473047169507,,100.93323899958523,2026-03_onward
2026-03-17,320.05,323.0,315.0,319.8,1798106.0,0.0,M&MFIN,0.0007823501799404387,3.705528197386674,2026-03-01,3.1659842840616035,366.0,0.010006179589583698,13.0,100.93323899958523,
2026-03-17,63.85,63.89,61.4,62.48,19530270.0,0.0,MAHABANK,-0.013421759039949466,3.2552002668249633,2026-03-01,2.7205044498558544,71.98,0.04522367694949935,16.0,100.93323899958523,
2026-03-17,2579.9,2681.0,2570.0,2671.8,4027322.0,0.0,MCX,0.04546877445609643,3.3911638209438526,2026-03-01,3.7083090479260767,2501.2,0.0015710933086745468,11.0,100.93323899958523,
2026-03-17,376.0,396.8,371.05,395.15,19748708.0,0.0,NATIONALUM,0.061517797179314826,5.021076901374641,2026-03-01,5.595258143198502,362.85,0.013954789503441402,5.0,100.93323899958523,
2026-03-17,145.19,153.99,144.5,153.53,27048278.0,0.0,SAIL,0.061096136567834636,3.8472205143956826,2026-03-01,3.5644424933629177,165.59,0.02360709605236403,15.0,100.93323899958523,
2026-03-17,1073.9,1073.9,1047.0,1064.7,16427877.0,0.0,SBIN,-0.0018749414080809768,4.549394173258033,2026-03-01,4.03073976555532,1189.9,0.0037759953098296817,7.0,100.93323899958523,
2026-03-17,999.9,1012.0,983.2,1004.6,4175225.0,0.0,SHRIRAMFIN,0.0127016129032258,4.028963305595612,2026-03-01,3.749765181398325,1052.5,0.0036465738759976257,8.0,100.93323899958523,
2026-03-17,175.7,176.51,172.82,176.07,8519438.0,0.0,UNIONBANK,0.0026765375854214124,3.9262521451116963,2026-03-01,3.4176853472577053,198.13,0.020716317448561526,6.0,100.93323899958523,
2026-03-17,689.7,702.35,678.4,699.35,9586258.0,0.0,VEDL,0.020055425904317303,4.419766274595091,2026-03-01,4.302566180593091,723.35,0.006170101022740859,1.0,100.93323899958523,
2026-03-18,1965.0,2024.0,1942.7,2013.4,596269.0,0.0,APLAPOLLO,0.02431827431827438,3.2552002668249633,2026-03-01,2.932972441253639,2222.3,0.0014647888524613973,20.0,101.19587981825178,
2026-03-18,176.65,180.01,175.51,178.62,12316122.0,0.0,ASHOKLEY,0.014252455851456514,3.7657804619964947,2026-03-01,3.1863747329313785,209.01,0.018558778621934124,4.0,101.19587981825178,
2026-03-18,283.3,286.9,282.55,283.15,5349893.0,0.0,BANKBARODA,-0.0003530450132392948,3.2552002668249633,2026-03-01,2.8628978274623025,315.2,0.010327412014038589,19.0,101.19587981825178,
2026-03-18,151.77,154.19,151.73,152.45,6122539.0,0.0,BANKINDIA,0.0070683049279958166,3.764232961100413,2026-03-01,3.259626895312456,172.3,0.023323070235727637,2.0,101.19587981825178,
2026-03-18,1760.0,1812.0,1760.0,1804.4,2118929.0,0.0,BHARATFORG,0.033447880870561386,3.2552002668249633,2026-03-01,3.0732960242041463,1879.3,0.0017321344473074885,3.0,101.19587981825178,
2026-03-18,137.25,138.38,136.42,137.51,18020962.0,0.0,CANBK,0.0068091960755598535,3.777460454998396,2026-03-01,3.3007472019243145,153.56,0.024107957607331296,12.0,101.19587981825178,
2026-03-18,265.0,272.7,265.0,271.5,7002312.0,0.0,FEDERALBNK,0.026271026271026177,3.6562658470058045,2026-03-01,3.310575879479993,294.95,0.012306989429192793,10.0,101.19587981825178,
2026-03-18,127.88,,,127.91,,,GOLDBEES,-0.002417719544532848,13.9786089248951,2026-03-01,12.926575098202226,138.32,0.10105992571497326,,101.19587981825178,2026-03_onward
2026-03-18,932.9,938.4,923.0,933.05,3906519.0,0.0,HINDALCO,-0.0038434847595153476,4.368661417322829,2026-03-01,4.408110236220465,940.0,0.004724409448818898,17.0,101.19587981825178,
2026-03-18,494.05,494.9,473.2,489.15,12516538.0,0.0,HINDCOPPER,-0.008111122376558866,2.896908670696399,2026-03-01,2.5022477066416107,576.0,0.005855190131435738,14.0,101.19587981825178,
2026-03-18,875.0,895.65,874.65,888.9,1592607.0,0.0,INDIANB,0.017106241775845188,3.811988396120839,2026-03-01,3.420975754984163,976.65,0.0041614453967418205,9.0,101.19587981825178,
2026-03-18,146.8,149.08,145.96,148.27,20318430.0,0.0,IOC,0.010839923643305216,3.2552002668249633,2026-03-01,2.5745374916633983,179.11,0.018174307781949433,18.0,101.19587981825178,
2026-03-18,113.21,,,113.19,,,LIQUIDCASE,0.00017672528055134862,19.24413501387392,2026-03-01,19.281611420911638,112.97,0.1703473047169507,,101.19587981825178,2026-03_onward
2026-03-18,319.0,325.9,318.0,321.4,2043610.0,0.0,M&MFIN,0.00500312695434646,3.705528197386674,2026-03-01,3.1818241053702296,366.0,0.010006179589583698,13.0,101.19587981825178,
2026-03-18,62.8,64.35,62.78,64.13,14452657.0,0.0,MAHABANK,0.02640845070422526,3.2552002668249633,2026-03-01,2.7923487575104984,71.98,0.04522367694949935,16.0,101.19587981825178,
2026-03-18,2680.0,2702.7,2575.1,2603.1,5748986.0,0.0,MCX,-0.025713002470244883,3.3911638209438526,2026-03-01,3.612957288216322,2501.2,0.0015710933086745468,11.0,101.19587981825178,
2026-03-18,392.0,395.35,384.45,387.65,10667689.0,0.0,NATIONALUM,-0.01898013412628119,5.021076901374641,2026-03-01,5.489059393169429,362.85,0.013954789503441402,5.0,101.19587981825178,
2026-03-18,152.8,156.09,151.65,154.42,20171195.0,0.0,SAIL,0.0057969126555070805,3.8472205143956826,2026-03-01,3.5851052551625204,165.59,0.02360709605236403,15.0,101.19587981825178,
2026-03-18,1067.5,1075.4,1061.3,1069.8,10749915.0,0.0,SBIN,0.004790081713158534,4.549394173258033,2026-03-01,4.050047338396808,1189.9,0.0037759953098296817,7.0,101.19587981825178,
2026-03-18,1013.3,1028.9,1008.5,1021.6,3915253.0,0.0,SHRIRAMFIN,0.0169221580728649,4.028963305595612,2026-03-01,3.8132193005340724,1052.5,0.0036465738759976257,8.0,101.19587981825178,
2026-03-18,176.1,179.43,176.1,177.91,10650146.0,0.0,UNIONBANK,0.010450389049809772,3.9262521451116963,2026-03-01,3.4534014887863824,198.13,0.020716317448561526,6.0,101.19587981825178,
2026-03-18,700.0,700.0,674.5,679.0,11227748.0,0.0,VEDL,-0.0290984485593766,4.419766274595091,2026-03-01,4.177368179913789,723.35,0.006170101022740859,1.0,101.19587981825178,
2026-03-19,1950.0,1988.6,1922.0,1929.8,535700.0,0.0,APLAPOLLO,-0.0415218039137778,3.2552002668249633,2026-03-01,2.8111901346633914,2222.3,0.0014647888524613973,20.0,98.16728059120635,
2026-03-19,175.95,175.95,167.89,168.57,19935868.0,0.0,ASHOKLEY,-0.05626469600268735,3.7657804619964947,2026-03-01,3.007094327232351,209.01,0.018558778621934124,4.0,98.16728059120635,
2026-03-19,280.0,280.7,271.15,272.6,6659439.0,0.0,BANKBARODA,-0.03725940314321019,3.2552002668249633,2026-03-01,2.756227963151064,315.2,0.010327412014038589,19.0,98.16728059120635,
2026-03-19,148.61,149.91,144.72,145.77,7145447.0,0.0,BANKINDIA,-0.04381764512955055,3.764232961100413,2026-03-01,3.116797720758916,172.3,0.023323070235727637,2.0,98.16728059120635,
2026-03-19,1760.2,1773.0,1701.0,1712.4,874537.0,0.0,BHARATFORG,-0.05098647749944585,3.2552002668249633,2026-03-01,2.916599485616925,1879.3,0.0017321344473074885,3.0,98.16728059120635,
2026-03-19,133.8,136.1,131.9,132.92,18150227.0,0.0,CANBK,-0.03337939058977535,3.777460454998396,2026-03-01,3.1905702718331748,153.56,0.024107957607331296,12.0,98.16728059120635,
2026-03-19,266.45,269.15,262.35,265.9,9790533.0,0.0,FEDERALBNK,-0.020626151012891447,3.6562658470058045,2026-03-01,3.242291441450203,294.95,0.012306989429192793,10.0,98.16728059120635,
2026-03-19,125.88,,,121.32,,,GOLDBEES,-0.05152060042217188,13.9786089248951,2026-03-01,12.260590187740553,138.32,0.10105992571497326,,98.16728059120635,2026-03_onward
2026-03-19,912.0,933.05,892.15,897.05,4733569.0,0.0,HINDALCO,-0.03858314131075502,4.368661417322829,2026-03-01,4.238031496062986,940.0,0.004724409448818898,17.0,98.16728059120635,
2026-03-19,475.0,478.55,463.0,470.5,12391967.0,0.0,HINDCOPPER,-0.03812736379433712,2.896908670696399,2026-03-01,2.40684359802694,576.0,0.005855190131435738,14.0,98.16728059120635,
2026-03-19,870.1,873.85,853.0,859.15,1414056.0,0.0,INDIANB,-0.03346833164585439,3.811988396120839,2026-03-01,3.306481403863926,976.65,0.0041614453967418205,9.0,98.16728059120635,
2026-03-19,145.89,146.63,142.05,142.73,20076945.0,0.0,IOC,-0.03736426788966085,3.2552002668249633,2026-03-01,2.4783417831329113,179.11,0.018174307781949433,18.0,98.16728059120635,
2026-03-19,113.21,,,113.19,,,LIQUIDCASE,0.0,19.24413501387392,2026-03-01,19.281611420911638,112.97,0.1703473047169507,,98.16728059120635,2026-03_onward
2026-03-19,315.15,317.3,308.55,311.5,906419.0,0.0,M&MFIN,-0.030802738021157405,3.705528197386674,2026-03-01,3.083815211023107,366.0,0.010006179589583698,13.0,98.16728059120635,
2026-03-19,62.0,63.75,61.93,62.64,18036935.0,0.0,MAHABANK,-0.023234055824107203,3.2552002668249633,2026-03-01,2.727471170598123,71.98,0.04522367694949935,16.0,98.16728059120635,
2026-03-19,2556.5,2624.4,2520.4,2530.4,4095995.0,0.0,MCX,-0.027928239406860955,3.3911638209438526,2026-03-01,3.512053752104254,2501.2,0.0015710933086745468,11.0,98.16728059120635,
2026-03-19,377.0,389.65,374.25,377.0,10470359.0,0.0,NATIONALUM,-0.0274732361666451,5.021076901374641,2026-03-01,5.338257168128143,362.85,0.013954789503441402,5.0,98.16728059120635,
2026-03-19,152.0,155.41,151.0,152.55,14841772.0,0.0,SAIL,-0.012109830332858285,3.8472205143956826,2026-03-01,3.541690238797064,165.59,0.02360709605236403,15.0,98.16728059120635,
2026-03-19,1049.5,1059.7,1041.0,1048.9,13431191.0,0.0,SBIN,-0.01953636193681052,4.549394173258033,2026-03-01,3.970924147732671,1189.9,0.0037759953098296817,7.0,98.16728059120635,
2026-03-19,1000.0,1000.0,946.3,949.8,11956347.0,0.0,SHRIRAMFIN,-0.07028191072826939,4.028963305595612,2026-03-01,3.545218962066623,1052.5,0.0036465738759976257,8.0,98.16728059120635,
2026-03-19,173.45,175.53,170.84,172.16,9712536.0,0.0,UNIONBANK,-0.03231971221404084,3.9262521451116963,2026-03-01,3.3417885465092665,198.13,0.020716317448561526,6.0,98.16728059120635,
2026-03-19,667.0,688.7,660.4,665.35,13840558.0,0.0,VEDL,-0.020103092783505083,4.419766274595091,2026-03-01,4.093390159802121,723.35,0.006170101022740859,1.0,98.16728059120635,
2026-03-20,1948.0,1996.8,1948.0,1973.1,620833.0,0.0,APLAPOLLO,0.022437558296196425,3.2552002668249633,2026-03-01,2.8742663771915935,2222.3,0.0014647888524613973,20.0,98.61118697060559,
2026-03-20,171.08,172.67,166.33,168.89,38794799.0,0.0,ASHOKLEY,0.0018983211722132243,3.7657804619964947,2026-03-01,3.012802758060578,209.01,0.018558778621934124,4.0,98.61118697060559,
2026-03-20,275.85,283.8,275.25,279.95,9423497.0,0.0,BANKBARODA,0.0269625825385178,3.2552002668249633,2026-03-01,2.8305429871024956,315.2,0.010327412014038589,19.0,98.61118697060559,
2026-03-20,146.95,152.69,146.95,150.49,12913188.0,0.0,BANKINDIA,0.0323797763600191,3.764232961100413,2026-03-01,3.2177189339165073,172.3,0.023323070235727637,2.0,98.61118697060559,
2026-03-20,1718.0,1757.9,1706.3,1711.5,939720.0,0.0,BHARATFORG,-0.0005255781359495559,3.2552002668249633,2026-03-01,2.9150665846959636,1879.3,0.0017321344473074885,3.0,98.61118697060559,
2026-03-20,134.5,139.84,134.5,136.44,30539089.0,0.0,CANBK,0.026482094492928265,3.777460454998396,2026-03-01,3.2750632552581886,153.56,0.024107957607331296,12.0,98.61118697060559,
2026-03-20,268.05,274.3,266.0,267.1,14660431.0,0.0,FEDERALBNK,0.004512974802557634,3.6562658470058045,2026-03-01,3.256923821028016,294.95,0.012306989429192793,10.0,98.61118697060559,
2026-03-20,122.67,,,121.06,,,GOLDBEES,-0.002143092647543643,13.9786089248951,2026-03-01,12.23431460705466,138.32,0.10105992571497326,,98.61118697060559,2026-03_onward
2026-03-20,884.95,907.5,870.0,874.25,10063637.0,0.0,HINDALCO,-0.02541664344239447,4.368661417322829,2026-03-01,4.130314960629915,940.0,0.004724409448818898,17.0,98.61118697060559,
2026-03-20,472.0,493.0,472.0,489.45,17030835.0,0.0,HINDCOPPER,0.04027630180658881,2.896908670696399,2026-03-01,2.5037823571823288,576.0,0.005855190131435738,14.0,98.61118697060559,
2026-03-20,871.9,896.9,864.2,878.65,3265910.0,0.0,INDIANB,0.022696851539312002,3.811988396120839,2026-03-01,3.3815281214049215,976.65,0.0041614453967418205,9.0,98.61118697060559,
2026-03-20,143.6,148.13,143.6,144.6,34636614.0,0.0,IOC,0.01310166047782535,3.2552002668249633,2026-03-01,2.5108121757235273,179.11,0.018174307781949433,18.0,98.61118697060559,
2026-03-20,113.26,,,113.25,,,LIQUIDCASE,0.0005300821627352015,19.24413501387392,2026-03-01,19.291832259194653,112.97,0.1703473047169507,,98.61118697060559,2026-03_onward
2026-03-20,314.8,317.0,306.7,308.35,1431140.0,0.0,M&MFIN,-0.010112359550561778,3.705528197386674,2026-03-01,3.05263056282175,366.0,0.010006179589583698,13.0,98.61118697060559,
2026-03-20,63.06,66.33,63.06,65.49,32971130.0,0.0,MAHABANK,0.045498084291187624,3.2552002668249633,2026-03-01,2.8515658838197804,71.98,0.04522367694949935,16.0,98.61118697060559,
2026-03-20,2550.0,2558.9,2396.8,2414.5,5214539.0,0.0,MCX,-0.04580303509326589,3.3911638209438526,2026-03-01,3.3511910308471866,2501.2,0.0015710933086745468,11.0,98.61118697060559,
2026-03-20,369.05,382.65,360.55,368.5,34262576.0,0.0,NATIONALUM,-0.022546419098143256,5.021076901374641,2026-03-01,5.217898584761858,362.85,0.013954789503441402,5.0,98.61118697060559,
2026-03-20,153.11,158.54,153.11,155.52,25811397.0,0.0,SAIL,0.019469026548672552,3.8472205143956826,2026-03-01,3.6106435000833783,165.59,0.02360709605236403,15.0,98.61118697060559,
2026-03-20,1058.4,1085.0,1054.0,1058.0,17748625.0,0.0,SBIN,0.008675755553436915,4.549394173258033,2026-03-01,4.005374914959639,1189.9,0.0037759953098296817,7.0,98.61118697060559,
2026-03-20,962.0,966.9,922.3,938.6,28550627.0,0.0,SHRIRAMFIN,-0.011791956201305465,4.028963305595612,2026-03-01,3.5034138953418954,1052.5,0.0036465738759976257,8.0,98.61118697060559,
2026-03-20,174.0,179.94,173.99,177.63,18846899.0,0.0,UNIONBANK,0.031772769516728694,3.9262521451116963,2026-03-01,3.4479664237711494,198.13,0.020716317448561526,6.0,98.61118697060559,
2026-03-20,670.0,688.15,664.4,672.2,25993024.0,0.0,VEDL,0.010295333283234509,4.419766274595091,2026-03-01,4.135532975755597,723.35,0.006170101022740859,1.0,98.61118697060559,
2026-03-23,1965.2,1965.2,1890.0,1893.9,512633.0,0.0,APLAPOLLO,-0.04013988140489577,3.2552002668249633,2026-03-01,2.7588936656850436,2222.3,0.0014647888524613973,20.0,94.3316073857297,
2026-03-23,167.06,167.06,160.91,161.98,23531787.0,0.0,ASHOKLEY,-0.04091420451181238,3.7657804619964947,2026-03-01,2.8895363298635353,209.01,0.018558778621934124,4.0,94.3316073857297,
2026-03-23,275.2,275.45,265.0,265.9,9657083.0,0.0,BANKBARODA,-0.05018753348812288,3.2552002668249633,2026-03-01,2.688485016147718,315.2,0.010327412014038589,19.0,94.3316073857297,
2026-03-23,148.8,148.8,143.01,143.73,9048350.0,0.0,BANKINDIA,-0.04491992823443436,3.764232961100413,2026-03-01,3.073179230326397,172.3,0.023323070235727637,2.0,94.3316073857297,
2026-03-23,1700.0,1700.0,1634.0,1648.6,1394239.0,0.0,BHARATFORG,-0.03675138767163311,3.2552002668249633,2026-03-01,2.8079338425531786,1879.3,0.0017321344473074885,3.0,94.3316073857297,
2026-03-23,134.0,134.0,129.02,129.56,22467854.0,0.0,CANBK,-0.05042509527997652,3.777460454998396,2026-03-01,3.109917878563844,153.56,0.024107957607331296,12.0,94.3316073857297,
2026-03-23,263.0,263.3,253.3,254.35,13966492.0,0.0,FEDERALBNK,-0.04773493073755153,3.6562658470058045,2026-03-01,3.1014547880137617,294.95,0.012306989429192793,10.0,94.3316073857297,
2026-03-23,116.64,,,110.72,,,GOLDBEES,-0.08541219230133823,13.9786089248951,2026-03-01,11.189354975161837,138.32,0.10105992571497326,,94.3316073857297,2026-03_onward
2026-03-23,855.0,857.35,835.95,840.25,11372786.0,0.0,HINDALCO,-0.03889047755218755,4.368661417322829,2026-03-01,3.969685039370073,940.0,0.004724409448818898,17.0,94.3316073857297,
2026-03-23,475.0,475.95,445.7,449.15,14250496.0,0.0,HINDCOPPER,-0.08233731739707839,2.896908670696399,2026-03-01,2.2976276345458024,576.0,0.005855190131435738,14.0,94.3316073857297,
2026-03-23,861.0,869.9,833.0,838.2,1677108.0,0.0,INDIANB,-0.04603653331815849,3.811988396120839,2026-03-01,3.225854289377574,976.65,0.0041614453967418205,9.0,94.3316073857297,
2026-03-23,141.49,142.69,137.75,138.11,21048472.0,0.0,IOC,-0.04488243430152128,3.2552002668249633,2026-03-01,2.398120813203156,179.11,0.018174307781949433,18.0,94.3316073857297,
2026-03-23,113.28,,,113.26,,,LIQUIDCASE,8.830022075057009e-05,19.24413501387392,2026-03-01,19.29353573224182,112.97,0.1703473047169507,,94.3316073857297,2026-03_onward
2026-03-23,306.0,307.4,290.0,293.05,1619227.0,0.0,M&MFIN,-0.04961893951678287,3.705528197386674,2026-03-01,2.9011622715580145,366.0,0.010006179589583698,13.0,94.3316073857297,
2026-03-23,64.18,64.18,61.51,62.32,21311564.0,0.0,MAHABANK,-0.048404336539929704,3.2552002668249633,2026-03-01,2.7135377291135856,71.98,0.04522367694949935,16.0,94.3316073857297,
2026-03-23,2400.0,2402.5,2260.0,2314.4,6653727.0,0.0,MCX,-0.04145785876993158,3.3911638209438526,2026-03-01,3.2122578263792625,2501.2,0.0015710933086745468,11.0,94.3316073857297,
2026-03-23,357.5,361.2,347.0,349.75,14168007.0,0.0,NATIONALUM,-0.05088195386702854,5.021076901374641,2026-03-01,4.952401709689172,362.85,0.013954789503441402,5.0,94.3316073857297,
2026-03-23,153.04,154.0,142.26,143.04,21470572.0,0.0,SAIL,-0.08024691358024705,3.8472205143956826,2026-03-01,3.3209005031631067,165.59,0.02360709605236403,15.0,94.3316073857297,
2026-03-23,1039.0,1045.6,1014.2,1031.9,16039603.0,0.0,SBIN,-0.024669187145557547,4.549394173258033,2026-03-01,3.9065655715943786,1189.9,0.0037759953098296817,7.0,94.3316073857297,
2026-03-23,930.0,930.1,870.2,877.7,10556865.0,0.0,SHRIRAMFIN,-0.06488386959301085,4.028963305595612,2026-03-01,3.2760988450261896,1052.5,0.0036465738759976257,8.0,94.3316073857297,
2026-03-23,174.5,174.5,168.0,168.58,11258618.0,0.0,UNIONBANK,-0.050948601024601636,3.9262521451116963,2026-03-01,3.2722973581002104,198.13,0.020716317448561526,6.0,94.3316073857297,
2026-03-23,660.0,660.9,634.25,645.75,21999651.0,0.0,VEDL,-0.03934840821184182,4.419766274595091,2026-03-01,3.9728063360520323,723.35,0.006170101022740859,1.0,94.3316073857297,
2026-03-24,1945.0,1988.1,1896.9,1974.4,563124.0,0.0,APLAPOLLO,0.04250488410158937,3.2552002668249633,2026-03-01,2.876160121193595,2222.3,0.0014647888524613973,20.0,96.39993227702143,
2026-03-24,166.3,168.01,162.3,167.13,16357599.0,0.0,ASHOKLEY,0.0317940486479813,3.7657804619964947,2026-03-01,2.981406388505326,209.01,0.018558778621934124,4.0,96.39993227702143,
2026-03-24,270.4,273.75,266.0,270.5,9976659.0,0.0,BANKBARODA,0.017299736743136673,3.2552002668249633,2026-03-01,2.7349950991649408,315.2,0.010327412014038589,19.0,96.39993227702143,
2026-03-24,147.0,148.59,144.9,146.33,5828421.0,0.0,BANKINDIA,0.018089473318027016,3.764232961100413,2026-03-01,3.1287714240149014,172.3,0.023323070235727637,2.0,96.39993227702143,
2026-03-24,1700.0,1724.4,1649.4,1708.8,1227249.0,0.0,BHARATFORG,0.0365158316147034,3.2552002668249633,2026-03-01,2.9104678819330774,1879.3,0.0017321344473074885,3.0,96.39993227702143,
2026-03-24,133.0,134.59,131.55,133.15,22308902.0,0.0,CANBK,0.02770916949675839,3.777460454998396,2026-03-01,3.1960911201819693,153.56,0.024107957607331296,12.0,96.39993227702143,
2026-03-24,262.25,263.9,257.6,262.5,6880170.0,0.0,FEDERALBNK,0.032042461175545434,3.6562658470058045,2026-03-01,3.200833032646402,294.95,0.012306989429192793,10.0,96.39993227702143,
2026-03-24,111.62,,,115.49,,,GOLDBEES,0.04308164739884379,13.9786089248951,2026-03-01,11.671410820822258,138.32,0.10105992571497326,,96.39993227702143,2026-03_onward
2026-03-24,849.0,864.5,843.5,854.65,3526970.0,0.0,HINDALCO,0.017137756620053457,4.368661417322829,2026-03-01,4.037716535433065,940.0,0.004724409448818898,17.0,96.39993227702143,
2026-03-24,463.6,468.55,447.0,463.55,10804356.0,0.0,HINDCOPPER,0.032060558833352015,2.896908670696399,2026-03-01,2.371290860500294,576.0,0.005855190131435738,14.0,96.39993227702143,
2026-03-24,850.0,876.85,850.0,871.45,1433333.0,0.0,INDIANB,0.03966833691243132,3.811988396120839,2026-03-01,3.353818564159015,976.65,0.0041614453967418205,9.0,96.39993227702143,
2026-03-24,141.58,142.5,137.02,138.7,30509694.0,0.0,IOC,0.004271957135616455,3.2552002668249633,2026-03-01,2.4083654825231897,179.11,0.018174307781949433,18.0,96.39993227702143,
2026-03-24,113.29,,,113.27,,,LIQUIDCASE,8.829242450980601e-05,19.24413501387392,2026-03-01,19.295239205288986,112.97,0.1703473047169507,,96.39993227702143,2026-03_onward
2026-03-24,301.4,308.4,292.75,306.2,1666053.0,0.0,M&MFIN,0.044872888585565596,3.705528197386674,2026-03-01,3.031345802938284,366.0,0.010006179589583698,13.0,96.39993227702143,
2026-03-24,64.9,64.9,62.42,63.88,26031048.0,0.0,MAHABANK,0.025032092426187535,3.2552002668249633,2026-03-01,2.7814632563507042,71.98,0.04522367694949935,16.0,96.39993227702143,
2026-03-24,2383.8,2426.0,2291.0,2419.0,4100132.0,0.0,MCX,0.045195298997580347,3.3911638209438526,2026-03-01,3.357436779299791,2501.2,0.0015710933086745468,11.0,96.39993227702143,
2026-03-24,358.55,359.75,350.65,354.65,9633884.0,0.0,NATIONALUM,0.014010007147962744,5.021076901374641,2026-03-01,5.0217848930415006,362.85,0.013954789503441402,5.0,96.39993227702143,
2026-03-24,146.46,147.5,143.3,145.73,17464379.0,0.0,SAIL,0.018805928411633088,3.8472205143956826,2026-03-01,3.3833531202877483,165.59,0.02360709605236403,15.0,96.39993227702143,
2026-03-24,1055.2,1059.0,1020.0,1030.8,30416734.0,0.0,SBIN,-0.001065994766934919,4.549394173258033,2026-03-01,3.902401193138371,1189.9,0.0037759953098296817,7.0,96.39993227702143,
2026-03-24,907.0,931.9,896.2,903.6,13359073.0,0.0,SHRIRAMFIN,0.029508943830465872,4.028963305595612,2026-03-01,3.3727730618271217,1052.5,0.0036465738759976257,8.0,96.39993227702143,
2026-03-24,173.51,175.5,170.8,173.82,12443272.0,0.0,UNIONBANK,0.031083165262783208,3.9262521451116963,2026-03-01,3.374010717671008,198.13,0.020716317448561526,6.0,96.39993227702143,
2026-03-24,664.0,664.0,643.55,651.6,14286858.0,0.0,VEDL,0.009059233449477455,4.419766274595091,2026-03-01,4.00879691609989,723.35,0.006170101022740859,1.0,96.39993227702143,
2026-03-25,2000.0,2023.5,1981.6,1998.6,401241.0,0.0,APLAPOLLO,0.012256888168557412,3.2552002668249633,2026-03-01,2.91141289415393,2222.3,0.0014647888524613973,20.0,98.63853323335009,
2026-03-25,169.87,172.92,169.79,170.95,13077297.0,0.0,ASHOKLEY,0.022856459043858024,3.7657804619964947,2026-03-01,3.0495507815172944,209.01,0.018558778621934124,4.0,98.63853323335009,
2026-03-25,273.9,277.45,270.9,272.7,13583867.0,0.0,BANKBARODA,0.008133086876155327,3.2552002668249633,2026-03-01,2.7572390519123084,315.2,0.010327412014038589,19.0,98.63853323335009,
2026-03-25,148.0,150.8,147.81,149.5,8785495.0,0.0,BANKINDIA,0.021663363630150867,3.764232961100413,2026-03-01,3.196551137088961,172.3,0.023323070235727637,2.0,98.63853323335009,
2026-03-25,1738.5,1751.4,1720.0,1736.5,1733055.0,0.0,BHARATFORG,0.01621020599250933,3.2552002668249633,2026-03-01,2.957647165833795,1879.3,0.0017321344473074885,3.0,98.63853323335009,
2026-03-25,134.8,137.59,134.28,136.53,21680573.0,0.0,CANBK,0.025384904243334505,3.777460454998396,2026-03-01,3.2772235872207602,153.56,0.024107957607331296,12.0,98.63853323335009,
2026-03-25,265.5,273.9,264.8,270.95,9709681.0,0.0,FEDERALBNK,0.0321904761904761,3.6562658470058045,2026-03-01,3.3038693721734953,294.95,0.012306989429192793,10.0,98.63853323335009,
2026-03-25,118.37,,,119.29,,,GOLDBEES,0.03290328166940881,13.9786089248951,2026-03-01,12.055438538539157,138.32,0.10105992571497326,,98.63853323335009,2026-03_onward
2026-03-25,866.0,874.8,862.3,868.65,4491373.0,0.0,HINDALCO,0.01638097466799282,4.368661417322829,2026-03-01,4.10385826771653,940.0,0.004724409448818898,17.0,98.63853323335009,
2026-03-25,472.5,487.0,471.2,480.55,9964820.0,0.0,HINDCOPPER,0.036673498004530236,2.896908670696399,2026-03-01,2.458254391141012,576.0,0.005855190131435738,14.0,98.63853323335009,
2026-03-25,885.0,919.6,882.1,909.05,2602754.0,0.0,INDIANB,0.04314648000458998,3.811988396120839,2026-03-01,3.4985240297765245,976.65,0.0041614453967418205,9.0,98.63853323335009,
2026-03-25,141.32,141.69,139.0,140.52,22848464.0,0.0,IOC,0.013121845710166058,3.2552002668249633,2026-03-01,2.4399676827985486,179.11,0.018174307781949433,18.0,98.63853323335009,
2026-03-25,113.32,,,113.31,,,LIQUIDCASE,0.00035313851858398415,19.24413501387392,2026-03-01,19.302053097477668,112.97,0.1703473047169507,,98.63853323335009,2026-03_onward
2026-03-25,308.0,321.4,307.6,315.8,1707788.0,0.0,M&MFIN,0.03135205747877201,3.705528197386674,2026-03-01,3.1263847307900394,366.0,0.010006179589583698,13.0,98.63853323335009,
2026-03-25,64.05,66.89,64.02,65.51,18424709.0,0.0,MAHABANK,0.025516593613024385,3.2552002668249633,2026-03-01,2.8524367239125645,71.98,0.04522367694949935,16.0,98.63853323335009,
2026-03-25,2469.0,2497.7,2450.0,2465.1,3400803.0,0.0,MCX,0.01905746176105816,3.3911638209438526,2026-03-01,3.4214210023364666,2501.2,0.0015710933086745468,11.0,98.63853323335009,
2026-03-25,359.7,369.85,358.45,367.3,8500335.0,0.0,NATIONALUM,0.03566896940645714,5.021076901374641,2026-03-01,5.200906784757207,362.85,0.013954789503441402,5.0,98.63853323335009,
2026-03-25,147.99,152.34,145.95,151.71,22905688.0,0.0,SAIL,0.04103479036574509,3.8472205143956826,2026-03-01,3.5221883063120454,165.59,0.02360709605236403,15.0,98.63853323335009,
2026-03-25,1043.0,1065.5,1043.0,1060.6,16205333.0,0.0,SBIN,0.028909584788513687,4.549394173258033,2026-03-01,4.015217991310202,1189.9,0.0037759953098296817,7.0,98.63853323335009,
2026-03-25,919.0,965.0,917.3,956.0,14265748.0,0.0,SHRIRAMFIN,0.05799026117751205,4.028963305595612,2026-03-01,3.5683610525749536,1052.5,0.0036465738759976257,8.0,98.63853323335009,
2026-03-25,176.01,183.49,175.52,180.32,17554430.0,0.0,UNIONBANK,0.03739500632838566,3.9262521451116963,2026-03-01,3.5001818698103566,198.13,0.020716317448561526,6.0,98.63853323335009,
2026-03-25,661.0,673.8,659.0,669.65,12926445.0,0.0,VEDL,0.027701043585021345,4.419766274595091,2026-03-01,4.119844774196273,723.35,0.006170101022740859,1.0,98.63853323335009,
2026-03-27,1970.1,2012.0,1965.7,1986.2,788888.0,0.0,APLAPOLLO,-0.006204343040128069,3.2552002668249633,2026-03-01,2.8933494898271466,2222.3,0.0014647888524613973,20.0,96.85500677810883,
2026-03-27,170.0,170.0,162.85,163.09,21631702.0,0.0,ASHOKLEY,-0.04597835624451585,3.7657804619964947,2026-03-01,2.9093374492989503,209.01,0.018558778621934124,4.0,96.85500677810883,
2026-03-27,269.5,269.5,258.35,260.3,19957366.0,0.0,BANKBARODA,-0.04547121378804542,3.2552002668249633,2026-03-01,2.631864045518056,315.2,0.010327412014038589,19.0,96.85500677810883,
2026-03-27,148.52,148.52,143.05,144.99,14692046.0,0.0,BANKINDIA,-0.030167224080267507,3.764232961100413,2026-03-01,3.1001200626523646,172.3,0.023323070235727637,2.0,96.85500677810883,
2026-03-27,1721.0,1739.0,1684.3,1725.1,2212093.0,0.0,BHARATFORG,-0.006564929455802004,3.2552002668249633,2026-03-01,2.9382304208349432,1879.3,0.0017321344473074885,3.0,96.85500677810883,
2026-03-27,134.8,134.85,129.73,130.45,44250226.0,0.0,CANBK,-0.04453233721526417,3.777460454998396,2026-03-01,3.1312811613048277,153.56,0.024107957607331296,12.0,96.85500677810883,
2026-03-27,269.0,270.95,265.3,269.3,16383055.0,0.0,FEDERALBNK,-0.0060896844436242326,3.6562658470058045,2026-03-01,3.283749850254004,294.95,0.012306989429192793,10.0,96.85500677810883,
2026-03-27,118.34,,,117.53,,,GOLDBEES,-0.01475396093553527,13.9786089248951,2026-03-01,11.877573069280805,138.32,0.10105992571497326,,96.85500677810883,2026-03_onward
2026-03-27,860.0,872.95,854.75,866.7,4104597.0,0.0,HINDALCO,-0.0022448627180106095,4.368661417322829,2026-03-01,4.094645669291333,940.0,0.004724409448818898,17.0,96.85500677810883,
2026-03-27,479.0,498.0,463.05,493.45,17474064.0,0.0,HINDCOPPER,0.026844240973884048,2.896908670696399,2026-03-01,2.52424436439191,576.0,0.005855190131435738,14.0,96.85500677810883,
2026-03-27,902.0,904.55,867.0,871.75,1988298.0,0.0,INDIANB,-0.041031846433089436,3.811988396120839,2026-03-01,3.3549731290442613,976.65,0.0041614453967418205,9.0,96.85500677810883,
2026-03-27,142.99,144.37,137.35,137.76,29985724.0,0.0,IOC,-0.01964133219470554,3.2552002668249633,2026-03-01,2.3920434669963564,179.11,0.018174307781949433,18.0,96.85500677810883,
2026-03-27,113.37,,,113.36,,,LIQUIDCASE,0.00044126731974225564,19.24413501387392,2026-03-01,19.310570462713514,112.97,0.1703473047169507,,96.85500677810883,2026-03_onward
2026-03-27,315.8,316.45,300.9,301.95,1168609.0,0.0,M&MFIN,-0.04385687143761885,3.705528197386674,2026-03-01,2.989271277587246,366.0,0.010006179589583698,13.0,96.85500677810883,
2026-03-27,64.8,64.95,63.1,64.46,15925622.0,0.0,MAHABANK,-0.016028087314913897,3.2552002668249633,2026-03-01,2.8067176190414274,71.98,0.04522367694949935,16.0,96.85500677810883,
2026-03-27,2427.9,2487.0,2390.8,2398.2,7840574.0,0.0,MCX,-0.027138858464159754,3.3911638209438526,2026-03-01,3.3285675420077534,2501.2,0.0015710933086745468,11.0,96.85500677810883,
2026-03-27,364.5,375.0,362.0,371.0,15922058.0,0.0,NATIONALUM,0.010073509392866775,5.021076901374641,2026-03-01,5.253298168104883,362.85,0.013954789503441402,5.0,96.85500677810883,
2026-03-27,150.1,152.07,145.9,146.47,27097799.0,0.0,SAIL,-0.034539582097422805,3.8472205143956826,2026-03-01,3.400533394143598,165.59,0.02360709605236403,15.0,96.85500677810883,
2026-03-27,1051.3,1055.3,1013.0,1019.5,20445349.0,0.0,SBIN,-0.038751650009428595,4.549394173258033,2026-03-01,3.8596216689993876,1189.9,0.0037759953098296817,7.0,96.85500677810883,
2026-03-27,950.0,951.0,900.0,903.8,12238678.0,0.0,SHRIRAMFIN,-0.05460251046025111,4.028963305595612,2026-03-01,3.373519580875777,1052.5,0.0036465738759976257,8.0,96.85500677810883,
2026-03-27,178.72,178.9,172.55,175.48,87447033.0,0.0,UNIONBANK,-0.026841171251109186,3.9262521451116963,2026-03-01,3.406232888832749,198.13,0.020716317448561526,6.0,96.85500677810883,
2026-03-27,655.45,666.7,648.05,649.4,17226044.0,0.0,VEDL,-0.030239677443440582,4.419766274595091,2026-03-01,3.9952619971075336,723.35,0.006170101022740859,1.0,96.85500677810883,
2026-03-30,1970.0,1978.2,1930.1,1937.0,805266.0,0.0,APLAPOLLO,-0.024770919343469977,3.2552002668249633,2026-03-01,2.8216785629821683,2222.3,0.0014647888524613973,20.0,95.63339493398729,
2026-03-30,159.3,160.83,153.56,154.13,51508097.0,0.0,ASHOKLEY,-0.05493899074130848,3.7657804619964947,2026-03-01,2.7495013861085735,209.01,0.018558778621934124,4.0,95.63339493398729,
2026-03-30,254.6,256.0,246.6,247.6,15950618.0,0.0,BANKBARODA,-0.04878985785631973,3.2552002668249633,2026-03-01,2.5034557728400713,315.2,0.010327412014038589,19.0,95.63339493398729,
2026-03-30,141.11,142.92,136.2,136.99,11661437.0,0.0,BANKINDIA,-0.05517621904958958,3.764232961100413,2026-03-01,2.9290671589954305,172.3,0.023323070235727637,2.0,95.63339493398729,
2026-03-30,1690.0,1707.8,1653.7,1674.6,1836256.0,0.0,BHARATFORG,-0.029273665294765494,3.2552002668249633,2026-03-01,2.8522176469365235,1879.3,0.0017321344473074885,3.0,95.63339493398729,
2026-03-30,127.91,128.42,123.0,123.45,34665726.0,0.0,CANBK,-0.05366040628593316,3.777460454998396,2026-03-01,2.963255341993722,153.56,0.024107957607331296,12.0,95.63339493398729,
2026-03-30,268.0,268.0,257.15,259.4,10978564.0,0.0,FEDERALBNK,-0.03676197549201643,3.6562658470058045,2026-03-01,3.1630327187370537,294.95,0.012306989429192793,10.0,95.63339493398729,
2026-03-30,120.43,,,121.19,,,GOLDBEES,0.031140985280353917,13.9786089248951,2026-03-01,12.247452397397605,138.32,0.10105992571497326,,95.63339493398729,2026-03_onward
2026-03-30,876.0,913.0,876.0,884.45,12727309.0,0.0,HINDALCO,0.020479981539171632,4.368661417322829,2026-03-01,4.178503937007869,940.0,0.004724409448818898,17.0,95.63339493398729,
2026-03-30,484.0,484.95,450.1,453.5,14948476.0,0.0,HINDCOPPER,-0.08096058364575942,2.896908670696399,2026-03-01,2.319880067386222,576.0,0.005855190131435738,14.0,95.63339493398729,
2026-03-30,855.0,865.75,835.0,845.7,2488566.0,0.0,INDIANB,-0.02988242041869793,3.811988396120839,2026-03-01,3.2547184115087258,976.65,0.0041614453967418205,9.0,95.63339493398729,
2026-03-30,135.38,138.63,134.04,135.4,28375902.0,0.0,IOC,-0.017131242740998753,3.2552002668249633,2026-03-01,2.351064789716222,179.11,0.018174307781949433,18.0,95.63339493398729,
2026-03-30,113.42,,,113.41,,,LIQUIDCASE,0.00044107268877913164,19.24413501387392,2026-03-01,19.319087827949364,112.97,0.1703473047169507,,95.63339493398729,2026-03_onward
2026-03-30,296.3,300.0,284.05,286.1,2389392.0,0.0,M&MFIN,-0.05249213445934742,3.705528197386674,2026-03-01,2.832358047748671,366.0,0.010006179589583698,13.0,95.63339493398729,
2026-03-30,62.5,63.34,61.03,61.33,16152002.0,0.0,MAHABANK,-0.048557244802978516,3.2552002668249633,2026-03-01,2.6704311445207995,71.98,0.04522367694949935,16.0,95.63339493398729,
2026-03-30,2371.2,2416.0,2345.0,2389.4,3743842.0,0.0,MCX,-0.00366941873071458,3.3911638209438526,2026-03-01,3.316353633922662,2501.2,0.0015710933086745468,11.0,95.63339493398729,
2026-03-30,380.0,394.6,376.05,386.1,31797909.0,0.0,NATIONALUM,0.04070080862533709,5.021076901374641,2026-03-01,5.4671116514967535,362.85,0.013954789503441402,5.0,95.63339493398729,
2026-03-30,146.2,156.6,145.01,151.42,70851364.0,0.0,SAIL,0.033795316447053914,3.8472205143956826,2026-03-01,3.515455496287455,165.59,0.02360709605236403,15.0,95.63339493398729,
2026-03-30,1005.0,1009.4,975.8,979.4,21438137.0,0.0,SBIN,-0.039333006375674384,4.549394173258033,2026-03-01,3.7078111452849436,1189.9,0.0037759953098296817,7.0,95.63339493398729,
2026-03-30,888.0,896.3,867.0,872.1,10949179.0,0.0,SHRIRAMFIN,-0.035074131445009926,4.028963305595612,2026-03-01,3.255196311663825,1052.5,0.0036465738759976257,8.0,95.63339493398729,
2026-03-30,172.0,173.29,163.08,164.2,26845178.0,0.0,UNIONBANK,-0.06428082972418514,3.9262521451116963,2026-03-01,3.1872774125047716,198.13,0.020716317448561526,6.0,95.63339493398729,
2026-03-30,652.95,678.6,650.25,654.8,24457507.0,0.0,VEDL,0.00831536803202959,4.419766274595091,2026-03-01,4.028484070997864,723.35,0.006170101022740859,1.0,95.63339493398729,
2026-04-01,142.81,144.78,139.64,141.7,13202443.0,0.0,BANKINDIA,0.034382071684064375,2.9290671589954305,2026-04-01,3.02977455602345,141.7,0.023323070235727637,11.0,97.69524030563468,
2026-04-01,1710.0,1730.5,1661.7,1668.4,957975.0,0.0,BHARATFORG,-0.0037023766869699326,2.8522176469365235,2026-04-01,2.8416576628143413,1668.4,0.0017321344473074885,5.0,97.69524030563468,
2026-04-01,2810.5,2899.9,2797.3,2867.6,5166997.0,0.0,BSE,0.06860443450717346,2.757081183132888,2026-04-01,2.9462291785920884,2867.6,0.0009614594724274264,17.0,97.69524030563468,
2026-04-01,464.0,464.85,446.8,449.4,14960312.0,0.0,COALINDIA,-0.002331002331002363,2.757081183132888,2026-04-01,2.7506544204682424,449.4,0.006135027109775006,18.0,97.69524030563468,
2026-04-01,4640.0,4670.2,4544.2,4609.1,598276.0,0.0,CUMMINSIND,0.024221683962578622,2.757081183132888,2026-04-01,2.823862332209905,4609.1,0.0005981821143244641,16.0,97.69524030563468,
2026-04-01,266.45,270.1,262.9,267.6,8296508.0,0.0,FEDERALBNK,0.03161141094834252,3.1630327187370537,2026-04-01,3.263020645852104,267.6,0.012306989429192793,4.0,97.69524030563468,
2026-04-01,1449.0,1491.9,1435.5,1460.1,713339.0,0.0,GESHIP,0.03209160952852175,2.757081183132888,2026-04-01,2.845560355900423,1460.1,0.0018882824348557552,3.0,97.69524030563468,
2026-04-01,125.62,,,123.37,,,GOLDBEES,0.01798828286162224,13.9786089248951,2026-03-01,12.467763035456247,138.32,0.10105992571497326,,97.69524030563468,2026-03_onward
2026-04-01,909.0,922.5,900.1,904.6,7777034.0,0.0,HINDALCO,0.02278252021030025,4.178503937007869,2026-04-01,4.27370078740157,904.6,0.004724409448818898,9.0,97.69524030563468,
2026-04-01,879.35,890.65,861.4,888.0,1896842.0,0.0,INDIANB,0.050017736786094336,3.2547184115087258,2026-04-01,3.4175120603284244,888.0,0.0041614453967418205,13.0,97.69524030563468,
2026-04-01,299.4,299.4,288.0,291.85,3009101.0,0.0,KARURVYSYA,0.008465791292329161,2.757081183132888,2026-04-01,2.780422057005299,291.85,0.00944691171195096,14.0,97.69524030563468,
2026-04-01,113.41,,,113.42,,,LIQUIDCASE,8.81756458865901e-05,19.24413501387392,2026-03-01,19.320791300996532,112.97,0.1703473047169507,,97.69524030563468,2026-03_onward
2026-04-01,64.0,65.5,63.25,64.88,16041678.0,0.0,MAHABANK,0.057883580629382037,2.6704311445207995,2026-04-01,2.825005260989882,64.88,0.04522367694949935,15.0,97.69524030563468,
2026-04-01,2449.9,2508.0,2440.3,2469.7,3749070.0,0.0,MCX,0.03360676320415146,3.316353633922662,2026-04-01,3.427805545199128,2469.7,0.0015710933086745468,6.0,97.69524030563468,
2026-04-01,396.45,406.5,392.3,399.45,17296757.0,0.0,NATIONALUM,0.034576534576534534,5.4671116514967535,2026-04-01,5.656145426548505,399.45,0.013954789503441402,1.0,97.69524030563468,
2026-04-01,6248.0,6256.5,6012.0,6034.0,104748.0,0.0,NAVINFLUOR,-0.020851926977687674,2.757081183132888,2026-04-01,2.6995907276306443,6034.0,0.00045692429286259327,10.0,97.69524030563468,
2026-04-01,290.0,293.0,282.8,288.05,31626297.0,0.0,ONGC,0.011944493237309173,2.757081183132888,2026-04-01,2.790013120679531,288.05,0.009571536827401103,20.0,97.69524030563468,
2026-04-01,1008.0,1031.0,998.45,1017.8,17424479.0,0.0,SBIN,0.03920767817030835,3.7078111452849436,2026-04-01,3.853185811385558,1017.8,0.0037759953098296817,12.0,97.69524030563468,
2026-04-01,915.6,926.3,895.75,900.55,11752172.0,0.0,SHRIRAMFIN,0.03262240568742114,3.255196311663825,2026-04-01,3.3613886463351195,900.55,0.0036465738759976257,8.0,97.69524030563468,
2026-04-01,1345.0,1357.0,1321.0,1337.1,874785.0,0.0,TORNTPOWER,0.02396998008883444,2.757081183132888,2026-04-01,2.823168364195883,1337.1,0.002061985777528149,19.0,97.69524030563468,
2026-04-01,171.0,173.1,167.33,171.64,15095865.0,0.0,UNIONBANK,0.04531059683313021,3.1872774125047716,2026-04-01,3.3316948543381177,171.64,0.020716317448561526,7.0,97.69524030563468,
2026-04-01,664.0,689.5,663.15,677.2,16756679.0,0.0,VEDL,0.03420891875381815,4.028484070997864,2026-04-01,4.166294155283681,677.2,0.006170101022740859,2.0,97.69524030563468,
2026-04-02,139.5,139.8,134.52,139.16,9218922.0,0.0,BANKINDIA,-0.01792519407198301,2.9290671589954305,2026-04-01,2.9754652591123736,141.7,0.023323070235727637,11.0,96.9773099936009,
2026-04-02,1644.7,1657.4,1613.4,1642.6,1002002.0,0.0,BHARATFORG,-0.015463917525773252,2.8522176469365235,2026-04-01,2.797714503080099,1668.4,0.0017321344473074885,5.0,96.9773099936009,
2026-04-02,2808.0,2865.0,2763.0,2851.4,3493966.0,0.0,BSE,-0.005649323476077495,2.757081183132888,2026-04-01,2.9295849769275635,2867.6,0.0009614594724274264,17.0,96.9773099936009,
2026-04-02,448.4,453.3,440.5,449.35,6701003.0,0.0,COALINDIA,-0.00011125945705370288,2.757081183132888,2026-04-01,2.750348384150879,449.4,0.006135027109775006,18.0,96.9773099936009,
2026-04-02,4593.0,4670.0,4470.0,4646.5,674542.0,0.0,CUMMINSIND,0.008114382417391708,2.757081183132888,2026-04-01,2.8467762310675235,4609.1,0.0005981821143244641,16.0,96.9773099936009,
2026-04-02,263.9,266.95,256.5,265.55,5537579.0,0.0,FEDERALBNK,-0.007660687593423088,3.1630327187370537,2026-04-01,3.2380236640733413,267.6,0.012306989429192793,4.0,96.9773099936009,
2026-04-02,1455.0,1455.0,1418.7,1439.6,321146.0,0.0,GESHIP,-0.014040134237381041,2.757081183132888,2026-04-01,2.8056083065230113,1460.1,0.0018882824348557552,3.0,96.9773099936009,
2026-04-02,123.13,,,120.58,,,GOLDBEES,-0.022614898273486284,13.9786089248951,2026-03-01,12.185805842711472,138.32,0.10105992571497326,,96.9773099936009,2026-03_onward
2026-04-02,898.95,920.95,884.8,916.25,7698211.0,0.0,HINDALCO,0.012878620384700445,4.178503937007869,2026-04-01,4.3287401574803095,904.6,0.004724409448818898,9.0,96.9773099936009,
2026-04-02,870.95,874.1,844.0,869.4,1607041.0,0.0,INDIANB,-0.02094594594594601,3.2547184115087258,2026-04-01,3.3459290374431663,888.0,0.0041614453967418205,13.0,96.9773099936009,
2026-04-02,288.9,288.9,270.0,272.65,8583223.0,0.0,KARURVYSYA,-0.06578721946205257,2.757081183132888,2026-04-01,2.5975058209439594,291.85,0.00944691171195096,14.0,96.9773099936009,
2026-04-02,113.49,,,113.48,,,LIQUIDCASE,0.0005290072297654547,19.24413501387392,2026-03-01,19.331012139279547,112.97,0.1703473047169507,,96.9773099936009,2026-03_onward
2026-04-02,63.0,64.22,61.2,63.89,19177352.0,0.0,MAHABANK,-0.015258939580764408,2.6704311445207995,2026-04-01,2.781898676397096,64.88,0.04522367694949935,15.0,96.9773099936009,
2026-04-02,2425.0,2449.0,2360.0,2443.0,2870777.0,0.0,MCX,-0.010811029679718143,3.316353633922662,2026-04-01,3.3907474377136775,2469.7,0.0015710933086745468,6.0,96.9773099936009,
2026-04-02,395.95,403.4,385.2,401.8,9890441.0,0.0,NATIONALUM,0.005883089247715745,5.4671116514967535,2026-04-01,5.68942103489095,399.45,0.013954789503441402,1.0,96.9773099936009,
2026-04-02,5900.0,5929.0,5666.5,5891.0,193817.0,0.0,NAVINFLUOR,-0.023699038780245263,2.757081183132888,2026-04-01,2.635613022285735,6034.0,0.00045692429286259327,10.0,96.9773099936009,
2026-04-02,288.5,288.8,283.5,287.2,20935809.0,0.0,ONGC,-0.002950876583926454,2.757081183132888,2026-04-01,2.7817801362928702,288.05,0.009571536827401103,20.0,96.9773099936009,
2026-04-02,1000.0,1026.0,977.9,1018.4,20777629.0,0.0,SBIN,0.0005895067793280084,3.7078111452849436,2026-04-01,3.8554572905433804,1017.8,0.0037759953098296817,12.0,96.9773099936009,
2026-04-02,876.0,895.0,863.45,891.6,7230236.0,0.0,SHRIRAMFIN,-0.009938370995502654,3.255196311663825,2026-04-01,3.3279819189077706,900.55,0.0036465738759976257,8.0,96.9773099936009,
2026-04-02,1336.9,1338.5,1285.0,1332.2,797163.0,0.0,TORNTPOWER,-0.0036646473711763328,2.757081183132888,2026-04-01,2.8128224476716444,1337.1,0.002061985777528149,19.0,96.9773099936009,
2026-04-02,168.5,172.8,164.2,171.99,14715599.0,0.0,UNIONBANK,0.002039151712887488,3.1872774125047716,2026-04-01,3.33848868560716,171.64,0.020716317448561526,7.0,96.9773099936009,
2026-04-02,669.9,689.6,652.8,687.65,16016248.0,0.0,VEDL,0.015431187241582878,4.028484070997864,2026-04-01,4.230585020497376,677.2,0.006170101022740859,2.0,96.9773099936009,
2026-04-06,140.38,145.49,137.88,143.05,14321009.0,0.0,BANKINDIA,0.02795343489508495,2.9290671589954305,2026-04-01,3.058639733515558,141.7,0.023323070235727637,11.0,98.4437495778935,
2026-04-06,1637.0,1680.0,1616.6,1670.6,1211548.0,0.0,BHARATFORG,0.01704614635334223,2.8522176469365235,2026-04-01,2.8454047539544702,1668.4,0.0017321344473074885,5.0,98.4437495778935,
2026-04-06,2851.4,3000.0,2818.2,2982.3,5962836.0,0.0,BSE,0.04590727361997615,2.757081183132888,2026-04-01,3.064074236056349,2867.6,0.0009614594724274264,17.0,98.4437495778935,
2026-04-06,449.3,461.45,447.4,459.55,12403745.0,0.0,COALINDIA,0.022699454767998173,2.757081183132888,2026-04-01,2.8127797928931484,449.4,0.006135027109775006,18.0,98.4437495778935,
2026-04-06,4680.2,4746.3,4620.0,4698.3,655461.0,0.0,CUMMINSIND,0.011148176046486657,2.757081183132888,2026-04-01,2.878512593656418,4609.1,0.0005981821143244641,16.0,98.4437495778935,
2026-04-06,265.4,272.2,261.7,271.5,9297534.0,0.0,FEDERALBNK,0.02240632649218588,3.1630327187370537,2026-04-01,3.310575879479992,267.6,0.012306989429192793,4.0,98.4437495778935,
2026-04-06,1439.6,1502.2,1438.1,1463.0,785318.0,0.0,GESHIP,0.016254515143095283,2.757081183132888,2026-04-01,2.8512121092269838,1460.1,0.0018882824348557552,3.0,98.4437495778935,
2026-04-06,120.89,,,122.81,,,GOLDBEES,0.018493945928014677,13.9786089248951,2026-03-01,12.411169477055864,138.32,0.10105992571497326,,98.4437495778935,2026-03_onward
2026-04-06,917.2,935.75,917.2,927.45,5555538.0,0.0,HINDALCO,0.012223738062755896,4.178503937007869,2026-04-01,4.381653543307081,904.6,0.004724409448818898,9.0,98.4437495778935,
2026-04-06,876.85,904.65,864.25,899.85,2261012.0,0.0,INDIANB,0.035024154589372136,3.2547184115087258,2026-04-01,3.463117373295645,888.0,0.0041614453967418205,13.0,98.4437495778935,
2026-04-06,275.0,279.1,265.45,269.45,5898403.0,0.0,KARURVYSYA,-0.01173665871997065,2.757081183132888,2026-04-01,2.5670197816004032,291.85,0.00944691171195096,14.0,98.4437495778935,
2026-04-06,113.5,,,113.49,,,LIQUIDCASE,8.812125484669586e-05,19.24413501387392,2026-03-01,19.332715612326716,112.97,0.1703473047169507,,98.4437495778935,2026-03_onward
2026-04-06,64.22,67.0,63.03,66.59,20626583.0,0.0,MAHABANK,0.04226013460635469,2.6704311445207995,2026-04-01,2.8994620889228773,64.88,0.04522367694949935,15.0,98.4437495778935,
2026-04-06,2437.2,2570.0,2422.3,2549.0,3640729.0,0.0,MCX,0.04338927548096594,3.316353633922662,2026-04-01,3.5378695123750155,2469.7,0.0015710933086745468,6.0,98.4437495778935,
2026-04-06,401.9,415.8,401.9,407.85,13020935.0,0.0,NATIONALUM,0.015057242409158844,5.4671116514967535,2026-04-01,5.77508802658107,399.45,0.013954789503441402,1.0,98.4437495778935,
2026-04-06,5891.0,6069.0,5811.0,5843.0,133973.0,0.0,NAVINFLUOR,-0.008148022407061584,2.757081183132888,2026-04-01,2.6141379883238076,6034.0,0.00045692429286259327,10.0,98.4437495778935,
2026-04-06,287.3,288.5,280.45,281.85,24449779.0,0.0,ONGC,-0.01862813370473526,2.757081183132888,2026-04-01,2.72996076397683,288.05,0.009571536827401103,20.0,98.4437495778935,
2026-04-06,1020.0,1035.7,1005.05,1032.75,23576634.0,0.0,SBIN,0.014090730557737574,3.7078111452849436,2026-04-01,3.909783500401292,1017.8,0.0037759953098296817,12.0,98.4437495778935,
2026-04-06,895.0,931.0,885.65,928.0,5898399.0,0.0,SHRIRAMFIN,0.04082548227904881,3.255196311663825,2026-04-01,3.4638483857631344,900.55,0.0036465738759976257,8.0,98.4437495778935,
2026-04-06,1332.9,1386.0,1332.3,1379.1,546934.0,0.0,TORNTPOWER,0.03520492418555765,2.757081183132888,2026-04-01,2.9118476486893594,1337.1,0.002061985777528149,19.0,98.4437495778935,
2026-04-06,173.1,177.72,169.22,174.12,16641379.0,0.0,UNIONBANK,0.012384440955869547,3.1872774125047716,2026-04-01,3.3798340016159,171.64,0.020716317448561526,7.0,98.4437495778935,
2026-04-06,687.75,708.4,686.8,690.0,13013026.0,0.0,VEDL,0.0034174361957390875,4.028484070997864,2026-04-01,4.245042774875575,677.2,0.006170101022740859,2.0,98.4437495778935,
2026-04-07,142.05,142.05,136.13,137.55,27177315.0,0.0,BANKINDIA,-0.038448095071653254,2.9290671589954305,2026-04-01,2.9410408622514157,141.7,0.023323070235727637,11.0,98.44855971002467,
2026-04-07,1667.9,1675.6,1610.2,1671.3,1247449.0,0.0,BHARATFORG,0.00041901113372433407,2.8522176469365235,2026-04-01,2.846597010226329,1668.4,0.0017321344473074885,5.0,98.44855971002467,
2026-04-07,2959.0,2977.5,2917.9,2950.8,3628119.0,0.0,BSE,-0.010562317674278288,2.757081183132888,2026-04-01,3.0317105105975504,2867.6,0.0009614594724274264,17.0,98.44855971002467,
2026-04-07,458.05,463.8,455.3,463.0,11316785.0,0.0,COALINDIA,0.007507344141007399,2.757081183132888,2026-04-01,2.833896298791269,449.4,0.006135027109775006,18.0,98.44855971002467,
2026-04-07,4692.0,4700.0,4562.3,4638.9,526009.0,0.0,CUMMINSIND,-0.01264287082561788,2.757081183132888,2026-04-01,2.842119930764906,4609.1,0.0005981821143244641,16.0,98.44855971002467,
2026-04-07,270.0,276.9,266.45,275.15,8015264.0,0.0,FEDERALBNK,0.013443830570902371,3.1630327187370537,2026-04-01,3.3550827006958373,267.6,0.012306989429192793,4.0,98.44855971002467,
2026-04-07,1455.0,1455.0,1409.3,1424.5,450563.0,0.0,GESHIP,-0.02631578947368418,2.757081183132888,2026-04-01,2.7761802116157472,1460.1,0.0018882824348557552,3.0,98.44855971002467,
2026-04-07,122.23,,,121.78,,,GOLDBEES,-0.008386939174334307,13.9786089248951,2026-03-01,12.307077753569441,138.32,0.10105992571497326,,98.44855971002467,2026-03_onward
2026-04-07,933.95,964.9,932.95,954.5,11877733.0,0.0,HINDALCO,0.029165992775890937,4.178503937007869,2026-04-01,4.509448818897633,904.6,0.004724409448818898,9.0,98.44855971002467,
2026-04-07,899.8,906.3,879.1,905.25,1423269.0,0.0,INDIANB,0.006001000166694359,3.2547184115087258,2026-04-01,3.4838995412300746,888.0,0.0041614453967418205,13.0,98.44855971002467,
2026-04-07,270.2,272.5,261.0,262.05,3328107.0,0.0,KARURVYSYA,-0.027463351271107772,2.757081183132888,2026-04-01,2.4965208156184286,291.85,0.00944691171195096,14.0,98.44855971002467,
2026-04-07,113.51,,,113.5,,,LIQUIDCASE,8.811349017534553e-05,19.24413501387392,2026-03-01,19.334419085373884,112.97,0.1703473047169507,,98.44855971002467,2026-03_onward
2026-04-07,66.4,66.89,65.41,66.54,12305719.0,0.0,MAHABANK,-0.0007508634930168956,2.6704311445207995,2026-04-01,2.8972849886909184,64.88,0.04522367694949935,15.0,98.44855971002467,
2026-04-07,2525.0,2559.7,2485.0,2541.9,3664426.0,0.0,MCX,-0.002785406041584948,3.316353633922662,2026-04-01,3.5280151092609073,2469.7,0.0015710933086745468,6.0,98.44855971002467,
2026-04-07,408.0,417.35,407.5,411.75,12271888.0,0.0,NATIONALUM,0.009562339095255501,5.4671116514967535,2026-04-01,5.830311376596188,399.45,0.013954789503441402,1.0,98.44855971002467,
2026-04-07,5832.0,5925.0,5760.0,5821.5,108995.0,0.0,NAVINFLUOR,-0.0036796166352900395,2.757081183132888,2026-04-01,2.604518962695028,6034.0,0.00045692429286259327,10.0,98.44855971002467,
2026-04-07,281.85,287.55,280.0,286.65,22891122.0,0.0,ONGC,0.01703033528472586,2.757081183132888,2026-04-01,2.7764529111015017,288.05,0.009571536827401103,20.0,98.44855971002467,
2026-04-07,1025.0,1033.7,1012.0,1030.4,15021291.0,0.0,SBIN,-0.002275478092471417,3.7078111452849436,2026-04-01,3.9008868736998226,1017.8,0.0037759953098296817,12.0,98.44855971002467,
2026-04-07,920.0,932.4,910.05,930.65,5503677.0,0.0,SHRIRAMFIN,0.0028556034482758452,3.255196311663825,2026-04-01,3.473739763157824,900.55,0.0036465738759976257,8.0,98.44855971002467,
2026-04-07,1367.0,1403.3,1362.3,1399.5,258766.0,0.0,TORNTPOWER,0.014792255819012556,2.757081183132888,2026-04-01,2.954920444014763,1337.1,0.002061985777528149,19.0,98.44855971002467,
2026-04-07,172.8,172.98,167.8,171.88,15794978.0,0.0,UNIONBANK,-0.012864691017689056,3.1872774125047716,2026-04-01,3.3363534814940317,171.64,0.020716317448561526,7.0,98.44855971002467,
2026-04-07,700.05,718.95,693.0,713.25,20950898.0,0.0,VEDL,0.033695652173913127,4.028484070997864,2026-04-01,4.388082259681165,677.2,0.006170101022740859,2.0,98.44855971002467,
2026-04-08,144.0,147.5,143.08,146.49,17553137.0,0.0,BANKINDIA,0.06499454743729549,2.9290671589954305,2026-04-01,3.13219248208804,141.7,0.023323070235727637,11.0,100.77798046577345,
2026-04-08,1716.5,1791.4,1716.5,1781.4,1961222.0,0.0,BHARATFORG,0.06587686232274281,2.8522176469365235,2026-04-01,3.0341218895573405,1668.4,0.0017321344473074885,5.0,100.77798046577345,
2026-04-08,3075.0,3208.6,3031.8,3163.6,10418736.0,0.0,BSE,0.07211603632913088,2.757081183132888,2026-04-01,3.2503454559192115,2867.6,0.0009614594724274264,17.0,100.77798046577345,
2026-04-08,464.0,464.0,447.0,449.25,20653569.0,0.0,COALINDIA,-0.02969762419006483,2.757081183132888,2026-04-01,2.74973631151615,449.4,0.006135027109775006,18.0,100.77798046577345,
2026-04-08,4790.0,4824.0,4710.4,4796.3,1102496.0,0.0,CUMMINSIND,0.03393045765159863,2.757081183132888,2026-04-01,2.938554360716489,4609.1,0.0005981821143244641,16.0,100.77798046577345,
2026-04-08,286.35,288.8,282.55,284.45,7811348.0,0.0,FEDERALBNK,0.03379974559331278,3.1630327187370537,2026-04-01,3.468483642423881,267.6,0.012306989429192793,4.0,100.77798046577345,
2026-04-08,1495.0,1495.0,1378.0,1389.6,790349.0,0.0,GESHIP,-0.024499824499824574,2.757081183132888,2026-04-01,2.7081642836512754,1460.1,0.0018882824348557552,3.0,100.77798046577345,
2026-04-08,125.18,,,124.39,,,GOLDBEES,0.021432090655280067,13.9786089248951,2026-03-01,12.570844159685523,138.32,0.10105992571497326,,100.77798046577345,2026-03_onward
2026-04-08,975.0,977.0,947.35,951.8,8174489.0,0.0,HINDALCO,-0.002828706128863323,4.178503937007869,2026-04-01,4.496692913385822,904.6,0.004724409448818898,9.0,100.77798046577345,
2026-04-08,930.0,959.3,930.0,956.5,2494224.0,0.0,INDIANB,0.05661419497376419,3.2547184115087258,2026-04-01,3.681137709126282,888.0,0.0041614453967418205,13.0,100.77798046577345,
2026-04-08,270.85,285.55,269.1,281.3,7257686.0,0.0,KARURVYSYA,0.0734592634993323,2.757081183132888,2026-04-01,2.679913396044511,291.85,0.00944691171195096,14.0,100.77798046577345,
2026-04-08,113.53,,,113.52,,,LIQUIDCASE,0.00017621145374446812,19.24413501387392,2026-03-01,19.337826031468225,112.97,0.1703473047169507,,100.77798046577345,2026-03_onward
2026-04-08,69.5,70.75,68.35,69.94,29587648.0,0.0,MAHABANK,0.051097084460474784,2.6704311445207995,2026-04-01,3.045327804464124,64.88,0.04522367694949935,15.0,100.77798046577345,
2026-04-08,2650.8,2655.0,2570.0,2596.3,4126660.0,0.0,MCX,0.02140131397773315,3.316353633922662,2026-04-01,3.6035192683323864,2469.7,0.0015710933086745468,6.0,100.77798046577345,
2026-04-08,415.0,417.35,397.0,400.15,21398906.0,0.0,NATIONALUM,-0.02817243472981179,5.4671116514967535,2026-04-01,5.666057309884553,399.45,0.013954789503441402,1.0,100.77798046577345,
2026-04-08,6020.0,6165.5,5950.5,6061.5,148585.0,0.0,NAVINFLUOR,0.041226488018552,2.757081183132888,2026-04-01,2.711894132504666,6034.0,0.00045692429286259327,10.0,100.77798046577345,
2026-04-08,280.0,287.85,274.75,285.5,42071040.0,0.0,ONGC,-0.004011861154718188,2.757081183132888,2026-04-01,2.7653141675195494,288.05,0.009571536827401103,20.0,100.77798046577345,
2026-04-08,1074.0,1077.8,1059.45,1061.45,28533742.0,0.0,SBIN,0.030133928571428603,3.7078111452849436,2026-04-01,4.018435920117116,1017.8,0.0037759953098296817,12.0,100.77798046577345,
2026-04-08,975.0,1035.45,975.0,1023.2,18256527.0,0.0,SHRIRAMFIN,0.09944662332778176,3.255196311663825,2026-04-01,3.8191914529233184,900.55,0.0036465738759976257,8.0,100.77798046577345,
2026-04-08,1430.0,1475.0,1424.9,1448.4,375842.0,0.0,TORNTPOWER,0.03494105037513395,2.757081183132888,2026-04-01,3.058168468103596,1337.1,0.002061985777528149,19.0,100.77798046577345,
2026-04-08,180.0,186.88,179.0,185.66,20660394.0,0.0,UNIONBANK,0.08017221317198042,3.1872774125047716,2026-04-01,3.6038363240294506,171.64,0.020716317448561526,7.0,100.77798046577345,
2026-04-08,734.0,735.0,717.3,721.4,16394216.0,0.0,VEDL,0.011426568524360192,4.028484070997864,2026-04-01,4.438222982311941,677.2,0.006170101022740859,2.0,100.77798046577345,
2026-04-09,146.48,148.55,143.45,144.29,12609816.0,0.0,BANKINDIA,-0.015018089972011817,2.9290671589954305,2026-04-01,3.0851529335823824,141.7,0.023323070235727637,11.0,101.01242988752556,
2026-04-09,1778.0,1781.0,1724.1,1739.4,1861562.0,0.0,BHARATFORG,-0.023576961940047103,2.8522176469365235,2026-04-01,2.962586513245783,1668.4,0.0017321344473074885,5.0,101.01242988752556,
2026-04-09,3150.0,3285.7,3137.6,3257.4,7362810.0,0.0,BSE,0.029649766089265395,2.757081183132888,2026-04-01,3.3467174383965226,2867.6,0.0009614594724274264,17.0,101.01242988752556,
2026-04-09,449.25,456.2,447.85,454.1,9468415.0,0.0,COALINDIA,0.010795770728992737,2.757081183132888,2026-04-01,2.7794218343004644,449.4,0.006135027109775006,18.0,101.01242988752556,
2026-04-09,4814.9,4915.9,4765.0,4907.4,1021588.0,0.0,CUMMINSIND,0.023163688676688166,2.757081183132888,2026-04-01,3.0066221190876496,4609.1,0.0005981821143244641,16.0,101.01242988752556,
2026-04-09,284.1,286.0,281.6,283.3,4273025.0,0.0,FEDERALBNK,-0.004042889787308712,3.1630327187370537,2026-04-01,3.4544609453284787,267.6,0.012306989429192793,4.0,101.01242988752556,
2026-04-09,1388.9,1402.0,1360.0,1391.2,526428.0,0.0,GESHIP,0.0011514104778354017,2.757081183132888,2026-04-01,2.7112824923831713,1460.1,0.0018882824348557552,3.0,101.01242988752556,
2026-04-09,122.97,,,123.21,,,GOLDBEES,-0.00948629311037874,13.9786089248951,2026-03-01,12.451593447341853,138.32,0.10105992571497326,,101.01242988752556,2026-03_onward
2026-04-09,959.0,989.85,952.25,985.65,9386595.0,0.0,HINDALCO,0.03556419415843659,4.178503937007869,2026-04-01,4.656614173228341,904.6,0.004724409448818898,9.0,101.01242988752556,
2026-04-09,957.0,972.7,939.25,941.85,1912175.0,0.0,INDIANB,-0.015316257187663385,3.2547184115087258,2026-04-01,3.6247564572300974,888.0,0.0041614453967418205,13.0,101.01242988752556,
2026-04-09,281.3,287.3,276.25,277.65,3636836.0,0.0,KARURVYSYA,-0.012975471027373064,2.757081183132888,2026-04-01,2.6451402574182663,291.85,0.00944691171195096,14.0,101.01242988752556,
2026-04-09,113.54,,,113.53,,,LIQUIDCASE,8.809020436939541e-05,19.24413501387392,2026-03-01,19.339529504515397,112.97,0.1703473047169507,,101.01242988752556,2026-03_onward
2026-04-09,70.27,71.11,69.4,70.03,14480468.0,0.0,MAHABANK,0.0012868172719473492,2.6704311445207995,2026-04-01,3.04924658488165,64.88,0.04522367694949935,15.0,101.01242988752556,
2026-04-09,2600.0,2681.8,2576.5,2657.5,3860778.0,0.0,MCX,0.023572006316681327,3.316353633922662,2026-04-01,3.6884614472878003,2469.7,0.0015710933086745468,6.0,101.01242988752556,
2026-04-09,400.2,413.5,398.3,412.35,14640678.0,0.0,NATIONALUM,0.03048856678745482,5.4671116514967535,2026-04-01,5.838807276598515,399.45,0.013954789503441402,1.0,101.01242988752556,
2026-04-09,6091.5,6209.0,6002.0,6135.0,155092.0,0.0,NAVINFLUOR,0.012125711457559918,2.757081183132888,2026-04-01,2.744777778258867,6034.0,0.00045692429286259327,10.0,101.01242988752556,
2026-04-09,284.9,289.8,284.9,288.6,13585661.0,0.0,ONGC,0.010858143607705761,2.757081183132888,2026-04-01,2.7953403458709,288.05,0.009571536827401103,20.0,101.01242988752556,
2026-04-09,1060.1,1064.35,1038.3,1040.95,24772948.0,0.0,SBIN,-0.01931320363653488,3.7078111452849436,2026-04-01,3.940827048891528,1017.8,0.0037759953098296817,12.0,101.01242988752556,
2026-04-09,1010.1,1015.0,990.45,996.3,7668209.0,0.0,SHRIRAMFIN,-0.02629007036747466,3.255196311663825,2026-04-01,3.7187846408791065,900.55,0.0036465738759976257,8.0,101.01242988752556,
2026-04-09,1443.4,1459.5,1431.8,1446.0,637993.0,0.0,TORNTPOWER,-0.00165700082850051,2.757081183132888,2026-04-01,3.0531010804182546,1337.1,0.002061985777528149,19.0,101.01242988752556,
2026-04-09,185.97,188.9,183.66,184.69,13973627.0,0.0,UNIONBANK,-0.005224604115048992,3.1872774125047716,2026-04-01,3.5850077059409635,171.64,0.020716317448561526,7.0,101.01242988752556,
2026-04-09,725.0,739.0,722.3,737.0,15515507.0,0.0,VEDL,0.021624618796784123,4.028484070997864,2026-04-01,4.534197862439563,677.2,0.006170101022740859,2.0,101.01242988752556,
2026-04-10,146.5,148.49,145.75,147.93,9728052.0,0.0,BANKINDIA,0.025226973456234036,2.9290671589954305,2026-04-01,3.1629820047462878,141.7,0.023323070235727637,11.0,102.01745913959078,
2026-04-10,1751.0,1805.0,1751.0,1798.8,1462504.0,0.0,BHARATFORG,0.0341497067954466,2.8522176469365235,2026-04-01,3.0637579740292713,1668.4,0.0017321344473074885,5.0,102.01745913959078,
2026-04-10,3310.0,3330.0,3234.0,3281.2,6867670.0,0.0,BSE,0.007306440719592189,2.757081183132888,2026-04-01,3.3711700309653923,2867.6,0.0009614594724274264,17.0,102.01745913959078,
2026-04-10,455.0,459.6,427.5,434.1,29605732.0,0.0,COALINDIA,-0.04404316229905303,2.757081183132888,2026-04-01,2.6570073073548377,449.4,0.006135027109775006,18.0,102.01745913959078,
2026-04-10,4961.0,5154.9,4908.6,5138.7,1308552.0,0.0,CUMMINSIND,0.04713290133268133,2.757081183132888,2026-04-01,3.1483329427712654,4609.1,0.0005981821143244641,16.0,102.01745913959078,
2026-04-10,284.0,292.75,284.0,291.7,8640231.0,0.0,FEDERALBNK,0.02965054712319093,3.1630327187370537,2026-04-01,3.556887602373164,267.6,0.012306989429192793,4.0,102.01745913959078,
2026-04-10,1391.2,1402.0,1366.7,1372.9,289597.0,0.0,GESHIP,-0.013154111558366877,2.757081183132888,2026-04-01,2.675617980012116,1460.1,0.0018882824348557552,3.0,102.01745913959078,
2026-04-10,123.52,,,123.49,,,GOLDBEES,0.0022725428130834224,13.9786089248951,2026-03-01,12.479890226542047,138.32,0.10105992571497326,,102.01745913959078,2026-03_onward
2026-04-10,995.35,995.55,978.65,992.1,6013190.0,0.0,HINDALCO,0.0065439050372850804,4.178503937007869,2026-04-01,4.687086614173224,904.6,0.004724409448818898,9.0,102.01745913959078,
2026-04-10,950.0,972.0,947.0,967.75,2024925.0,0.0,INDIANB,0.02749907097733173,3.2547184115087258,2026-04-01,3.72443389232301,888.0,0.0041614453967418205,13.0,102.01745913959078,
2026-04-10,279.8,286.75,278.75,281.7,3492985.0,0.0,KARURVYSYA,0.014586709886547755,2.757081183132888,2026-04-01,2.683724150962455,291.85,0.00944691171195096,14.0,102.01745913959078,
2026-04-10,113.58,,,113.58,,,LIQUIDCASE,0.0004404122258434562,19.24413501387392,2026-03-01,19.348046869751247,112.97,0.1703473047169507,,102.01745913959078,2026-03_onward
2026-04-10,70.5,71.45,69.23,70.59,17294214.0,0.0,MAHABANK,0.00799657289732969,2.6704311445207995,2026-04-01,3.0736301074795898,64.88,0.04522367694949935,15.0,102.01745913959078,
2026-04-10,2680.0,2708.8,2622.9,2669.4,3165287.0,0.0,MCX,0.0044778927563500215,3.316353633922662,2026-04-01,3.704977982084687,2469.7,0.0015710933086745468,6.0,102.01745913959078,
2026-04-10,414.5,418.5,405.2,417.0,11970802.0,0.0,NATIONALUM,0.011276827937431788,5.4671116514967535,2026-04-01,5.904650501616541,399.45,0.013954789503441402,1.0,102.01745913959078,
2026-04-10,6135.0,6214.5,6089.5,6181.0,205588.0,0.0,NAVINFLUOR,0.007497962510187417,2.757081183132888,2026-04-01,2.7653580191390477,6034.0,0.00045692429286259327,10.0,102.01745913959078,
2026-04-10,288.6,291.85,284.55,286.5,12889209.0,0.0,ONGC,-0.007276507276507305,2.757081183132888,2026-04-01,2.775000031503856,288.05,0.009571536827401103,20.0,102.01745913959078,
2026-04-10,1049.0,1069.45,1046.15,1066.7,17861336.0,0.0,SBIN,0.024737019069119626,3.7078111452849436,2026-04-01,4.038311362748059,1017.8,0.0037759953098296817,12.0,102.01745913959078,
2026-04-10,1016.1,1031.0,1011.25,1027.55,8048521.0,0.0,SHRIRAMFIN,0.031366054401284815,3.255196311663825,2026-04-01,3.8354282422315826,900.55,0.0036465738759976257,8.0,102.01745913959078,
2026-04-10,1465.0,1482.4,1450.1,1471.8,315205.0,0.0,TORNTPOWER,0.01784232365145222,2.757081183132888,2026-04-01,3.1075754980356756,1337.1,0.002061985777528149,19.0,102.01745913959078,
2026-04-10,187.9,189.97,186.56,189.03,12959457.0,0.0,UNIONBANK,0.023498835887162395,3.1872774125047716,2026-04-01,3.6692512136770823,171.64,0.020716317448561526,7.0,102.01745913959078,
2026-04-10,740.0,746.5,731.75,745.15,15333995.0,0.0,VEDL,0.011058344640434203,4.028484070997864,2026-04-01,4.5843385850703395,677.2,0.006170101022740859,2.0,102.01745913959078,
2026-04-13,142.95,145.35,141.05,144.97,11779572.0,0.0,BANKINDIA,-0.02000946393564529,2.9290671589954305,2026-04-01,3.0996924303932216,141.7,0.023323070235727637,11.0,101.7602782776156,
2026-04-13,1770.0,1822.5,1739.2,1801.3,1138866.0,0.0,BHARATFORG,0.0013898154325104883,2.8522176469365235,2026-04-01,3.068016032143054,1668.4,0.0017321344473074885,5.0,101.7602782776156,
2026-04-13,3201.0,3341.3,3200.6,3303.6,5886170.0,0.0,BSE,0.006826770693648676,2.757081183132888,2026-04-01,3.3941842357360934,2867.6,0.0009614594724274264,17.0,101.7602782776156,
2026-04-13,435.0,439.5,431.5,435.1,18702296.0,0.0,COALINDIA,0.0023036166781846834,2.757081183132888,2026-04-01,2.663128033702119,449.4,0.006135027109775006,18.0,101.7602782776156,
2026-04-13,5030.0,5116.8,4982.0,4991.4,869786.0,0.0,CUMMINSIND,-0.02866483741023995,2.757081183132888,2026-04-01,3.058086490853425,4609.1,0.0005981821143244641,16.0,101.7602782776156,
2026-04-13,284.7,290.35,283.5,288.2,7132285.0,0.0,FEDERALBNK,-0.011998628728145389,3.1630327187370537,2026-04-01,3.5142098286045447,267.6,0.012306989429192793,4.0,101.7602782776156,
2026-04-13,1350.0,1371.9,1320.0,1335.3,469571.0,0.0,GESHIP,-0.02738728239493049,2.757081183132888,2026-04-01,2.6023400748125707,1460.1,0.0018882824348557552,3.0,101.7602782776156,
2026-04-13,123.44,,,123.76,,,GOLDBEES,0.002186411855211068,13.9786089248951,2026-03-01,12.507176406485092,138.32,0.10105992571497326,,101.7602782776156,2026-03_onward
2026-04-13,978.05,988.6,965.6,978.25,4754347.0,0.0,HINDALCO,-0.013960286261465615,4.178503937007869,2026-04-01,4.621653543307082,904.6,0.004724409448818898,9.0,101.7602782776156,
2026-04-13,945.0,970.9,930.2,966.5,1531586.0,0.0,INDIANB,-0.0012916559028675056,3.2547184115087258,2026-04-01,3.7196232053011506,888.0,0.0041614453967418205,13.0,101.7602782776156,
2026-04-13,276.5,283.45,273.1,280.5,2626262.0,0.0,KARURVYSYA,-0.004259850905218299,2.757081183132888,2026-04-01,2.6722918862086216,291.85,0.00944691171195096,14.0,101.7602782776156,
2026-04-13,113.61,,,113.6,,,LIQUIDCASE,0.0001760873393201745,19.24413501387392,2026-03-01,19.351453815845584,112.97,0.1703473047169507,,101.7602782776156,2026-03_onward
2026-04-13,68.55,70.5,67.82,70.14,18486325.0,0.0,MAHABANK,-0.006374840628984302,2.6704311445207995,2026-04-01,3.0540362053919594,64.88,0.04522367694949935,15.0,101.7602782776156,
2026-04-13,2650.0,2776.4,2629.0,2765.6,4807666.0,0.0,MCX,0.03603806098748774,3.316353633922662,2026-04-01,3.8384982045603544,2469.7,0.0015710933086745468,6.0,101.7602782776156,
2026-04-13,412.05,421.7,408.55,418.05,13025046.0,0.0,NATIONALUM,0.0025179856115107313,5.4671116514967535,2026-04-01,5.919518326620611,399.45,0.013954789503441402,1.0,101.7602782776156,
2026-04-13,6086.0,6272.0,5990.5,6238.0,109868.0,0.0,NAVINFLUOR,0.009221808768807627,2.757081183132888,2026-04-01,2.790859621968837,6034.0,0.00045692429286259327,10.0,101.7602782776156,
2026-04-13,287.2,290.3,281.0,287.55,23986567.0,0.0,ONGC,0.003664921465968529,2.757081183132888,2026-04-01,2.7851701886873776,288.05,0.009571536827401103,20.0,101.7602782776156,
2026-04-13,1042.0,1067.25,1030.0,1063.55,17763348.0,0.0,SBIN,-0.0029530327177276217,3.7078111452849436,2026-04-01,4.026386097169493,1017.8,0.0037759953098296817,12.0,101.7602782776156,
2026-04-13,1000.15,1015.5,988.8,1004.1,8242484.0,0.0,SHRIRAMFIN,-0.02282127390394617,3.255196311663825,2026-04-01,3.747898883776685,900.55,0.0036465738759976257,8.0,101.7602782776156,
2026-04-13,1450.0,1496.3,1432.3,1473.6,700745.0,0.0,TORNTPOWER,0.0012229922543822713,2.757081183132888,2026-04-01,3.111376038799681,1337.1,0.002061985777528149,19.0,101.7602782776156,
2026-04-13,181.5,185.27,178.81,184.68,18738060.0,0.0,UNIONBANK,-0.023012220282494833,3.1872774125047716,2026-04-01,3.584813596476134,171.64,0.020716317448561526,7.0,101.7602782776156,
2026-04-13,735.0,754.6,734.0,752.55,12586088.0,0.0,VEDL,0.009930886398711536,4.028484070997864,2026-04-01,4.629865130771903,677.2,0.006170101022740859,2.0,101.7602782776156,
2026-04-15,147.71,149.93,147.15,147.7,9048315.0,0.0,BANKINDIA,0.0188314823756639,2.9290671589954305,2026-04-01,3.158064233766151,141.7,0.023323070235727637,11.0,102.86198251420812,
2026-04-15,1830.0,1849.3,1811.5,1831.6,1709299.0,0.0,BHARATFORG,0.016821184699938874,2.8522176469365235,2026-04-01,3.119623696482106,1668.4,0.0017321344473074885,5.0,102.86198251420812,
2026-04-15,3370.0,3422.0,3350.5,3390.7,4418141.0,0.0,BSE,0.02636517738224975,2.757081183132888,2026-04-01,3.4836725051793107,2867.6,0.0009614594724274264,17.0,102.86198251420812,
2026-04-15,439.0,439.0,431.4,435.8,10149319.0,0.0,COALINDIA,0.0016088255573432075,2.757081183132888,2026-04-01,2.667412542145216,449.4,0.006135027109775006,18.0,102.86198251420812,
2026-04-15,5090.0,5120.0,4986.6,5003.4,806914.0,0.0,CUMMINSIND,0.0024041351123933463,2.757081183132888,2026-04-01,3.0654385439628213,4609.1,0.0005981821143244641,16.0,102.86198251420812,
2026-04-15,294.6,294.9,286.0,286.85,7778158.0,0.0,FEDERALBNK,-0.004684247050659174,3.1630327187370537,2026-04-01,3.4977484015795066,267.6,0.012306989429192793,4.0,102.86198251420812,
2026-04-15,1357.0,1405.0,1350.4,1400.4,780224.0,0.0,GESHIP,0.04875308919343979,2.757081183132888,2026-04-01,2.7292121925915707,1460.1,0.0018882824348557552,3.0,102.86198251420812,
2026-04-15,125.75,,,125.06,,,GOLDBEES,0.010504201680672232,13.9786089248951,2026-03-01,12.638554309914557,138.32,0.10105992571497326,,102.86198251420812,2026-03_onward
2026-04-15,1036.0,1038.0,1002.1,1011.45,11075349.0,0.0,HINDALCO,0.03393815486838747,4.178503937007869,2026-04-01,4.778503937007869,904.6,0.004724409448818898,9.0,102.86198251420812,
2026-04-15,978.0,1000.9,941.4,946.0,3464905.0,0.0,INDIANB,-0.021210553543714483,3.2547184115087258,2026-04-01,3.640727938142668,888.0,0.0041614453967418205,13.0,102.86198251420812,
2026-04-15,286.9,287.9,279.15,279.85,3592527.0,0.0,KARURVYSYA,-0.002317290552584561,2.757081183132888,2026-04-01,2.6660994094669617,291.85,0.00944691171195096,14.0,102.86198251420812,
2026-04-15,113.63,,,113.62,,,LIQUIDCASE,0.00017605633802819654,19.24413501387392,2026-03-01,19.35486076193992,112.97,0.1703473047169507,,102.86198251420812,2026-03_onward
2026-04-15,71.42,72.24,70.85,71.39,12896288.0,0.0,MAHABANK,0.01782149985742798,2.6704311445207995,2026-04-01,3.1084637111909323,64.88,0.04522367694949935,15.0,102.86198251420812,
2026-04-15,2844.9,2889.0,2812.2,2851.1,4612212.0,0.0,MCX,0.03091553369973976,3.316353633922662,2026-04-01,3.957167425159831,2469.7,0.0015710933086745468,6.0,102.86198251420812,
2026-04-15,425.15,430.0,419.6,423.9,11012606.0,0.0,NATIONALUM,0.01399354144241105,5.4671116514967535,2026-04-01,6.002353351643288,399.45,0.013954789503441402,1.0,102.86198251420812,
2026-04-15,6280.5,6415.0,6200.5,6222.5,149103.0,0.0,NAVINFLUOR,-0.0024847707598589786,2.757081183132888,2026-04-01,2.7839249755852977,6034.0,0.00045692429286259327,10.0,102.86198251420812,
2026-04-15,284.05,289.8,283.35,287.6,16529148.0,0.0,ONGC,0.00017388280299091008,2.757081183132888,2026-04-01,2.7856544818865934,288.05,0.009571536827401103,20.0,102.86198251420812,
2026-04-15,1076.0,1088.0,1068.2,1071.5,16195810.0,0.0,SBIN,0.007474965916036025,3.7078111452849436,2026-04-01,4.056483196010636,1017.8,0.0037759953098296817,12.0,102.86198251420812,
2026-04-15,1030.0,1043.5,1016.45,1020.95,7869459.0,0.0,SHRIRAMFIN,0.01678119709192316,3.255196311663825,2026-04-01,3.810793113625941,900.55,0.0036465738759976257,8.0,102.86198251420812,
2026-04-15,1485.0,1512.0,1482.0,1506.7,429654.0,0.0,TORNTPOWER,0.02246199782844749,2.757081183132888,2026-04-01,3.1812637606266834,1337.1,0.002061985777528149,19.0,102.86198251420812,
2026-04-15,189.0,191.46,185.76,188.71,12244209.0,0.0,UNIONBANK,0.02182152913147073,3.1872774125047716,2026-04-01,3.6630397108025305,171.64,0.020716317448561526,7.0,102.86198251420812,
2026-04-15,752.0,768.0,741.1,766.05,23115401.0,0.0,VEDL,0.017939007374925264,4.028484070997864,2026-04-01,4.71292031549773,677.2,0.006170101022740859,2.0,102.86198251420812,
2026-04-16,148.65,151.0,147.84,148.86,9550976.0,0.0,BANKINDIA,0.007853757616790968,2.9290671589954305,2026-04-01,3.182866904796407,141.7,0.023323070235727637,11.0,103.32233797655681,
2026-04-16,1847.9,1860.0,1830.0,1855.8,1279566.0,0.0,BHARATFORG,0.013212491810439042,2.8522176469365235,2026-04-01,3.160841699023528,1668.4,0.0017321344473074885,5.0,103.32233797655681,
2026-04-16,3430.3,3459.9,3403.2,3446.7,4790050.0,0.0,BSE,0.016515763706609343,2.757081183132888,2026-04-01,3.541208017106064,2867.6,0.0009614594724274264,17.0,103.32233797655681,
2026-04-16,436.5,436.95,430.5,432.75,11776638.0,0.0,COALINDIA,-0.0069986232216613375,2.757081183132888,2026-04-01,2.648744326786008,449.4,0.006135027109775006,18.0,103.32233797655681,
2026-04-16,5024.0,5055.0,4951.0,5038.2,666008.0,0.0,CUMMINSIND,0.006955270416117099,2.757081183132888,2026-04-01,3.086759497980071,4609.1,0.0005981821143244641,16.0,103.32233797655681,
2026-04-16,289.5,289.8,281.6,284.4,10948325.0,0.0,FEDERALBNK,-0.00854104932891775,3.1630327187370537,2026-04-01,3.4678739599414725,267.6,0.012306989429192793,4.0,103.32233797655681,
2026-04-16,1419.4,1419.4,1375.1,1381.4,424951.0,0.0,GESHIP,-0.013567552127963456,2.757081183132888,2026-04-01,2.692183463900311,1460.1,0.0018882824348557552,3.0,103.32233797655681,
2026-04-16,125.32,,,125.61,,,GOLDBEES,0.004397889013273648,13.9786089248951,2026-03-01,12.694137269057792,138.32,0.10105992571497326,,103.32233797655681,2026-03_onward
2026-04-16,1016.9,1048.7,1013.0,1039.9,10942179.0,0.0,HINDALCO,0.028127935142617133,4.178503937007869,2026-04-01,4.9129133858267675,904.6,0.004724409448818898,9.0,103.32233797655681,
2026-04-16,950.05,955.0,930.05,940.05,2516529.0,0.0,INDIANB,-0.006289640591966239,3.2547184115087258,2026-04-01,3.6178290679186205,888.0,0.0041614453967418205,13.0,103.32233797655681,
2026-04-16,281.0,285.7,277.35,280.85,2962356.0,0.0,KARURVYSYA,0.0035733428622475305,2.757081183132888,2026-04-01,2.675626296761823,291.85,0.00944691171195096,14.0,103.32233797655681,
2026-04-16,113.62,,,113.63,,,LIQUIDCASE,8.801267382496647e-05,19.24413501387392,2026-03-01,19.356564234987093,112.97,0.1703473047169507,,103.32233797655681,2026-03_onward
2026-04-16,71.99,72.28,70.31,71.25,18316236.0,0.0,MAHABANK,-0.0019610589718448423,2.6704311445207995,2026-04-01,3.1023678305414473,64.88,0.04522367694949935,15.0,103.32233797655681,
2026-04-16,2881.0,2903.0,2840.0,2862.2,3431999.0,0.0,MCX,0.0038932341903124,3.316353633922662,2026-04-01,3.9725736046762536,2469.7,0.0015710933086745468,6.0,103.32233797655681,
2026-04-16,429.25,437.0,426.0,432.7,13525794.0,0.0,NATIONALUM,0.020759613116301034,5.4671116514967535,2026-04-01,6.126959885010735,399.45,0.013954789503441402,1.0,103.32233797655681,
2026-04-16,6335.0,6343.5,6156.0,6256.0,120936.0,0.0,NAVINFLUOR,0.00538368822820412,2.757081183132888,2026-04-01,2.7989127597045593,6034.0,0.00045692429286259327,10.0,103.32233797655681,
2026-04-16,288.0,288.1,282.0,282.75,13626398.0,0.0,ONGC,-0.01686369958275391,2.757081183132888,2026-04-01,2.738678041562706,288.05,0.009571536827401103,20.0,103.32233797655681,
2026-04-16,1078.0,1084.15,1062.0,1067.15,20313165.0,0.0,SBIN,-0.00405972935137644,3.7078111452849436,2026-04-01,4.040014972116427,1017.8,0.0037759953098296817,12.0,103.32233797655681,
2026-04-16,1026.1,1034.35,1015.35,1022.75,5716035.0,0.0,SHRIRAMFIN,0.0017630638131151954,3.255196311663825,2026-04-01,3.817511785063843,900.55,0.0036465738759976257,8.0,103.32233797655681,
2026-04-16,1511.8,1533.6,1508.0,1521.6,413944.0,0.0,TORNTPOWER,0.009889161744209174,2.757081183132888,2026-04-01,3.212723792506512,1337.1,0.002061985777528149,19.0,103.32233797655681,
2026-04-16,189.5,191.1,187.22,188.49,11737567.0,0.0,UNIONBANK,-0.0011658099729744409,3.1872774125047716,2026-04-01,3.658769302576275,171.64,0.020716317448561526,7.0,103.32233797655681,
2026-04-16,772.0,787.85,770.3,782.85,15151305.0,0.0,VEDL,0.021930683375758875,4.028484070997864,2026-04-01,4.816277878712092,677.2,0.006170101022740859,2.0,103.32233797655681,
2026-04-17,148.86,149.47,146.65,148.1,8807839.0,0.0,BANKINDIA,-0.0051054682251781,2.9290671589954305,2026-04-01,3.1666168789489983,141.7,0.023323070235727637,11.0,103.98319109992373,
2026-04-17,1855.8,1876.0,1821.0,1860.5,1036045.0,0.0,BHARATFORG,0.002532600495743109,2.8522176469365235,2026-04-01,3.16884684827744,1668.4,0.0017321344473074885,5.0,103.98319109992373,
2026-04-17,3455.0,3550.0,3425.0,3531.5,6083283.0,0.0,BSE,0.024603243682362885,2.757081183132888,2026-04-01,3.6283332208808616,2867.6,0.0009614594724274264,17.0,103.98319109992373,
2026-04-17,432.8,440.15,430.5,438.75,10733309.0,0.0,COALINDIA,0.013864818024263537,2.757081183132888,2026-04-01,2.6854686848696963,449.4,0.006135027109775006,18.0,103.98319109992373,
2026-04-17,5043.0,5179.9,5011.2,5140.9,529710.0,0.0,CUMMINSIND,0.020384264221348758,2.757081183132888,2026-04-01,3.1496808191746544,4609.1,0.0005981821143244641,16.0,103.98319109992373,
2026-04-17,284.95,294.2,282.85,293.75,9241911.0,0.0,FEDERALBNK,0.03287623066104084,3.1630327187370537,2026-04-01,3.581884584151925,267.6,0.012306989429192793,4.0,103.98319109992373,
2026-04-17,1385.3,1435.9,1385.1,1424.3,819986.0,0.0,GESHIP,0.031055450991747335,2.757081183132888,2026-04-01,2.77579043552426,1460.1,0.0018882824348557552,3.0,103.98319109992373,
2026-04-17,125.26,,,124.8,,,GOLDBEES,-0.006448531167900673,13.9786089248951,2026-03-01,12.612278729228663,138.32,0.10105992571497326,,103.98319109992373,2026-03_onward
2026-04-17,1036.5,1040.75,1025.0,1039.0,4301884.0,0.0,HINDALCO,-0.0008654678334456545,4.178503937007869,2026-04-01,4.908661417322829,904.6,0.004724409448818898,9.0,103.98319109992373,
2026-04-17,940.05,945.0,930.05,939.45,2109087.0,0.0,INDIANB,-0.0006382639221317321,3.2547184115087258,2026-04-01,3.6155199381481284,888.0,0.0041614453967418205,13.0,103.98319109992373,
2026-04-17,280.3,281.5,275.4,277.55,2662362.0,0.0,KARURVYSYA,-0.011750044507744417,2.757081183132888,2026-04-01,2.64418756868878,291.85,0.00944691171195096,14.0,103.98319109992373,
2026-04-17,113.68,,,113.67,,,LIQUIDCASE,0.000352019713103946,19.24413501387392,2026-03-01,19.363378127175768,112.97,0.1703473047169507,,103.98319109992373,2026-03_onward
2026-04-17,71.8,72.99,71.24,72.73,17291825.0,0.0,MAHABANK,0.02077192982456144,2.6704311445207995,2026-04-01,3.166809997407431,64.88,0.04522367694949935,15.0,103.98319109992373,
2026-04-17,2884.0,2884.0,2780.0,2856.1,3924484.0,0.0,MCX,-0.0021312277269233126,3.316353633922662,2026-04-01,3.964107145662724,2469.7,0.0015710933086745468,6.0,103.98319109992373,
2026-04-17,432.0,440.0,422.55,438.75,8471986.0,0.0,NATIONALUM,0.013981973653801827,5.4671116514967535,2026-04-01,6.212626876700855,399.45,0.013954789503441402,1.0,103.98319109992373,
2026-04-17,6287.0,6340.0,6258.5,6284.0,90729.0,0.0,NAVINFLUOR,0.004475703324808178,2.757081183132888,2026-04-01,2.811439862849017,6034.0,0.00045692429286259327,10.0,103.98319109992373,
2026-04-17,283.4,285.5,282.2,284.05,17846605.0,0.0,ONGC,0.0045977011494253706,2.757081183132888,2026-04-01,2.751269664742305,288.05,0.009571536827401103,20.0,103.98319109992373,
2026-04-17,1067.0,1082.15,1060.0,1080.25,16823879.0,0.0,SBIN,0.01227568757906572,3.7078111452849436,2026-04-01,4.089608933728877,1017.8,0.0037759953098296817,12.0,103.98319109992373,
2026-04-17,1022.0,1039.5,1013.15,1036.95,4345572.0,0.0,SHRIRAMFIN,0.013884135908091011,3.255196311663825,2026-04-01,3.8705146375184083,900.55,0.0036465738759976257,8.0,103.98319109992373,
2026-04-17,1529.9,1570.6,1520.6,1565.0,961504.0,0.0,TORNTPOWER,0.028522607781283016,2.757081183132888,2026-04-01,3.3043590531497715,1337.1,0.002061985777528149,19.0,103.98319109992373,
2026-04-17,188.49,189.4,186.35,188.91,8818513.0,0.0,UNIONBANK,0.0022282349196243167,3.1872774125047716,2026-04-01,3.666921900099125,171.64,0.020716317448561526,7.0,103.98319109992373,
2026-04-17,782.85,791.15,772.4,787.5,9934013.0,0.0,VEDL,0.005939835217474654,4.028484070997864,2026-04-01,4.844885775673211,677.2,0.006170101022740859,2.0,103.98319109992373,
2026-04-20,148.0,151.0,146.01,148.31,9439402.0,0.0,BANKINDIA,0.001417960837272192,2.9290671589954305,2026-04-01,3.171107017669993,141.7,0.023323070235727637,11.0,103.99620393490807,
2026-04-20,1864.0,1881.9,1831.7,1866.2,742005.0,0.0,BHARATFORG,0.0030636925557645522,2.8522176469365235,2026-04-01,3.1785552207768655,1668.4,0.0017321344473074885,5.0,103.99620393490807,
2026-04-20,3540.0,3570.0,3465.0,3470.7,3517096.0,0.0,BSE,-0.017216480249185984,2.757081183132888,2026-04-01,3.5658660936461004,2867.6,0.0009614594724274264,17.0,103.99620393490807,
2026-04-20,438.6,443.7,433.3,441.75,8090840.0,0.0,COALINDIA,0.006837606837606813,2.757081183132888,2026-04-01,2.7038308639115405,449.4,0.006135027109775006,18.0,103.99620393490807,
2026-04-20,5174.0,5216.9,5067.6,5200.3,616937.0,0.0,CUMMINSIND,0.011554397090003832,2.757081183132888,2026-04-01,3.186073482066167,4609.1,0.0005981821143244641,16.0,103.99620393490807,
2026-04-20,293.5,298.0,292.3,294.35,11292785.0,0.0,FEDERALBNK,0.0020425531914893824,3.1630327187370537,2026-04-01,3.5892007739408314,267.6,0.012306989429192793,4.0,103.99620393490807,
2026-04-20,1440.0,1469.9,1415.5,1423.6,541002.0,0.0,GESHIP,-0.0004914694937864228,2.757081183132888,2026-04-01,2.7744262192040554,1460.1,0.0018882824348557552,3.0,103.99620393490807,
2026-04-20,125.18,,,125.0,,,GOLDBEES,0.0016025641025640969,13.9786089248951,2026-03-01,12.632490714371658,138.32,0.10105992571497326,,103.99620393490807,2026-03_onward
2026-04-20,1031.0,1034.0,1011.4,1015.25,4286182.0,0.0,HINDALCO,-0.022858517805582346,4.178503937007869,2026-04-01,4.796456692913381,904.6,0.004724409448818898,9.0,103.99620393490807,
2026-04-20,944.0,955.8,925.45,928.3,2522718.0,0.0,INDIANB,-0.011868646548512496,3.2547184115087258,2026-04-01,3.5726086099131487,888.0,0.0041614453967418205,13.0,103.99620393490807,
2026-04-20,277.55,279.6,273.1,274.75,2409425.0,0.0,KARURVYSYA,-0.010088272383354413,2.757081183132888,2026-04-01,2.6175122842631677,291.85,0.00944691171195096,14.0,103.99620393490807,
2026-04-20,113.68,,,113.68,,,LIQUIDCASE,8.79739597079432e-05,19.24413501387392,2026-03-01,19.365081600222936,112.97,0.1703473047169507,,103.99620393490807,2026-03_onward
2026-04-20,73.01,76.95,72.31,75.54,48456248.0,0.0,MAHABANK,0.038636051148081885,2.6704311445207995,2026-04-01,3.2891630304435218,64.88,0.04522367694949935,15.0,103.99620393490807,
2026-04-20,2862.0,2895.0,2845.7,2859.1,2053838.0,0.0,MCX,0.0010503833899373483,3.316353633922662,2026-04-01,3.96827097796446,2469.7,0.0015710933086745468,6.0,103.99620393490807,
2026-04-20,433.0,433.0,423.8,426.65,8191733.0,0.0,NATIONALUM,-0.02757834757834765,5.4671116514967535,2026-04-01,6.041292893320615,399.45,0.013954789503441402,1.0,103.99620393490807,
2026-04-20,6296.0,6500.0,6221.0,6471.5,243155.0,0.0,NAVINFLUOR,0.029837683004455773,2.757081183132888,2026-04-01,2.8953267142627963,6034.0,0.00045692429286259327,10.0,103.99620393490807,
2026-04-20,284.0,285.2,282.5,283.35,11057036.0,0.0,ONGC,-0.0024643548671008375,2.757081183132888,2026-04-01,2.74448955995329,288.05,0.009571536827401103,20.0,103.99620393490807,
2026-04-20,1080.3,1120.95,1075.85,1107.85,31179584.0,0.0,SBIN,0.02554964128673909,3.7078111452849436,2026-04-01,4.1940969749886925,1017.8,0.0037759953098296817,12.0,103.99620393490807,
2026-04-20,1040.0,1049.95,1026.0,1045.15,4670588.0,0.0,SHRIRAMFIN,0.007907806548049567,3.255196311663825,2026-04-01,3.9011219185132977,900.55,0.0036465738759976257,8.0,103.99620393490807,
2026-04-20,1564.0,1637.6,1551.8,1606.3,1442253.0,0.0,TORNTPOWER,0.026389776357827355,2.757081183132888,2026-04-01,3.3915603495683557,1337.1,0.002061985777528149,19.0,103.99620393490807,
2026-04-20,189.0,193.2,186.21,189.29,14172531.0,0.0,UNIONBANK,0.0020115398867184275,3.1872774125047716,2026-04-01,3.6742980597626556,171.64,0.020716317448561526,7.0,103.99620393490807,
2026-04-20,782.95,782.95,768.15,771.0,10554185.0,0.0,VEDL,-0.020952380952380945,4.028484070997864,2026-04-01,4.743373883230534,677.2,0.006170101022740859,2.0,103.99620393490807,
2026-04-21,149.5,151.25,149.05,149.83,7154993.0,0.0,BANKINDIA,0.010248803182523192,2.9290671589954305,2026-04-01,3.203607069364811,141.7,0.023323070235727637,11.0,104.44190372998457,
2026-04-21,1875.0,1915.0,1873.0,1895.8,971441.0,0.0,BHARATFORG,0.015861108134176405,2.8522176469365235,2026-04-01,3.228970628844058,1668.4,0.0017321344473074885,5.0,104.44190372998457,
2026-04-21,3470.7,3527.9,3470.0,3515.8,2670233.0,0.0,BSE,0.012994496787391618,2.757081183132888,2026-04-01,3.6122027291442538,2867.6,0.0009614594724274264,17.0,104.44190372998457,
2026-04-21,442.3,445.3,441.9,443.15,5336558.0,0.0,COALINDIA,0.003169213355970424,2.757081183132888,2026-04-01,2.712399880797734,449.4,0.006135027109775006,18.0,104.44190372998457,
2026-04-21,5215.0,5272.7,5090.4,5116.4,717933.0,0.0,CUMMINSIND,-0.016133684595119657,2.757081183132888,2026-04-01,3.134670377409637,4609.1,0.0005981821143244641,16.0,104.44190372998457,
2026-04-21,295.8,299.05,295.05,295.75,7746822.0,0.0,FEDERALBNK,0.0047562425683709275,3.1630327187370537,2026-04-01,3.6062718834482785,267.6,0.012306989429192793,4.0,104.44190372998457,
2026-04-21,1427.0,1477.3,1423.2,1445.6,624903.0,0.0,GESHIP,0.015453779151447078,2.757081183132888,2026-04-01,2.817301589267619,1460.1,0.0018882824348557552,3.0,104.44190372998457,
2026-04-21,125.1,,,125.22,,,GOLDBEES,0.0017599999999999838,13.9786089248951,2026-03-01,12.65472389802895,138.32,0.10105992571497326,,104.44190372998457,2026-03_onward
2026-04-21,1018.0,1023.2,1011.4,1021.65,3002043.0,0.0,HINDALCO,0.006303866042846495,4.178503937007869,2026-04-01,4.826692913385821,904.6,0.004724409448818898,9.0,104.44190372998457,
2026-04-21,934.0,942.45,918.5,921.05,3097270.0,0.0,INDIANB,-0.007809975223526888,3.2547184115087258,2026-04-01,3.544706625186368,888.0,0.0041614453967418205,13.0,104.44190372998457,
2026-04-21,274.25,292.0,273.3,290.7,9635054.0,0.0,KARURVYSYA,0.05805277525022734,2.757081183132888,2026-04-01,2.7694661366162068,291.85,0.00944691171195096,14.0,104.44190372998457,
2026-04-21,113.69,,,113.7,,,LIQUIDCASE,0.00017593244194236135,19.24413501387392,2026-03-01,19.368488546317277,112.97,0.1703473047169507,,104.44190372998457,2026-03_onward
2026-04-21,77.4,81.5,76.98,80.18,152939074.0,0.0,MAHABANK,0.06142441090812811,2.6704311445207995,2026-04-01,3.4911979319693085,64.88,0.04522367694949935,15.0,104.44190372998457,
2026-04-21,2857.0,2865.7,2815.2,2825.6,2126934.0,0.0,MCX,-0.011716973872897052,3.316353633922662,2026-04-01,3.921774850595075,2469.7,0.0015710933086745468,6.0,104.44190372998457,
2026-04-21,426.45,430.2,422.45,422.95,6184964.0,0.0,NATIONALUM,-0.008672213758349923,5.4671116514967535,2026-04-01,5.988901509972938,399.45,0.013954789503441402,1.0,104.44190372998457,
2026-04-21,6520.0,6600.0,6350.0,6373.5,218722.0,0.0,NAVINFLUOR,-0.015143320713899455,2.757081183132888,2026-04-01,2.851481853257194,6034.0,0.00045692429286259327,10.0,104.44190372998457,
2026-04-21,283.15,284.85,282.4,283.1,13645673.0,0.0,ONGC,-0.0008823010411151966,2.757081183132888,2026-04-01,2.7420680939572133,288.05,0.009571536827401103,20.0,104.44190372998457,
2026-04-21,1113.4,1114.75,1105.95,1111.85,16963734.0,0.0,SBIN,0.003610597102495783,3.7078111452849436,2026-04-01,4.209240169374174,1017.8,0.0037759953098296817,12.0,104.44190372998457,
2026-04-21,1054.0,1062.7,1039.25,1045.3,5699181.0,0.0,SHRIRAMFIN,0.0001435200688895133,3.255196311663825,2026-04-01,3.9016818077997897,900.55,0.0036465738759976257,8.0,104.44190372998457,
2026-04-21,1600.0,1631.0,1593.4,1621.5,595204.0,0.0,TORNTPOWER,0.009462740459440955,2.757081183132888,2026-04-01,3.423653804908852,1337.1,0.002061985777528149,19.0,104.44190372998457,
2026-04-21,190.52,192.98,189.75,191.38,13904723.0,0.0,UNIONBANK,0.01104125944318235,3.1872774125047716,2026-04-01,3.7148669379120767,171.64,0.020716317448561526,7.0,104.44190372998457,
2026-04-21,791.7,795.0,763.15,766.8,30562626.0,0.0,VEDL,-0.005447470817120714,4.028484070997864,2026-04-01,4.717534492426943,677.2,0.006170101022740859,2.0,104.44190372998457,
2026-04-22,149.83,154.34,149.18,152.92,15080884.0,0.0,BANKINDIA,0.02062337315624352,2.9290671589954305,2026-04-01,3.2696762534023014,141.7,0.023323070235727637,11.0,104.8560551515434,
2026-04-22,1888.1,1925.0,1888.1,1903.2,1054785.0,0.0,BHARATFORG,0.003903365333896014,2.8522176469365235,2026-04-01,3.241574480860856,1668.4,0.0017321344473074885,5.0,104.8560551515434,
2026-04-22,3513.0,3529.9,3492.6,3499.2,1771183.0,0.0,BSE,-0.004721542749872132,2.757081183132888,2026-04-01,3.595147559537394,2867.6,0.0009614594724274264,17.0,104.8560551515434,
2026-04-22,443.8,447.75,442.5,444.15,6991939.0,0.0,COALINDIA,0.0022565722667269306,2.757081183132888,2026-04-01,2.7185206071450154,449.4,0.006135027109775006,18.0,104.8560551515434,
2026-04-22,5100.0,5235.0,5079.4,5211.8,503337.0,0.0,CUMMINSIND,0.018645922914549473,2.757081183132888,2026-04-01,3.193119199629339,4609.1,0.0005981821143244641,16.0,104.8560551515434,
2026-04-22,295.75,298.45,295.0,296.45,6443950.0,0.0,FEDERALBNK,0.002366863905325367,3.1630327187370537,2026-04-01,3.6148074382020017,267.6,0.012306989429192793,4.0,104.8560551515434,
2026-04-22,1449.0,1463.6,1432.5,1449.1,233855.0,0.0,GESHIP,0.002421140011068079,2.757081183132888,2026-04-01,2.8241226708686407,1460.1,0.0018882824348557552,3.0,104.8560551515434,
2026-04-22,124.99,,,124.99,,,GOLDBEES,-0.0018367672895703846,13.9786089248951,2026-03-01,12.631480115114506,138.32,0.10105992571497326,,104.8560551515434,2026-03_onward
2026-04-22,1030.0,1043.35,1017.0,1039.9,4474181.0,0.0,HINDALCO,0.01786326041207853,4.178503937007869,2026-04-01,4.912913385826767,904.6,0.004724409448818898,9.0,104.8560551515434,
2026-04-22,921.05,933.85,921.05,925.35,1910446.0,0.0,INDIANB,0.0046685847673850756,3.2547184115087258,2026-04-01,3.561255388541562,888.0,0.0041614453967418205,13.0,104.8560551515434,
2026-04-22,292.0,301.55,289.6,300.45,4976858.0,0.0,KARURVYSYA,0.033539731682146634,2.757081183132888,2026-04-01,2.8623532877411053,291.85,0.00944691171195096,14.0,104.8560551515434,
2026-04-22,113.71,,,113.72,,,LIQUIDCASE,0.00017590149516277798,19.24413501387392,2026-03-01,19.371895492411618,112.97,0.1703473047169507,,104.8560551515434,2026-03_onward
2026-04-22,80.59,82.15,78.85,79.76,52387766.0,0.0,MAHABANK,-0.005238214018458476,2.6704311445207995,2026-04-01,3.4729102900208533,64.88,0.04522367694949935,15.0,104.8560551515434,
2026-04-22,2830.0,2834.8,2768.5,2783.2,2904468.0,0.0,MCX,-0.01500566251415636,3.316353633922662,2026-04-01,3.862926020730539,2469.7,0.0015710933086745468,6.0,104.8560551515434,
2026-04-22,421.75,437.35,418.55,435.95,12617478.0,0.0,NATIONALUM,0.030736493675375343,5.4671116514967535,2026-04-01,6.172979343356668,399.45,0.013954789503441402,1.0,104.8560551515434,
2026-04-22,6365.0,6450.0,6250.0,6267.0,155888.0,0.0,NAVINFLUOR,-0.01670981407389971,2.757081183132888,2026-04-01,2.8038341216541673,6034.0,0.00045692429286259327,10.0,104.8560551515434,
2026-04-22,283.1,285.05,282.6,283.65,7395183.0,0.0,ONGC,0.001942776404097346,2.757081183132888,2026-04-01,2.747395319148582,288.05,0.009571536827401103,20.0,104.8560551515434,
2026-04-22,1110.0,1117.85,1100.1,1103.3,12412659.0,0.0,SBIN,-0.007689886225659914,3.7078111452849436,2026-04-01,4.176871591375209,1017.8,0.0037759953098296817,12.0,104.8560551515434,
2026-04-22,1050.0,1053.7,1029.4,1044.55,4404420.0,0.0,SHRIRAMFIN,-0.0007174973691763675,3.255196311663825,2026-04-01,3.8988823613673302,900.55,0.0036465738759976257,8.0,104.8560551515434,
2026-04-22,1621.0,1663.7,1616.0,1657.4,840616.0,0.0,TORNTPOWER,0.022139993832870797,2.757081183132888,2026-04-01,3.4994534790354184,1337.1,0.002061985777528149,19.0,104.8560551515434,
2026-04-22,191.38,197.13,190.4,194.05,21651436.0,0.0,UNIONBANK,0.01395130107639253,3.1872774125047716,2026-04-01,3.7666941650216246,171.64,0.020716317448561526,7.0,104.8560551515434,
2026-04-22,769.7,773.85,755.5,757.0,14257215.0,0.0,VEDL,-0.012780386019822565,4.028484070997864,2026-04-01,4.657242580551899,677.2,0.006170101022740859,2.0,104.8560551515434,
2026-04-23,152.01,153.48,149.33,150.86,14160285.0,0.0,BANKINDIA,-0.01347109599790719,2.9290671589954305,2026-04-01,3.2256301307106416,141.7,0.023323070235727637,11.0,104.08179816450574,
2026-04-23,1899.0,1912.4,1846.4,1874.1,1398269.0,0.0,BHARATFORG,-0.015290037831021563,2.8522176469365235,2026-04-01,3.1920106844164193,1668.4,0.0017321344473074885,5.0,104.08179816450574,
2026-04-23,3508.0,3508.0,3452.2,3463.0,2373666.0,0.0,BSE,-0.010345221764974766,2.757081183132888,2026-04-01,3.557954960756172,2867.6,0.0009614594724274264,17.0,104.08179816450574,
2026-04-23,444.25,451.5,442.65,450.65,8989280.0,0.0,COALINDIA,0.014634695485759242,2.757081183132888,2026-04-01,2.7583053284023444,449.4,0.006135027109775006,18.0,104.08179816450574,
2026-04-23,5200.0,5269.0,5155.7,5176.9,500090.0,0.0,CUMMINSIND,-0.006696342914156439,2.757081183132888,2026-04-01,3.171736978502844,4609.1,0.0005981821143244641,16.0,104.08179816450574,
2026-04-23,294.95,296.65,293.55,295.4,3657050.0,0.0,FEDERALBNK,-0.0035419126328217754,3.1630327187370537,2026-04-01,3.602004106071416,267.6,0.012306989429192793,4.0,104.08179816450574,
2026-04-23,1448.0,1457.0,1410.1,1414.4,202718.0,0.0,GESHIP,-0.02394589745359177,2.757081183132888,2026-04-01,2.756496518995657,1460.1,0.0018882824348557552,3.0,104.08179816450574,
2026-04-23,124.27,,,124.08,,,GOLDBEES,-0.007280582446595685,13.9786089248951,2026-03-01,12.53951558271388,138.32,0.10105992571497326,,104.08179816450574,2026-03_onward
2026-04-23,1039.75,1049.0,1031.15,1041.35,4370028.0,0.0,HINDALCO,0.0013943648427732214,4.178503937007869,2026-04-01,4.919763779527553,904.6,0.004724409448818898,9.0,104.08179816450574,
2026-04-23,925.35,927.6,895.35,914.95,2204928.0,0.0,INDIANB,-0.011238990652185588,3.2547184115087258,2026-04-01,3.521230472519698,888.0,0.0041614453967418205,13.0,104.08179816450574,
2026-04-23,301.0,301.95,295.5,297.0,1764474.0,0.0,KARURVYSYA,-0.011482775836245573,2.757081183132888,2026-04-01,2.829485526573834,291.85,0.00944691171195096,14.0,104.08179816450574,
2026-04-23,113.74,,,113.73,,,LIQUIDCASE,8.793527963413261e-05,19.24413501387392,2026-03-01,19.373598965458786,112.97,0.1703473047169507,,104.08179816450574,2026-03_onward
2026-04-23,79.75,79.84,77.01,77.31,22534246.0,0.0,MAHABANK,-0.030717151454363156,2.6704311445207995,2026-04-01,3.3662323786548667,64.88,0.04522367694949935,15.0,104.08179816450574,
2026-04-23,2771.0,2852.0,2765.5,2791.4,1914246.0,0.0,MCX,0.0029462489221041555,3.316353633922662,2026-04-01,3.8743071623552843,2469.7,0.0015710933086745468,6.0,104.08179816450574,
2026-04-23,435.0,443.15,432.35,439.25,8807600.0,0.0,NATIONALUM,0.007569675421493338,5.4671116514967535,2026-04-01,6.21970679336946,399.45,0.013954789503441402,1.0,104.08179816450574,
2026-04-23,6280.0,6389.5,6250.5,6280.5,99339.0,0.0,NAVINFLUOR,0.0021541407371947763,2.757081183132888,2026-04-01,2.809873974955959,6034.0,0.00045692429286259327,10.0,104.08179816450574,
2026-04-23,284.85,289.8,284.05,286.25,13525025.0,0.0,ONGC,0.009166225982725207,2.757081183132888,2026-04-01,2.772578565507779,288.05,0.009571536827401103,20.0,104.08179816450574,
2026-04-23,1095.0,1101.9,1082.2,1094.25,13669001.0,0.0,SBIN,-0.008202664733073517,3.7078111452849436,2026-04-01,4.1426101140780585,1017.8,0.0037759953098296817,12.0,104.08179816450574,
2026-04-23,1044.9,1044.9,1006.35,1009.3,4658783.0,0.0,SHRIRAMFIN,-0.033746589440428854,3.255196311663825,2026-04-01,3.767308379041737,900.55,0.0036465738759976257,8.0,104.08179816450574,
2026-04-23,1648.1,1741.0,1645.1,1737.0,1220697.0,0.0,TORNTPOWER,0.04802703028840338,2.757081183132888,2026-04-01,3.667521837265911,1337.1,0.002061985777528149,19.0,104.08179816450574,
2026-04-23,194.89,194.89,177.3,179.71,65651090.0,0.0,UNIONBANK,-0.07389847977325437,3.1872774125047716,2026-04-01,3.4883411924557386,171.64,0.020716317448561526,7.0,104.08179816450574,
2026-04-23,758.8,758.8,733.05,735.6,17456241.0,0.0,VEDL,-0.02826948480845437,4.028484070997864,2026-04-01,4.5255847321717,677.2,0.006170101022740859,2.0,104.08179816450574,
2026-04-24,150.75,151.46,146.85,146.85,5581971.0,0.0,BANKINDIA,-0.026580935967121966,2.9290671589954305,2026-04-01,3.1398898627526033,141.7,0.023323070235727637,11.0,103.2669614856139,
2026-04-24,1884.0,1892.1,1836.0,1836.6,271369.0,0.0,BHARATFORG,-0.02000960461021295,2.8522176469365235,2026-04-01,3.1281398127096716,1668.4,0.0017321344473074885,5.0,103.2669614856139,
2026-04-24,3475.9,3482.0,3418.5,3427.0,978190.0,0.0,BSE,-0.010395610742131134,2.757081183132888,2026-04-01,3.5209678459461164,2867.6,0.0009614594724274264,17.0,103.2669614856139,
2026-04-24,452.75,462.0,451.05,455.25,8203076.0,0.0,COALINDIA,0.010207478087207456,2.757081183132888,2026-04-01,2.7864606695998386,449.4,0.006135027109775006,18.0,103.2669614856139,
2026-04-24,5179.0,5224.5,5121.7,5124.4,116427.0,0.0,CUMMINSIND,-0.010141204195561082,2.757081183132888,2026-04-01,3.139571746149235,4609.1,0.0005981821143244641,16.0,103.2669614856139,
2026-04-24,296.0,298.3,294.4,294.5,1740339.0,0.0,FEDERALBNK,-0.0030467163168583777,3.1630327187370537,2026-04-01,3.591029821388057,267.6,0.012306989429192793,4.0,103.2669614856139,
2026-04-24,1427.7,1434.0,1410.1,1419.3,46657.0,0.0,GESHIP,0.0034643665158369252,2.757081183132888,2026-04-01,2.766046033237086,1460.1,0.0018882824348557552,3.0,103.2669614856139,
2026-04-24,123.87,,,123.9,,,GOLDBEES,-0.0014506769825918253,13.9786089248951,2026-03-01,12.521324796085187,138.32,0.10105992571497326,,103.2669614856139,2026-03_onward
2026-04-24,1031.0,1042.8,1027.55,1032.4,1272258.0,0.0,HINDALCO,-0.008594612762279574,4.178503937007869,2026-04-01,4.877480314960625,904.6,0.004724409448818898,9.0,103.2669614856139,
2026-04-24,914.95,923.5,907.6,909.85,654161.0,0.0,INDIANB,-0.005574075086070329,3.2547184115087258,2026-04-01,3.501602869470515,888.0,0.0041614453967418205,13.0,103.2669614856139,
2026-04-24,297.15,299.35,293.05,295.0,391410.0,0.0,KARURVYSYA,-0.006734006734006703,2.757081183132888,2026-04-01,2.810431751984111,291.85,0.00944691171195096,14.0,103.2669614856139,
2026-04-24,113.79,,,113.79,,,LIQUIDCASE,0.0005275652862042346,19.24413501387392,2026-03-01,19.383819803741805,112.97,0.1703473047169507,,103.2669614856139,2026-03_onward
2026-04-24,77.7,78.29,75.75,75.84,10142342.0,0.0,MAHABANK,-0.019014357780364755,2.6704311445207995,2026-04-01,3.3022256318352747,64.88,0.04522367694949935,15.0,103.2669614856139,
2026-04-24,2791.6,2813.3,2773.0,2777.1,752420.0,0.0,MCX,-0.005122877409185378,3.316353633922662,2026-04-01,3.854459561717009,2469.7,0.0015710933086745468,6.0,103.2669614856139,
2026-04-24,436.05,439.45,428.2,428.7,4448752.0,0.0,NATIONALUM,-0.024018212862834454,5.4671116514967535,2026-04-01,6.0703205516618945,399.45,0.013954789503441402,1.0,103.2669614856139,
2026-04-24,6309.0,6468.0,6262.0,6407.0,97898.0,0.0,NAVINFLUOR,0.020141708462702024,2.757081183132888,2026-04-01,2.866469637376456,6034.0,0.00045692429286259327,10.0,103.2669614856139,
2026-04-24,288.8,288.8,285.55,286.8,5787428.0,0.0,ONGC,0.0019213973799125927,2.757081183132888,2026-04-01,2.7779057906991476,288.05,0.009571536827401103,20.0,103.2669614856139,
2026-04-24,1091.35,1101.5,1090.05,1095.05,3895882.0,0.0,SBIN,0.0007310943568654693,3.7078111452849436,2026-04-01,4.145638752955155,1017.8,0.0037759953098296817,12.0,103.2669614856139,
2026-04-24,1006.95,1017.65,992.1,993.7,1818186.0,0.0,SHRIRAMFIN,-0.015456256811651525,3.255196311663825,2026-04-01,3.709079893246581,900.55,0.0036465738759976257,8.0,103.2669614856139,
2026-04-24,1737.0,1744.4,1675.0,1687.0,763290.0,0.0,TORNTPOWER,-0.02878526194588371,2.757081183132888,2026-04-01,3.5619512604879633,1337.1,0.002061985777528149,19.0,103.2669614856139,
2026-04-24,179.3,180.75,175.01,175.21,12324792.0,0.0,UNIONBANK,-0.02504034277446998,3.1872774125047716,2026-04-01,3.4009919332823437,171.64,0.020716317448561526,7.0,103.2669614856139,
2026-04-24,734.95,734.95,716.05,717.0,7471828.0,0.0,VEDL,-0.02528548123980423,4.028484070997864,2026-04-01,4.411153144327228,677.2,0.006170101022740859,2.0,103.2669614856139,
