Ticker,Positive,Negative,Momentum,ISIN Code,Rank_Mom,FIP,FIP_rank,Combined_Rank,Real_Rank,End_Date
ALOKINDS,66.27906976744185,33.72093023255814,272.83286653661577,,1.0,-32.558139534883715,1.0,2.0,1,2020-07-01
ADANIGREEN,61.47540983606557,38.52459016393443,98.40661652655042,,7.0,-22.950819672131146,2.0,9.0,2,2020-07-01
BAYERCROP,59.01639344262295,40.98360655737705,75.1135553695078,,14.0,-18.032786885245898,4.0,18.0,3,2020-07-01
ESCORTS,59.01639344262295,40.98360655737705,76.77430209713307,,13.0,-18.032786885245898,5.0,18.0,4,2020-07-01
JBCHEPHARM,59.83606557377049,38.52459016393443,69.75701315851579,,16.0,-21.311475409836063,3.0,19.0,5,2020-07-01
APLLTD,57.377049180327866,42.62295081967213,63.07660108486295,,17.0,-14.754098360655739,7.0,24.0,6,2020-07-01
COROMANDEL,57.377049180327866,40.98360655737705,54.401467992731156,,19.0,-16.393442622950815,6.0,25.0,7,2020-07-01
ALKYLAMINE,54.09836065573771,45.90163934426229,105.88585320415014,,4.0,-8.196721311475414,23.0,27.0,8,2020-07-01
LAURUSLABS,55.73770491803278,40.98360655737705,49.720895362008896,,22.0,-14.754098360655732,9.0,31.0,9,2020-07-01
DIXON,57.377049180327866,42.62295081967213,49.284384476514,,23.0,-14.754098360655739,8.0,31.0,10,2020-07-01
SUZLON,48.36065573770492,40.16393442622951,144.0620284754822,,2.0,-8.196721311475407,30.0,32.0,11,2020-07-01
DMART,55.73770491803278,44.26229508196721,46.98987888053458,,25.0,-11.475409836065573,15.0,40.0,12,2020-07-01
AUROPHARMA,53.278688524590166,46.72131147540984,83.77680445180107,,10.0,-6.5573770491803245,34.0,44.0,13,2020-07-01
MUTHOOTFIN,54.09836065573771,45.90163934426229,62.63220355089247,,18.0,-8.196721311475414,28.0,46.0,14,2020-07-01
ZYDUSLIFE,54.91803278688525,44.26229508196721,44.26112942488436,,28.0,-10.655737704918039,18.0,46.0,15,2020-07-01
BALKRISIND,55.73770491803278,44.26229508196721,31.69157223108927,,41.0,-11.475409836065573,14.0,55.0,16,2020-07-01
GLENMARK,55.73770491803278,44.26229508196721,31.729962814806466,,40.0,-11.475409836065573,16.0,56.0,17,2020-07-01
JINDALSTEL,56.557377049180324,42.62295081967213,25.133815778275405,,50.0,-13.934426229508198,10.0,60.0,18,2020-07-01
IDEA,45.0,42.5,101.3711633512774,,6.0,-2.5,57.0,63.0,19,2020-07-01
TORNTPHARM,54.09836065573771,45.90163934426229,32.82720804478576,,38.0,-8.196721311475414,29.0,67.0,20,2020-07-01
LAURUSLABS,59.01639344262295,37.704918032786885,127.01285945617448,,3.0,-21.311475409836063,3.0,6.0,1,2020-08-01
ALOKINDS,59.63302752293578,40.36697247706422,144.34244360591765,,2.0,-19.266055045871553,5.0,7.0,2,2020-08-01
ADANIGREEN,60.65573770491803,39.34426229508197,82.85061456533268,,10.0,-21.311475409836063,2.0,12.0,3,2020-08-01
RPOWER,55.73770491803278,40.16393442622951,86.92778953214156,,8.0,-15.573770491803273,8.0,16.0,4,2020-08-01
MUTHOOTFIN,55.73770491803278,44.26229508196721,88.34409339603314,,7.0,-11.475409836065573,17.0,24.0,5,2020-08-01
ALKYLAMINE,54.91803278688525,45.08196721311475,79.19023862251096,,11.0,-9.836065573770497,18.0,29.0,6,2020-08-01
JBCHEPHARM,59.01639344262295,39.34426229508197,53.06318080422445,,27.0,-19.67213114754098,4.0,31.0,7,2020-08-01
DIXON,56.557377049180324,43.44262295081967,57.82255723088554,,21.0,-13.114754098360656,10.0,31.0,8,2020-08-01
APLLTD,56.557377049180324,43.44262295081967,54.7811660474979,,23.0,-13.114754098360656,9.0,32.0,9,2020-08-01
GLENMARK,58.19672131147541,41.80327868852459,52.590629003186294,,29.0,-16.393442622950815,6.0,35.0,10,2020-08-01
JINDALSTEL,57.377049180327866,41.80327868852459,42.3201854296964,,40.0,-15.573770491803273,7.0,47.0,11,2020-08-01
ZYDUSLIFE,54.91803278688525,45.08196721311475,53.84778844755467,,25.0,-9.836065573770497,22.0,47.0,12,2020-08-01
SYNGENE,54.09836065573771,45.90163934426229,54.36122070469249,,24.0,-8.196721311475414,29.0,53.0,13,2020-08-01
ESCORTS,54.91803278688525,45.08196721311475,46.25934924924553,,35.0,-9.836065573770497,19.0,54.0,14,2020-08-01
BSOFT,53.278688524590166,45.08196721311475,50.96971677662376,,31.0,-8.196721311475414,26.0,57.0,15,2020-08-01
INFY,55.73770491803278,43.44262295081967,37.362727935377094,,46.0,-12.295081967213115,11.0,57.0,16,2020-08-01
RELIANCE,54.09836065573771,45.08196721311475,50.03520550038638,,34.0,-9.016393442622956,24.0,58.0,17,2020-08-01
AUROPHARMA,51.63934426229508,48.36065573770492,97.16625625790138,,5.0,-3.278688524590166,54.0,59.0,18,2020-08-01
DEEPAKNTR,52.459016393442624,47.540983606557376,61.87481817858027,,16.0,-4.918032786885249,44.0,60.0,19,2020-08-01
COROMANDEL,54.91803278688525,43.44262295081967,33.987318158656656,,47.0,-11.47540983606558,13.0,60.0,20,2020-08-01
ADANIGREEN,64.22764227642277,35.77235772357724,193.78730843991133,,3.0,-28.455284552845534,1.0,4.0,1,2020-09-01
LAURUSLABS,61.78861788617886,37.39837398373984,164.00403552160293,,6.0,-24.390243902439025,2.0,8.0,2,2020-09-01
CGPOWER,54.47154471544715,36.58536585365854,184.9313683359034,,4.0,-17.886178861788615,10.0,14.0,3,2020-09-01
ALOKINDS,60.16260162601627,39.83739837398374,112.20973869335862,,9.0,-20.32520325203253,5.0,14.0,4,2020-09-01
TANLA,56.91056910569105,40.65040650406504,225.14362375277446,,1.0,-16.260162601626014,13.0,14.0,5,2020-09-01
DIXON,58.536585365853654,41.46341463414634,86.2326056668842,,13.0,-17.073170731707314,11.0,24.0,6,2020-09-01
JPPOWER,57.72357723577236,36.58536585365854,67.57729468599032,,22.0,-21.138211382113823,4.0,26.0,7,2020-09-01
GLENMARK,58.536585365853654,41.46341463414634,73.37006371572315,,18.0,-17.073170731707314,12.0,30.0,8,2020-09-01
JINDALSTEL,59.34959349593496,39.83739837398374,66.1581132275402,,23.0,-19.512195121951223,7.0,30.0,9,2020-09-01
HEROMOTOCO,56.91056910569105,43.08943089430895,65.6019488980972,,24.0,-13.821138211382106,19.0,43.0,10,2020-09-01
RPOWER,53.65853658536586,42.27642276422765,78.95529995789286,,15.0,-11.382113821138212,28.0,43.0,11,2020-09-01
JBCHEPHARM,59.34959349593496,39.83739837398374,47.782113221322376,,40.0,-19.512195121951223,6.0,46.0,12,2020-09-01
CDSL,56.09756097560976,43.08943089430895,64.96293457777915,,26.0,-13.008130081300813,21.0,47.0,13,2020-09-01
ALKYLAMINE,54.47154471544715,45.52845528455284,106.41931890202576,,10.0,-8.943089430894311,38.0,48.0,14,2020-09-01
TATACONSUM,54.47154471544715,43.90243902439025,74.4718135956467,,17.0,-10.569105691056905,34.0,51.0,15,2020-09-01
BSOFT,53.65853658536586,44.71544715447154,77.78078685971902,,16.0,-8.943089430894318,36.0,52.0,16,2020-09-01
HINDALCO,55.28455284552846,43.08943089430895,45.028790750001036,,44.0,-12.195121951219512,22.0,66.0,17,2020-09-01
MUTHOOTFIN,57.72357723577236,42.27642276422765,42.62005483944831,,53.0,-15.447154471544714,15.0,68.0,18,2020-09-01
ADANIENT,57.72357723577236,42.27642276422765,40.4167789744587,,59.0,-15.447154471544714,14.0,73.0,19,2020-09-01
BLS,50.40650406504065,39.02439024390244,43.17846295140026,,50.0,-11.382113821138212,24.0,74.0,20,2020-09-01
ADANIGREEN,67.74193548387096,32.25806451612903,346.0866382060805,,2.0,-35.48387096774193,1.0,3.0,1,2020-10-01
LAURUSLABS,63.70967741935484,35.483870967741936,332.03566902954674,,3.0,-28.225806451612904,2.0,5.0,2,2020-10-01
TANLA,62.096774193548384,35.483870967741936,514.3208688563514,,1.0,-26.61290322580645,5.0,6.0,3,2020-10-01
ALOKINDS,63.70967741935484,36.29032258064516,314.5478066067671,,5.0,-27.41935483870968,3.0,8.0,4,2020-10-01
CGPOWER,57.25806451612904,33.87096774193548,331.4035480610348,,4.0,-23.38709677419356,7.0,11.0,5,2020-10-01
JPPOWER,59.67741935483871,32.25806451612903,215.43961352657,,14.0,-27.41935483870968,4.0,18.0,6,2020-10-01
MASTEK,59.67741935483871,40.32258064516129,300.43111752529893,,6.0,-19.354838709677423,20.0,26.0,7,2020-10-01
JINDALSTEL,61.29032258064516,38.70967741935484,165.68688888504082,,21.0,-22.58064516129032,12.0,33.0,8,2020-10-01
INTELLECT,57.25806451612904,41.935483870967744,294.75431273119864,,7.0,-15.322580645161295,32.0,39.0,9,2020-10-01
PERSISTENT,61.29032258064516,37.903225806451616,124.83195565357707,,34.0,-23.387096774193544,9.0,43.0,10,2020-10-01
ADANIENT,59.67741935483871,40.32258064516129,135.79101661332453,,27.0,-19.354838709677423,18.0,45.0,11,2020-10-01
FSL,58.87096774193549,40.32258064516129,150.562024641569,,24.0,-18.5483870967742,22.0,46.0,12,2020-10-01
DIXON,61.29032258064516,38.70967741935484,116.22419467564752,,40.0,-22.58064516129032,10.0,50.0,13,2020-10-01
INDIAMART,58.06451612903226,41.935483870967744,136.14448226151117,,26.0,-16.12903225806452,28.0,54.0,14,2020-10-01
CREDITACC,60.483870967741936,39.516129032258064,116.09757730851986,,41.0,-20.967741935483872,14.0,55.0,15,2020-10-01
GLENMARK,58.06451612903226,41.935483870967744,130.28847118640323,,29.0,-16.12903225806452,27.0,56.0,16,2020-10-01
MPHASIS,61.29032258064516,38.70967741935484,111.04387297853866,,45.0,-22.58064516129032,13.0,58.0,17,2020-10-01
KPITTECH,55.64516129032258,43.54838709677419,224.02207868567228,,11.0,-12.096774193548384,53.0,64.0,18,2020-10-01
BSOFT,55.64516129032258,42.74193548387097,202.09541365821298,,15.0,-12.903225806451609,50.0,65.0,19,2020-10-01
BLS,50.806451612903224,38.70967741935484,180.0014014014015,,18.0,-12.096774193548384,51.0,69.0,20,2020-10-01
ADANIGREEN,63.77952755905512,36.22047244094488,271.51443473335644,,2.0,-27.559055118110237,2.0,4.0,1,2020-11-01
TANLA,60.629921259842526,37.00787401574803,439.3349223049424,,1.0,-23.622047244094496,4.0,5.0,2,2020-11-01
LAURUSLABS,62.99212598425197,36.22047244094488,210.69507599528495,,6.0,-26.77165354330709,3.0,9.0,3,2020-11-01
CGPOWER,57.48031496062992,34.645669291338585,267.8498685435572,,3.0,-22.834645669291334,7.0,10.0,4,2020-11-01
JPPOWER,57.48031496062992,36.22047244094488,186.67612293144208,,8.0,-21.259842519685037,10.0,18.0,5,2020-11-01
ADANIENT,60.629921259842526,39.37007874015748,146.22305661485478,,14.0,-21.259842519685044,8.0,22.0,6,2020-11-01
PERSISTENT,61.417322834645674,38.582677165354326,128.48707657776703,,19.0,-22.834645669291348,5.0,24.0,7,2020-11-01
ALOKINDS,58.26771653543307,41.732283464566926,149.87226412021687,,13.0,-16.53543307086614,16.0,29.0,8,2020-11-01
MASTEK,57.48031496062992,42.51968503937008,201.17706559975477,,7.0,-14.960629921259837,25.0,32.0,9,2020-11-01
MPHASIS,59.84251968503938,40.15748031496063,98.83713333915527,,26.0,-19.685039370078748,13.0,39.0,10,2020-11-01
TATAELXSI,61.417322834645674,38.582677165354326,89.1124535886596,,35.0,-22.834645669291348,6.0,41.0,11,2020-11-01
JBCHEPHARM,59.84251968503938,39.37007874015748,84.8395337324776,,36.0,-20.472440944881896,11.0,47.0,12,2020-11-01
INTELLECT,55.118110236220474,44.09448818897638,216.82497809683437,,4.0,-11.023622047244096,48.0,52.0,13,2020-11-01
INDIAMART,56.69291338582677,43.30708661417323,106.37630360684662,,22.0,-13.38582677165354,31.0,53.0,14,2020-11-01
JSWSTEEL,65.35433070866141,34.645669291338585,64.17889507040361,,57.0,-30.708661417322823,1.0,58.0,15,2020-11-01
DIXON,58.26771653543307,41.732283464566926,77.58035032657719,,43.0,-16.53543307086614,18.0,61.0,16,2020-11-01
APLAPOLLO,55.118110236220474,44.09448818897638,117.81327444667697,,21.0,-11.023622047244096,44.0,65.0,17,2020-11-01
JINDALSTEL,55.90551181102362,44.09448818897638,97.70735986444356,,27.0,-11.811023622047244,42.0,69.0,18,2020-11-01
PNBHOUSING,56.69291338582677,42.51968503937008,76.37633950545603,,46.0,-14.173228346456689,26.0,72.0,19,2020-11-01
ENDURANCE,57.48031496062992,41.732283464566926,67.77639190612629,,52.0,-15.748031496062993,20.0,72.0,20,2020-11-01
TANLA,64.84375,33.59375,815.2481229173225,,1.0,-31.25,2.0,3.0,1,2020-12-01
CGPOWER,61.71875,31.25,532.5159299195972,,2.0,-30.46875,3.0,5.0,2,2020-12-01
ADANIGREEN,63.28125,36.71875,314.1896000792201,,3.0,-26.5625,4.0,7.0,3,2020-12-01
LAURUSLABS,62.5,37.5,241.88588184666676,,7.0,-25.0,5.0,12.0,4,2020-12-01
ADANIENT,60.9375,39.0625,154.9576567628942,,16.0,-21.875,8.0,24.0,5,2020-12-01
JPPOWER,55.46875,37.5,164.19172113289758,,13.0,-17.96875,19.0,32.0,6,2020-12-01
PGEL,53.90625,39.0625,254.20099140579552,,5.0,-14.84375,31.0,36.0,7,2020-12-01
CHOLAFIN,59.375,40.625,114.76581475516237,,29.0,-18.75,13.0,42.0,8,2020-12-01
DIXON,61.71875,38.28125,108.73112757475751,,36.0,-23.4375,6.0,42.0,9,2020-12-01
RKFORGE,57.8125,41.40625,153.70478397477387,,17.0,-16.40625,26.0,43.0,10,2020-12-01
MASTEK,57.03125,42.96875,191.37035218571015,,11.0,-14.0625,35.0,46.0,11,2020-12-01
FSL,57.03125,42.1875,131.21110133340733,,21.0,-14.84375,30.0,51.0,12,2020-12-01
TATAELXSI,60.9375,39.0625,101.57349297395956,,42.0,-21.875,10.0,52.0,13,2020-12-01
PERSISTENT,58.59375,41.40625,113.12342966021474,,31.0,-17.1875,23.0,54.0,14,2020-12-01
CHOLAHLDNG,60.15625,39.84375,99.0039469496346,,45.0,-20.3125,11.0,56.0,15,2020-12-01
POONAWALLA,55.46875,42.96875,245.59222241353345,,6.0,-12.5,52.0,58.0,16,2020-12-01
INTELLECT,55.46875,43.75,283.60835756219535,,4.0,-11.71875,58.0,62.0,17,2020-12-01
GPIL,53.125,41.40625,205.81897121533893,,8.0,-11.71875,57.0,65.0,18,2020-12-01
DALBHARAT,59.375,40.625,93.0743758522612,,52.0,-18.75,14.0,66.0,19,2020-12-01
CYIENT,56.25,43.75,140.48797535360538,,20.0,-12.5,46.0,66.0,20,2020-12-01
TANLA,67.1875,32.03125,818.7388675627798,,1.0,-35.15625,1.0,2.0,1,2021-01-01
CGPOWER,60.9375,35.9375,383.3060570690783,,2.0,-25.0,5.0,7.0,2,2021-01-01
LAURUSLABS,60.15625,39.0625,234.68768577344764,,3.0,-21.09375,12.0,15.0,3,2021-01-01
ADANIENT,60.15625,39.84375,179.1166331843308,,6.0,-20.3125,14.0,20.0,4,2021-01-01
APLAPOLLO,60.9375,39.0625,160.37343645811947,,13.0,-21.875,9.0,22.0,5,2021-01-01
ADANIGREEN,59.375,40.625,179.18550555012837,,5.0,-18.75,18.0,23.0,6,2021-01-01
RKFORGE,60.15625,39.0625,160.2017103627072,,14.0,-21.09375,13.0,27.0,7,2021-01-01
DIXON,62.5,37.5,113.46937174176786,,23.0,-25.0,6.0,29.0,8,2021-01-01
SAIL,60.15625,38.28125,123.72032237085664,,20.0,-21.875,11.0,31.0,9,2021-01-01
COFORGE,60.15625,39.84375,100.92215568926149,,32.0,-20.3125,15.0,47.0,10,2021-01-01
GPIL,54.6875,39.0625,150.24472539574484,,16.0,-15.625,31.0,47.0,11,2021-01-01
INDIAMART,57.03125,42.96875,177.15581777725137,,7.0,-14.0625,41.0,48.0,12,2021-01-01
FSL,56.25,42.96875,181.06563179311826,,4.0,-13.28125,48.0,52.0,13,2021-01-01
PERSISTENT,57.8125,42.1875,132.45931269443525,,18.0,-15.625,34.0,52.0,14,2021-01-01
TATAELXSI,60.15625,39.84375,97.18328240288945,,36.0,-20.3125,16.0,52.0,15,2021-01-01
JSWSTEEL,65.625,34.375,82.7423225042108,,51.0,-31.25,3.0,54.0,16,2021-01-01
TATASTEEL,60.9375,38.28125,86.00532718891796,,49.0,-22.65625,8.0,57.0,17,2021-01-01
PGEL,53.125,41.40625,170.9922145774831,,9.0,-11.71875,60.0,69.0,18,2021-01-01
INTELLECT,55.46875,43.75,169.89018565914665,,11.0,-11.71875,58.0,69.0,19,2021-01-01
CHOLAFIN,59.375,40.625,78.38346655653115,,60.0,-18.75,19.0,79.0,20,2021-01-01
TANLA,61.6,38.4,454.43914398831555,,1.0,-23.200000000000003,5.0,6.0,1,2021-02-01
RKFORGE,62.4,36.8,208.72151751451807,,5.0,-25.6,2.0,7.0,2,2021-02-01
TATAELXSI,61.6,38.4,172.60194593634392,,6.0,-23.200000000000003,6.0,12.0,3,2021-02-01
CGPOWER,59.199999999999996,39.2,314.07403130209383,,3.0,-19.999999999999993,13.0,16.0,4,2021-02-01
ADANIGREEN,60.8,39.2,163.42754294010882,,8.0,-21.599999999999994,8.0,16.0,5,2021-02-01
PGEL,57.599999999999994,39.2,261.2283160615516,,4.0,-18.39999999999999,19.0,23.0,6,2021-02-01
TMPV,61.6,38.4,128.26292847796515,,16.0,-23.200000000000003,7.0,23.0,7,2021-02-01
GPIL,59.199999999999996,37.6,134.08540102280045,,14.0,-21.599999999999994,10.0,24.0,8,2021-02-01
TTML,50.4,34.4,423.7977012292775,,2.0,-16.0,23.0,25.0,9,2021-02-01
APLAPOLLO,59.199999999999996,40.8,141.61510195153872,,12.0,-18.4,16.0,28.0,10,2021-02-01
ADANIENT,57.599999999999994,42.4,158.9894861279613,,9.0,-15.199999999999996,25.0,34.0,11,2021-02-01
INDIAMART,56.8,43.2,140.11612087540772,,13.0,-13.599999999999994,43.0,56.0,12,2021-02-01
ASHOKLEY,54.400000000000006,40.8,99.36369428780985,,29.0,-13.600000000000009,37.0,66.0,13,2021-02-01
DIXON,60.8,39.2,70.3610249234111,,58.0,-21.599999999999994,9.0,67.0,14,2021-02-01
ATGL,56.09756097560976,43.90243902439025,120.4365839596186,,21.0,-12.195121951219512,48.0,69.0,15,2021-02-01
EMAMILTD,56.8,43.2,104.4215339457522,,27.0,-13.599999999999994,42.0,69.0,16,2021-02-01
CENTURYPLY,58.4,40.8,73.8517148206401,,56.0,-17.6,20.0,76.0,17,2021-02-01
HAVELLS,60.0,40.0,64.5967268589218,,69.0,-20.0,11.0,80.0,18,2021-02-01
KPRMILL,55.2,44.800000000000004,127.55173292122043,,17.0,-10.399999999999999,73.0,90.0,19,2021-02-01
KAJARIACER,55.2,44.0,94.180081091753,,32.0,-11.200000000000003,66.0,98.0,20,2021-02-01
PGEL,62.903225806451616,36.29032258064516,474.4257974733371,,1.0,-26.612903225806456,1.0,2.0,1,2021-03-01
TANLA,61.29032258064516,38.70967741935484,289.28720733961813,,3.0,-22.58064516129032,4.0,7.0,2,2021-03-01
DIXON,62.903225806451616,37.096774193548384,119.27889209373532,,17.0,-25.80645161290323,3.0,20.0,3,2021-03-01
RKFORGE,59.67741935483871,39.516129032258064,135.68759240714078,,14.0,-20.161290322580648,8.0,22.0,4,2021-03-01
ADANIENT,59.67741935483871,40.32258064516129,147.6730990475541,,13.0,-19.354838709677423,9.0,22.0,5,2021-03-01
TTML,54.83870967741935,37.096774193548384,332.5019751347381,,2.0,-17.741935483870968,23.0,25.0,6,2021-03-01
ADANIGREEN,58.87096774193549,41.12903225806452,123.8834294719764,,16.0,-17.741935483870968,18.0,34.0,7,2021-03-01
TATACHEM,58.87096774193549,41.12903225806452,125.6164696699385,,15.0,-17.741935483870968,22.0,37.0,8,2021-03-01
TMPV,59.67741935483871,40.32258064516129,108.09729193629805,,26.0,-19.354838709677423,15.0,41.0,9,2021-03-01
KAJARIACER,58.87096774193549,41.12903225806452,108.98055964593927,,23.0,-17.741935483870968,21.0,44.0,10,2021-03-01
APLAPOLLO,58.06451612903226,41.935483870967744,118.45713534575904,,19.0,-16.12903225806452,28.0,47.0,11,2021-03-01
CGPOWER,56.451612903225815,41.935483870967744,151.52433659641665,,11.0,-14.516129032258071,38.0,49.0,12,2021-03-01
LINDEINDIA,58.06451612903226,41.12903225806452,106.11664336781152,,27.0,-16.935483870967744,25.0,52.0,13,2021-03-01
TATAELXSI,57.25806451612904,42.74193548387097,118.86115018036061,,18.0,-14.516129032258071,41.0,59.0,14,2021-03-01
ATGL,55.73770491803278,44.26229508196721,167.52635631101046,,8.0,-11.475409836065573,56.0,64.0,15,2021-03-01
DALBHARAT,59.67741935483871,40.32258064516129,72.33721764089083,,55.0,-19.354838709677423,12.0,67.0,16,2021-03-01
APOLLOHOSP,58.06451612903226,41.12903225806452,76.51747637610731,,48.0,-16.935483870967744,24.0,72.0,17,2021-03-01
CENTURYPLY,57.25806451612904,41.935483870967744,75.88942049133725,,49.0,-15.322580645161295,33.0,82.0,18,2021-03-01
TIINDIA,60.483870967741936,39.516129032258064,57.891855586874286,,87.0,-20.967741935483872,6.0,93.0,19,2021-03-01
MOTHERSON,58.06451612903226,41.935483870967744,66.26948627134652,,66.0,-16.12903225806452,30.0,96.0,20,2021-03-01
ATGL,61.15702479338842,38.84297520661157,358.3678161364707,,2.0,-22.314049586776854,9.0,11.0,1,2021-04-01
PGEL,60.97560975609756,38.21138211382114,325.8253728866209,,3.0,-22.764227642276424,8.0,11.0,2,2021-04-01
ADANIENT,60.97560975609756,39.02439024390244,183.75358322420414,,9.0,-21.951219512195124,10.0,19.0,3,2021-04-01
TTML,57.72357723577236,39.02439024390244,371.3514596786688,,1.0,-18.699186991869922,21.0,22.0,4,2021-04-01
APLAPOLLO,60.16260162601627,39.83739837398374,130.36990835839822,,17.0,-20.32520325203253,13.0,30.0,5,2021-04-01
GPIL,60.97560975609756,36.58536585365854,99.83450396584459,,27.0,-24.390243902439025,3.0,30.0,6,2021-04-01
DIXON,61.78861788617886,38.21138211382114,95.62907940342606,,29.0,-23.577235772357724,6.0,35.0,7,2021-04-01
TMPV,60.16260162601627,39.83739837398374,106.34417870069277,,24.0,-20.32520325203253,15.0,39.0,8,2021-04-01
PRAJIND,58.536585365853654,40.65040650406504,132.1063614176671,,16.0,-17.886178861788615,24.0,40.0,9,2021-04-01
TATACHEM,58.536585365853654,41.46341463414634,136.22523756792089,,15.0,-17.073170731707314,27.0,42.0,10,2021-04-01
TATASTEEL,59.34959349593496,40.65040650406504,106.71234266137795,,23.0,-18.699186991869922,20.0,43.0,11,2021-04-01
CGPOWER,56.91056910569105,41.46341463414634,163.2387056145597,,11.0,-15.447154471544714,33.0,44.0,12,2021-04-01
DALBHARAT,63.41463414634146,36.58536585365854,80.6776319834422,,44.0,-26.829268292682926,2.0,46.0,13,2021-04-01
LINDEINDIA,57.72357723577236,41.46341463414634,108.58741446328071,,21.0,-16.26016260162602,28.0,49.0,14,2021-04-01
TANLA,57.72357723577236,42.27642276422765,151.39067924055198,,13.0,-15.447154471544714,37.0,50.0,15,2021-04-01
OLECTRA,56.91056910569105,43.08943089430895,236.87290541160132,,4.0,-13.821138211382106,50.0,54.0,16,2021-04-01
INTELLECT,56.91056910569105,43.08943089430895,203.594835131142,,7.0,-13.821138211382106,47.0,54.0,17,2021-04-01
SAIL,57.72357723577236,42.27642276422765,98.18149272334205,,28.0,-15.447154471544714,34.0,62.0,18,2021-04-01
TIINDIA,57.72357723577236,42.27642276422765,92.84602777048485,,32.0,-15.447154471544714,38.0,70.0,19,2021-04-01
CENTURYPLY,60.16260162601627,39.02439024390244,71.10219897054881,,59.0,-21.13821138211383,12.0,71.0,20,2021-04-01
ATGL,61.34453781512605,38.655462184873954,336.0723861963398,,1.0,-22.6890756302521,9.0,10.0,1,2021-05-01
VEDL,66.11570247933885,33.88429752066116,145.3182041170975,,15.0,-32.23140495867769,1.0,16.0,2,2021-05-01
PRAJIND,61.15702479338842,38.84297520661157,160.31422721720764,,14.0,-22.314049586776854,12.0,26.0,3,2021-05-01
DIXON,62.8099173553719,37.1900826446281,118.01881436074244,,24.0,-25.619834710743802,3.0,27.0,4,2021-05-01
TATASTEEL,61.98347107438017,38.01652892561984,120.21954190289001,,23.0,-23.96694214876033,6.0,29.0,5,2021-05-01
GPIL,61.98347107438017,36.36363636363637,115.08337180109658,,26.0,-25.619834710743802,4.0,30.0,6,2021-05-01
ADANIENT,60.33057851239669,39.66942148760331,169.3547672023941,,13.0,-20.661157024793383,20.0,33.0,7,2021-05-01
SAIL,59.50413223140496,40.49586776859504,180.79663577244824,,8.0,-19.00826446280992,29.0,37.0,8,2021-05-01
APLAPOLLO,61.15702479338842,38.84297520661157,112.45341799762004,,28.0,-22.314049586776854,10.0,38.0,9,2021-05-01
GRAPHITE,58.67768595041323,41.32231404958678,268.9905952947505,,3.0,-17.355371900826448,36.0,39.0,10,2021-05-01
TMPV,61.15702479338842,38.84297520661157,98.27583040103795,,33.0,-22.314049586776854,15.0,48.0,11,2021-05-01
TATACHEM,59.50413223140496,40.49586776859504,124.80637489063957,,20.0,-19.00826446280992,30.0,50.0,12,2021-05-01
DEEPAKNTR,59.50413223140496,40.49586776859504,114.06801171407417,,27.0,-19.00826446280992,27.0,54.0,13,2021-05-01
KIRLOSBROS,58.67768595041323,40.49586776859504,116.43938336254234,,25.0,-18.181818181818187,33.0,58.0,14,2021-05-01
IEX,59.50413223140496,38.84297520661157,91.66313865052503,,40.0,-20.66115702479339,19.0,59.0,15,2021-05-01
TIINDIA,60.33057851239669,39.66942148760331,93.58304305497617,,38.0,-20.661157024793383,23.0,61.0,16,2021-05-01
TANLA,58.67768595041323,41.32231404958678,121.34724194842525,,22.0,-17.355371900826448,41.0,63.0,17,2021-05-01
OLECTRA,57.85123966942148,42.14876033057851,199.6666762016345,,6.0,-15.70247933884297,57.0,63.0,18,2021-05-01
SARDAEN,60.33057851239669,38.01652892561984,83.2908703218242,,51.0,-22.314049586776854,13.0,64.0,19,2021-05-01
ADANIPOWER,53.71900826446281,38.01652892561984,126.52508193479575,,19.0,-15.70247933884297,46.0,65.0,20,2021-05-01
ATGL,63.02521008403361,36.97478991596639,199.75438244874226,,3.0,-26.05042016806722,2.0,5.0,1,2021-06-01
PRAJIND,61.98347107438017,38.01652892561984,209.75347805128783,,2.0,-23.96694214876033,4.0,6.0,2,2021-06-01
KIRLOSBROS,58.67768595041323,40.49586776859504,169.0069057401222,,6.0,-18.181818181818187,17.0,23.0,3,2021-06-01
SAREGAMA,58.67768595041323,41.32231404958678,184.5108333838137,,4.0,-17.355371900826448,25.0,29.0,4,2021-06-01
ADANIENT,58.67768595041323,41.32231404958678,141.75369299207122,,13.0,-17.355371900826448,19.0,32.0,5,2021-06-01
VEDL,60.33057851239669,39.66942148760331,105.71092798996978,,22.0,-20.661157024793383,12.0,34.0,6,2021-06-01
PERSISTENT,60.33057851239669,39.66942148760331,92.55643791222093,,33.0,-20.661157024793383,10.0,43.0,7,2021-06-01
GPIL,60.33057851239669,38.01652892561984,83.80385150743581,,37.0,-22.314049586776854,6.0,43.0,8,2021-06-01
SAIL,58.67768595041323,41.32231404958678,96.13794633759983,,28.0,-17.355371900826448,24.0,52.0,9,2021-06-01
CDSL,57.85123966942148,40.49586776859504,100.07478752046461,,25.0,-17.35537190082644,28.0,53.0,10,2021-06-01
MASTEK,58.67768595041323,41.32231404958678,86.83652521489667,,35.0,-17.355371900826448,23.0,58.0,11,2021-06-01
CENTURYPLY,58.67768595041323,40.49586776859504,78.54616202086903,,45.0,-18.181818181818187,16.0,61.0,12,2021-06-01
APLAPOLLO,57.85123966942148,42.14876033057851,87.72828001983288,,34.0,-15.70247933884297,32.0,66.0,13,2021-06-01
UPL,58.67768595041323,41.32231404958678,80.077135231127,,42.0,-17.355371900826448,27.0,69.0,14,2021-06-01
RTNINDIA,85.71428571428571,14.285714285714285,59.34579439252339,,69.0,-71.42857142857142,1.0,70.0,15,2021-06-01
GRAPHITE,56.19834710743802,43.80165289256198,164.01047836288888,,8.0,-12.396694214876035,62.0,70.0,16,2021-06-01
NMDC,60.33057851239669,38.84297520661157,61.05143269539359,,64.0,-21.48760330578512,8.0,72.0,17,2021-06-01
HAPPSTMNDS,56.19834710743802,43.80165289256198,148.33706217004914,,11.0,-12.396694214876035,63.0,74.0,18,2021-06-01
TATASTEEL,59.50413223140496,40.49586776859504,62.407022413944134,,61.0,-19.00826446280992,15.0,76.0,19,2021-06-01
ADANIPOWER,52.892561983471076,39.66942148760331,105.16176591905074,,23.0,-13.223140495867767,54.0,77.0,20,2021-06-01
RTNINDIA,89.47368421052632,10.526315789473683,294.3585861222785,,2.0,-78.94736842105263,1.0,3.0,1,2021-07-01
TTML,61.98347107438017,37.1900826446281,441.5421561611269,,1.0,-24.79338842975207,3.0,4.0,2,2021-07-01
SAREGAMA,60.33057851239669,38.84297520661157,212.5693801971763,,5.0,-21.48760330578512,7.0,12.0,3,2021-07-01
RPOWER,52.892561983471076,36.36363636363637,263.6021495039729,,3.0,-16.52892561983471,19.0,22.0,4,2021-07-01
ADANIENT,60.33057851239669,39.66942148760331,126.38864090833692,,17.0,-20.661157024793383,8.0,25.0,5,2021-07-01
GPIL,59.50413223140496,40.49586776859504,133.15742612614466,,15.0,-19.00826446280992,11.0,26.0,6,2021-07-01
ATGL,59.66386554621849,40.33613445378151,103.92942448566953,,28.0,-19.327731092436977,9.0,37.0,7,2021-07-01
PRAJIND,57.02479338842975,42.97520661157025,182.04012929128766,,10.0,-14.049586776859499,35.0,45.0,8,2021-07-01
KIRLOSBROS,56.19834710743802,42.97520661157025,216.0792341333775,,4.0,-13.223140495867767,41.0,45.0,9,2021-07-01
LAURUSLABS,63.63636363636363,36.36363636363637,71.11419163716594,,47.0,-27.272727272727266,2.0,49.0,10,2021-07-01
PGEL,56.19834710743802,42.97520661157025,196.59070009679945,,9.0,-13.223140495867767,42.0,51.0,11,2021-07-01
ANGELONE,56.19834710743802,42.97520661157025,156.20268774233054,,12.0,-13.223140495867767,39.0,51.0,12,2021-07-01
MASTEK,59.50413223140496,40.49586776859504,83.44229588125746,,41.0,-19.00826446280992,14.0,55.0,13,2021-07-01
PERSISTENT,59.50413223140496,40.49586776859504,80.60837530382554,,42.0,-19.00826446280992,15.0,57.0,14,2021-07-01
HAPPSTMNDS,56.19834710743802,43.80165289256198,171.11387011075846,,11.0,-12.396694214876035,47.0,58.0,15,2021-07-01
CDSL,57.85123966942148,41.32231404958678,88.04977411495204,,38.0,-16.528925619834702,21.0,59.0,16,2021-07-01
POONAWALLA,55.371900826446286,44.62809917355372,205.95483520275914,,6.0,-10.743801652892564,65.0,71.0,17,2021-07-01
ADANIPOWER,52.892561983471076,40.49586776859504,101.47356788230972,,29.0,-12.396694214876035,44.0,73.0,18,2021-07-01
POLYCAB,57.02479338842975,42.14876033057851,80.53043523530879,,43.0,-14.876033057851238,32.0,75.0,19,2021-07-01
JSWENERGY,55.371900826446286,44.62809917355372,121.91277403689837,,20.0,-10.743801652892564,59.0,79.0,20,2021-07-01
RTNINDIA,84.61538461538461,15.384615384615385,466.5194312466281,,1.0,-69.23076923076923,1.0,2.0,1,2021-08-01
SAREGAMA,62.295081967213115,36.885245901639344,206.1897575440318,,7.0,-25.40983606557377,5.0,12.0,2,2021-08-01
JSWENERGY,62.295081967213115,36.885245901639344,197.19830935829057,,9.0,-25.40983606557377,4.0,13.0,3,2021-08-01
CDSL,63.114754098360656,36.0655737704918,180.8159568378951,,12.0,-27.049180327868854,3.0,15.0,4,2021-08-01
GPIL,59.83606557377049,39.34426229508197,211.57305201905783,,6.0,-20.491803278688522,13.0,19.0,5,2021-08-01
HAPPSTMNDS,59.01639344262295,40.98360655737705,216.53630922363237,,5.0,-18.032786885245898,17.0,22.0,6,2021-08-01
RPOWER,54.09836065573771,38.52459016393443,226.1014493424786,,3.0,-15.57377049180328,31.0,34.0,7,2021-08-01
ADANIENT,61.47540983606557,38.52459016393443,109.15529304264982,,27.0,-22.950819672131146,9.0,36.0,8,2021-08-01
TATASTEEL,61.47540983606557,38.52459016393443,106.69118675439661,,30.0,-22.950819672131146,10.0,40.0,9,2021-08-01
ANGELONE,55.73770491803278,43.44262295081967,241.67329316350674,,2.0,-12.295081967213115,51.0,53.0,10,2021-08-01
POONAWALLA,56.557377049180324,43.44262295081967,222.90540021516233,,4.0,-13.114754098360656,50.0,54.0,11,2021-08-01
COFORGE,58.19672131147541,41.80327868852459,104.74007510185066,,34.0,-16.393442622950815,26.0,60.0,12,2021-08-01
SAIL,57.377049180327866,41.80327868852459,106.00841435490298,,31.0,-15.573770491803273,33.0,64.0,13,2021-08-01
MASTEK,56.557377049180324,43.44262295081967,131.54539725905147,,18.0,-13.114754098360656,47.0,65.0,14,2021-08-01
ATGL,58.19672131147541,41.80327868852459,85.76437048755068,,50.0,-16.393442622950815,24.0,74.0,15,2021-08-01
KPITTECH,56.557377049180324,43.44262295081967,108.8207431113894,,28.0,-13.114754098360656,46.0,74.0,16,2021-08-01
PERSISTENT,58.19672131147541,41.80327868852459,88.40173065497711,,45.0,-16.393442622950815,30.0,75.0,17,2021-08-01
DEEPAKFERT,55.73770491803278,44.26229508196721,134.05736218239684,,17.0,-11.475409836065573,59.0,76.0,18,2021-08-01
FSL,57.377049180327866,42.62295081967213,91.67668726277873,,41.0,-14.754098360655739,35.0,76.0,19,2021-08-01
PRAJIND,54.91803278688525,45.08196721311475,192.5688200894109,,11.0,-9.836065573770497,78.0,89.0,20,2021-08-01
RTNINDIA,73.73737373737373,25.252525252525253,295.5351248416322,,1.0,-48.48484848484848,1.0,2.0,1,2021-09-01
JSWENERGY,63.41463414634146,35.77235772357724,218.96918276231725,,3.0,-27.642276422764226,2.0,5.0,2,2021-09-01
SAREGAMA,61.78861788617886,37.39837398373984,169.24744396473147,,4.0,-24.390243902439025,5.0,9.0,3,2021-09-01
ATGL,62.601626016260155,37.39837398373984,130.7363993871545,,9.0,-25.203252032520318,4.0,13.0,4,2021-09-01
KPITTECH,61.78861788617886,38.21138211382114,126.59482224964518,,10.0,-23.577235772357724,6.0,16.0,5,2021-09-01
COFORGE,59.34959349593496,40.65040650406504,97.75003784496465,,23.0,-18.699186991869922,11.0,34.0,6,2021-09-01
TATASTEEL,59.34959349593496,40.65040650406504,89.06969441541885,,26.0,-18.699186991869922,15.0,41.0,7,2021-09-01
PERSISTENT,59.34959349593496,40.65040650406504,86.28756743451582,,29.0,-18.699186991869922,14.0,43.0,8,2021-09-01
UTIAMC,57.72357723577236,42.27642276422765,98.4860922952236,,21.0,-15.447154471544714,27.0,48.0,9,2021-09-01
RPOWER,53.65853658536586,41.46341463414634,124.73022456431218,,11.0,-12.19512195121952,39.0,50.0,10,2021-09-01
HAPPSTMNDS,56.91056910569105,43.08943089430895,114.10854123255749,,16.0,-13.821138211382106,34.0,50.0,11,2021-09-01
CDSL,56.91056910569105,42.27642276422765,86.85444726284517,,28.0,-14.634146341463406,28.0,56.0,12,2021-09-01
LAURUSLABS,59.34959349593496,40.65040650406504,71.62607095465718,,46.0,-18.699186991869922,13.0,59.0,13,2021-09-01
ANGELONE,54.47154471544715,44.71544715447154,220.0437704492199,,2.0,-9.756097560975611,60.0,62.0,14,2021-09-01
MASTEK,55.28455284552846,44.71544715447154,123.2577136780868,,12.0,-10.569105691056919,56.0,68.0,15,2021-09-01
SRF,58.536585365853654,41.46341463414634,64.13159978134613,,51.0,-17.073170731707314,20.0,71.0,16,2021-09-01
KNRCON,58.536585365853654,39.83739837398374,59.54258889732302,,57.0,-18.699186991869915,16.0,73.0,17,2021-09-01
MPHASIS,56.91056910569105,43.08943089430895,72.20699182699191,,45.0,-13.821138211382106,36.0,81.0,18,2021-09-01
AMBUJACEM,62.601626016260155,37.39837398373984,48.05721190324688,,83.0,-25.203252032520318,3.0,86.0,19,2021-09-01
BAJAJFINSV,55.28455284552846,43.90243902439025,78.44032935882035,,35.0,-11.382113821138212,51.0,86.0,20,2021-09-01
JSWENERGY,65.04065040650406,33.33333333333333,312.00092775897656,,1.0,-31.707317073170728,2.0,3.0,1,2021-10-01
RTNINDIA,67.5,31.666666666666664,282.62320564114367,,3.0,-35.833333333333336,1.0,4.0,2,2021-10-01
FLUOROCHEM,57.72357723577236,42.27642276422765,186.2328594576718,,4.0,-15.447154471544714,23.0,27.0,3,2021-10-01
OIL,58.536585365853654,39.02439024390244,105.02118094548543,,20.0,-19.512195121951216,9.0,29.0,4,2021-10-01
IRCTC,58.536585365853654,40.65040650406504,109.05133807267467,,18.0,-17.886178861788615,15.0,33.0,5,2021-10-01
KPITTECH,61.78861788617886,37.39837398373984,88.36688681517822,,31.0,-24.390243902439025,3.0,34.0,6,2021-10-01
MASTEK,57.72357723577236,42.27642276422765,147.53786078316935,,10.0,-15.447154471544714,24.0,34.0,7,2021-10-01
SRF,60.97560975609756,39.02439024390244,86.80804297681786,,32.0,-21.951219512195124,6.0,38.0,8,2021-10-01
SAREGAMA,58.536585365853654,40.65040650406504,101.74333735788865,,22.0,-17.886178861788615,16.0,38.0,9,2021-10-01
PERSISTENT,60.97560975609756,39.02439024390244,82.31574232439031,,39.0,-21.951219512195124,5.0,44.0,10,2021-10-01
BAJAJFINSV,57.72357723577236,41.46341463414634,91.13877555667527,,29.0,-16.26016260162602,18.0,47.0,11,2021-10-01
ANGELONE,55.28455284552846,43.90243902439025,304.0714926011475,,2.0,-11.382113821138212,53.0,55.0,12,2021-10-01
RPOWER,54.47154471544715,42.27642276422765,182.7104828745518,,5.0,-12.195121951219505,52.0,57.0,13,2021-10-01
MPHASIS,58.536585365853654,41.46341463414634,74.04152571076833,,44.0,-17.073170731707314,17.0,61.0,14,2021-10-01
COFORGE,59.34959349593496,40.65040650406504,71.60341465102107,,49.0,-18.699186991869922,12.0,61.0,15,2021-10-01
RKFORGE,55.28455284552846,43.08943089430895,99.1726416397358,,24.0,-12.195121951219512,48.0,72.0,16,2021-10-01
ABREL,56.09756097560976,43.90243902439025,85.47828238811499,,35.0,-12.195121951219512,40.0,75.0,17,2021-10-01
USHAMART,55.28455284552846,44.71544715447154,124.64076471813463,,13.0,-10.569105691056919,67.0,80.0,18,2021-10-01
JWL,55.28455284552846,43.90243902439025,94.1990240800181,,27.0,-11.382113821138212,55.0,82.0,19,2021-10-01
CDSL,55.28455284552846,44.71544715447154,94.85160273087847,,26.0,-10.569105691056919,58.0,84.0,20,2021-10-01
RTNINDIA,58.87096774193549,40.32258064516129,252.48507642968377,,1.0,-18.5483870967742,8.0,9.0,1,2021-11-01
JSWENERGY,58.87096774193549,39.516129032258064,208.6017027392459,,3.0,-19.354838709677423,6.0,9.0,2,2021-11-01
IRCTC,59.67741935483871,39.516129032258064,127.85287451729496,,11.0,-20.161290322580648,3.0,14.0,3,2021-11-01
TTML,56.451612903225815,42.74193548387097,217.61172010663228,,2.0,-13.709677419354847,22.0,24.0,4,2021-11-01
SAREGAMA,58.87096774193549,40.32258064516129,104.9806052231018,,18.0,-18.5483870967742,9.0,27.0,5,2021-11-01
PERSISTENT,58.06451612903226,41.935483870967744,88.14974840491978,,25.0,-16.12903225806452,15.0,40.0,6,2021-11-01
MPHASIS,58.87096774193549,41.12903225806452,84.30027784883806,,29.0,-17.741935483870968,11.0,40.0,7,2021-11-01
OIL,56.451612903225815,41.935483870967744,87.37756189316781,,26.0,-14.516129032258071,19.0,45.0,8,2021-11-01
SOLARINDS,56.451612903225815,43.54838709677419,104.23758122531592,,19.0,-12.903225806451623,27.0,46.0,9,2021-11-01
UNITDSPR,59.67741935483871,40.32258064516129,69.6806058084769,,45.0,-19.354838709677423,7.0,52.0,10,2021-11-01
LTIM,57.25806451612904,42.74193548387097,75.73236121623583,,38.0,-14.516129032258071,18.0,56.0,11,2021-11-01
COFORGE,59.67741935483871,40.32258064516129,61.86845563122869,,59.0,-19.354838709677423,4.0,63.0,12,2021-11-01
TRIDENT,51.61290322580645,42.74193548387097,153.31014082728154,,7.0,-8.87096774193548,63.0,70.0,13,2021-11-01
BAJAJFINSV,55.64516129032258,44.354838709677416,75.80599500265836,,37.0,-11.29032258064516,35.0,72.0,14,2021-11-01
VTL,55.64516129032258,43.54838709677419,69.81764588192738,,44.0,-12.096774193548384,31.0,75.0,15,2021-11-01
CRAFTSMAN,54.83870967741935,45.16129032258064,90.38397515317837,,24.0,-9.677419354838712,54.0,78.0,16,2021-11-01
SRF,58.87096774193549,41.12903225806452,59.204069812294605,,66.0,-17.741935483870968,12.0,78.0,17,2021-11-01
TMPV,58.06451612903226,40.32258064516129,57.21834781824862,,68.0,-17.741935483870975,10.0,78.0,18,2021-11-01
IEX,55.64516129032258,44.354838709677416,75.03453674464456,,39.0,-11.29032258064516,41.0,80.0,19,2021-11-01
RPOWER,53.2258064516129,45.16129032258064,174.97409079467673,,6.0,-8.064516129032256,74.0,80.0,20,2021-11-01
TTML,63.70967741935484,36.29032258064516,468.72053563106186,,1.0,-27.41935483870968,1.0,2.0,1,2021-12-01
OLECTRA,59.67741935483871,39.516129032258064,325.0344054149606,,2.0,-20.161290322580648,4.0,6.0,2,2021-12-01
TRIDENT,56.451612903225815,38.70967741935484,192.5709980223419,,3.0,-17.741935483870975,5.0,8.0,3,2021-12-01
KPITTECH,58.06451612903226,41.12903225806452,103.73135620001506,,11.0,-16.935483870967744,9.0,20.0,4,2021-12-01
LODHA,58.06451612903226,41.935483870967744,88.65696770602376,,14.0,-16.12903225806452,11.0,25.0,5,2021-12-01
LTTS,58.06451612903226,41.935483870967744,96.17471850292235,,13.0,-16.12903225806452,12.0,25.0,6,2021-12-01
IEX,58.06451612903226,41.935483870967744,88.22844707441024,,15.0,-16.12903225806452,10.0,25.0,7,2021-12-01
IRCTC,57.25806451612904,41.935483870967744,96.46302555225901,,12.0,-15.322580645161295,14.0,26.0,8,2021-12-01
JSWENERGY,55.64516129032258,42.74193548387097,143.21385882364535,,4.0,-12.903225806451609,24.0,28.0,9,2021-12-01
LTIM,58.87096774193549,41.12903225806452,75.0884745756107,,24.0,-17.741935483870968,8.0,32.0,10,2021-12-01
TEJASNET,54.83870967741935,44.354838709677416,134.48499090102294,,5.0,-10.483870967741936,41.0,46.0,11,2021-12-01
RTNINDIA,54.83870967741935,44.354838709677416,130.35735114517615,,6.0,-10.483870967741936,40.0,46.0,12,2021-12-01
DMART,58.87096774193549,41.12903225806452,58.3848999688531,,45.0,-17.741935483870968,7.0,52.0,13,2021-12-01
PERSISTENT,57.25806451612904,42.74193548387097,62.54594348780553,,36.0,-14.516129032258071,16.0,52.0,14,2021-12-01
SOLARINDS,55.64516129032258,44.354838709677416,83.8911243281637,,17.0,-11.29032258064516,35.0,52.0,15,2021-12-01
DBREALTY,55.64516129032258,43.54838709677419,69.52196801400379,,29.0,-12.096774193548384,25.0,54.0,16,2021-12-01
FLUOROCHEM,54.83870967741935,45.16129032258064,105.45321568978383,,10.0,-9.677419354838712,45.0,55.0,17,2021-12-01
JBMA,54.83870967741935,45.16129032258064,111.50267101152807,,9.0,-9.677419354838712,47.0,56.0,18,2021-12-01
BRIGADE,55.64516129032258,44.354838709677416,72.6292428993123,,26.0,-11.29032258064516,30.0,56.0,19,2021-12-01
SONACOMS,53.77358490566038,45.28301886792453,114.82371466914336,,8.0,-8.490566037735846,52.0,60.0,20,2021-12-01
TTML,60.0,40.0,264.12672560800524,,1.0,-20.0,6.0,7.0,1,2022-01-01
OLECTRA,59.199999999999996,40.0,230.0617278910643,,2.0,-19.199999999999996,8.0,10.0,2,2022-01-01
TRIDENT,56.8,40.8,206.3022997687198,,3.0,-16.0,15.0,18.0,3,2022-01-01
KPITTECH,57.599999999999994,41.6,123.29316144074593,,7.0,-15.999999999999993,16.0,23.0,4,2022-01-01
LTIM,60.8,39.2,77.48137234853102,,21.0,-21.599999999999994,2.0,23.0,5,2022-01-01
IRCTC,58.4,41.6,87.47415077786118,,17.0,-16.799999999999997,12.0,29.0,6,2022-01-01
LTTS,58.4,41.6,89.89141143700039,,16.0,-16.799999999999997,13.0,29.0,7,2022-01-01
JBMA,56.8,43.2,144.80131051603493,,4.0,-13.599999999999994,26.0,30.0,8,2022-01-01
SRF,60.0,40.0,63.20030816104616,,29.0,-20.0,5.0,34.0,9,2022-01-01
CGPOWER,54.400000000000006,44.0,133.87706205460438,,5.0,-10.400000000000006,36.0,41.0,10,2022-01-01
MPHASIS,60.8,39.2,52.07313377676628,,41.0,-21.599999999999994,3.0,44.0,11,2022-01-01
USHAMART,58.4,41.6,61.92755565846848,,32.0,-16.799999999999997,14.0,46.0,12,2022-01-01
IEX,56.00000000000001,44.0,83.37890504441646,,18.0,-12.000000000000007,31.0,49.0,13,2022-01-01
ATGL,56.8,43.2,69.36816528773522,,26.0,-13.599999999999994,24.0,50.0,14,2022-01-01
DBREALTY,56.8,42.4,62.56970862707121,,30.0,-14.399999999999999,23.0,53.0,15,2022-01-01
FLUOROCHEM,55.2,44.800000000000004,90.63776081840598,,15.0,-10.399999999999999,40.0,55.0,16,2022-01-01
JSWENERGY,54.400000000000006,44.0,81.98579124580696,,19.0,-10.400000000000006,37.0,56.0,17,2022-01-01
SONACOMS,54.400000000000006,44.800000000000004,114.49197400596418,,9.0,-9.600000000000001,48.0,57.0,18,2022-01-01
TECHM,57.599999999999994,42.4,57.693887637471185,,38.0,-15.199999999999996,21.0,59.0,19,2022-01-01
PERSISTENT,56.8,43.2,60.80876093328933,,33.0,-13.599999999999994,28.0,61.0,20,2022-01-01
DBREALTY,60.483870967741936,38.70967741935484,163.04645567685267,,4.0,-21.774193548387096,3.0,7.0,1,2022-02-01
ADANIGREEN,62.096774193548384,37.903225806451616,100.02924147722321,,9.0,-24.19354838709677,1.0,10.0,2,2022-02-01
TTML,58.87096774193549,41.12903225806452,209.2407788329637,,1.0,-17.741935483870968,10.0,11.0,3,2022-02-01
ATGL,60.483870967741936,39.516129032258064,92.02203857553269,,10.0,-20.967741935483872,5.0,15.0,4,2022-02-01
TRIDENT,56.451612903225815,41.12903225806452,174.2707812385411,,2.0,-15.322580645161295,15.0,17.0,5,2022-02-01
IRCTC,58.87096774193549,41.12903225806452,67.95489856588178,,12.0,-17.741935483870968,8.0,20.0,6,2022-02-01
TMPV,60.483870967741936,38.70967741935484,58.12216344938052,,21.0,-21.774193548387096,4.0,25.0,7,2022-02-01
JBMA,56.451612903225815,43.54838709677419,169.7761964131384,,3.0,-12.903225806451623,25.0,28.0,8,2022-02-01
TATAELXSI,57.25806451612904,42.74193548387097,64.91968357878812,,15.0,-14.516129032258071,19.0,34.0,9,2022-02-01
OLECTRA,55.64516129032258,43.54838709677419,143.2879920230069,,5.0,-12.096774193548384,32.0,37.0,10,2022-02-01
TATAPOWER,57.25806451612904,42.74193548387097,58.254409225053074,,20.0,-14.516129032258071,20.0,40.0,11,2022-02-01
KPITTECH,54.83870967741935,43.54838709677419,121.11253594056718,,6.0,-11.29032258064516,36.0,42.0,12,2022-02-01
LINDEINDIA,56.451612903225815,43.54838709677419,45.442921312174846,,38.0,-12.903225806451623,26.0,64.0,13,2022-02-01
CANBK,54.83870967741935,41.935483870967744,47.33745438173547,,33.0,-12.903225806451609,31.0,64.0,14,2022-02-01
SRF,57.25806451612904,42.74193548387097,38.16334083493469,,48.0,-14.516129032258071,18.0,66.0,15,2022-02-01
ONGC,56.451612903225815,43.54838709677419,41.94099399004634,,44.0,-12.903225806451623,28.0,72.0,16,2022-02-01
CGPOWER,52.41935483870967,45.96774193548387,110.69816704841568,,7.0,-6.451612903225801,66.0,73.0,17,2022-02-01
TRIVENI,57.25806451612904,42.74193548387097,34.630705918380556,,54.0,-14.516129032258071,21.0,75.0,18,2022-02-01
CHALET,54.83870967741935,45.16129032258064,46.70939032422008,,35.0,-9.677419354838712,44.0,79.0,19,2022-02-01
AFFLE,54.03225806451613,45.96774193548387,47.814241240880804,,31.0,-8.064516129032256,49.0,80.0,20,2022-02-01
DBREALTY,63.41463414634146,36.58536585365854,240.61605251840902,,1.0,-26.829268292682926,1.0,2.0,1,2022-03-01
TTML,59.34959349593496,40.65040650406504,177.84765849852744,,2.0,-18.699186991869922,3.0,5.0,2,2022-03-01
ADANIGREEN,57.72357723577236,42.27642276422765,58.82213804184819,,15.0,-15.447154471544714,6.0,21.0,3,2022-03-01
TATAPOWER,59.34959349593496,40.65040650406504,46.09631507589984,,22.0,-18.699186991869922,2.0,24.0,4,2022-03-01
TRIDENT,55.28455284552846,43.08943089430895,125.2440214418606,,3.0,-12.195121951219512,21.0,24.0,5,2022-03-01
TMPV,57.72357723577236,41.46341463414634,47.11236233569682,,21.0,-16.26016260162602,5.0,26.0,6,2022-03-01
IRCTC,56.91056910569105,43.08943089430895,42.321844490974534,,25.0,-13.821138211382106,10.0,35.0,7,2022-03-01
CENTURYPLY,56.91056910569105,42.27642276422765,39.82194622993684,,29.0,-14.634146341463406,8.0,37.0,8,2022-03-01
CHALET,54.47154471544715,45.52845528455284,59.72230505422442,,14.0,-8.943089430894311,30.0,44.0,9,2022-03-01
TRIVENI,56.91056910569105,43.08943089430895,36.30293620342415,,33.0,-13.821138211382106,13.0,46.0,10,2022-03-01
RAYMOND,53.65853658536586,45.52845528455284,74.90057064526792,,10.0,-8.130081300813018,38.0,48.0,11,2022-03-01
OLECTRA,53.65853658536586,46.34146341463415,94.50248785581441,,5.0,-7.31707317073171,43.0,48.0,12,2022-03-01
ONGC,57.72357723577236,42.27642276422765,29.57139881592523,,44.0,-15.447154471544714,7.0,51.0,13,2022-03-01
KPRMILL,53.65853658536586,46.34146341463415,64.26220638133609,,12.0,-7.31707317073171,42.0,54.0,14,2022-03-01
CGPOWER,52.03252032520326,46.34146341463415,91.00741375356466,,6.0,-5.69105691056911,50.0,56.0,15,2022-03-01
BSE,53.65853658536586,46.34146341463415,51.6966448705144,,18.0,-7.31707317073171,41.0,59.0,16,2022-03-01
EIHOTEL,56.09756097560976,42.27642276422765,25.0818312676804,,50.0,-13.821138211382113,9.0,59.0,17,2022-03-01
BANKBARODA,56.09756097560976,43.08943089430895,28.805682816382827,,45.0,-13.008130081300813,16.0,61.0,18,2022-03-01
JBMA,52.84552845528455,47.15447154471545,105.54282748219386,,4.0,-5.6910569105691025,58.0,62.0,19,2022-03-01
GNFC,52.84552845528455,47.15447154471545,60.89852472271489,,13.0,-5.6910569105691025,55.0,68.0,20,2022-03-01
TTML,63.41463414634146,36.58536585365854,322.7343920795947,,1.0,-26.829268292682926,1.0,2.0,1,2022-04-01
DBREALTY,60.97560975609756,39.02439024390244,204.87916035103063,,2.0,-21.951219512195124,3.0,5.0,2,2022-04-01
GNFC,56.91056910569105,43.08943089430895,74.63406412286983,,11.0,-13.821138211382106,11.0,22.0,3,2022-04-01
ADANIGREEN,57.72357723577236,42.27642276422765,52.123616437883655,,19.0,-15.447154471544714,6.0,25.0,4,2022-04-01
RAYMOND,56.09756097560976,43.08943089430895,80.09156236834669,,9.0,-13.008130081300813,21.0,30.0,5,2022-04-01
TRIVENI,56.91056910569105,43.08943089430895,55.378054390599395,,15.0,-13.821138211382106,17.0,32.0,6,2022-04-01
CENTURYPLY,58.536585365853654,41.46341463414634,41.73551042025079,,28.0,-17.073170731707314,5.0,33.0,7,2022-04-01
SAPPHIRE,57.14285714285714,42.857142857142854,44.522915533145735,,25.0,-14.285714285714285,10.0,35.0,8,2022-04-01
BSE,54.47154471544715,44.71544715447154,107.08184460610543,,4.0,-9.756097560975611,35.0,39.0,9,2022-04-01
AWL,57.14285714285714,42.857142857142854,35.20795187025896,,35.0,-14.285714285714285,9.0,44.0,10,2022-04-01
ADANIENT,61.78861788617886,38.21138211382114,30.775000422887324,,43.0,-23.577235772357724,2.0,45.0,11,2022-04-01
NH,55.28455284552846,44.71544715447154,54.29260169161123,,16.0,-10.569105691056919,31.0,47.0,12,2022-04-01
TATAELXSI,56.09756097560976,43.90243902439025,46.791920842188084,,24.0,-12.195121951219512,24.0,48.0,13,2022-04-01
TATAPOWER,59.34959349593496,40.65040650406504,29.983696891279642,,45.0,-18.699186991869922,4.0,49.0,14,2022-04-01
PAGEIND,57.72357723577236,42.27642276422765,30.34531463929302,,44.0,-15.447154471544714,8.0,52.0,15,2022-04-01
USHAMART,56.09756097560976,43.90243902439025,37.39481198414818,,31.0,-12.195121951219512,25.0,56.0,16,2022-04-01
TRIDENT,52.84552845528455,46.34146341463415,84.05214081133356,,6.0,-6.504065040650403,54.0,60.0,17,2022-04-01
ATGL,55.28455284552846,44.71544715447154,36.90132671952673,,32.0,-10.569105691056919,28.0,60.0,18,2022-04-01
CHOLAFIN,57.72357723577236,42.27642276422765,25.346384396690723,,54.0,-15.447154471544714,7.0,61.0,19,2022-04-01
RHIM,53.65853658536586,46.34146341463415,70.29926937052606,,13.0,-7.31707317073171,49.0,62.0,20,2022-04-01
ADANIGREEN,60.65573770491803,39.34426229508197,125.10783243461981,,5.0,-21.311475409836063,4.0,9.0,1,2022-05-01
TTML,58.19672131147541,41.80327868852459,138.02035835715043,,2.0,-16.393442622950815,7.0,9.0,2,2022-05-01
AWL,62.96296296296296,37.03703703703704,94.42838702699481,,9.0,-25.925925925925924,2.0,11.0,3,2022-05-01
DBREALTY,56.557377049180324,43.44262295081967,98.58896976697362,,8.0,-13.114754098360656,13.0,21.0,4,2022-05-01
ADANIENT,63.114754098360656,36.885245901639344,52.90273205970677,,25.0,-26.229508196721312,1.0,26.0,5,2022-05-01
GNFC,59.01639344262295,40.98360655737705,54.63491444336424,,23.0,-18.032786885245898,5.0,28.0,6,2022-05-01
THERMAX,57.377049180327866,42.62295081967213,55.66787196825964,,22.0,-14.754098360655739,9.0,31.0,7,2022-05-01
TRIVENI,57.377049180327866,42.62295081967213,56.88445939126876,,21.0,-14.754098360655739,10.0,31.0,8,2022-05-01
USHAMART,57.377049180327866,42.62295081967213,57.81958248490673,,20.0,-14.754098360655739,11.0,31.0,9,2022-05-01
POONAWALLA,55.73770491803278,43.44262295081967,65.30188140079073,,17.0,-12.295081967213115,17.0,34.0,10,2022-05-01
ANGELONE,57.49999999999999,42.5,51.59869576867144,,27.0,-14.999999999999993,8.0,35.0,11,2022-05-01
RAYMOND,54.91803278688525,44.26229508196721,74.75523304456648,,14.0,-10.655737704918039,23.0,37.0,12,2022-05-01
ATGL,56.557377049180324,43.44262295081967,47.518845995226776,,28.0,-13.114754098360656,12.0,40.0,13,2022-05-01
SWANCORP,54.09836065573771,45.90163934426229,158.47724454773498,,1.0,-8.196721311475414,41.0,42.0,14,2022-05-01
RHIM,54.91803278688525,45.08196721311475,75.88230582221507,,13.0,-9.836065573770497,30.0,43.0,15,2022-05-01
CHENNPETRO,52.459016393442624,45.08196721311475,109.09887660166744,,6.0,-7.377049180327873,44.0,50.0,16,2022-05-01
LINDEINDIA,54.91803278688525,45.08196721311475,52.13069960396661,,26.0,-9.836065573770497,28.0,54.0,17,2022-05-01
SCHAEFFLER,54.91803278688525,45.08196721311475,44.99788751566487,,31.0,-9.836065573770497,31.0,62.0,18,2022-05-01
WELCORP,55.73770491803278,44.26229508196721,31.64270093322543,,44.0,-11.475409836065573,21.0,65.0,19,2022-05-01
ELGIEQUIP,54.09836065573771,45.90163934426229,46.025843697064104,,30.0,-8.196721311475414,36.0,66.0,20,2022-05-01
CHENNPETRO,56.09756097560976,41.46341463414634,127.45279069135998,,4.0,-14.63414634146342,9.0,13.0,1,2022-06-01
AWL,57.333333333333336,42.66666666666667,72.48553363441795,,9.0,-14.666666666666664,8.0,17.0,2,2022-06-01
GNFC,59.34959349593496,40.65040650406504,44.711307281140876,,19.0,-18.699186991869922,2.0,21.0,3,2022-06-01
BLS,54.47154471544715,43.90243902439025,83.3600186838837,,7.0,-10.569105691056905,26.0,33.0,4,2022-06-01
RAYMOND,55.28455284552846,43.90243902439025,48.139382343625,,18.0,-11.382113821138212,18.0,36.0,5,2022-06-01
ADANIGREEN,56.91056910569105,43.08943089430895,35.964121237306344,,27.0,-13.821138211382106,10.0,37.0,6,2022-06-01
RHIM,55.28455284552846,44.71544715447154,60.19086959072144,,13.0,-10.569105691056919,24.0,37.0,7,2022-06-01
GESHIP,56.91056910569105,43.08943089430895,36.05458109829374,,26.0,-13.821138211382106,11.0,37.0,8,2022-06-01
TATAELXSI,56.09756097560976,43.90243902439025,41.8083028561963,,21.0,-12.195121951219512,16.0,37.0,9,2022-06-01
ADANIPOWER,52.84552845528455,43.90243902439025,183.0179418477998,,1.0,-8.943089430894304,37.0,38.0,10,2022-06-01
TRIVENI,56.91056910569105,43.08943089430895,37.00743659109178,,25.0,-13.821138211382106,14.0,39.0,11,2022-06-01
DBREALTY,54.47154471544715,45.52845528455284,61.438506894143295,,11.0,-8.943089430894311,31.0,42.0,12,2022-06-01
RENUKA,53.65853658536586,45.52845528455284,76.47140462652197,,8.0,-8.130081300813018,38.0,46.0,13,2022-06-01
BAJAJ-AUTO,58.536585365853654,41.46341463414634,25.1494725475486,,43.0,-17.073170731707314,3.0,46.0,14,2022-06-01
ANGELONE,54.47154471544715,45.52845528455284,49.64120079751693,,17.0,-8.943089430894311,29.0,46.0,15,2022-06-01
GMDCLTD,52.84552845528455,45.52845528455284,143.46994750903107,,2.0,-7.31707317073171,45.0,47.0,16,2022-06-01
SRF,57.72357723577236,42.27642276422765,25.36945384762237,,41.0,-15.447154471544714,6.0,47.0,17,2022-06-01
SCHAEFFLER,55.28455284552846,44.71544715447154,41.62083824849887,,22.0,-10.569105691056919,25.0,47.0,18,2022-06-01
ADANIENT,60.16260162601627,39.83739837398374,23.131141145078928,,47.0,-20.32520325203253,1.0,48.0,19,2022-06-01
RCF,56.91056910569105,43.08943089430895,28.833027996204642,,35.0,-13.821138211382106,13.0,48.0,20,2022-06-01
CHENNPETRO,56.557377049180324,41.80327868852459,145.2925324357352,,2.0,-14.754098360655732,2.0,4.0,1,2022-07-01
ADANIGREEN,55.73770491803278,44.26229508196721,41.76095531449966,,10.0,-11.475409836065573,8.0,18.0,2,2022-07-01
ADANIPOWER,52.459016393442624,44.26229508196721,145.86711493151694,,1.0,-8.196721311475414,19.0,20.0,3,2022-07-01
TVSMOTOR,56.557377049180324,42.62295081967213,34.16532852419694,,18.0,-13.934426229508198,3.0,21.0,4,2022-07-01
GESHIP,55.73770491803278,44.26229508196721,38.293689846458314,,12.0,-11.475409836065573,10.0,22.0,5,2022-07-01
CREDITACC,54.91803278688525,45.08196721311475,77.29708968683546,,6.0,-9.836065573770497,16.0,22.0,6,2022-07-01
BLS,54.09836065573771,45.08196721311475,91.61320824503463,,4.0,-9.016393442622956,18.0,22.0,7,2022-07-01
ADANIENT,58.19672131147541,41.80327868852459,24.23919388772959,,29.0,-16.393442622950815,1.0,30.0,8,2022-07-01
M&M,55.73770491803278,44.26229508196721,31.48704116124876,,20.0,-11.475409836065573,12.0,32.0,9,2022-07-01
BAJAJ-AUTO,56.557377049180324,43.44262295081967,24.706826276631546,,28.0,-13.114754098360656,4.0,32.0,10,2022-07-01
CHALET,54.09836065573771,45.90163934426229,37.445307826774446,,13.0,-8.196721311475414,20.0,33.0,11,2022-07-01
PHOENIXLTD,55.73770491803278,44.26229508196721,27.20642524328585,,25.0,-11.475409836065573,13.0,38.0,12,2022-07-01
GMDCLTD,51.63934426229508,48.36065573770492,91.90950477069104,,3.0,-3.278688524590166,39.0,42.0,13,2022-07-01
MARUTI,56.557377049180324,43.44262295081967,19.840680255624733,,36.0,-13.114754098360656,6.0,42.0,14,2022-07-01
BDL,52.459016393442624,47.540983606557376,65.92864501013848,,7.0,-4.918032786885249,36.0,43.0,15,2022-07-01
DEEPAKFERT,53.278688524590166,46.72131147540984,36.54414585382148,,16.0,-6.5573770491803245,30.0,46.0,16,2022-07-01
VBL,54.91803278688525,44.26229508196721,20.591289273386202,,33.0,-10.655737704918039,14.0,47.0,17,2022-07-01
RENUKA,52.459016393442624,45.90163934426229,29.731519519283278,,21.0,-6.557377049180332,28.0,49.0,18,2022-07-01
COROMANDEL,54.91803278688525,45.08196721311475,20.363692913594168,,34.0,-9.836065573770497,15.0,49.0,19,2022-07-01
ITC,56.557377049180324,43.44262295081967,17.60768145094196,,45.0,-13.114754098360656,5.0,50.0,20,2022-07-01
ADANIPOWER,56.09756097560976,41.46341463414634,179.46524556921736,,1.0,-14.63414634146342,9.0,10.0,1,2022-08-01
CREDITACC,58.536585365853654,41.46341463414634,75.6310263190949,,6.0,-17.073170731707314,6.0,12.0,2,2022-08-01
CHENNPETRO,53.65853658536586,44.71544715447154,112.74876161920142,,2.0,-8.943089430894318,16.0,18.0,3,2022-08-01
ADANIENT,60.97560975609756,39.02439024390244,43.178386546156624,,17.0,-21.951219512195124,1.0,18.0,4,2022-08-01
GESHIP,56.09756097560976,43.90243902439025,61.33889719598513,,8.0,-12.195121951219512,12.0,20.0,5,2022-08-01
TVSMOTOR,58.536585365853654,40.65040650406504,46.942270083217785,,16.0,-17.886178861788615,5.0,21.0,6,2022-08-01
GNFC,58.536585365853654,41.46341463414634,38.388743293149965,,18.0,-17.073170731707314,7.0,25.0,7,2022-08-01
VBL,59.34959349593496,40.65040650406504,30.34784275240203,,28.0,-18.699186991869922,4.0,32.0,8,2022-08-01
M&M,57.72357723577236,42.27642276422765,29.52590708259022,,29.0,-15.447154471544714,8.0,37.0,9,2022-08-01
PHOENIXLTD,56.09756097560976,43.90243902439025,31.697368456194308,,25.0,-12.195121951219512,13.0,38.0,10,2022-08-01
ITC,59.34959349593496,40.65040650406504,24.71237707366274,,36.0,-18.699186991869922,3.0,39.0,11,2022-08-01
CRAFTSMAN,54.47154471544715,45.52845528455284,37.56228881908055,,19.0,-8.943089430894311,21.0,40.0,12,2022-08-01
ATGL,53.65853658536586,46.34146341463415,55.26915813167523,,10.0,-7.31707317073171,30.0,40.0,13,2022-08-01
CGPOWER,54.47154471544715,45.52845528455284,32.79631738638198,,24.0,-8.943089430894311,18.0,42.0,14,2022-08-01
BLUEDART,59.34959349593496,40.65040650406504,22.30219172035479,,46.0,-18.699186991869922,2.0,48.0,15,2022-08-01
BAJAJ-AUTO,56.91056910569105,43.08943089430895,23.815122107873865,,39.0,-13.821138211382106,10.0,49.0,16,2022-08-01
USHAMART,52.84552845528455,47.15447154471545,79.0311120942998,,5.0,-5.6910569105691025,46.0,51.0,17,2022-08-01
ELECON,52.03252032520326,47.15447154471545,91.4203294920632,,3.0,-4.878048780487809,49.0,52.0,18,2022-08-01
BLS,52.03252032520326,47.15447154471545,86.0738176172818,,4.0,-4.878048780487809,48.0,52.0,19,2022-08-01
MAHSEAMLES,53.65853658536586,46.34146341463415,33.06374109917236,,23.0,-7.31707317073171,34.0,57.0,20,2022-08-01
ADANIPOWER,59.34959349593496,38.21138211382114,213.82543532960307,,1.0,-21.138211382113823,5.0,6.0,1,2022-09-01
ADANIENT,65.85365853658537,34.146341463414636,82.64130953334237,,8.0,-31.707317073170735,1.0,9.0,2,2022-09-01
TVSMOTOR,61.78861788617886,38.21138211382114,58.47164122296824,,20.0,-23.577235772357724,4.0,24.0,3,2022-09-01
ATGL,56.91056910569105,43.08943089430895,112.1302121775539,,5.0,-13.821138211382106,23.0,28.0,4,2022-09-01
MAHSEAMLES,59.34959349593496,40.65040650406504,58.10262705002971,,21.0,-18.699186991869922,8.0,29.0,5,2022-09-01
PHOENIXLTD,58.536585365853654,41.46341463414634,54.19662577172948,,24.0,-17.073170731707314,13.0,37.0,6,2022-09-01
M&M,58.536585365853654,41.46341463414634,50.604920402776266,,26.0,-17.073170731707314,12.0,38.0,7,2022-09-01
ELECON,55.28455284552846,43.90243902439025,135.47722732601497,,3.0,-11.382113821138212,37.0,40.0,8,2022-09-01
DATAPATTNS,56.91056910569105,41.46341463414634,50.888557708662496,,25.0,-15.447154471544714,16.0,41.0,9,2022-09-01
TITAGARH,56.09756097560976,43.90243902439025,96.70910741458813,,6.0,-12.195121951219512,35.0,41.0,10,2022-09-01
HAL,56.91056910569105,43.08943089430895,60.83527677064775,,18.0,-13.821138211382106,25.0,43.0,11,2022-09-01
GESHIP,56.09756097560976,43.90243902439025,75.68579406506848,,12.0,-12.195121951219512,32.0,44.0,12,2022-09-01
ITC,63.41463414634146,36.58536585365854,37.1269273992735,,46.0,-26.829268292682926,2.0,48.0,13,2022-09-01
BLUEDART,61.78861788617886,38.21138211382114,35.747129483877124,,47.0,-23.577235772357724,3.0,50.0,14,2022-09-01
VBL,57.72357723577236,42.27642276422765,41.31215343136909,,33.0,-15.447154471544714,19.0,52.0,15,2022-09-01
KIRLOSENG,54.47154471544715,44.71544715447154,63.83415151996101,,16.0,-9.756097560975611,48.0,64.0,16,2022-09-01
M&MFIN,58.536585365853654,39.83739837398374,32.24291458313211,,59.0,-18.699186991869915,10.0,69.0,17,2022-09-01
WESTLIFE,55.28455284552846,44.71544715447154,43.27079900885891,,31.0,-10.569105691056919,45.0,76.0,18,2022-09-01
CREDITACC,55.28455284552846,44.71544715447154,39.595075890328204,,39.0,-10.569105691056919,39.0,78.0,19,2022-09-01
BAJAJ-AUTO,59.34959349593496,40.65040650406504,27.439049942313652,,73.0,-18.699186991869922,7.0,80.0,20,2022-09-01
ADANIENT,62.096774193548384,37.903225806451616,59.07711116494849,,13.0,-24.19354838709677,1.0,14.0,1,2022-10-01
AMBUJACEM,58.06451612903226,41.12903225806452,63.677415110343105,,11.0,-16.935483870967744,7.0,18.0,2,2022-10-01
ADANIPOWER,55.64516129032258,42.74193548387097,90.774387664291,,3.0,-12.903225806451609,17.0,20.0,3,2022-10-01
KIRLOSENG,56.451612903225815,42.74193548387097,76.44811152126125,,7.0,-13.709677419354847,13.0,20.0,4,2022-10-01
TVSMOTOR,58.87096774193549,41.12903225806452,54.0177344438151,,18.0,-17.741935483870968,6.0,24.0,5,2022-10-01
HAL,57.25806451612904,42.74193548387097,53.33291564255156,,19.0,-14.516129032258071,11.0,30.0,6,2022-10-01
DATAPATTNS,58.87096774193549,39.516129032258064,46.32459328973042,,31.0,-19.354838709677423,3.0,34.0,7,2022-10-01
EICHERMOT,56.451612903225815,43.54838709677419,51.49037488372527,,20.0,-12.903225806451623,14.0,34.0,8,2022-10-01
VBL,59.67741935483871,40.32258064516129,46.77282908902845,,30.0,-19.354838709677423,4.0,34.0,9,2022-10-01
WESTLIFE,58.06451612903226,41.935483870967744,48.92334356210868,,27.0,-16.12903225806452,10.0,37.0,10,2022-10-01
ELECON,52.41935483870967,45.16129032258064,123.25649429023042,,2.0,-7.258064516129032,49.0,51.0,11,2022-10-01
M&M,57.25806451612904,42.74193548387097,40.48183077994758,,41.0,-14.516129032258071,12.0,53.0,12,2022-10-01
MAHSEAMLES,58.06451612903226,41.935483870967744,39.001939557773554,,44.0,-16.12903225806452,9.0,53.0,13,2022-10-01
GESHIP,54.83870967741935,45.16129032258064,51.20797580741909,,21.0,-9.677419354838712,33.0,54.0,14,2022-10-01
ASAHIINDIA,54.83870967741935,45.16129032258064,49.02196223092117,,26.0,-9.677419354838712,29.0,55.0,15,2022-10-01
RENUKA,55.64516129032258,43.54838709677419,40.00352364173529,,43.0,-12.096774193548384,19.0,62.0,16,2022-10-01
COCHINSHIP,54.83870967741935,45.16129032258064,40.58750689513422,,40.0,-9.677419354838712,31.0,71.0,17,2022-10-01
PHOENIXLTD,55.64516129032258,44.354838709677416,34.11389267416946,,52.0,-11.29032258064516,24.0,76.0,18,2022-10-01
ITC,62.096774193548384,37.903225806451616,23.211298075758926,,77.0,-24.19354838709677,2.0,79.0,19,2022-10-01
DEEPAKFERT,53.2258064516129,46.774193548387096,49.70453954609433,,25.0,-6.451612903225801,56.0,81.0,20,2022-10-01
TVSMOTOR,59.67741935483871,40.32258064516129,70.26154696386489,,9.0,-19.354838709677423,2.0,11.0,1,2022-11-01
DATAPATTNS,58.87096774193549,40.32258064516129,68.42785627297671,,10.0,-18.5483870967742,4.0,14.0,2,2022-11-01
WESTLIFE,59.67741935483871,40.32258064516129,54.2481220173354,,19.0,-19.354838709677423,3.0,22.0,3,2022-11-01
HAL,58.06451612903226,41.935483870967744,61.777008931963074,,12.0,-16.12903225806452,10.0,22.0,4,2022-11-01
EICHERMOT,58.06451612903226,41.12903225806452,58.87237128708709,,16.0,-16.935483870967744,7.0,23.0,5,2022-11-01
AMBUJACEM,58.06451612903226,41.12903225806452,46.26135419598965,,24.0,-16.935483870967744,6.0,30.0,6,2022-11-01
ADANIENT,58.06451612903226,41.935483870967744,47.80298413185571,,22.0,-16.12903225806452,8.0,30.0,7,2022-11-01
CRAFTSMAN,58.06451612903226,41.935483870967744,39.354048198990796,,31.0,-16.12903225806452,9.0,40.0,8,2022-11-01
INDIANB,55.64516129032258,43.54838709677419,62.93135096730196,,11.0,-12.096774193548384,30.0,41.0,9,2022-11-01
MAHSEAMLES,58.87096774193549,41.12903225806452,36.388593376008885,,36.0,-17.741935483870968,5.0,41.0,10,2022-11-01
KIRLOSENG,54.83870967741935,44.354838709677416,71.28010363065617,,8.0,-10.483870967741936,40.0,48.0,11,2022-11-01
UNIONBANK,57.25806451612904,41.935483870967744,37.490912687874236,,34.0,-15.322580645161295,14.0,48.0,12,2022-11-01
M&M,58.06451612903226,41.935483870967744,35.71117915735271,,39.0,-16.12903225806452,11.0,50.0,13,2022-11-01
TITAGARH,55.64516129032258,44.354838709677416,55.58108500176111,,18.0,-11.29032258064516,36.0,54.0,14,2022-11-01
KARURVYSYA,53.2258064516129,44.354838709677416,115.5218986951641,,1.0,-8.87096774193548,53.0,54.0,15,2022-11-01
COCHINSHIP,56.451612903225815,43.54838709677419,41.27072023767304,,29.0,-12.903225806451623,26.0,55.0,16,2022-11-01
ASTERDM,56.451612903225815,41.935483870967744,35.396625057369576,,41.0,-14.516129032258071,15.0,56.0,17,2022-11-01
APOLLOTYRE,55.64516129032258,44.354838709677416,45.231282737014354,,25.0,-11.29032258064516,32.0,57.0,18,2022-11-01
ITC,61.29032258064516,37.903225806451616,29.239409918597126,,63.0,-23.387096774193544,1.0,64.0,19,2022-11-01
ABB,54.83870967741935,45.16129032258064,46.3430671609516,,23.0,-9.677419354838712,43.0,66.0,20,2022-11-01
UNIONBANK,60.483870967741936,38.70967741935484,117.65360292993972,,5.0,-21.774193548387096,4.0,9.0,1,2022-12-01
ADANIENT,62.096774193548384,37.903225806451616,74.79669629223602,,17.0,-24.19354838709677,1.0,18.0,2,2022-12-01
KIRLOSENG,58.06451612903226,41.12903225806452,123.00917940230916,,4.0,-16.935483870967744,17.0,21.0,3,2022-12-01
MAZDOCK,57.25806451612904,42.74193548387097,192.42576957693635,,1.0,-14.516129032258071,29.0,30.0,4,2022-12-01
GRSE,58.06451612903226,41.935483870967744,86.81509209097824,,12.0,-16.12903225806452,21.0,33.0,5,2022-12-01
COCHINSHIP,58.06451612903226,41.935483870967744,78.46363950230881,,16.0,-16.12903225806452,19.0,35.0,6,2022-12-01
KARURVYSYA,55.64516129032258,41.935483870967744,132.47141258089093,,3.0,-13.709677419354833,36.0,39.0,7,2022-12-01
IRFC,53.2258064516129,33.064516129032256,48.07899448261903,,39.0,-20.16129032258064,5.0,44.0,8,2022-12-01
HAL,58.87096774193549,41.12903225806452,50.81317312432281,,35.0,-17.741935483870968,11.0,46.0,9,2022-12-01
BHEL,58.87096774193549,40.32258064516129,47.775495479251596,,41.0,-18.5483870967742,9.0,50.0,10,2022-12-01
VBL,59.67741935483871,40.32258064516129,47.161368900394066,,43.0,-19.354838709677423,8.0,51.0,11,2022-12-01
DATAPATTNS,56.451612903225815,42.74193548387097,71.62360678333269,,18.0,-13.709677419354847,34.0,52.0,12,2022-12-01
JINDALSTEL,62.096774193548384,37.903225806451616,44.093029071711086,,51.0,-24.19354838709677,2.0,53.0,13,2022-12-01
INDIACEM,57.25806451612904,41.12903225806452,48.50847304843522,,38.0,-16.12903225806452,22.0,60.0,14,2022-12-01
CCL,57.25806451612904,42.74193548387097,49.3740969598357,,36.0,-14.516129032258071,26.0,62.0,15,2022-12-01
ATGL,56.451612903225815,43.54838709677419,64.93538395656996,,25.0,-12.903225806451623,37.0,62.0,16,2022-12-01
AMBUJACEM,56.451612903225815,42.74193548387097,57.073857422917506,,29.0,-13.709677419354847,33.0,62.0,17,2022-12-01
GESHIP,56.451612903225815,43.54838709677419,63.76546957761058,,26.0,-12.903225806451623,42.0,68.0,18,2022-12-01
AXISBANK,61.29032258064516,37.903225806451616,37.17317724423705,,67.0,-23.387096774193544,3.0,70.0,19,2022-12-01
ELECON,54.03225806451613,43.54838709677419,145.83276699101359,,2.0,-10.483870967741936,69.0,71.0,20,2022-12-01
UCOBANK,55.64516129032258,32.25806451612903,174.3334981792024,,3.0,-23.387096774193544,4.0,7.0,1,2023-01-01
UNIONBANK,61.29032258064516,37.903225806451616,142.92680128188695,,6.0,-23.387096774193544,5.0,11.0,2,2023-01-01
J&KBANK,59.67741935483871,37.903225806451616,115.2539882963509,,7.0,-21.774193548387096,9.0,16.0,3,2023-01-01
KARURVYSYA,59.67741935483871,39.516129032258064,168.3732760647065,,4.0,-20.161290322580648,13.0,17.0,4,2023-01-01
MAHABANK,58.06451612903226,36.29032258064516,90.66769716159979,,18.0,-21.774193548387103,7.0,25.0,5,2023-01-01
GRSE,60.483870967741936,39.516129032258064,104.4380439289205,,14.0,-20.967741935483872,12.0,26.0,6,2023-01-01
JSL,58.87096774193549,40.32258064516129,113.63954239909626,,9.0,-18.5483870967742,18.0,27.0,7,2023-01-01
PNB,58.06451612903226,37.903225806451616,90.33533311212895,,19.0,-20.161290322580648,14.0,33.0,8,2023-01-01
ADANIENT,62.096774193548384,37.903225806451616,69.1165834664783,,32.0,-24.19354838709677,3.0,35.0,9,2023-01-01
MAZDOCK,58.06451612903226,41.935483870967744,193.08872431667274,,2.0,-16.12903225806452,33.0,35.0,10,2023-01-01
JINDALSTEL,61.29032258064516,38.70967741935484,69.33590917357539,,31.0,-22.58064516129032,6.0,37.0,11,2023-01-01
CANBK,57.25806451612904,40.32258064516129,76.33010511807285,,25.0,-16.93548387096775,25.0,50.0,12,2023-01-01
KIRLOSENG,56.451612903225815,42.74193548387097,146.75590564833243,,5.0,-13.709677419354847,46.0,51.0,13,2023-01-01
TITAGARH,57.25806451612904,42.74193548387097,113.7808211374832,,8.0,-14.516129032258071,43.0,51.0,14,2023-01-01
INDIANB,57.25806451612904,41.935483870967744,93.73229631808191,,17.0,-15.322580645161295,36.0,53.0,15,2023-01-01
IRFC,60.483870967741936,30.64516129032258,52.41044223650218,,58.0,-29.838709677419356,1.0,59.0,16,2023-01-01
AXISBANK,62.096774193548384,37.096774193548384,52.67086436471602,,57.0,-25.0,2.0,59.0,17,2023-01-01
BANKBARODA,56.451612903225815,41.935483870967744,87.89092156738798,,21.0,-14.516129032258071,39.0,60.0,18,2023-01-01
FACT,55.64516129032258,42.74193548387097,291.1877084700809,,1.0,-12.903225806451609,60.0,61.0,19,2023-01-01
BHEL,58.87096774193549,40.32258064516129,59.02356685853949,,47.0,-18.5483870967742,17.0,64.0,20,2023-01-01
J&KBANK,58.06451612903226,38.70967741935484,82.27358448680575,,11.0,-19.354838709677423,3.0,14.0,1,2023-02-01
KARURVYSYA,58.87096774193549,40.32258064516129,95.09756682878745,,9.0,-18.5483870967742,5.0,14.0,2,2023-02-01
UNIONBANK,58.06451612903226,41.12903225806452,111.58087833710786,,6.0,-16.935483870967744,8.0,14.0,3,2023-02-01
UCOBANK,52.41935483870967,38.70967741935484,153.71715245288712,,4.0,-13.709677419354833,14.0,18.0,4,2023-02-01
PNB,57.25806451612904,40.32258064516129,67.53687517314333,,19.0,-16.93548387096775,7.0,26.0,5,2023-02-01
JWL,55.64516129032258,43.54838709677419,106.67619478660617,,7.0,-12.096774193548384,21.0,28.0,6,2023-02-01
BANKINDIA,56.451612903225815,40.32258064516129,60.60037265917211,,22.0,-16.129032258064527,9.0,31.0,7,2023-02-01
IRFC,56.451612903225815,34.67741935483871,48.27432948111674,,31.0,-21.774193548387103,1.0,32.0,8,2023-02-01
TARIL,54.83870967741935,44.354838709677416,170.24832414076167,,2.0,-10.483870967741936,31.0,33.0,9,2023-02-01
JSL,55.64516129032258,43.54838709677419,80.35221688100252,,14.0,-12.096774193548384,20.0,34.0,10,2023-02-01
DATAPATTNS,55.64516129032258,43.54838709677419,71.22634681008462,,17.0,-12.096774193548384,18.0,35.0,11,2023-02-01
GICRE,58.87096774193549,40.32258064516129,47.91925859582962,,34.0,-18.5483870967742,4.0,38.0,12,2023-02-01
MAHABANK,53.2258064516129,41.935483870967744,75.65648317331038,,15.0,-11.290322580645153,29.0,44.0,13,2023-02-01
RVNL,53.2258064516129,43.54838709677419,124.33490146226087,,5.0,-9.677419354838705,42.0,47.0,14,2023-02-01
JINDALSTEL,58.06451612903226,41.935483870967744,42.21300510593782,,39.0,-16.12903225806452,10.0,49.0,15,2023-02-01
MAZDOCK,54.03225806451613,45.96774193548387,162.94138341723058,,3.0,-8.064516129032256,53.0,56.0,16,2023-02-01
GRSE,54.03225806451613,45.96774193548387,83.28069716496299,,10.0,-8.064516129032256,48.0,58.0,17,2023-02-01
BANKBARODA,55.64516129032258,42.74193548387097,41.216587504670585,,43.0,-12.903225806451609,17.0,60.0,18,2023-02-01
TRITURBINE,56.451612903225815,43.54838709677419,38.32534328228423,,48.0,-12.903225806451623,16.0,64.0,19,2023-02-01
RKFORGE,56.451612903225815,43.54838709677419,36.62611541366334,,52.0,-12.903225806451623,15.0,67.0,20,2023-02-01
J&KBANK,54.03225806451613,41.935483870967744,58.31210846652428,,12.0,-12.096774193548384,10.0,22.0,1,2023-03-01
UNIONBANK,54.83870967741935,44.354838709677416,75.82801629365979,,5.0,-10.483870967741936,17.0,22.0,2,2023-03-01
PNB,56.451612903225815,41.12903225806452,50.036253523964966,,19.0,-15.322580645161295,4.0,23.0,3,2023-03-01
UCOBANK,51.61290322580645,42.74193548387097,120.76270381186424,,1.0,-8.87096774193548,28.0,29.0,4,2023-03-01
JSL,54.03225806451613,45.16129032258064,73.70966510370597,,6.0,-8.870967741935488,25.0,31.0,5,2023-03-01
TRITURBINE,55.64516129032258,44.354838709677416,44.896298378505996,,22.0,-11.29032258064516,14.0,36.0,6,2023-03-01
KIRLOSENG,54.03225806451613,45.96774193548387,54.05912832119466,,15.0,-8.064516129032256,31.0,46.0,7,2023-03-01
CUMMINSIND,58.87096774193549,41.12903225806452,27.930620017165552,,45.0,-17.741935483870968,2.0,47.0,8,2023-03-01
JINDALSAW,51.61290322580645,45.16129032258064,67.51197635967883,,9.0,-6.451612903225808,38.0,47.0,9,2023-03-01
BANKINDIA,54.03225806451613,43.54838709677419,35.20235183543541,,33.0,-10.483870967741936,16.0,49.0,10,2023-03-01
KPIL,56.451612903225815,43.54838709677419,27.019359967699863,,46.0,-12.903225806451623,8.0,54.0,11,2023-03-01
FINCABLES,53.2258064516129,46.774193548387096,56.2116003796558,,14.0,-6.451612903225801,41.0,55.0,12,2023-03-01
BLUESTARCO,55.64516129032258,43.54838709677419,25.58131169830149,,49.0,-12.096774193548384,9.0,58.0,13,2023-03-01
KARURVYSYA,52.41935483870967,46.774193548387096,62.93308896270611,,10.0,-5.6451612903225765,50.0,60.0,14,2023-03-01
GODFRYPHLP,52.41935483870967,47.58064516129033,56.938266485089216,,13.0,-4.838709677419345,54.0,67.0,15,2023-03-01
BANKBARODA,53.2258064516129,44.354838709677416,29.086056941854267,,42.0,-8.87096774193548,26.0,68.0,16,2023-03-01
SHREECEM,57.25806451612904,42.74193548387097,20.532420702237797,,66.0,-14.516129032258071,6.0,72.0,17,2023-03-01
KPITTECH,51.61290322580645,47.58064516129033,50.23728514415242,,18.0,-4.032258064516121,62.0,80.0,18,2023-03-01
TARIL,50.806451612903224,48.38709677419355,77.27255409628499,,4.0,-2.4193548387096726,77.0,81.0,19,2023-03-01
ANANDRATHI,54.03225806451613,44.354838709677416,20.84211728999701,,64.0,-9.677419354838712,18.0,82.0,20,2023-03-01
FINCABLES,56.09756097560976,43.90243902439025,69.18024329645446,,10.0,-12.195121951219512,18.0,28.0,1,2023-04-01
JSL,55.28455284552846,44.71544715447154,92.62440253388607,,3.0,-10.569105691056919,25.0,28.0,2,2023-04-01
BANKINDIA,56.09756097560976,43.08943089430895,45.912217865854664,,21.0,-13.008130081300813,16.0,37.0,3,2023-04-01
KIRLOSENG,54.47154471544715,45.52845528455284,81.2549399699803,,5.0,-8.943089430894311,38.0,43.0,4,2023-04-01
CUMMINSIND,57.72357723577236,42.27642276422765,32.99326325670713,,35.0,-15.447154471544714,9.0,44.0,5,2023-04-01
J&KBANK,52.84552845528455,43.90243902439025,78.46990937869272,,6.0,-8.943089430894304,39.0,45.0,6,2023-04-01
BANKBARODA,56.09756097560976,41.46341463414634,33.63160354082835,,34.0,-14.63414634146342,11.0,45.0,7,2023-04-01
TITAGARH,53.65853658536586,45.52845528455284,73.10651474306864,,7.0,-8.130081300813018,42.0,49.0,8,2023-04-01
PFC,54.47154471544715,43.08943089430895,35.592914376745235,,31.0,-11.382113821138205,22.0,53.0,9,2023-04-01
NCC,54.47154471544715,44.71544715447154,41.834010598268456,,25.0,-9.756097560975611,30.0,55.0,10,2023-04-01
KAYNES,60.0,40.0,25.203682638209422,,55.0,-20.0,3.0,58.0,11,2023-04-01
ABCAPITAL,55.28455284552846,44.71544715447154,32.36442090464753,,38.0,-10.569105691056919,23.0,61.0,12,2023-04-01
JINDALSAW,51.21951219512195,45.52845528455284,72.59339367681356,,8.0,-5.69105691056911,54.0,62.0,13,2023-04-01
SHREECEM,60.16260162601627,39.83739837398374,23.032001670914305,,61.0,-20.32520325203253,2.0,63.0,14,2023-04-01
RKFORGE,55.28455284552846,44.71544715447154,32.67289084708829,,37.0,-10.569105691056919,27.0,64.0,15,2023-04-01
ANANDRATHI,55.28455284552846,43.08943089430895,27.411014277610455,,48.0,-12.195121951219512,17.0,65.0,16,2023-04-01
PNB,52.84552845528455,43.90243902439025,36.554757630779534,,30.0,-8.943089430894304,40.0,70.0,17,2023-04-01
BOSCHLTD,60.16260162601627,39.83739837398374,20.91791490593804,,69.0,-20.32520325203253,1.0,70.0,18,2023-04-01
GODFRYPHLP,52.84552845528455,47.15447154471545,52.018797561726025,,16.0,-5.6910569105691025,58.0,74.0,19,2023-04-01
CANBK,53.65853658536586,44.71544715447154,28.003984932521696,,44.0,-8.943089430894318,33.0,77.0,20,2023-04-01
JINDALSAW,57.02479338842975,39.66942148760331,98.15291464134023,,4.0,-17.35537190082644,7.0,11.0,1,2023-05-01
FINCABLES,57.85123966942148,42.14876033057851,64.44206178113912,,8.0,-15.70247933884297,11.0,19.0,2,2023-05-01
NCC,56.19834710743802,42.97520661157025,50.468646484698574,,13.0,-13.223140495867767,17.0,30.0,3,2023-05-01
ABCAPITAL,55.371900826446286,43.80165289256198,35.153411895618405,,31.0,-11.570247933884303,24.0,55.0,4,2023-05-01
TITAGARH,53.71900826446281,45.45454545454545,94.04353134097119,,5.0,-8.264462809917354,51.0,56.0,5,2023-05-01
LINDEINDIA,58.67768595041323,41.32231404958678,26.26977107522366,,50.0,-17.355371900826448,6.0,56.0,6,2023-05-01
J&KBANK,52.892561983471076,42.97520661157025,45.06291046085282,,17.0,-9.917355371900825,40.0,57.0,7,2023-05-01
JWL,55.371900826446286,43.80165289256198,35.07288086567071,,32.0,-11.570247933884303,26.0,58.0,8,2023-05-01
HINDPETRO,57.85123966942148,41.32231404958678,26.068666314864373,,51.0,-16.528925619834702,8.0,59.0,9,2023-05-01
IRCON,53.71900826446281,45.45454545454545,54.54363665352224,,12.0,-8.264462809917354,49.0,61.0,10,2023-05-01
ANANTRAJ,55.371900826446286,43.80165289256198,29.728581183212977,,40.0,-11.570247933884303,25.0,65.0,11,2023-05-01
JBMA,52.892561983471076,46.28099173553719,85.12270820305147,,6.0,-6.611570247933884,59.0,65.0,12,2023-05-01
CYIENT,53.71900826446281,46.28099173553719,55.62912341703057,,11.0,-7.4380165289256155,55.0,66.0,13,2023-05-01
JSL,52.892561983471076,47.107438016528924,69.82542965542152,,7.0,-5.785123966942152,63.0,70.0,14,2023-05-01
KIRLOSENG,52.892561983471076,47.107438016528924,59.13286136645177,,9.0,-5.785123966942152,64.0,73.0,15,2023-05-01
PFC,54.54545454545454,43.80165289256198,33.88434129770226,,35.0,-10.743801652892557,38.0,73.0,16,2023-05-01
KPITTECH,52.892561983471076,46.28099173553719,49.26201938714445,,14.0,-6.611570247933884,60.0,74.0,17,2023-05-01
ANANDRATHI,55.371900826446286,42.14876033057851,23.863320259358687,,59.0,-13.223140495867774,15.0,74.0,18,2023-05-01
GLENMARK,54.54545454545454,43.80165289256198,31.33109752529515,,39.0,-10.743801652892557,37.0,76.0,19,2023-05-01
BANKBARODA,54.54545454545454,43.80165289256198,28.554668949560224,,42.0,-10.743801652892557,36.0,78.0,20,2023-05-01
JINDALSAW,57.377049180327866,40.16393442622951,142.79875372186402,,1.0,-17.213114754098356,6.0,7.0,1,2023-06-01
KAYNES,58.19672131147541,41.80327868852459,70.45449347359623,,9.0,-16.393442622950815,10.0,19.0,2,2023-06-01
KPITTECH,57.377049180327866,41.80327868852459,70.24260321714353,,10.0,-15.573770491803273,13.0,23.0,3,2023-06-01
ANANTRAJ,55.73770491803278,42.62295081967213,56.827490794749465,,13.0,-13.114754098360656,22.0,35.0,4,2023-06-01
CHENNPETRO,54.91803278688525,44.26229508196721,71.29331582538663,,8.0,-10.655737704918039,37.0,45.0,5,2023-06-01
ABB,58.19672131147541,41.80327868852459,35.16616088185276,,37.0,-16.393442622950815,8.0,45.0,6,2023-06-01
RKFORGE,54.91803278688525,44.26229508196721,71.76798675306418,,6.0,-10.655737704918039,39.0,45.0,7,2023-06-01
ITC,61.47540983606557,38.52459016393443,28.640559084746787,,47.0,-22.950819672131146,1.0,48.0,8,2023-06-01
CHOLAFIN,59.01639344262295,40.98360655737705,29.002556636478015,,46.0,-18.032786885245898,4.0,50.0,9,2023-06-01
NCC,58.19672131147541,40.98360655737705,30.527581522753454,,44.0,-17.213114754098356,7.0,51.0,10,2023-06-01
JSL,54.91803278688525,45.08196721311475,49.04006052055134,,18.0,-9.836065573770497,45.0,63.0,11,2023-06-01
GRAVITA,54.09836065573771,45.90163934426229,71.42708385096775,,7.0,-8.196721311475414,58.0,65.0,12,2023-06-01
RAMCOCEM,57.377049180327866,42.62295081967213,28.020060472922093,,49.0,-14.754098360655739,17.0,66.0,13,2023-06-01
GLENMARK,54.91803278688525,44.26229508196721,38.53633692177869,,30.0,-10.655737704918039,38.0,68.0,14,2023-06-01
POWERINDIA,57.377049180327866,42.62295081967213,26.12037185543754,,53.0,-14.754098360655739,16.0,69.0,15,2023-06-01
VBL,56.557377049180324,42.62295081967213,25.980307056839024,,54.0,-13.934426229508198,20.0,74.0,16,2023-06-01
POLYCAB,59.01639344262295,40.98360655737705,21.02676500164653,,71.0,-18.032786885245898,5.0,76.0,17,2023-06-01
APARINDS,54.09836065573771,45.90163934426229,40.58450603467523,,26.0,-8.196721311475414,54.0,80.0,18,2023-06-01
ANANDRATHI,55.73770491803278,41.80327868852459,23.920784138590534,,60.0,-13.93442622950819,21.0,81.0,19,2023-06-01
JWL,54.09836065573771,45.08196721311475,37.91685020017144,,32.0,-9.016393442622956,49.0,81.0,20,2023-06-01
ABB,62.8099173553719,37.1900826446281,69.11643200226148,,16.0,-25.619834710743802,1.0,17.0,1,2023-07-01
KPITTECH,59.50413223140496,40.49586776859504,70.59329403215415,,14.0,-19.00826446280992,8.0,22.0,2,2023-07-01
KAYNES,57.85123966942148,42.14876033057851,76.92921012060442,,8.0,-15.70247933884297,25.0,33.0,3,2023-07-01
ANANTRAJ,57.85123966942148,40.49586776859504,68.21291187736655,,17.0,-17.35537190082644,17.0,34.0,4,2023-07-01
GLENMARK,58.67768595041323,39.66942148760331,55.99864934073027,,30.0,-19.00826446280992,7.0,37.0,5,2023-07-01
AUROPHARMA,57.85123966942148,42.14876033057851,64.29955471499227,,21.0,-15.70247933884297,19.0,40.0,6,2023-07-01
CHOLAFIN,58.67768595041323,41.32231404958678,42.29683786453025,,45.0,-17.355371900826448,12.0,57.0,7,2023-07-01
ZENSARTECH,57.02479338842975,42.97520661157025,65.77960450371354,,19.0,-14.049586776859499,40.0,59.0,8,2023-07-01
CHENNPETRO,55.371900826446286,43.80165289256198,78.08632825237747,,6.0,-11.570247933884303,58.0,64.0,9,2023-07-01
CUMMINSIND,58.67768595041323,41.32231404958678,38.96106655486069,,52.0,-17.355371900826448,13.0,65.0,10,2023-07-01
ITC,62.8099173553719,37.1900826446281,35.31867129405229,,64.0,-25.619834710743802,2.0,66.0,11,2023-07-01
CYIENT,55.371900826446286,44.62809917355372,77.80351483257613,,7.0,-10.743801652892564,64.0,71.0,12,2023-07-01
LTF,57.85123966942148,41.32231404958678,38.366126600466764,,55.0,-16.528925619834702,18.0,73.0,13,2023-07-01
JINDALSAW,54.54545454545454,43.80165289256198,122.46540055081385,,2.0,-10.743801652892557,72.0,74.0,14,2023-07-01
ELECON,56.19834710743802,42.97520661157025,52.75028084818538,,35.0,-13.223140495867767,43.0,78.0,15,2023-07-01
MAHSEAMLES,57.02479338842975,42.97520661157025,44.19388953233836,,42.0,-14.049586776859499,37.0,79.0,16,2023-07-01
ZFCVINDIA,57.02479338842975,42.97520661157025,39.57156983564987,,49.0,-14.049586776859499,41.0,90.0,17,2023-07-01
RECLTD,57.85123966942148,42.14876033057851,35.383590231329464,,63.0,-15.70247933884297,27.0,90.0,18,2023-07-01
SIEMENS,58.67768595041323,41.32231404958678,29.63293419863571,,77.0,-17.355371900826448,15.0,92.0,19,2023-07-01
EXIDEIND,59.50413223140496,39.66942148760331,27.044376781317702,,88.0,-19.83471074380165,4.0,92.0,20,2023-07-01
GLENMARK,63.63636363636363,34.710743801652896,107.58240096386925,,12.0,-28.925619834710737,1.0,13.0,1,2023-08-01
AUROPHARMA,61.98347107438017,38.01652892561984,102.01615103991908,,13.0,-23.96694214876033,3.0,16.0,2,2023-08-01
NEULANDLAB,59.50413223140496,40.49586776859504,141.12154140816364,,4.0,-19.00826446280992,26.0,30.0,3,2023-08-01
ABB,63.63636363636363,36.36363636363637,64.73562465438228,,36.0,-27.272727272727266,2.0,38.0,4,2023-08-01
RKFORGE,58.67768595041323,40.49586776859504,112.05175037830392,,9.0,-18.181818181818187,29.0,38.0,5,2023-08-01
ELECON,59.50413223140496,39.66942148760331,81.24189677966996,,23.0,-19.83471074380165,18.0,41.0,6,2023-08-01
PFC,58.67768595041323,38.84297520661157,74.59889128587614,,29.0,-19.834710743801658,16.0,45.0,7,2023-08-01
TITAGARH,57.85123966942148,41.32231404958678,169.87804148962317,,2.0,-16.528925619834702,44.0,46.0,8,2023-08-01
ANANTRAJ,58.67768595041323,39.66942148760331,77.15089770249197,,27.0,-19.00826446280992,19.0,46.0,9,2023-08-01
KAYNES,58.67768595041323,41.32231404958678,98.43571414691887,,15.0,-17.355371900826448,32.0,47.0,10,2023-08-01
JINDALSAW,57.85123966942148,41.32231404958678,134.37089301960845,,5.0,-16.528925619834702,42.0,47.0,11,2023-08-01
ADANIPORTS,61.15702479338842,38.84297520661157,57.37851920229,,43.0,-22.314049586776854,7.0,50.0,12,2023-08-01
RECLTD,60.33057851239669,39.66942148760331,63.43721215229174,,38.0,-20.661157024793383,15.0,53.0,13,2023-08-01
ZENSARTECH,58.67768595041323,41.32231404958678,99.09681105843293,,14.0,-17.355371900826448,39.0,53.0,14,2023-08-01
MAHSEAMLES,58.67768595041323,41.32231404958678,69.74411895923265,,33.0,-17.355371900826448,34.0,67.0,15,2023-08-01
ANANDRATHI,61.15702479338842,37.1900826446281,43.805024560455344,,76.0,-23.966942148760324,5.0,81.0,16,2023-08-01
NCC,57.85123966942148,41.32231404958678,63.00743666641051,,39.0,-16.528925619834702,43.0,82.0,17,2023-08-01
POLYCAB,59.50413223140496,40.49586776859504,51.21873619831452,,55.0,-19.00826446280992,27.0,82.0,18,2023-08-01
SARDAEN,57.02479338842975,42.14876033057851,74.82206354989265,,28.0,-14.876033057851238,59.0,87.0,19,2023-08-01
USHAMART,57.85123966942148,42.14876033057851,71.99874412774614,,32.0,-15.70247933884297,57.0,89.0,20,2023-08-01
RKFORGE,62.601626016260155,36.58536585365854,178.34923146059518,,5.0,-26.01626016260162,1.0,6.0,1,2023-09-01
TITAGARH,60.97560975609756,39.02439024390244,245.86573960901373,,1.0,-21.951219512195124,11.0,12.0,2,2023-09-01
NEULANDLAB,60.97560975609756,39.02439024390244,138.49948009714095,,10.0,-21.951219512195124,8.0,18.0,3,2023-09-01
RECLTD,60.97560975609756,39.02439024390244,100.39606038420659,,20.0,-21.951219512195124,9.0,29.0,4,2023-09-01
KAYNES,60.16260162601627,39.83739837398374,114.94676869820975,,15.0,-20.32520325203253,16.0,31.0,5,2023-09-01
SARDAEN,60.16260162601627,39.83739837398374,94.22834496281465,,24.0,-20.32520325203253,17.0,41.0,6,2023-09-01
HBLENGINE,58.536585365853654,41.46341463414634,148.00087983941287,,8.0,-17.073170731707314,36.0,44.0,7,2023-09-01
BSE,59.34959349593496,39.83739837398374,94.01791972374569,,25.0,-19.512195121951223,20.0,45.0,8,2023-09-01
ELECON,59.34959349593496,39.83739837398374,93.81252937671118,,26.0,-19.512195121951223,21.0,47.0,9,2023-09-01
USHAMART,60.16260162601627,39.83739837398374,88.95232438441205,,30.0,-20.32520325203253,19.0,49.0,10,2023-09-01
APARINDS,58.536585365853654,41.46341463414634,105.49298851660258,,17.0,-17.073170731707314,32.0,49.0,11,2023-09-01
GLENMARK,60.16260162601627,39.02439024390244,80.26808756078714,,41.0,-21.13821138211383,13.0,54.0,12,2023-09-01
ANANDRATHI,60.97560975609756,37.39837398373984,73.45781099010526,,51.0,-23.577235772357724,4.0,55.0,13,2023-09-01
ANGELONE,59.34959349593496,40.65040650406504,86.85655480051004,,35.0,-18.699186991869922,22.0,57.0,14,2023-09-01
MAHSEAMLES,58.536585365853654,41.46341463414634,88.86730944955295,,31.0,-17.073170731707314,38.0,69.0,15,2023-09-01
LUPIN,60.97560975609756,38.21138211382114,65.1856455005432,,67.0,-22.764227642276424,5.0,72.0,16,2023-09-01
KALYANKJIL,57.72357723577236,42.27642276422765,103.32994429635139,,19.0,-15.447154471544714,55.0,74.0,17,2023-09-01
ANANTRAJ,56.91056910569105,41.46341463414634,87.70146696344976,,33.0,-15.447154471544714,48.0,81.0,18,2023-09-01
JINDALSAW,56.91056910569105,42.27642276422765,105.17891380660593,,18.0,-14.634146341463406,64.0,82.0,19,2023-09-01
NATCOPHARM,60.97560975609756,39.02439024390244,62.471843394348326,,76.0,-21.951219512195124,7.0,83.0,20,2023-09-01
RECLTD,63.114754098360656,36.885245901639344,140.3445654411124,,10.0,-26.229508196721312,3.0,13.0,1,2023-10-01
BSE,62.295081967213115,36.885245901639344,130.68898426068736,,14.0,-25.40983606557377,4.0,18.0,2,2023-10-01
TARIL,61.47540983606557,38.52459016393443,192.79058061012964,,5.0,-22.950819672131146,16.0,21.0,3,2023-10-01
RKFORGE,61.47540983606557,37.704918032786885,134.8113918096695,,12.0,-23.770491803278688,11.0,23.0,4,2023-10-01
APARINDS,59.83606557377049,40.16393442622951,114.69028506133321,,20.0,-19.67213114754098,21.0,41.0,5,2023-10-01
ETERNAL,59.01639344262295,38.52459016393443,100.74715005714081,,30.0,-20.491803278688522,19.0,49.0,6,2023-10-01
ANANDRATHI,60.65573770491803,37.704918032786885,95.60204900493603,,38.0,-22.950819672131146,13.0,51.0,7,2023-10-01
KALYANKJIL,59.01639344262295,40.98360655737705,106.44195060642012,,24.0,-18.032786885245898,35.0,59.0,8,2023-10-01
LUPIN,62.295081967213115,36.0655737704918,80.42026731313558,,58.0,-26.229508196721312,2.0,60.0,9,2023-10-01
GLENMARK,60.65573770491803,38.52459016393443,88.10491505813798,,45.0,-22.131147540983605,17.0,62.0,10,2023-10-01
CHOLAHLDNG,58.19672131147541,41.80327868852459,102.57946772599414,,27.0,-16.393442622950815,49.0,76.0,11,2023-10-01
POLYCAB,59.83606557377049,39.34426229508197,80.52158658053288,,57.0,-20.491803278688522,20.0,77.0,12,2023-10-01
RBLBANK,61.47540983606557,38.52459016393443,76.86908054376778,,63.0,-22.950819672131146,15.0,78.0,13,2023-10-01
HBLENGINE,57.377049180327866,42.62295081967213,154.99095920813448,,8.0,-14.754098360655739,72.0,80.0,14,2023-10-01
PFC,57.377049180327866,40.16393442622951,98.32869231659333,,34.0,-17.213114754098356,46.0,80.0,15,2023-10-01
HUDCO,58.19672131147541,39.34426229508197,81.99428617455224,,51.0,-18.85245901639344,30.0,81.0,16,2023-10-01
TATAINVEST,58.19672131147541,39.34426229508197,81.62307234064595,,52.0,-18.85245901639344,31.0,83.0,17,2023-10-01
SARDAEN,59.01639344262295,40.98360655737705,85.86531531989992,,47.0,-18.032786885245898,39.0,86.0,18,2023-10-01
KAYNES,57.377049180327866,42.62295081967213,125.05844175222398,,15.0,-14.754098360655739,73.0,88.0,19,2023-10-01
SUZLON,53.278688524590166,39.34426229508197,202.02041638829263,,4.0,-13.934426229508198,85.0,89.0,20,2023-10-01
BSE,61.6,37.6,184.70251397239625,,2.0,-24.0,3.0,5.0,1,2023-11-01
KALYANKJIL,60.0,40.0,167.2318514017784,,5.0,-20.0,13.0,18.0,2,2023-11-01
RECLTD,61.6,38.4,109.90734149598849,,18.0,-23.200000000000003,4.0,22.0,3,2023-11-01
RKFORGE,60.8,38.4,103.35323772484313,,20.0,-22.4,6.0,26.0,4,2023-11-01
SUZLON,56.00000000000001,40.0,234.66160183294454,,1.0,-16.000000000000007,25.0,26.0,5,2023-11-01
ANGELONE,60.0,40.0,107.48412678110438,,19.0,-20.0,10.0,29.0,6,2023-11-01
ANANDRATHI,60.0,39.2,101.85329990963426,,22.0,-20.799999999999997,9.0,31.0,7,2023-11-01
TARIL,57.599999999999994,42.4,154.00489690822891,,6.0,-15.199999999999996,35.0,41.0,8,2023-11-01
KIRLOSBROS,58.4,41.6,93.70792272588011,,26.0,-16.799999999999997,22.0,48.0,9,2023-11-01
APARINDS,58.4,41.6,87.06193483265588,,30.0,-16.799999999999997,18.0,48.0,10,2023-11-01
KAYNES,56.8,43.2,135.36587567849253,,10.0,-13.599999999999994,43.0,53.0,11,2023-11-01
JINDALSAW,56.8,43.2,123.39958934274038,,13.0,-13.599999999999994,42.0,55.0,12,2023-11-01
DIXON,59.199999999999996,40.8,72.54750892131767,,43.0,-18.4,14.0,57.0,13,2023-11-01
SUPREMEIND,59.199999999999996,40.8,63.379018714539995,,54.0,-18.4,15.0,69.0,14,2023-11-01
LUPIN,60.8,37.6,59.247289827700065,,64.0,-23.199999999999996,5.0,69.0,15,2023-11-01
CHOLAHLDNG,56.8,42.4,84.56066249245819,,33.0,-14.399999999999999,37.0,70.0,16,2023-11-01
BSOFT,56.8,43.2,84.79410053656535,,32.0,-13.599999999999994,39.0,71.0,17,2023-11-01
MRPL,57.599999999999994,40.8,65.72977626832865,,49.0,-16.799999999999997,24.0,73.0,18,2023-11-01
GRAVITA,56.00000000000001,44.0,103.1476572872506,,21.0,-12.000000000000007,57.0,78.0,19,2023-11-01
SARDAEN,57.599999999999994,42.4,69.70032125076719,,46.0,-15.199999999999996,34.0,80.0,20,2023-11-01
BSE,64.51612903225806,34.67741935483871,271.4982929668065,,1.0,-29.838709677419352,3.0,4.0,1,2023-12-01
SUZLON,61.29032258064516,37.903225806451616,200.35600088371748,,3.0,-23.387096774193544,8.0,11.0,2,2023-12-01
ANANDRATHI,62.096774193548384,37.903225806451616,162.3913711894709,,7.0,-24.19354838709677,6.0,13.0,3,2023-12-01
RECLTD,63.70967741935484,36.29032258064516,149.45203940097792,,10.0,-27.41935483870968,4.0,14.0,4,2023-12-01
KALYANKJIL,59.67741935483871,40.32258064516129,192.0328211859702,,4.0,-19.354838709677423,18.0,22.0,5,2023-12-01
ANGELONE,62.903225806451616,37.096774193548384,120.51679671596828,,20.0,-25.80645161290323,5.0,25.0,6,2023-12-01
RKFORGE,61.29032258064516,38.70967741935484,114.6928770915307,,21.0,-22.58064516129032,11.0,32.0,7,2023-12-01
MCX,62.096774193548384,37.903225806451616,107.29672569816593,,26.0,-24.19354838709677,7.0,33.0,8,2023-12-01
PFC,58.87096774193549,39.516129032258064,134.18371708000043,,17.0,-19.354838709677423,20.0,37.0,9,2023-12-01
TATAINVEST,58.87096774193549,39.516129032258064,93.58974707554381,,37.0,-19.354838709677423,21.0,58.0,10,2023-12-01
APARINDS,58.06451612903226,41.935483870967744,111.26829777234373,,24.0,-16.12903225806452,34.0,58.0,11,2023-12-01
GPIL,58.06451612903226,40.32258064516129,94.22119734374255,,36.0,-17.741935483870975,24.0,60.0,12,2023-12-01
MRPL,60.483870967741936,38.70967741935484,79.14668270494339,,54.0,-21.774193548387096,12.0,66.0,13,2023-12-01
BHEL,58.87096774193549,39.516129032258064,81.35459624211134,,51.0,-19.354838709677423,15.0,66.0,14,2023-12-01
SJVN,57.25806451612904,41.935483870967744,132.90024422727322,,19.0,-15.322580645161295,49.0,68.0,15,2023-12-01
MAHSEAMLES,57.25806451612904,42.74193548387097,142.42537811907292,,15.0,-14.516129032258071,57.0,72.0,16,2023-12-01
PRESTIGE,58.06451612903226,41.935483870967744,99.90182608061173,,31.0,-16.12903225806452,43.0,74.0,17,2023-12-01
NLCINDIA,58.87096774193549,39.516129032258064,71.97325654700595,,60.0,-19.354838709677423,19.0,79.0,18,2023-12-01
SARDAEN,58.06451612903226,41.935483870967744,92.33632644749008,,39.0,-16.12903225806452,44.0,83.0,19,2023-12-01
ANANTRAJ,58.87096774193549,40.32258064516129,66.71190602277134,,67.0,-18.5483870967742,22.0,89.0,20,2023-12-01
BSE,60.97560975609756,38.21138211382114,209.7276831648388,,2.0,-22.764227642276424,7.0,9.0,1,2024-01-01
ANANDRATHI,61.78861788617886,38.21138211382114,157.63988419541053,,5.0,-23.577235772357724,5.0,10.0,2,2024-01-01
RECLTD,61.78861788617886,38.21138211382114,135.14260828783046,,13.0,-23.577235772357724,6.0,19.0,3,2024-01-01
NLCINDIA,60.16260162601627,38.21138211382114,120.582188260674,,18.0,-21.95121951219513,8.0,26.0,4,2024-01-01
DBREALTY,59.34959349593496,39.02439024390244,149.36337227284508,,9.0,-20.325203252032523,18.0,27.0,5,2024-01-01
GVT&D,59.34959349593496,40.65040650406504,159.98897206951216,,4.0,-18.699186991869922,24.0,28.0,6,2024-01-01
KALYANKJIL,60.16260162601627,39.83739837398374,128.28207039347754,,15.0,-20.32520325203253,15.0,30.0,7,2024-01-01
NBCC,58.536585365853654,39.02439024390244,109.41378322651052,,24.0,-19.512195121951216,21.0,45.0,8,2024-01-01
BHEL,60.16260162601627,39.02439024390244,92.60133411299425,,36.0,-21.13821138211383,11.0,47.0,9,2024-01-01
BSOFT,62.601626016260155,37.39837398373984,78.88980457336383,,49.0,-25.203252032520318,3.0,52.0,10,2024-01-01
SUZLON,58.536585365853654,40.65040650406504,112.2202837603294,,22.0,-17.886178861788615,34.0,56.0,11,2024-01-01
SIGNATURE,70.96774193548387,29.03225806451613,76.73896198683173,,56.0,-41.935483870967744,1.0,57.0,12,2024-01-01
TATAINVEST,59.34959349593496,39.02439024390244,90.87342082507163,,41.0,-20.325203252032523,19.0,60.0,13,2024-01-01
PFC,57.72357723577236,40.65040650406504,108.22067066515788,,26.0,-17.07317073170732,35.0,61.0,14,2024-01-01
ANGELONE,58.536585365853654,41.46341463414634,96.29666804161818,,34.0,-17.073170731707314,37.0,71.0,15,2024-01-01
TRENT,60.16260162601627,39.83739837398374,75.2106717842087,,59.0,-20.32520325203253,16.0,75.0,16,2024-01-01
IREDA,61.904761904761905,38.095238095238095,63.824701195219106,,73.0,-23.80952380952381,4.0,77.0,17,2024-01-01
MRPL,60.16260162601627,39.02439024390244,65.33976308015686,,72.0,-21.13821138211383,13.0,85.0,18,2024-01-01
RAILTEL,56.91056910569105,43.08943089430895,120.93479439669319,,17.0,-13.821138211382106,72.0,89.0,19,2024-01-01
SWANCORP,57.72357723577236,42.27642276422765,96.89864528764065,,33.0,-15.447154471544714,57.0,90.0,20,2024-01-01
GVT&D,63.70967741935484,36.29032258064516,192.8256647194306,,7.0,-27.41935483870968,2.0,9.0,1,2024-02-01
IREDA,62.7906976744186,37.2093023255814,184.59943313225833,,8.0,-25.581395348837205,3.0,11.0,2,2024-02-01
DBREALTY,60.483870967741936,38.70967741935484,199.32560926435357,,5.0,-21.774193548387096,10.0,15.0,3,2024-02-01
BSE,59.67741935483871,40.32258064516129,170.24758445951912,,11.0,-19.354838709677423,14.0,25.0,4,2024-02-01
SIGNATURE,70.23809523809523,29.761904761904763,120.28153135988711,,26.0,-40.47619047619047,1.0,27.0,5,2024-02-01
RECLTD,62.096774193548384,37.903225806451616,126.2623882553966,,22.0,-24.19354838709677,5.0,27.0,6,2024-02-01
TATAINVEST,58.06451612903226,40.32258064516129,134.00820249725757,,17.0,-17.741935483870975,21.0,38.0,7,2024-02-01
SUZLON,58.06451612903226,40.32258064516129,124.54932015436921,,23.0,-17.741935483870975,20.0,43.0,8,2024-02-01
ANANDRATHI,58.87096774193549,41.12903225806452,129.00256136218266,,20.0,-17.741935483870968,23.0,43.0,9,2024-02-01
ANGELONE,61.29032258064516,38.70967741935484,104.14297143552017,,39.0,-22.58064516129032,8.0,47.0,10,2024-02-01
SWANCORP,58.06451612903226,41.935483870967744,194.43213676177947,,6.0,-16.12903225806452,47.0,53.0,11,2024-02-01
PRESTIGE,60.483870967741936,39.516129032258064,100.28473129905113,,44.0,-20.967741935483872,13.0,57.0,12,2024-02-01
BHEL,61.29032258064516,37.903225806451616,88.27585115936003,,51.0,-23.387096774193544,7.0,58.0,13,2024-02-01
NLCINDIA,58.06451612903226,41.12903225806452,115.20937582970423,,28.0,-16.935483870967744,32.0,60.0,14,2024-02-01
NBCC,57.25806451612904,41.935483870967744,182.27828795966036,,10.0,-15.322580645161295,51.0,61.0,15,2024-02-01
BSOFT,62.096774193548384,37.903225806451616,79.17856099504559,,57.0,-24.19354838709677,4.0,61.0,16,2024-02-01
TRENT,62.096774193548384,37.903225806451616,79.5936826572091,,56.0,-24.19354838709677,6.0,62.0,17,2024-02-01
MRPL,58.87096774193549,41.12903225806452,108.69960234901832,,35.0,-17.741935483870968,28.0,63.0,18,2024-02-01
GMDCLTD,57.25806451612904,42.74193548387097,142.03831870015495,,15.0,-14.516129032258071,58.0,73.0,19,2024-02-01
RAILTEL,58.06451612903226,41.935483870967744,114.94799135383072,,29.0,-16.12903225806452,46.0,75.0,20,2024-02-01
GVT&D,65.85365853658537,34.146341463414636,190.03973055056508,,4.0,-31.707317073170735,2.0,6.0,1,2024-03-01
SIGNATURE,69.52380952380952,30.476190476190478,156.42861944357188,,7.0,-39.04761904761904,1.0,8.0,2,2024-03-01
TATAINVEST,60.16260162601627,39.02439024390244,206.83398636845607,,2.0,-21.13821138211383,14.0,16.0,3,2024-03-01
ANANDRATHI,60.97560975609756,39.02439024390244,129.34470593637462,,14.0,-21.951219512195124,10.0,24.0,4,2024-03-01
IREDA,59.375,40.625,129.83931615444223,,13.0,-18.75,25.0,38.0,5,2024-03-01
TRENT,61.78861788617886,38.21138211382114,87.28345242319402,,35.0,-23.577235772357724,9.0,44.0,6,2024-03-01
IOC,61.78861788617886,37.39837398373984,79.0559646060293,,43.0,-24.390243902439025,5.0,48.0,7,2024-03-01
DLF,64.22764227642277,35.77235772357724,73.26408996466797,,51.0,-28.455284552845534,3.0,54.0,8,2024-03-01
BAJAJ-AUTO,62.601626016260155,37.39837398373984,74.02478386465454,,50.0,-25.203252032520318,4.0,54.0,9,2024-03-01
HINDPETRO,58.536585365853654,41.46341463414634,100.201600982819,,26.0,-17.073170731707314,31.0,57.0,10,2024-03-01
BPCL,59.34959349593496,37.39837398373984,70.72607140602094,,54.0,-21.951219512195124,11.0,65.0,11,2024-03-01
INOXWIND,56.09756097560976,42.27642276422765,179.35769154457458,,5.0,-13.821138211382113,61.0,66.0,12,2024-03-01
DBREALTY,58.536585365853654,40.65040650406504,80.2579887997295,,39.0,-17.886178861788615,30.0,69.0,13,2024-03-01
RECLTD,60.16260162601627,39.83739837398374,69.59210892292253,,56.0,-20.32520325203253,22.0,78.0,14,2024-03-01
NIACL,56.09756097560976,42.27642276422765,120.43889950615254,,17.0,-13.821138211382113,62.0,79.0,15,2024-03-01
CHENNPETRO,56.91056910569105,42.27642276422765,103.09198485365685,,24.0,-14.634146341463406,56.0,80.0,16,2024-03-01
RAILTEL,57.72357723577236,42.27642276422765,94.1180322601072,,31.0,-15.447154471544714,54.0,85.0,17,2024-03-01
OIL,56.91056910569105,41.46341463414634,90.56368281312801,,34.0,-15.447154471544714,51.0,85.0,18,2024-03-01
CUMMINSIND,60.16260162601627,39.83739837398374,64.20785981673261,,69.0,-20.32520325203253,16.0,85.0,19,2024-03-01
KIRLOSENG,57.72357723577236,42.27642276422765,80.24034698175213,,40.0,-15.447154471544714,48.0,88.0,20,2024-03-01
SIGNATURE,68.0327868852459,31.967213114754102,151.86095281114493,,2.0,-36.065573770491795,1.0,3.0,1,2024-04-01
TRENT,64.75409836065575,35.24590163934426,87.97426479074575,,18.0,-29.508196721311485,3.0,21.0,2,2024-04-01
ANANDRATHI,60.65573770491803,39.34426229508197,90.06329774609394,,13.0,-21.311475409836063,14.0,27.0,3,2024-04-01
BAJAJ-AUTO,63.114754098360656,36.885245901639344,82.55358848904326,,25.0,-26.229508196721312,5.0,30.0,4,2024-04-01
GVT&D,61.47540983606557,38.52459016393443,83.9293664069228,,24.0,-22.950819672131146,12.0,36.0,5,2024-04-01
CUMMINSIND,61.47540983606557,38.52459016393443,82.11497186840782,,26.0,-22.950819672131146,11.0,37.0,6,2024-04-01
BHEL,61.47540983606557,37.704918032786885,77.6247714382714,,31.0,-23.770491803278688,9.0,40.0,7,2024-04-01
IOC,62.295081967213115,37.704918032786885,73.60776088941789,,39.0,-24.59016393442623,8.0,47.0,8,2024-04-01
PRESTIGE,59.01639344262295,40.98360655737705,88.67341420339363,,15.0,-18.032786885245898,32.0,47.0,9,2024-04-01
HINDPETRO,59.01639344262295,40.98360655737705,80.78589990982074,,27.0,-18.032786885245898,28.0,55.0,10,2024-04-01
DLF,65.57377049180327,34.42622950819672,61.911761662964594,,53.0,-31.147540983606554,2.0,55.0,11,2024-04-01
EIHOTEL,57.377049180327866,42.62295081967213,92.36937391182754,,11.0,-14.754098360655739,48.0,59.0,12,2024-04-01
BPCL,59.83606557377049,37.704918032786885,63.85888328238283,,51.0,-22.131147540983605,13.0,64.0,13,2024-04-01
ZYDUSLIFE,59.83606557377049,39.34426229508197,64.60035915030942,,50.0,-20.491803278688522,17.0,67.0,14,2024-04-01
BDL,62.295081967213115,37.704918032786885,57.32773062124703,,63.0,-24.59016393442623,7.0,70.0,15,2024-04-01
ETERNAL,58.19672131147541,41.80327868852459,75.13754213619366,,35.0,-16.393442622950815,36.0,71.0,16,2024-04-01
ABB,59.83606557377049,40.16393442622951,61.49152161407328,,55.0,-19.67213114754098,18.0,73.0,17,2024-04-01
RAILTEL,59.01639344262295,40.98360655737705,70.76583715617227,,42.0,-18.032786885245898,33.0,75.0,18,2024-04-01
INOXWIND,55.73770491803278,43.44262295081967,166.02050517755242,,1.0,-12.295081967213115,75.0,76.0,19,2024-04-01
CHENNPETRO,59.01639344262295,40.98360655737705,66.44202668168641,,49.0,-18.032786885245898,27.0,76.0,20,2024-04-01
GVT&D,64.75409836065575,35.24590163934426,158.61430437989154,,3.0,-29.508196721311485,6.0,9.0,1,2024-05-01
BHEL,64.75409836065575,34.42622950819672,113.99615409477524,,14.0,-30.327868852459027,3.0,17.0,2,2024-05-01
TRENT,65.57377049180327,34.42622950819672,103.81003763066357,,20.0,-31.147540983606554,2.0,22.0,3,2024-05-01
SIGNATURE,63.114754098360656,36.885245901639344,100.18069830153524,,22.0,-26.229508196721312,12.0,34.0,4,2024-05-01
CUMMINSIND,63.114754098360656,36.885245901639344,98.85984370348355,,24.0,-26.229508196721312,10.0,34.0,5,2024-05-01
BDL,64.75409836065575,35.24590163934426,83.85577626085869,,38.0,-29.508196721311485,4.0,42.0,6,2024-05-01
HAL,61.47540983606557,38.52459016393443,98.19938789181953,,25.0,-22.950819672131146,19.0,44.0,7,2024-05-01
MOTILALOFS,59.83606557377049,40.16393442622951,113.83796946912521,,15.0,-19.67213114754098,40.0,55.0,8,2024-05-01
ANANDRATHI,60.65573770491803,39.34426229508197,90.86492617493937,,33.0,-21.311475409836063,27.0,60.0,9,2024-05-01
COCHINSHIP,58.19672131147541,41.80327868852459,154.73542218913053,,4.0,-16.393442622950815,62.0,66.0,10,2024-05-01
PNB,63.934426229508205,36.0655737704918,69.4838195040244,,59.0,-27.868852459016402,8.0,67.0,11,2024-05-01
NHPC,61.47540983606557,38.52459016393443,77.13196684176609,,48.0,-22.950819672131146,20.0,68.0,12,2024-05-01
BEL,63.934426229508205,35.24590163934426,67.92635654495088,,63.0,-28.688524590163944,7.0,70.0,13,2024-05-01
EIHOTEL,59.01639344262295,40.98360655737705,100.01186441318923,,23.0,-18.032786885245898,48.0,71.0,14,2024-05-01
VOLTAS,60.65573770491803,39.34426229508197,79.67384843657983,,43.0,-21.311475409836063,32.0,75.0,15,2024-05-01
SAIL,61.47540983606557,38.52459016393443,73.6911321507923,,54.0,-22.950819672131146,21.0,75.0,16,2024-05-01
INOXWIND,57.377049180327866,41.80327868852459,181.96682580295445,,2.0,-15.573770491803273,73.0,75.0,17,2024-05-01
ETERNAL,59.83606557377049,40.16393442622951,83.6975007700856,,39.0,-19.67213114754098,37.0,76.0,18,2024-05-01
BAJAJ-AUTO,61.47540983606557,38.52459016393443,69.69052694855078,,58.0,-22.950819672131146,18.0,76.0,19,2024-05-01
IOC,60.65573770491803,38.52459016393443,73.77671762306584,,53.0,-22.131147540983605,24.0,77.0,20,2024-05-01
GVT&D,65.85365853658537,34.146341463414636,178.95878119888206,,3.0,-31.707317073170735,1.0,4.0,1,2024-06-01
BDL,61.78861788617886,38.21138211382114,146.60291486632607,,5.0,-23.577235772357724,6.0,11.0,2,2024-06-01
BEL,64.22764227642277,34.959349593495936,92.11633892410048,,18.0,-29.268292682926834,2.0,20.0,3,2024-06-01
THERMAX,60.97560975609756,38.21138211382114,103.96061979276058,,14.0,-22.764227642276424,7.0,21.0,4,2024-06-01
CUMMINSIND,62.601626016260155,37.39837398373984,87.44451120531262,,23.0,-25.203252032520318,5.0,28.0,5,2024-06-01
ABB,62.601626016260155,37.39837398373984,84.66572934281132,,24.0,-25.203252032520318,4.0,28.0,6,2024-06-01
SIEMENS,60.16260162601627,39.83739837398374,82.42134608188077,,26.0,-20.32520325203253,15.0,41.0,7,2024-06-01
EIHOTEL,60.16260162601627,39.83739837398374,75.50873847521106,,31.0,-20.32520325203253,12.0,43.0,8,2024-06-01
RVNL,57.72357723577236,41.46341463414634,127.20376102855874,,9.0,-16.26016260162602,41.0,50.0,9,2024-06-01
NATIONALUM,59.34959349593496,40.65040650406504,82.34016715539241,,27.0,-18.699186991869922,25.0,52.0,10,2024-06-01
NHPC,59.34959349593496,40.65040650406504,76.39020679529584,,29.0,-18.699186991869922,26.0,55.0,11,2024-06-01
OIL,58.536585365853654,40.65040650406504,82.59896609664953,,25.0,-17.886178861788615,31.0,56.0,12,2024-06-01
VOLTAS,60.16260162601627,39.83739837398374,65.31002452492545,,39.0,-20.32520325203253,17.0,56.0,13,2024-06-01
BHEL,63.41463414634146,35.77235772357724,55.835758282532886,,53.0,-27.642276422764226,3.0,56.0,14,2024-06-01
TRENT,60.16260162601627,39.83739837398374,57.68354478492608,,50.0,-20.32520325203253,16.0,66.0,15,2024-06-01
HAL,57.72357723577236,42.27642276422765,91.28485846525469,,20.0,-15.447154471544714,47.0,67.0,16,2024-06-01
ADANIPORTS,59.34959349593496,40.65040650406504,62.125337480207165,,47.0,-18.699186991869922,22.0,69.0,17,2024-06-01
VEDL,57.72357723577236,41.46341463414634,73.95702963870805,,33.0,-16.26016260162602,42.0,75.0,18,2024-06-01
ANANDRATHI,59.34959349593496,40.65040650406504,56.335750638095774,,52.0,-18.699186991869922,23.0,75.0,19,2024-06-01
TECHNOE,57.72357723577236,42.27642276422765,88.30379085490463,,22.0,-15.447154471544714,54.0,76.0,20,2024-06-01
GVT&D,60.65573770491803,39.34426229508197,143.14902734874718,,4.0,-21.311475409836063,11.0,15.0,1,2024-07-01
CUMMINSIND,64.75409836065575,35.24590163934426,95.83816401752918,,13.0,-29.508196721311485,2.0,15.0,2,2024-07-01
RVNL,59.83606557377049,39.34426229508197,112.6425968140643,,9.0,-20.491803278688522,13.0,22.0,3,2024-07-01
MOTHERSON,62.295081967213115,37.704918032786885,75.28271775638919,,21.0,-24.59016393442623,6.0,27.0,4,2024-07-01
SIEMENS,61.47540983606557,38.52459016393443,80.17729791767366,,19.0,-22.950819672131146,10.0,29.0,5,2024-07-01
OIL,61.47540983606557,37.704918032786885,64.25391324753578,,36.0,-23.770491803278688,8.0,44.0,6,2024-07-01
ABB,59.83606557377049,40.16393442622951,68.5970597134688,,30.0,-19.67213114754098,14.0,44.0,7,2024-07-01
DIXON,63.114754098360656,36.885245901639344,60.63241732892166,,44.0,-26.229508196721312,4.0,48.0,8,2024-07-01
JSWENERGY,59.01639344262295,40.98360655737705,73.79826774448233,,23.0,-18.032786885245898,25.0,48.0,9,2024-07-01
JWL,58.19672131147541,41.80327868852459,101.17213884254058,,12.0,-16.393442622950815,36.0,48.0,10,2024-07-01
BDL,58.19672131147541,41.80327868852459,76.33702500690987,,20.0,-16.393442622950815,30.0,50.0,11,2024-07-01
SCHNEIDER,58.19672131147541,41.80327868852459,93.67440484375027,,15.0,-16.393442622950815,39.0,54.0,12,2024-07-01
HAL,59.01639344262295,40.98360655737705,67.67176396271839,,31.0,-18.032786885245898,24.0,55.0,13,2024-07-01
THERMAX,59.01639344262295,40.16393442622951,63.339932358746424,,38.0,-18.85245901639344,22.0,60.0,14,2024-07-01
INDUSTOWER,59.83606557377049,40.16393442622951,60.08512667502293,,45.0,-19.67213114754098,16.0,61.0,15,2024-07-01
KIRLOSBROS,57.377049180327866,42.62295081967213,105.15269334473874,,11.0,-14.754098360655739,51.0,62.0,16,2024-07-01
BEL,63.114754098360656,36.0655737704918,47.63353101407386,,63.0,-27.049180327868854,3.0,66.0,17,2024-07-01
ANANDRATHI,59.83606557377049,40.16393442622951,49.45925699139071,,56.0,-19.67213114754098,15.0,71.0,18,2024-07-01
BLUESTARCO,58.19672131147541,41.80327868852459,60.890766736156785,,43.0,-16.393442622950815,32.0,75.0,19,2024-07-01
GODREJPROP,59.01639344262295,40.98360655737705,50.63270828208135,,55.0,-18.032786885245898,23.0,78.0,20,2024-07-01
DIXON,65.57377049180327,34.42622950819672,68.48218555164729,,23.0,-31.147540983606554,1.0,24.0,1,2024-08-01
OIL,59.83606557377049,40.16393442622951,77.009982200764,,14.0,-19.67213114754098,13.0,27.0,2,2024-08-01
MOTHERSON,61.47540983606557,38.52459016393443,63.6657839769257,,27.0,-22.950819672131146,5.0,32.0,3,2024-08-01
CUMMINSIND,62.295081967213115,37.704918032786885,61.56383214773853,,31.0,-24.59016393442623,3.0,34.0,4,2024-08-01
TRENT,59.01639344262295,40.98360655737705,75.36708184216599,,17.0,-18.032786885245898,22.0,39.0,5,2024-08-01
SIEMENS,62.295081967213115,37.704918032786885,58.73953209961549,,38.0,-24.59016393442623,4.0,42.0,6,2024-08-01
TECHNOE,58.19672131147541,41.80327868852459,88.53780690891473,,10.0,-16.393442622950815,35.0,45.0,7,2024-08-01
GVT&D,57.377049180327866,42.62295081967213,90.7123072508343,,8.0,-14.754098360655739,45.0,53.0,8,2024-08-01
BEL,63.114754098360656,36.0655737704918,50.8894335623384,,52.0,-27.049180327868854,2.0,54.0,9,2024-08-01
ABB,59.83606557377049,40.16393442622951,55.39122958247829,,46.0,-19.67213114754098,9.0,55.0,10,2024-08-01
INDUSTOWER,58.19672131147541,41.80327868852459,62.5624873236845,,28.0,-16.393442622950815,31.0,59.0,11,2024-08-01
BASF,57.377049180327866,42.62295081967213,74.1850008463126,,19.0,-14.754098360655739,40.0,59.0,12,2024-08-01
GLENMARK,59.01639344262295,40.16393442622951,54.43200676499007,,48.0,-18.85245901639344,15.0,63.0,13,2024-08-01
RVNL,56.557377049180324,42.62295081967213,81.97264386813285,,12.0,-13.934426229508198,53.0,65.0,14,2024-08-01
DOMS,57.377049180327866,42.62295081967213,66.4295977602477,,24.0,-14.754098360655739,42.0,66.0,15,2024-08-01
ETERNAL,58.19672131147541,41.80327868852459,58.86338926820649,,37.0,-16.393442622950815,30.0,67.0,16,2024-08-01
THERMAX,58.19672131147541,40.98360655737705,51.94543048157774,,49.0,-17.213114754098356,25.0,74.0,17,2024-08-01
M&M,57.377049180327866,42.62295081967213,61.8960772055583,,30.0,-14.754098360655739,48.0,78.0,18,2024-08-01
KALYANKJIL,56.557377049180324,43.44262295081967,74.20939007160148,,18.0,-13.114754098360656,64.0,82.0,19,2024-08-01
VOLTAS,60.65573770491803,39.34426229508197,40.8111553292978,,76.0,-21.311475409836063,8.0,84.0,20,2024-08-01
TECHNOE,60.65573770491803,39.34426229508197,103.08202814226588,,7.0,-21.311475409836063,10.0,17.0,1,2024-09-01
GLENMARK,63.934426229508205,36.0655737704918,79.0603715550407,,14.0,-27.868852459016402,3.0,17.0,2,2024-09-01
DIXON,61.47540983606557,38.52459016393443,74.2274651234791,,19.0,-22.950819672131146,7.0,26.0,3,2024-09-01
OIL,59.83606557377049,40.16393442622951,74.81465654067489,,17.0,-19.67213114754098,13.0,30.0,4,2024-09-01
LTFOODS,58.19672131147541,40.98360655737705,84.34748766336284,,10.0,-17.213114754098356,21.0,31.0,5,2024-09-01
DOMS,58.19672131147541,41.80327868852459,76.79279354714987,,15.0,-16.393442622950815,22.0,37.0,6,2024-09-01
RVNL,56.557377049180324,42.62295081967213,126.11246728582199,,2.0,-13.934426229508198,37.0,39.0,7,2024-09-01
MOTHERSON,62.295081967213115,37.704918032786885,57.42092896184301,,34.0,-24.59016393442623,6.0,40.0,8,2024-09-01
ERIS,64.75409836065575,35.24590163934426,54.508688100118775,,39.0,-29.508196721311485,2.0,41.0,9,2024-09-01
DEEPAKFERT,56.557377049180324,43.44262295081967,100.27468565939697,,8.0,-13.114754098360656,45.0,53.0,10,2024-09-01
VOLTAS,60.65573770491803,39.34426229508197,51.08546452361913,,45.0,-21.311475409836063,11.0,56.0,11,2024-09-01
NAVA,57.377049180327866,42.62295081967213,66.51287116990257,,23.0,-14.754098360655739,35.0,58.0,12,2024-09-01
AJANTPHARM,62.295081967213115,37.704918032786885,47.86849805816578,,59.0,-24.59016393442623,4.0,63.0,13,2024-09-01
COLPAL,64.75409836065575,35.24590163934426,43.0609584599331,,72.0,-29.508196721311485,1.0,73.0,14,2024-09-01
EMAMILTD,56.557377049180324,43.44262295081967,63.5633587332906,,27.0,-13.114754098360656,48.0,75.0,15,2024-09-01
TRENT,56.557377049180324,43.44262295081967,73.88810527522061,,20.0,-13.114754098360656,57.0,77.0,16,2024-09-01
NATCOPHARM,58.19672131147541,41.80327868852459,49.43414357782987,,53.0,-16.393442622950815,27.0,80.0,17,2024-09-01
INDUSTOWER,57.377049180327866,42.62295081967213,50.599173302414926,,47.0,-14.754098360655739,33.0,80.0,18,2024-09-01
VEDL,56.557377049180324,42.62295081967213,52.23957588515618,,42.0,-13.934426229508198,38.0,80.0,19,2024-09-01
COROMANDEL,56.557377049180324,43.44262295081967,54.88648756833883,,37.0,-13.114754098360656,44.0,81.0,20,2024-09-01
NAVA,59.67741935483871,40.32258064516129,120.02383934726959,,4.0,-19.354838709677423,10.0,14.0,1,2024-10-01
ANANTRAJ,58.87096774193549,40.32258064516129,114.68581289913998,,5.0,-18.5483870967742,11.0,16.0,2,2024-10-01
PCBL,58.87096774193549,40.32258064516129,97.71167246420632,,8.0,-18.5483870967742,12.0,20.0,3,2024-10-01
MOTHERSON,62.903225806451616,37.096774193548384,75.69194406743496,,30.0,-25.80645161290323,2.0,32.0,4,2024-10-01
DIXON,58.87096774193549,41.12903225806452,78.55302106850301,,27.0,-17.741935483870968,14.0,41.0,5,2024-10-01
LTFOODS,58.06451612903226,41.12903225806452,78.9049470513971,,26.0,-16.935483870967744,18.0,44.0,6,2024-10-01
GLENMARK,59.67741935483871,40.32258064516129,70.46626480270707,,37.0,-19.354838709677423,9.0,46.0,7,2024-10-01
PGEL,56.451612903225815,43.54838709677419,205.65722337362388,,1.0,-12.903225806451623,48.0,49.0,8,2024-10-01
SARDAEN,56.451612903225815,41.935483870967744,93.84740055213408,,12.0,-14.516129032258071,39.0,51.0,9,2024-10-01
HSCL,56.451612903225815,43.54838709677419,95.82334435440787,,9.0,-12.903225806451623,45.0,54.0,10,2024-10-01
PPLPHARMA,58.06451612903226,41.12903225806452,71.03916680464344,,36.0,-16.935483870967744,19.0,55.0,11,2024-10-01
DOMS,58.06451612903226,41.935483870967744,72.33103729284748,,34.0,-16.12903225806452,25.0,59.0,12,2024-10-01
DEEPAKFERT,55.64516129032258,44.354838709677416,101.12082850855906,,7.0,-11.29032258064516,60.0,67.0,13,2024-10-01
ERIS,62.903225806451616,37.096774193548384,52.271287096182625,,67.0,-25.80645161290323,1.0,68.0,14,2024-10-01
BASF,55.64516129032258,44.354838709677416,94.00538262733271,,11.0,-11.29032258064516,58.0,69.0,15,2024-10-01
VOLTAS,60.483870967741936,39.516129032258064,54.92910359602061,,64.0,-20.967741935483872,5.0,69.0,16,2024-10-01
DIVISLAB,59.67741935483871,40.32258064516129,55.20622361815091,,62.0,-19.354838709677423,8.0,70.0,17,2024-10-01
MCX,58.87096774193549,41.12903225806452,57.41024694387651,,56.0,-17.741935483870968,15.0,71.0,18,2024-10-01
TECHNOE,56.451612903225815,43.54838709677419,84.87343978817312,,22.0,-12.903225806451623,50.0,72.0,19,2024-10-01
TRENT,56.451612903225815,43.54838709677419,82.0800601345329,,24.0,-12.903225806451623,52.0,76.0,20,2024-10-01
ANANTRAJ,59.523809523809526,39.682539682539684,95.18061708447152,,6.0,-19.841269841269842,2.0,8.0,1,2024-11-01
NAVA,57.14285714285714,42.857142857142854,89.45272088916005,,7.0,-14.285714285714285,15.0,22.0,2,2024-11-01
DIXON,60.317460317460316,39.682539682539684,60.96963525413068,,22.0,-20.634920634920633,1.0,23.0,3,2024-11-01
SARDAEN,57.14285714285714,41.269841269841265,68.18688549881422,,18.0,-15.873015873015873,7.0,25.0,4,2024-11-01
KAYNES,56.34920634920635,43.65079365079365,100.52936909672137,,4.0,-12.698412698412696,23.0,27.0,5,2024-11-01
GLENMARK,57.14285714285714,42.857142857142854,61.036217874233365,,21.0,-14.285714285714285,11.0,32.0,6,2024-11-01
MCX,59.523809523809526,40.476190476190474,52.56170334525849,,32.0,-19.04761904761905,3.0,35.0,7,2024-11-01
PPLPHARMA,55.55555555555556,43.65079365079365,81.4762743248045,,10.0,-11.904761904761905,30.0,40.0,8,2024-11-01
COHANCE,55.55555555555556,44.44444444444444,88.55479149738503,,8.0,-11.111111111111114,33.0,41.0,9,2024-11-01
NEULANDLAB,56.34920634920635,43.65079365079365,68.52600870905565,,16.0,-12.698412698412696,26.0,42.0,10,2024-11-01
PERSISTENT,58.730158730158735,41.269841269841265,47.12870351247982,,40.0,-17.46031746031747,6.0,46.0,11,2024-11-01
PGEL,54.761904761904766,45.23809523809524,161.8835499037058,,1.0,-9.523809523809526,47.0,48.0,12,2024-11-01
WOCKPHARMA,55.55555555555556,44.44444444444444,81.0975970801883,,11.0,-11.111111111111114,40.0,51.0,13,2024-11-01
ERIS,58.730158730158735,41.269841269841265,44.35034165042,,49.0,-17.46031746031747,4.0,53.0,14,2024-11-01
LTFOODS,55.55555555555556,44.44444444444444,62.146313189508696,,20.0,-11.111111111111114,34.0,54.0,15,2024-11-01
DIVISLAB,56.34920634920635,43.65079365079365,50.242645515004945,,35.0,-12.698412698412696,21.0,56.0,16,2024-11-01
MOTHERSON,58.730158730158735,41.269841269841265,38.18966139830229,,60.0,-17.46031746031747,5.0,65.0,17,2024-11-01
COFORGE,55.55555555555556,44.44444444444444,48.108261156054354,,36.0,-11.111111111111114,32.0,68.0,18,2024-11-01
JMFINANCIL,54.761904761904766,45.23809523809524,57.11376143870843,,29.0,-9.523809523809526,45.0,74.0,19,2024-11-01
DEEPAKFERT,53.17460317460318,46.82539682539682,95.59566638671325,,5.0,-6.349206349206355,77.0,82.0,20,2024-11-01
NEULANDLAB,60.16260162601627,39.83739837398374,145.43258783201514,,2.0,-20.32520325203253,3.0,5.0,1,2024-12-01
NAVA,57.72357723577236,41.46341463414634,116.30078550523417,,6.0,-16.26016260162602,12.0,18.0,2,2024-12-01
DEEPAKFERT,57.72357723577236,42.27642276422765,124.55439246006583,,3.0,-15.447154471544714,17.0,20.0,3,2024-12-01
SARDAEN,57.72357723577236,41.46341463414634,94.51238927304036,,9.0,-16.26016260162602,13.0,22.0,4,2024-12-01
COHANCE,57.72357723577236,42.27642276422765,101.23957614080803,,8.0,-15.447154471544714,16.0,24.0,5,2024-12-01
KAYNES,58.536585365853654,41.46341463414634,67.23201369637934,,17.0,-17.073170731707314,9.0,26.0,6,2024-12-01
PCBL,58.536585365853654,41.46341463414634,66.11220048083885,,18.0,-17.073170731707314,10.0,28.0,7,2024-12-01
PERSISTENT,60.97560975609756,39.02439024390244,61.10173945365409,,28.0,-21.951219512195124,1.0,29.0,8,2024-12-01
DIXON,60.16260162601627,39.83739837398374,61.184110738443124,,27.0,-20.32520325203253,2.0,29.0,9,2024-12-01
KIMS,59.34959349593496,40.65040650406504,57.715034728162465,,31.0,-18.699186991869922,6.0,37.0,10,2024-12-01
COFORGE,56.91056910569105,43.08943089430895,70.83160981171395,,14.0,-13.821138211382106,24.0,38.0,11,2024-12-01
MCX,57.72357723577236,42.27642276422765,63.435098833830054,,22.0,-15.447154471544714,19.0,41.0,12,2024-12-01
LTFOODS,56.91056910569105,43.08943089430895,70.12428297876552,,15.0,-13.821138211382106,28.0,43.0,13,2024-12-01
ERIS,59.34959349593496,40.65040650406504,49.96112458747359,,40.0,-18.699186991869922,5.0,45.0,14,2024-12-01
WOCKPHARMA,56.09756097560976,43.90243902439025,119.24435396550118,,5.0,-12.195121951219512,42.0,47.0,15,2024-12-01
ANANTRAJ,56.91056910569105,42.27642276422765,61.92978504519422,,26.0,-14.634146341463406,21.0,47.0,16,2024-12-01
KALYANKJIL,56.09756097560976,43.90243902439025,75.612576577048,,13.0,-12.195121951219512,37.0,50.0,17,2024-12-01
JMFINANCIL,56.91056910569105,43.08943089430895,62.46308161844662,,24.0,-13.821138211382106,27.0,51.0,18,2024-12-01
PEL,57.72357723577236,42.27642276422765,45.67034949973026,,43.0,-15.447154471544714,20.0,63.0,19,2024-12-01
OFSS,56.91056910569105,43.08943089430895,53.58058091025788,,34.0,-13.821138211382106,31.0,65.0,20,2024-12-01
SARDAEN,59.199999999999996,40.0,102.28940766441394,,4.0,-19.199999999999996,7.0,11.0,1,2025-01-01
ANANTRAJ,60.0,39.2,80.96942206396886,,8.0,-20.799999999999997,4.0,12.0,2,2025-01-01
KAYNES,60.8,39.2,79.18575684546805,,9.0,-21.599999999999994,3.0,12.0,3,2025-01-01
COFORGE,59.199999999999996,40.8,74.15352728345886,,10.0,-18.4,8.0,18.0,4,2025-01-01
PAYTM,56.8,42.4,137.3341275360982,,2.0,-14.399999999999999,17.0,19.0,5,2025-01-01
BSE,56.8,43.2,100.37801816333753,,5.0,-13.599999999999994,19.0,24.0,6,2025-01-01
KFINTECH,56.8,43.2,84.35216268104138,,7.0,-13.599999999999994,23.0,30.0,7,2025-01-01
PCBL,57.599999999999994,42.4,56.697364246720426,,16.0,-15.199999999999996,14.0,30.0,8,2025-01-01
PERSISTENT,61.6,38.4,41.645134371376535,,34.0,-23.200000000000003,2.0,36.0,9,2025-01-01
ZENTEC,56.00000000000001,44.0,91.47953310935468,,6.0,-12.000000000000007,31.0,37.0,10,2025-01-01
NEULANDLAB,56.00000000000001,44.0,65.28145339363891,,13.0,-12.000000000000007,29.0,42.0,11,2025-01-01
SAGILITY,65.625,34.375,37.80387872166075,,45.0,-31.25,1.0,46.0,12,2025-01-01
LUPIN,59.199999999999996,40.8,40.94162636281682,,37.0,-18.4,10.0,47.0,13,2025-01-01
IPCALAB,56.00000000000001,44.0,50.04213660700891,,22.0,-12.000000000000007,27.0,49.0,14,2025-01-01
WELCORP,56.8,43.2,47.65553108623095,,26.0,-13.599999999999994,25.0,51.0,15,2025-01-01
DIXON,56.8,43.2,42.41617491399992,,33.0,-13.599999999999994,20.0,53.0,16,2025-01-01
LTFOODS,56.8,43.2,45.254327520139896,,29.0,-13.599999999999994,24.0,53.0,17,2025-01-01
LAURUSLABS,56.8,42.4,39.42744880654725,,43.0,-14.399999999999999,16.0,59.0,18,2025-01-01
FORTIS,55.2,44.0,42.478144300427914,,31.0,-11.200000000000003,32.0,63.0,19,2025-01-01
PGEL,53.6,46.400000000000006,156.16685983654003,,1.0,-7.199999999999996,62.0,63.0,20,2025-01-01
BSE,58.730158730158735,41.269841269841265,97.30313682125701,,2.0,-17.46031746031747,3.0,5.0,1,2025-02-01
JSWHL,56.34920634920635,43.65079365079365,133.78386063906444,,1.0,-12.698412698412696,10.0,11.0,2,2025-02-01
SARDAEN,55.55555555555556,43.65079365079365,70.6053302897399,,4.0,-11.904761904761905,12.0,16.0,3,2025-02-01
LLOYDSME,56.34920634920635,43.65079365079365,49.44456698782928,,6.0,-12.698412698412696,11.0,17.0,4,2025-02-01
SAGILITY,56.36363636363636,43.63636363636363,42.66382352632701,,10.0,-12.727272727272727,9.0,19.0,5,2025-02-01
KIMS,57.14285714285714,42.857142857142854,38.15534102236082,,12.0,-14.285714285714285,7.0,19.0,6,2025-02-01
COFORGE,57.14285714285714,42.857142857142854,30.81342821333759,,15.0,-14.285714285714285,5.0,20.0,7,2025-02-01
ASTERDM,55.55555555555556,44.44444444444444,33.59988201007209,,14.0,-11.111111111111114,13.0,27.0,8,2025-02-01
PAYTM,53.96825396825397,45.23809523809524,55.34357213108585,,5.0,-8.730158730158728,23.0,28.0,9,2025-02-01
LAURUSLABS,56.34920634920635,42.857142857142854,22.833194735532402,,22.0,-13.492063492063494,8.0,30.0,10,2025-02-01
DIXON,57.14285714285714,42.857142857142854,21.938188585718386,,24.0,-14.285714285714285,6.0,30.0,11,2025-02-01
MUTHOOTFIN,57.936507936507944,42.06349206349206,20.20858788272808,,29.0,-15.87301587301588,4.0,33.0,12,2025-02-01
PERSISTENT,55.55555555555556,44.44444444444444,23.515960100254098,,20.0,-11.111111111111114,16.0,36.0,13,2025-02-01
CONCORDBIO,53.96825396825397,46.03174603174603,30.769920229739967,,16.0,-7.936507936507937,24.0,40.0,14,2025-02-01
AIIL,53.17460317460318,46.82539682539682,38.36979892492964,,11.0,-6.349206349206355,31.0,42.0,15,2025-02-01
NEULANDLAB,53.17460317460318,46.82539682539682,43.90232527098872,,8.0,-6.349206349206355,35.0,43.0,16,2025-02-01
LTFOODS,55.55555555555556,44.44444444444444,17.350067597668016,,35.0,-11.111111111111114,14.0,49.0,17,2025-02-01
PGEL,52.38095238095239,47.61904761904761,72.15410278068663,,3.0,-4.761904761904773,47.0,50.0,18,2025-02-01
ECLERX,53.96825396825397,46.03174603174603,20.91552097129421,,26.0,-7.936507936507937,25.0,51.0,19,2025-02-01
INDHOTEL,54.761904761904766,45.23809523809524,17.436981131606032,,34.0,-9.523809523809526,20.0,54.0,20,2025-02-01
BSE,56.8,43.2,57.869801534545864,,2.0,-13.599999999999994,3.0,5.0,1,2025-03-01
COFORGE,57.599999999999994,42.4,18.163027125120212,,8.0,-15.199999999999996,1.0,9.0,2,2025-03-01
LLOYDSME,56.00000000000001,44.0,24.83202764167489,,6.0,-12.000000000000007,4.0,10.0,3,2025-03-01
JSWHL,53.6,46.400000000000006,112.08009805160609,,1.0,-7.199999999999996,11.0,12.0,4,2025-03-01
SARDAEN,54.400000000000006,44.800000000000004,28.06098236087231,,4.0,-9.600000000000001,8.0,12.0,5,2025-03-01
MUTHOOTFIN,55.2,44.800000000000004,11.408517441688893,,12.0,-10.399999999999999,6.0,18.0,6,2025-03-01
PGEL,52.0,48.0,41.48818314584521,,3.0,-4.0,16.0,19.0,7,2025-03-01
SAGILITY,52.0,48.0,25.81422790819703,,5.0,-4.0,17.0,22.0,8,2025-03-01
FLUOROCHEM,53.6,46.400000000000006,7.930817464603912,,17.0,-7.199999999999996,10.0,27.0,9,2025-03-01
PAYTM,50.4,48.8,19.40607808235031,,7.0,-1.6000000000000014,22.0,29.0,10,2025-03-01
BAJFINANCE,50.4,47.199999999999996,9.390692667693212,,13.0,-3.200000000000003,19.0,32.0,11,2025-03-01
HDFCBANK,52.0,47.199999999999996,6.144897969903407,,22.0,-4.800000000000004,13.0,35.0,12,2025-03-01
NAVINFLUOR,52.800000000000004,47.199999999999996,5.121426295038201,,25.0,-5.6000000000000085,12.0,37.0,13,2025-03-01
WELCORP,51.2,48.8,8.06122924383319,,16.0,-2.4000000000000057,21.0,37.0,14,2025-03-01
LAURUSLABS,55.2,44.0,4.471584288971386,,33.0,-11.200000000000003,5.0,38.0,15,2025-03-01
DIVISLAB,51.2,48.0,7.1706230455715,,19.0,-3.200000000000003,20.0,39.0,16,2025-03-01
SRF,50.4,49.6,7.35616161756385,,18.0,-0.7999999999999972,25.0,43.0,17,2025-03-01
SBICARD,55.2,44.800000000000004,3.263604084186733,,37.0,-10.399999999999999,7.0,44.0,18,2025-03-01
DIXON,57.599999999999994,42.4,2.3307937319490213,,42.0,-15.199999999999996,2.0,44.0,19,2025-03-01
FORTIS,48.0,51.2,8.211034322387523,,15.0,3.200000000000003,31.0,46.0,20,2025-03-01
TARIL,56.91056910569105,43.08943089430895,80.49708016116965,,2.0,-13.821138211382106,3.0,5.0,1,2025-04-01
BSE,55.28455284552846,44.71544715447154,48.91984122554105,,3.0,-10.569105691056919,6.0,9.0,2,2025-04-01
JSWHL,55.28455284552846,44.71544715447154,128.9966172322196,,1.0,-10.569105691056919,8.0,9.0,3,2025-04-01
LLOYDSME,55.28455284552846,44.71544715447154,32.08385701834515,,5.0,-10.569105691056919,9.0,14.0,4,2025-04-01
LAURUSLABS,56.91056910569105,42.27642276422765,20.89791627705937,,13.0,-14.634146341463406,1.0,14.0,5,2025-04-01
COFORGE,56.91056910569105,43.08943089430895,17.696763112883307,,17.0,-13.821138211382106,2.0,19.0,6,2025-04-01
MUTHOOTFIN,55.28455284552846,43.90243902439025,19.620247886972876,,14.0,-11.382113821138212,5.0,19.0,7,2025-04-01
SAGILITY,53.191489361702125,46.808510638297875,28.601441627935543,,7.0,-6.38297872340425,13.0,20.0,8,2025-04-01
AMBER,52.03252032520326,47.96747967479675,37.665921721822485,,4.0,-4.065040650406509,17.0,21.0,9,2025-04-01
PGEL,52.84552845528455,47.15447154471545,28.49328368176667,,8.0,-5.6910569105691025,16.0,24.0,10,2025-04-01
ASTERDM,52.03252032520326,47.96747967479675,21.872554623602202,,12.0,-4.065040650406509,18.0,30.0,11,2025-04-01
WELCORP,52.03252032520326,47.96747967479675,22.70041007651291,,11.0,-4.065040650406509,21.0,32.0,12,2025-04-01
SARDAEN,53.65853658536586,46.34146341463415,13.913166803934885,,23.0,-7.31707317073171,12.0,35.0,13,2025-04-01
COROMANDEL,52.84552845528455,47.15447154471545,12.425084418781939,,26.0,-5.6910569105691025,14.0,40.0,14,2025-04-01
KOTAKBANK,51.21951219512195,47.96747967479675,14.40541822678647,,21.0,-3.2520325203252014,23.0,44.0,15,2025-04-01
AAVAS,51.21951219512195,48.78048780487805,14.83534331960592,,20.0,-2.439024390243901,24.0,44.0,16,2025-04-01
MAZDOCK,49.59349593495935,50.40650406504065,30.40528152693942,,6.0,0.8130081300813004,38.0,44.0,17,2025-04-01
NAVINFLUOR,52.84552845528455,47.15447154471545,10.784227794535495,,31.0,-5.6910569105691025,15.0,46.0,18,2025-04-01
WOCKPHARMA,51.21951219512195,48.78048780487805,19.076570414371965,,15.0,-2.439024390243901,31.0,46.0,19,2025-04-01
KIMS,52.03252032520326,47.96747967479675,11.332641773483033,,28.0,-4.065040650406509,19.0,47.0,20,2025-04-01
JSWHL,55.00000000000001,45.0,115.08101973214279,,1.0,-10.000000000000007,17.0,18.0,1,2025-05-01
SOLARINDS,55.833333333333336,44.166666666666664,26.22216071584136,,12.0,-11.666666666666671,11.0,23.0,2,2025-05-01
BSE,54.166666666666664,45.83333333333333,49.708751959171124,,3.0,-8.333333333333336,22.0,25.0,3,2025-05-01
NAVINFLUOR,55.00000000000001,45.0,29.08299757699806,,8.0,-10.000000000000007,18.0,26.0,4,2025-05-01
CHAMBLFERT,54.166666666666664,45.83333333333333,39.252052616524445,,6.0,-8.333333333333336,23.0,29.0,5,2025-05-01
SBICARD,57.49999999999999,42.5,19.85764514763502,,26.0,-14.999999999999993,4.0,30.0,6,2025-05-01
INDIGO,55.00000000000001,45.0,24.67617440607586,,16.0,-10.000000000000007,16.0,32.0,7,2025-05-01
LLOYDSME,54.166666666666664,45.0,25.475841917518927,,15.0,-9.166666666666664,19.0,34.0,8,2025-05-01
MANAPPURAM,53.333333333333336,46.666666666666664,42.74872461379731,,5.0,-6.666666666666671,32.0,37.0,9,2025-05-01
KOTAKBANK,53.333333333333336,45.83333333333333,27.80893225890617,,10.0,-7.500000000000007,27.0,37.0,10,2025-05-01
LAURUSLABS,56.666666666666664,42.5,16.45055536477895,,35.0,-14.166666666666664,5.0,40.0,11,2025-05-01
BDL,51.66666666666667,48.333333333333336,44.59931637008698,,4.0,-3.3333333333333357,43.0,47.0,12,2025-05-01
MAZDOCK,51.66666666666667,48.333333333333336,59.16562182890666,,2.0,-3.3333333333333357,45.0,47.0,13,2025-05-01
KFINTECH,55.833333333333336,44.166666666666664,14.78505872805085,,39.0,-11.666666666666671,10.0,49.0,14,2025-05-01
COROMANDEL,52.5,47.5,25.80734526397974,,14.0,-5.0,36.0,50.0,15,2025-05-01
DIXON,58.333333333333336,41.66666666666667,12.725329083774461,,49.0,-16.666666666666664,3.0,52.0,16,2025-05-01
TATACONSUM,56.666666666666664,43.333333333333336,12.937823106945935,,46.0,-13.333333333333329,9.0,55.0,17,2025-05-01
KIMS,53.333333333333336,46.666666666666664,20.7354629141572,,24.0,-6.666666666666671,31.0,55.0,18,2025-05-01
ICICIBANK,60.0,40.0,11.960334888146429,,55.0,-20.0,1.0,56.0,19,2025-05-01
REDINGTON,50.83333333333333,47.5,28.98458144535723,,9.0,-3.3333333333333286,48.0,57.0,20,2025-05-01
SOLARINDS,58.19672131147541,41.80327868852459,51.65377707625336,,6.0,-16.393442622950815,4.0,10.0,1,2025-06-01
BDL,54.91803278688525,45.08196721311475,90.19735242556659,,1.0,-9.836065573770497,17.0,18.0,2,2025-06-01
MANAPPURAM,55.73770491803278,44.26229508196721,50.63330438785072,,8.0,-11.475409836065573,14.0,22.0,3,2025-06-01
BSE,54.09836065573771,45.08196721311475,81.99435431308888,,3.0,-9.016393442622956,20.0,23.0,4,2025-06-01
MAZDOCK,54.09836065573771,45.90163934426229,65.19809561786998,,4.0,-8.196721311475414,30.0,34.0,5,2025-06-01
LLOYDSME,54.09836065573771,45.08196721311475,37.8093716437635,,14.0,-9.016393442622956,21.0,35.0,6,2025-06-01
JSWHL,54.09836065573771,45.90163934426229,47.179860146312926,,10.0,-8.196721311475414,28.0,38.0,7,2025-06-01
POWERINDIA,54.09836065573771,45.90163934426229,51.41655737392708,,7.0,-8.196721311475414,33.0,40.0,8,2025-06-01
SBICARD,58.19672131147541,41.80327868852459,24.66518669186972,,42.0,-16.393442622950815,3.0,45.0,9,2025-06-01
MFSL,54.09836065573771,45.90163934426229,37.77568800791799,,15.0,-8.196721311475414,31.0,46.0,10,2025-06-01
IGL,54.09836065573771,45.90163934426229,32.341335983438825,,24.0,-8.196721311475414,26.0,50.0,11,2025-06-01
APLAPOLLO,56.557377049180324,43.44262295081967,21.364076715478085,,47.0,-13.114754098360656,6.0,53.0,12,2025-06-01
BAJFINANCE,52.459016393442624,45.90163934426229,32.60254403695566,,23.0,-6.557377049180332,36.0,59.0,13,2025-06-01
REDINGTON,53.278688524590166,45.08196721311475,29.580518098383337,,31.0,-8.196721311475414,34.0,65.0,14,2025-06-01
BAJAJHLDNG,52.459016393442624,47.540983606557376,35.48596213801973,,18.0,-4.918032786885249,48.0,66.0,15,2025-06-01
GVT&D,52.459016393442624,47.540983606557376,43.42622434718355,,12.0,-4.918032786885249,55.0,67.0,16,2025-06-01
COROMANDEL,54.09836065573771,45.90163934426229,21.07145129151826,,48.0,-8.196721311475414,23.0,71.0,17,2025-06-01
BHARTIHEXA,53.278688524590166,46.72131147540984,27.73039680253566,,36.0,-6.5573770491803245,37.0,73.0,18,2025-06-01
BEL,52.459016393442624,47.540983606557376,29.288229011630996,,33.0,-4.918032786885249,50.0,83.0,19,2025-06-01
LTF,56.557377049180324,43.44262295081967,14.320423767034907,,75.0,-13.114754098360656,8.0,83.0,20,2025-06-01
SOLARINDS,63.114754098360656,36.885245901639344,76.46998730058858,,3.0,-26.229508196721312,1.0,4.0,1,2025-07-01
MFSL,59.83606557377049,40.16393442622951,49.17107677878887,,16.0,-19.67213114754098,3.0,19.0,2,2025-07-01
REDINGTON,56.557377049180324,43.44262295081967,57.38495298369812,,10.0,-13.114754098360656,16.0,26.0,3,2025-07-01
ABCAPITAL,55.73770491803278,44.26229508196721,58.71441630026164,,8.0,-11.475409836065573,20.0,28.0,4,2025-07-01
MCX,57.377049180327866,42.62295081967213,46.42511488647882,,21.0,-14.754098360655739,12.0,33.0,5,2025-07-01
BDL,54.91803278688525,45.08196721311475,92.00698124070645,,2.0,-9.836065573770497,32.0,34.0,6,2025-07-01
SBICARD,60.65573770491803,39.34426229508197,36.23618690009176,,32.0,-21.311475409836063,2.0,34.0,7,2025-07-01
LTF,57.377049180327866,42.62295081967213,42.60525378479174,,24.0,-14.754098360655739,11.0,35.0,8,2025-07-01
NH,55.73770491803278,44.26229508196721,52.91981830177126,,13.0,-11.475409836065573,27.0,40.0,9,2025-07-01
AUBANK,55.73770491803278,44.26229508196721,42.364818368494326,,25.0,-11.475409836065573,23.0,48.0,10,2025-07-01
HDFCLIFE,55.73770491803278,43.44262295081967,35.78409003426128,,33.0,-12.295081967213115,17.0,50.0,11,2025-07-01
RBLBANK,54.91803278688525,45.08196721311475,55.9856192241909,,11.0,-9.836065573770497,44.0,55.0,12,2025-07-01
POONAWALLA,54.91803278688525,45.08196721311475,51.28105351188954,,15.0,-9.836065573770497,42.0,57.0,13,2025-07-01
NAVINFLUOR,54.91803278688525,45.08196721311475,40.489524101948305,,26.0,-9.836065573770497,39.0,65.0,14,2025-07-01
CUB,58.19672131147541,41.80327868852459,24.282712418580644,,63.0,-16.393442622950815,5.0,68.0,15,2025-07-01
INDIGO,57.377049180327866,42.62295081967213,25.37419383948056,,59.0,-14.754098360655739,10.0,69.0,16,2025-07-01
ENGINERSIN,54.91803278688525,45.08196721311475,35.434843148870485,,34.0,-9.836065573770497,35.0,69.0,17,2025-07-01
BHARTIARTL,56.557377049180324,43.44262295081967,25.80860764675339,,56.0,-13.114754098360656,14.0,70.0,18,2025-07-01
BERGEPAINT,54.91803278688525,45.08196721311475,28.63875208101232,,46.0,-9.836065573770497,33.0,79.0,19,2025-07-01
MANAPPURAM,54.09836065573771,45.90163934426229,44.83638224850468,,23.0,-8.196721311475414,56.0,79.0,20,2025-07-01
GVT&D,58.19672131147541,41.80327868852459,66.89364137784285,,5.0,-16.393442622950815,4.0,9.0,1,2025-08-01
SCHNEIDER,57.377049180327866,42.62295081967213,53.741053742363555,,9.0,-14.754098360655739,10.0,19.0,2,2025-08-01
BOSCHLTD,57.377049180327866,41.80327868852459,44.21922238793623,,18.0,-15.573770491803273,6.0,24.0,3,2025-08-01
COROMANDEL,55.73770491803278,44.26229508196721,54.77852950415469,,8.0,-11.475409836065573,21.0,29.0,4,2025-08-01
LAURUSLABS,59.83606557377049,40.16393442622951,41.37389153811719,,28.0,-19.67213114754098,1.0,29.0,5,2025-08-01
AIIL,56.557377049180324,43.44262295081967,43.211050322837295,,22.0,-13.114754098360656,14.0,36.0,6,2025-08-01
ANANDRATHI,57.377049180327866,42.62295081967213,41.491311160190826,,27.0,-14.754098360655739,9.0,36.0,7,2025-08-01
SOLARINDS,57.377049180327866,42.62295081967213,41.2000220722718,,29.0,-14.754098360655739,11.0,40.0,8,2025-08-01
IIFL,55.73770491803278,44.26229508196721,44.630464561110614,,16.0,-11.475409836065573,25.0,41.0,9,2025-08-01
GLAND,58.19672131147541,41.80327868852459,33.95137070055563,,48.0,-16.393442622950815,3.0,51.0,10,2025-08-01
MFSL,59.01639344262295,40.98360655737705,33.814503507892944,,50.0,-18.032786885245898,2.0,52.0,11,2025-08-01
JKCEMENT,55.73770491803278,43.44262295081967,38.53117524588856,,35.0,-12.295081967213115,18.0,53.0,12,2025-08-01
JMFINANCIL,55.73770491803278,43.44262295081967,37.30473877402461,,39.0,-12.295081967213115,19.0,58.0,13,2025-08-01
SYRMA,56.557377049180324,43.44262295081967,34.79840979841609,,46.0,-13.114754098360656,16.0,62.0,14,2025-08-01
MCX,55.73770491803278,44.26229508196721,36.31748849891372,,43.0,-11.475409836065573,26.0,69.0,15,2025-08-01
POWERINDIA,53.278688524590166,46.72131147540984,67.57548889782478,,4.0,-6.5573770491803245,78.0,82.0,16,2025-08-01
HEG,53.278688524590166,46.72131147540984,55.429185095705094,,7.0,-6.5573770491803245,76.0,83.0,17,2025-08-01
ABCAPITAL,53.278688524590166,46.72131147540984,44.74892348221642,,15.0,-6.5573770491803245,69.0,84.0,18,2025-08-01
PAYTM,54.09836065573771,45.90163934426229,40.14562966666999,,30.0,-8.196721311475414,62.0,92.0,19,2025-08-01
GLENMARK,53.278688524590166,46.72131147540984,44.32230202724583,,17.0,-6.5573770491803245,75.0,92.0,20,2025-08-01
AIIL,60.33057851239669,39.66942148760331,102.75271839989917,,4.0,-20.661157024793383,4.0,8.0,1,2025-09-01
GVT&D,58.67768595041323,41.32231404958678,107.9540947400758,,2.0,-17.355371900826448,8.0,10.0,2,2025-09-01
JMFINANCIL,58.67768595041323,40.49586776859504,95.2017809966774,,5.0,-18.181818181818187,6.0,11.0,3,2025-09-01
SYRMA,58.67768595041323,41.32231404958678,74.53354745652265,,9.0,-17.355371900826448,11.0,20.0,4,2025-09-01
MFSL,62.8099173553719,37.1900826446281,63.85774833965776,,19.0,-25.619834710743802,1.0,20.0,5,2025-09-01
DELHIVERY,57.85123966942148,42.14876033057851,72.84485120632758,,10.0,-15.70247933884297,13.0,23.0,6,2025-09-01
DATAPATTNS,57.02479338842975,42.97520661157025,78.05808053490777,,8.0,-14.049586776859499,18.0,26.0,7,2025-09-01
LAURUSLABS,58.67768595041323,41.32231404958678,61.13576750539287,,24.0,-17.355371900826448,9.0,33.0,8,2025-09-01
JKCEMENT,58.67768595041323,40.49586776859504,55.04236266497842,,34.0,-18.181818181818187,5.0,39.0,9,2025-09-01
BOSCHLTD,60.33057851239669,38.84297520661157,54.21534943012705,,36.0,-21.48760330578512,3.0,39.0,10,2025-09-01
HBLENGINE,57.85123966942148,42.14876033057851,59.71189531609726,,27.0,-15.70247933884297,14.0,41.0,11,2025-09-01
SOLARINDS,57.02479338842975,42.97520661157025,63.2043434101657,,21.0,-14.049586776859499,28.0,49.0,12,2025-09-01
INTELLECT,57.02479338842975,42.97520661157025,57.30221933872364,,29.0,-14.049586776859499,21.0,50.0,13,2025-09-01
NYKAA,58.67768595041323,41.32231404958678,51.53002033537668,,44.0,-17.355371900826448,10.0,54.0,14,2025-09-01
MCX,57.02479338842975,42.97520661157025,53.4334347870488,,38.0,-14.049586776859499,23.0,61.0,15,2025-09-01
BEML,55.371900826446286,44.62809917355372,65.33350136296451,,17.0,-10.743801652892564,50.0,67.0,16,2025-09-01
POLYCAB,57.02479338842975,42.97520661157025,50.13121003394056,,48.0,-14.049586776859499,25.0,73.0,17,2025-09-01
ABCAPITAL,54.54545454545454,45.45454545454545,80.70561864729548,,7.0,-9.090909090909086,67.0,74.0,18,2025-09-01
LTF,56.19834710743802,43.80165289256198,53.97661831058704,,37.0,-12.396694214876035,39.0,76.0,19,2025-09-01
GMDCLTD,55.371900826446286,44.62809917355372,62.23857906982335,,23.0,-10.743801652892564,55.0,78.0,20,2025-09-01
AIIL,58.06451612903226,41.935483870967744,76.79333609620404,,4.0,-16.12903225806452,4.0,8.0,1,2025-10-01
DATAPATTNS,58.06451612903226,41.935483870967744,53.34146990645785,,14.0,-16.12903225806452,6.0,20.0,2,2025-10-01
LTF,58.06451612903226,41.935483870967744,55.59163544638173,,13.0,-16.12903225806452,9.0,22.0,3,2025-10-01
DELHIVERY,57.25806451612904,42.74193548387097,63.2840487689321,,6.0,-14.516129032258071,16.0,22.0,4,2025-10-01
GVT&D,56.451612903225815,43.54838709677419,85.2786728459278,,3.0,-12.903225806451623,21.0,24.0,5,2025-10-01
HYUNDAI,58.06451612903226,41.935483870967744,47.14814646409869,,22.0,-16.12903225806452,7.0,29.0,6,2025-10-01
POLYCAB,58.06451612903226,41.935483870967744,44.86342422187193,,29.0,-16.12903225806452,11.0,40.0,7,2025-10-01
HINDCOPPER,57.25806451612904,41.935483870967744,45.405371695768125,,27.0,-15.322580645161295,14.0,41.0,8,2025-10-01
SYRMA,55.64516129032258,44.354838709677416,61.13384597696749,,7.0,-11.29032258064516,38.0,45.0,9,2025-10-01
TATAINVEST,54.83870967741935,44.354838709677416,64.8224586984859,,5.0,-10.483870967741936,43.0,48.0,10,2025-10-01
HEROMOTOCO,56.451612903225815,43.54838709677419,45.68210610958112,,25.0,-12.903225806451623,23.0,48.0,11,2025-10-01
MFSL,59.67741935483871,40.32258064516129,36.235391695630035,,50.0,-19.354838709677423,2.0,52.0,12,2025-10-01
BOSCHLTD,58.06451612903226,41.12903225806452,35.755070450463776,,52.0,-16.935483870967744,3.0,55.0,13,2025-10-01
INTELLECT,56.451612903225815,43.54838709677419,44.82038260507461,,30.0,-12.903225806451623,26.0,56.0,14,2025-10-01
ABCAPITAL,54.83870967741935,45.16129032258064,55.932919079772915,,12.0,-9.677419354838712,44.0,56.0,15,2025-10-01
NETWEB,54.83870967741935,45.16129032258064,128.13601840308215,,1.0,-9.677419354838712,57.0,58.0,16,2025-10-01
LAURUSLABS,58.06451612903226,41.935483870967744,35.97219142389312,,51.0,-16.12903225806452,8.0,59.0,17,2025-10-01
ETERNAL,54.83870967741935,45.16129032258064,57.90825710394068,,9.0,-9.677419354838712,51.0,60.0,18,2025-10-01
HBLENGINE,56.451612903225815,43.54838709677419,39.093887324684864,,40.0,-12.903225806451623,22.0,62.0,19,2025-10-01
IIFL,54.83870967741935,45.16129032258064,57.35920960413148,,10.0,-9.677419354838712,54.0,64.0,20,2025-10-01
HBLENGINE,61.904761904761905,38.095238095238095,77.75402787617583,,3.0,-23.80952380952381,1.0,4.0,1,2025-11-01
IIFL,56.34920634920635,43.65079365079365,68.2689347089827,,7.0,-12.698412698412696,18.0,25.0,2,2025-11-01
LAURUSLABS,58.730158730158735,41.269841269841265,47.48500512850426,,23.0,-17.46031746031747,3.0,26.0,3,2025-11-01
LTF,57.14285714285714,42.857142857142854,49.602196541325874,,20.0,-14.285714285714285,11.0,31.0,4,2025-11-01
HINDCOPPER,56.34920634920635,43.65079365079365,53.591589938700835,,16.0,-12.698412698412696,17.0,33.0,5,2025-11-01
HEROMOTOCO,57.14285714285714,42.857142857142854,46.1337095223199,,26.0,-14.285714285714285,9.0,35.0,6,2025-11-01
NETWEB,55.55555555555556,44.44444444444444,142.70182548591066,,1.0,-11.111111111111114,34.0,35.0,7,2025-11-01
INTELLECT,57.14285714285714,42.857142857142854,45.72953524585082,,27.0,-14.285714285714285,10.0,37.0,8,2025-11-01
FORTIS,56.34920634920635,43.65079365079365,45.722282054725774,,28.0,-12.698412698412696,15.0,43.0,9,2025-11-01
INDIANB,56.34920634920635,43.65079365079365,44.798787393971516,,29.0,-12.698412698412696,19.0,48.0,10,2025-11-01
AIIL,54.761904761904766,45.23809523809524,72.04811260137927,,6.0,-9.523809523809526,42.0,48.0,11,2025-11-01
DELHIVERY,55.55555555555556,44.44444444444444,49.44634710235469,,21.0,-11.111111111111114,29.0,50.0,12,2025-11-01
ANANDRATHI,54.761904761904766,45.23809523809524,67.6160512939939,,8.0,-9.523809523809526,43.0,51.0,13,2025-11-01
POLYCAB,57.14285714285714,42.857142857142854,40.33986195754624,,42.0,-14.285714285714285,13.0,55.0,14,2025-11-01
GLAND,56.34920634920635,43.65079365079365,38.74923870397345,,45.0,-12.698412698412696,16.0,61.0,15,2025-11-01
CUMMINSIND,54.761904761904766,45.23809523809524,50.65973265127359,,19.0,-9.523809523809526,46.0,65.0,16,2025-11-01
PAYTM,55.55555555555556,44.44444444444444,44.76328560896743,,30.0,-11.111111111111114,36.0,66.0,17,2025-11-01
HINDALCO,57.936507936507944,42.06349206349206,32.81371920761116,,62.0,-15.87301587301588,4.0,66.0,18,2025-11-01
HYUNDAI,55.55555555555556,44.44444444444444,41.07521569556531,,39.0,-11.111111111111114,32.0,71.0,19,2025-11-01
CANBK,55.55555555555556,44.44444444444444,37.43425922290944,,48.0,-11.111111111111114,27.0,75.0,20,2025-11-01
LAURUSLABS,59.67741935483871,40.32258064516129,58.74608039426212,,3.0,-19.354838709677423,1.0,4.0,1,2025-12-01
LTF,57.25806451612904,42.74193548387097,62.07186307996335,,1.0,-14.516129032258071,9.0,10.0,2,2025-12-01
HEROMOTOCO,58.06451612903226,41.935483870967744,41.39816332614663,,12.0,-16.12903225806452,4.0,16.0,3,2025-12-01
MUTHOOTFIN,54.03225806451613,45.16129032258064,59.99182978569437,,2.0,-8.870967741935488,29.0,31.0,4,2025-12-01
PAYTM,55.64516129032258,44.354838709677416,40.297263466692314,,13.0,-11.29032258064516,19.0,32.0,5,2025-12-01
MARUTI,55.64516129032258,44.354838709677416,36.32405831216434,,17.0,-11.29032258064516,18.0,35.0,6,2025-12-01
HBLENGINE,56.451612903225815,43.54838709677419,30.9194464290365,,24.0,-12.903225806451623,14.0,38.0,7,2025-12-01
HINDALCO,57.25806451612904,42.74193548387097,26.45105799084908,,32.0,-14.516129032258071,8.0,40.0,8,2025-12-01
ABCAPITAL,53.2258064516129,46.774193548387096,50.67656979266406,,4.0,-6.451612903225801,43.0,47.0,9,2025-12-01
M&MFIN,53.2258064516129,45.96774193548387,41.67427598586846,,10.0,-7.258064516129025,41.0,51.0,10,2025-12-01
NYKAA,54.83870967741935,45.16129032258064,29.763498640119714,,26.0,-9.677419354838712,26.0,52.0,11,2025-12-01
POLYCAB,55.64516129032258,44.354838709677416,25.39124628324483,,38.0,-11.29032258064516,20.0,58.0,12,2025-12-01
EICHERMOT,55.64516129032258,44.354838709677416,24.60173857276169,,42.0,-11.29032258064516,16.0,58.0,13,2025-12-01
MCX,54.03225806451613,45.96774193548387,34.83278976531798,,20.0,-8.064516129032256,39.0,59.0,14,2025-12-01
SYRMA,53.2258064516129,46.774193548387096,46.04271321880342,,7.0,-6.451612903225801,57.0,64.0,15,2025-12-01
INDIANB,54.03225806451613,45.96774193548387,29.557360193157002,,27.0,-8.064516129032256,37.0,64.0,16,2025-12-01
NATIONALUM,53.2258064516129,46.774193548387096,41.646223672185954,,11.0,-6.451612903225801,54.0,65.0,17,2025-12-01
LTIM,57.25806451612904,42.74193548387097,21.49698848327497,,55.0,-14.516129032258071,10.0,65.0,18,2025-12-01
CUMMINSIND,53.2258064516129,46.774193548387096,36.19779727396608,,18.0,-6.451612903225801,47.0,65.0,19,2025-12-01
AUBANK,53.2258064516129,46.774193548387096,31.924897713469424,,23.0,-6.451612903225801,45.0,68.0,20,2025-12-01
