Ticker,Positive,Negative,Momentum,ISIN Code,Rank_Mom,FIP,FIP_rank,Combined_Rank,Real_Rank,End_Date
TITAN,61.15702479338842,38.84297520661157,46.794224488784984,INE280A01028,7.0,-22.314049586776854,1.0,8.0,1,2019-07-01
RECLTD,56.19834710743802,40.49586776859504,44.45617248931624,INE020B01018,11.0,-15.702479338842977,9.0,20.0,2,2019-07-01
AAVAS,54.54545454545454,44.62809917355372,67.53345226760945,INE216P01012,2.0,-9.917355371900818,20.0,22.0,3,2019-07-01
DCMSHRIRAM,54.54545454545454,44.62809917355372,53.615587799529685,INE499A01024,4.0,-9.917355371900818,21.0,25.0,4,2019-07-01
UPL,61.15702479338842,38.84297520661157,29.574882577521343,INE628A01036,23.0,-22.314049586776854,2.0,25.0,5,2019-07-01
HDFCAMC,57.02479338842975,42.97520661157025,29.41144300582259,INE127D01025,24.0,-14.049586776859499,11.0,35.0,6,2019-07-01
JKCEMENT,54.54545454545454,45.45454545454545,38.91649416793263,INE823G01014,13.0,-9.090909090909086,24.0,37.0,7,2019-07-01
GODREJPROP,53.71900826446281,46.28099173553719,48.523565564048575,INE484J01027,6.0,-7.4380165289256155,31.0,37.0,8,2019-07-01
TANLA,52.066115702479344,45.45454545454545,121.99731140148442,INE483C01032,1.0,-6.611570247933891,36.0,37.0,9,2019-07-01
SRF,53.71900826446281,46.28099173553719,57.458736663428624,INE647A01010,3.0,-7.4380165289256155,35.0,38.0,10,2019-07-01
PNCINFRA,57.02479338842975,42.97520661157025,28.848880402338906,INE195J01029,26.0,-14.049586776859499,12.0,38.0,11,2019-07-01
SHREECEM,60.33057851239669,39.66942148760331,24.22320812415577,INE070A01015,36.0,-20.661157024793383,3.0,39.0,12,2019-07-01
BATAINDIA,59.50413223140496,40.49586776859504,23.434664891456425,INE176A01028,38.0,-19.00826446280992,4.0,42.0,13,2019-07-01
BALRAMCHIN,58.67768595041323,40.49586776859504,22.654487325550043,INE119A01028,40.0,-18.181818181818187,5.0,45.0,14,2019-07-01
BAJAJFINSV,55.371900826446286,43.80165289256198,25.373813109053557,INE918I01026,31.0,-11.570247933884303,15.0,46.0,15,2019-07-01
PIIND,53.71900826446281,46.28099173553719,35.41586849626308,INE603J01030,15.0,-7.4380165289256155,33.0,48.0,16,2019-07-01
ASTRAZEN,52.892561983471076,47.107438016528924,50.784489407688646,INE203A01020,5.0,-5.785123966942152,44.0,49.0,17,2019-07-01
BAJFINANCE,52.892561983471076,46.28099173553719,32.934950524258475,INE296A01024,18.0,-6.611570247933884,38.0,56.0,18,2019-07-01
ICICIGI,56.19834710743802,42.97520661157025,21.292621698161398,INE765G01017,45.0,-13.223140495867767,13.0,58.0,19,2019-07-01
SIEMENS,54.54545454545454,45.45454545454545,22.52080618249297,INE003A01024,41.0,-9.090909090909086,25.0,66.0,20,2019-07-01
HDFCAMC,59.50413223140496,40.49586776859504,48.53232161120478,INE127D01025,3.0,-19.00826446280992,1.0,4.0,1,2019-08-01
ICICIGI,59.50413223140496,40.49586776859504,31.64613561318026,INE765G01017,12.0,-19.00826446280992,2.0,14.0,2,2019-08-01
BALRAMCHIN,58.67768595041323,40.49586776859504,24.989429176540767,INE119A01028,21.0,-18.181818181818187,4.0,25.0,3,2019-08-01
JKCEMENT,55.371900826446286,44.62809917355372,34.86359936110674,INE823G01014,9.0,-10.743801652892564,18.0,27.0,4,2019-08-01
PIIND,57.02479338842975,42.97520661157025,26.416340430551433,INE603J01030,18.0,-14.049586776859499,9.0,27.0,5,2019-08-01
REDINGTON,54.54545454545454,44.62809917355372,42.32095173111687,INE891D01026,5.0,-9.917355371900818,23.0,28.0,6,2019-08-01
SHREECEM,56.19834710743802,43.80165289256198,26.017511773038194,INE070A01015,19.0,-12.396694214876035,12.0,31.0,7,2019-08-01
ICICIPRULI,55.371900826446286,44.62809917355372,27.353206022935694,INE726G01019,16.0,-10.743801652892564,17.0,33.0,8,2019-08-01
AAVAS,52.892561983471076,46.28099173553719,62.97712019941266,INE216P01012,2.0,-6.611570247933884,33.0,35.0,9,2019-08-01
PNCINFRA,56.19834710743802,43.80165289256198,21.99561514990438,INE195J01029,26.0,-12.396694214876035,11.0,37.0,10,2019-08-01
ULTRACEMCO,56.19834710743802,43.80165289256198,22.17696890674137,INE481G01011,24.0,-12.396694214876035,13.0,37.0,11,2019-08-01
SBILIFE,57.02479338842975,42.97520661157025,20.938035912377174,INE123W01016,28.0,-14.049586776859499,10.0,38.0,12,2019-08-01
MUTHOOTFIN,53.71900826446281,45.45454545454545,27.81713050248802,INE414G01012,15.0,-8.264462809917354,28.0,43.0,13,2019-08-01
RECLTD,54.54545454545454,42.14876033057851,20.84728384919763,INE020B01018,29.0,-12.396694214876028,14.0,43.0,14,2019-08-01
BAJFINANCE,55.371900826446286,43.80165289256198,20.592335146123375,INE296A01024,31.0,-11.570247933884303,15.0,46.0,15,2019-08-01
GUJGASLTD,52.892561983471076,47.107438016528924,32.94161280408434,INE844O01030,11.0,-5.785123966942152,36.0,47.0,16,2019-08-01
RITES,52.066115702479344,45.45454545454545,27.240134013647378,INE320J01015,17.0,-6.611570247933891,32.0,49.0,17,2019-08-01
NAM-INDIA,49.586776859504134,46.28099173553719,74.77732374376018,INE298J01013,1.0,-3.305785123966942,54.0,55.0,18,2019-08-01
JUSTDIAL,52.066115702479344,47.93388429752066,34.81832765333501,INE599M01018,10.0,-4.132231404958681,48.0,58.0,19,2019-08-01
INDIGO,52.066115702479344,47.93388429752066,28.941195609132553,INE646L01027,14.0,-4.132231404958681,47.0,61.0,20,2019-08-01
HDFCAMC,60.33057851239669,39.66942148760331,76.28826357807037,INE127D01025,1.0,-20.661157024793383,1.0,2.0,1,2019-09-01
GUJGASLTD,55.371900826446286,44.62809917355372,48.401906797273654,INE844O01030,4.0,-10.743801652892564,13.0,17.0,2,2019-09-01
ICICIGI,57.85123966942148,42.14876033057851,35.92113576266349,INE765G01017,14.0,-15.70247933884297,5.0,19.0,3,2019-09-01
SBILIFE,59.50413223140496,40.49586776859504,33.33936251629175,INE123W01016,16.0,-19.00826446280992,3.0,19.0,4,2019-09-01
INDIGO,54.54545454545454,45.45454545454545,46.56549007663293,INE646L01027,5.0,-9.090909090909086,17.0,22.0,5,2019-09-01
PNCINFRA,57.85123966942148,42.14876033057851,32.64738575736341,INE195J01029,17.0,-15.70247933884297,7.0,24.0,6,2019-09-01
HDFCLIFE,53.71900826446281,45.45454545454545,45.946558483980304,INE795G01014,6.0,-8.264462809917354,20.0,26.0,7,2019-09-01
JKCEMENT,54.54545454545454,45.45454545454545,42.62748174847806,INE823G01014,9.0,-9.090909090909086,18.0,27.0,8,2019-09-01
BRIGADE,53.71900826446281,46.28099173553719,45.58451465341709,INE791I01019,7.0,-7.4380165289256155,26.0,33.0,9,2019-09-01
BAJFINANCE,55.371900826446286,44.62809917355372,23.76286375408729,INE296A01024,27.0,-10.743801652892564,12.0,39.0,10,2019-09-01
PRESTIGE,52.892561983471076,46.28099173553719,53.12381973980662,INE811K01011,3.0,-6.611570247933884,36.0,39.0,11,2019-09-01
GSPL,52.066115702479344,45.45454545454545,42.3161529962325,INE246F01010,10.0,-6.611570247933891,32.0,42.0,12,2019-09-01
CANFINHOME,52.892561983471076,46.28099173553719,38.87637831012582,INE477A01020,11.0,-6.611570247933884,34.0,45.0,13,2019-09-01
AUBANK,53.71900826446281,46.28099173553719,26.07673053726478,INE949L01017,23.0,-7.4380165289256155,25.0,48.0,14,2019-09-01
BEL,52.892561983471076,45.45454545454545,23.442759075592214,INE263A01024,29.0,-7.438016528925623,21.0,50.0,15,2019-09-01
KEI,52.892561983471076,47.107438016528924,36.51668736983693,INE878B01027,13.0,-5.785123966942152,40.0,53.0,16,2019-09-01
ICICIPRULI,53.71900826446281,46.28099173553719,23.8930015890936,INE726G01019,26.0,-7.4380165289256155,29.0,55.0,17,2019-09-01
REDINGTON,53.71900826446281,46.28099173553719,24.74880783217599,INE891D01026,25.0,-7.4380165289256155,30.0,55.0,18,2019-09-01
BATAINDIA,57.85123966942148,41.32231404958678,18.031828997727416,INE176A01028,51.0,-16.528925619834702,4.0,55.0,19,2019-09-01
NAM-INDIA,49.586776859504134,46.28099173553719,56.090205121140755,INE298J01013,2.0,-3.305785123966942,54.0,56.0,20,2019-09-01
HDFCAMC,59.50413223140496,40.49586776859504,71.26160263759974,INE127D01025,1.0,-19.00826446280992,2.0,3.0,1,2019-10-01
SBILIFE,61.98347107438017,38.01652892561984,44.967885978078726,INE123W01016,6.0,-23.96694214876033,1.0,7.0,2,2019-10-01
INDIAMART,58.620689655172406,39.6551724137931,45.30967635945458,INE933S01016,5.0,-18.965517241379303,3.0,8.0,3,2019-10-01
HDFCLIFE,54.54545454545454,44.62809917355372,56.742068481625175,INE795G01014,3.0,-9.917355371900818,14.0,17.0,4,2019-10-01
ABBOTINDIA,55.371900826446286,44.62809917355372,38.15091119299092,INE358A01014,9.0,-10.743801652892564,10.0,19.0,5,2019-10-01
RITES,55.371900826446286,42.14876033057851,31.10235197923361,INE320J01015,18.0,-13.223140495867774,7.0,25.0,6,2019-10-01
SIEMENS,54.54545454545454,45.45454545454545,42.16348845695461,INE003A01024,7.0,-9.090909090909086,20.0,27.0,7,2019-10-01
INDIGO,54.54545454545454,45.45454545454545,33.942069696644815,INE646L01027,14.0,-9.090909090909086,19.0,33.0,8,2019-10-01
UNITDSPR,55.371900826446286,43.80165289256198,29.22509190118767,INE854D01024,24.0,-11.570247933884303,9.0,33.0,9,2019-10-01
ICICIGI,57.02479338842975,42.97520661157025,27.08703842360427,INE765G01017,31.0,-14.049586776859499,6.0,37.0,10,2019-10-01
GRSE,52.066115702479344,47.93388429752066,58.74406792300198,INE382Z01011,2.0,-4.132231404958681,38.0,40.0,11,2019-10-01
BAJFINANCE,52.892561983471076,47.107438016528924,35.1817295540273,INE296A01024,11.0,-5.785123966942152,30.0,41.0,12,2019-10-01
DMART,54.54545454545454,45.45454545454545,28.579212772805597,INE192R01011,26.0,-9.090909090909086,16.0,42.0,13,2019-10-01
NESTLEIND,52.066115702479344,47.107438016528924,32.757898540125474,INE239A01024,16.0,-4.95867768595042,34.0,50.0,14,2019-10-01
ICICIPRULI,54.54545454545454,45.45454545454545,25.84346066788723,INE726G01019,32.0,-9.090909090909086,18.0,50.0,15,2019-10-01
AAVAS,51.2396694214876,47.93388429752066,39.39759573355654,INE216P01012,8.0,-3.3057851239669347,44.0,52.0,16,2019-10-01
IGL,58.67768595041323,41.32231404958678,20.20199839535277,INE203G01027,50.0,-17.355371900826448,4.0,54.0,17,2019-10-01
PIIND,55.371900826446286,44.62809917355372,21.28868025309092,INE603J01030,44.0,-10.743801652892564,11.0,55.0,18,2019-10-01
BATAINDIA,55.371900826446286,43.80165289256198,20.35102974593961,INE176A01028,49.0,-11.570247933884303,8.0,57.0,19,2019-10-01
AFFLE,51.515151515151516,48.484848484848484,34.67983243566728,INE00WC01027,12.0,-3.030303030303031,46.0,58.0,20,2019-10-01
HDFCAMC,58.19672131147541,41.80327868852459,71.51042528882728,INE127D01025,6.0,-16.393442622950815,5.0,11.0,1,2019-11-01
SBILIFE,60.65573770491803,39.34426229508197,62.36261571748463,INE123W01016,8.0,-21.311475409836063,3.0,11.0,2,2019-11-01
DMART,59.01639344262295,40.98360655737705,55.885950931362636,INE192R01011,11.0,-18.032786885245898,4.0,15.0,3,2019-11-01
ADANIGREEN,54.09836065573771,45.90163934426229,127.09718407204709,INE364U01010,1.0,-8.196721311475414,26.0,27.0,4,2019-11-01
NAM-INDIA,52.459016393442624,43.44262295081967,78.20792325008487,INE298J01013,3.0,-9.016393442622956,24.0,27.0,5,2019-11-01
INDIAMART,55.12820512820513,43.58974358974359,51.004749775980244,INE933S01016,17.0,-11.53846153846154,13.0,30.0,6,2019-11-01
RITES,56.557377049180324,41.80327868852459,46.96746144599915,INE320J01015,23.0,-14.754098360655732,8.0,31.0,7,2019-11-01
WHIRLPOOL,57.377049180327866,41.80327868852459,44.592477202673564,INE716A01013,26.0,-15.573770491803273,6.0,32.0,8,2019-11-01
BEL,54.91803278688525,42.62295081967213,46.7502839690358,INE263A01024,24.0,-12.295081967213122,10.0,34.0,9,2019-11-01
SIEMENS,55.73770491803278,44.26229508196721,47.1735780047404,INE003A01024,22.0,-11.475409836065573,15.0,37.0,10,2019-11-01
ABBOTINDIA,54.91803278688525,45.08196721311475,47.25675646136915,INE358A01014,21.0,-9.836065573770497,20.0,41.0,11,2019-11-01
GRSE,53.278688524590166,46.72131147540984,96.88350714802812,INE382Z01011,2.0,-6.5573770491803245,39.0,41.0,12,2019-11-01
IGL,60.65573770491803,39.34426229508197,32.05266172441943,INE203G01027,39.0,-21.311475409836063,2.0,41.0,13,2019-11-01
NESTLEIND,54.91803278688525,44.26229508196721,45.15201341936199,INE239A01024,25.0,-10.655737704918039,19.0,44.0,14,2019-11-01
HDFCLIFE,53.278688524590166,45.90163934426229,55.683134759421435,INE795G01014,12.0,-7.377049180327873,35.0,47.0,15,2019-11-01
BPCL,55.73770491803278,44.26229508196721,36.01628324411648,INE029A01011,33.0,-11.475409836065573,14.0,47.0,16,2019-11-01
PIIND,54.91803278688525,45.08196721311475,36.47853526690683,INE603J01030,31.0,-9.836065573770497,21.0,52.0,17,2019-11-01
BRIGADE,53.278688524590166,46.72131147540984,47.51431670006121,INE791I01019,20.0,-6.5573770491803245,37.0,57.0,18,2019-11-01
PFIZER,54.09836065573771,45.90163934426229,37.3549583615151,INE182A01018,27.0,-8.196721311475414,32.0,59.0,19,2019-11-01
ADANIENT,52.459016393442624,47.540983606557376,58.64723808742338,INE423A01024,9.0,-4.918032786885249,50.0,59.0,20,2019-11-01
ADANIGREEN,58.333333333333336,41.66666666666667,234.14611929296254,INE364U01010,1.0,-16.666666666666664,3.0,4.0,1,2019-12-01
HDFCAMC,57.49999999999999,42.5,95.6377416786762,INE127D01025,2.0,-14.999999999999993,4.0,6.0,2,2019-12-01
BERGEPAINT,56.666666666666664,43.333333333333336,58.98902895663356,INE463A01038,8.0,-13.333333333333329,6.0,14.0,3,2019-12-01
SBILIFE,60.83333333333333,39.166666666666664,46.41932466359422,INE123W01016,16.0,-21.666666666666664,2.0,18.0,4,2019-12-01
POLYCAB,55.833333333333336,43.333333333333336,53.6259203129132,INE455K01017,12.0,-12.5,8.0,20.0,5,2019-12-01
INDIAMART,54.08163265306123,44.89795918367347,76.59419215214749,INE933S01016,6.0,-9.183673469387756,18.0,24.0,6,2019-12-01
DMART,56.666666666666664,43.333333333333336,38.141762451537595,INE192R01011,24.0,-13.333333333333329,7.0,31.0,7,2019-12-01
ABBOTINDIA,54.166666666666664,45.83333333333333,52.084553725990254,INE358A01014,13.0,-8.333333333333336,21.0,34.0,8,2019-12-01
IGL,60.83333333333333,39.166666666666664,27.755433858005606,INE203G01027,38.0,-21.666666666666664,1.0,39.0,9,2019-12-01
AAVAS,54.166666666666664,45.0,32.94292728693944,INE216P01012,29.0,-9.166666666666664,19.0,48.0,10,2019-12-01
PIIND,54.166666666666664,45.83333333333333,33.109093085514175,INE603J01030,28.0,-8.333333333333336,22.0,50.0,11,2019-12-01
PFIZER,53.333333333333336,46.666666666666664,40.56878370367565,INE182A01018,20.0,-6.666666666666671,32.0,52.0,12,2019-12-01
MCX,52.5,47.5,55.92907274428818,INE745G01035,11.0,-5.0,42.0,53.0,13,2019-12-01
WHIRLPOOL,53.333333333333336,45.83333333333333,31.647312878824252,INE716A01013,31.0,-7.500000000000007,25.0,56.0,14,2019-12-01
RITES,54.166666666666664,42.5,25.539969460410504,INE320J01015,46.0,-11.666666666666664,11.0,57.0,15,2019-12-01
ADANIENT,52.5,47.5,39.194514746829356,INE423A01024,22.0,-5.0,37.0,59.0,16,2019-12-01
DLF,55.00000000000001,45.0,25.62262960468482,INE271C01023,45.0,-10.000000000000007,14.0,59.0,17,2019-12-01
NH,55.833333333333336,44.166666666666664,21.419847462369447,INE410P01011,54.0,-11.666666666666671,9.0,63.0,18,2019-12-01
ICICIGI,55.00000000000001,45.0,25.412425891151603,INE765G01017,47.0,-10.000000000000007,16.0,63.0,19,2019-12-01
GMRAIRPORT,47.5,43.333333333333336,47.517438861851936,INE776C01039,15.0,-4.166666666666664,49.0,64.0,20,2019-12-01
ADANIGREEN,59.83606557377049,40.16393442622951,320.7373957297143,INE364U01010,1.0,-19.67213114754098,2.0,3.0,1,2020-01-01
BERGEPAINT,58.19672131147541,41.80327868852459,70.86719477657151,INE463A01038,5.0,-16.393442622950815,3.0,8.0,2,2020-01-01
IGL,60.65573770491803,39.34426229508197,41.41426104773345,INE203G01027,26.0,-21.311475409836063,1.0,27.0,3,2020-01-01
SBILIFE,56.557377049180324,43.44262295081967,43.38075885985493,INE123W01016,23.0,-13.114754098360656,9.0,32.0,4,2020-01-01
DIXON,53.278688524590166,45.90163934426229,82.01793490034237,INE935N01020,4.0,-7.377049180327873,30.0,34.0,5,2020-01-01
POLYCAB,54.09836065573771,45.08196721311475,59.1621530936453,INE455K01017,10.0,-9.016393442622956,25.0,35.0,6,2020-01-01
SCI,53.278688524590166,45.90163934426229,96.23984180351299,INE109A01011,3.0,-7.377049180327873,32.0,35.0,7,2020-01-01
DLF,55.73770491803278,44.26229508196721,38.3559762525107,INE271C01023,33.0,-11.475409836065573,12.0,45.0,8,2020-01-01
ABBOTINDIA,54.91803278688525,45.08196721311475,39.76545011625825,INE358A01014,28.0,-9.836065573770497,17.0,45.0,9,2020-01-01
GUJGASLTD,54.09836065573771,45.90163934426229,46.6827517497284,INE844O01030,18.0,-8.196721311475414,28.0,46.0,10,2020-01-01
ASIANPAINT,55.73770491803278,44.26229508196721,37.067343255706334,INE021A01026,37.0,-11.475409836065573,10.0,47.0,11,2020-01-01
GMRAIRPORT,49.18032786885246,42.62295081967213,49.96821818500514,INE776C01039,15.0,-6.557377049180332,33.0,48.0,12,2020-01-01
MFSL,54.91803278688525,45.08196721311475,39.31898054857008,INE180A01020,29.0,-9.836065573770497,23.0,52.0,13,2020-01-01
ADANIENT,53.278688524590166,46.72131147540984,46.66721219453398,INE423A01024,19.0,-6.5573770491803245,34.0,53.0,14,2020-01-01
GRANULES,54.91803278688525,44.26229508196721,34.64796060424451,INE101D01020,41.0,-10.655737704918039,15.0,56.0,15,2020-01-01
BALKRISIND,54.91803278688525,45.08196721311475,37.05484008255695,INE787D01026,38.0,-9.836065573770497,18.0,56.0,16,2020-01-01
LALPATHLAB,52.459016393442624,47.540983606557376,64.64202866298336,INE600L01024,7.0,-4.918032786885249,50.0,57.0,17,2020-01-01
ICICIGI,54.09836065573771,45.90163934426229,39.21742844110192,INE765G01017,30.0,-8.196721311475414,29.0,59.0,18,2020-01-01
CRISIL,55.73770491803278,44.26229508196721,30.841535502054064,INE007A01025,49.0,-11.475409836065573,11.0,60.0,19,2020-01-01
INDIAMART,51.26050420168067,47.89915966386555,66.51161562061829,INE933S01016,6.0,-3.361344537815121,55.0,61.0,20,2020-01-01
ADANIGREEN,60.65573770491803,39.34426229508197,343.4596227523133,INE364U01010,1.0,-21.311475409836063,2.0,3.0,1,2020-02-01
DIXON,58.19672131147541,41.80327868852459,138.29485301687154,INE935N01020,2.0,-16.393442622950815,12.0,14.0,2,2020-02-01
ALKYLAMINE,57.377049180327866,42.62295081967213,94.94844228894199,INE150B01039,6.0,-14.754098360655739,15.0,21.0,3,2020-02-01
BERGEPAINT,59.01639344262295,40.98360655737705,78.66620149644257,INE463A01038,15.0,-18.032786885245898,7.0,22.0,4,2020-02-01
COROMANDEL,60.65573770491803,36.885245901639344,69.51606700438148,INE169A01031,23.0,-23.770491803278688,1.0,24.0,5,2020-02-01
IGL,60.65573770491803,39.34426229508197,69.7482713750983,INE203G01027,21.0,-21.311475409836063,4.0,25.0,6,2020-02-01
DLF,60.65573770491803,39.34426229508197,69.60474127735709,INE271C01023,22.0,-21.311475409836063,3.0,25.0,7,2020-02-01
ADANIENT,56.557377049180324,43.44262295081967,93.6767484817107,INE423A01024,7.0,-13.114754098360656,20.0,27.0,8,2020-02-01
COFORGE,57.377049180327866,42.62295081967213,73.68047422837971,INE591G01017,17.0,-14.754098360655739,16.0,33.0,9,2020-02-01
ESCORTS,57.377049180327866,42.62295081967213,73.08430484768778,INE042A01014,18.0,-14.754098360655739,17.0,35.0,10,2020-02-01
GUJGASLTD,58.19672131147541,40.98360655737705,65.45511739511794,INE844O01030,28.0,-17.213114754098356,11.0,39.0,11,2020-02-01
GODFRYPHLP,57.377049180327866,42.62295081967213,65.697281194301,INE260B01028,26.0,-14.754098360655739,18.0,44.0,12,2020-02-01
GRANULES,56.557377049180324,43.44262295081967,72.68181019809346,INE101D01020,19.0,-13.114754098360656,27.0,46.0,13,2020-02-01
TATAELXSI,58.19672131147541,41.80327868852459,57.29719203292489,INE670A01012,37.0,-16.393442622950815,13.0,50.0,14,2020-02-01
NH,59.01639344262295,40.98360655737705,51.13108545045782,INE410P01011,47.0,-18.032786885245898,10.0,57.0,15,2020-02-01
SCI,54.91803278688525,45.08196721311475,108.04976021799226,INE109A01011,4.0,-9.836065573770497,55.0,59.0,16,2020-02-01
NAVINFLUOR,54.09836065573771,44.26229508196721,89.29685361946996,INE048G01026,8.0,-9.836065573770497,53.0,61.0,17,2020-02-01
LALPATHLAB,54.91803278688525,45.08196721311475,85.31461175466093,INE600L01024,11.0,-9.836065573770497,52.0,63.0,18,2020-02-01
JMFINANCIL,54.09836065573771,44.26229508196721,80.35233662376999,INE780C01023,13.0,-9.836065573770497,51.0,64.0,19,2020-02-01
POLYCAB,54.91803278688525,45.08196721311475,81.00229025152646,INE455K01017,12.0,-9.836065573770497,54.0,66.0,20,2020-02-01
ADANIGREEN,59.01639344262295,40.98360655737705,261.4093830651403,INE364U01010,1.0,-18.032786885245898,6.0,7.0,1,2020-03-01
POLYCAB,59.83606557377049,40.16393442622951,83.16059391957099,INE455K01017,9.0,-19.67213114754098,4.0,13.0,2,2020-03-01
GRANULES,59.01639344262295,40.98360655737705,98.61518280758781,INE101D01020,8.0,-18.032786885245898,8.0,16.0,3,2020-03-01
ALKYLAMINE,57.377049180327866,42.62295081967213,107.60497875537531,INE150B01039,5.0,-14.754098360655739,12.0,17.0,4,2020-03-01
COROMANDEL,59.83606557377049,36.885245901639344,64.97604719320836,INE169A01031,19.0,-22.950819672131146,2.0,21.0,5,2020-03-01
JINDALSTEL,56.557377049180324,43.44262295081967,77.84975152136523,INE749A01030,12.0,-13.114754098360656,19.0,31.0,6,2020-03-01
ADANIENT,55.73770491803278,44.26229508196721,73.63018516530313,INE423A01024,13.0,-11.475409836065573,25.0,38.0,7,2020-03-01
ESCORTS,57.377049180327866,42.62295081967213,57.18778943891654,INE042A01014,28.0,-14.754098360655739,13.0,41.0,8,2020-03-01
BHARTIARTL,56.557377049180324,43.44262295081967,57.936177375357836,INE397D01024,27.0,-13.114754098360656,16.0,43.0,9,2020-03-01
NAVINFLUOR,54.09836065573771,45.08196721311475,109.42245990638364,INE048G01026,3.0,-9.016393442622956,40.0,43.0,10,2020-03-01
AUBANK,54.91803278688525,45.08196721311475,80.05020178139091,INE949L01017,11.0,-9.836065573770497,32.0,43.0,11,2020-03-01
GUJGASLTD,57.377049180327866,41.80327868852459,53.70203215162284,INE844O01030,34.0,-15.573770491803273,10.0,44.0,12,2020-03-01
SRF,59.83606557377049,40.16393442622951,48.30597731248552,INE647A01010,43.0,-19.67213114754098,5.0,48.0,13,2020-03-01
ABBOTINDIA,54.91803278688525,45.08196721311475,65.52750832753782,INE358A01014,17.0,-9.836065573770497,31.0,48.0,14,2020-03-01
DIXON,56.557377049180324,43.44262295081967,53.822795056494634,INE935N01020,33.0,-13.114754098360656,17.0,50.0,15,2020-03-01
BERGEPAINT,54.91803278688525,45.08196721311475,65.75236631047807,INE463A01038,16.0,-9.836065573770497,35.0,51.0,16,2020-03-01
MFSL,55.73770491803278,44.26229508196721,60.731660519959505,INE180A01020,24.0,-11.475409836065573,29.0,53.0,17,2020-03-01
DLF,56.557377049180324,43.44262295081967,53.22812387358897,INE271C01023,36.0,-13.114754098360656,18.0,54.0,18,2020-03-01
JKCEMENT,57.377049180327866,42.62295081967213,47.885652286884884,INE823G01014,44.0,-14.754098360655739,14.0,58.0,19,2020-03-01
DMART,55.73770491803278,44.26229508196721,56.73977515122526,INE192R01011,30.0,-11.475409836065573,28.0,58.0,20,2020-03-01
ADANIGREEN,57.25806451612904,42.74193548387097,170.83947888253826,INE364U01010,1.0,-14.516129032258071,5.0,6.0,1,2020-04-01
COROMANDEL,58.87096774193549,38.70967741935484,33.957640397133936,INE169A01031,10.0,-20.161290322580648,1.0,11.0,2,2020-04-01
GRANULES,56.451612903225815,43.54838709677419,51.88695482025767,INE101D01020,3.0,-12.903225806451623,10.0,13.0,3,2020-04-01
NAVINFLUOR,54.83870967741935,45.16129032258064,82.60923929118162,INE048G01026,2.0,-9.677419354838712,13.0,15.0,4,2020-04-01
ALKYLAMINE,54.83870967741935,45.16129032258064,40.936176120530064,INE150B01039,7.0,-9.677419354838712,11.0,18.0,5,2020-04-01
ABBOTINDIA,54.03225806451613,45.96774193548387,48.10449361027411,INE358A01014,4.0,-8.064516129032256,15.0,19.0,6,2020-04-01
DIXON,56.451612903225815,43.54838709677419,27.63281669865265,INE935N01020,12.0,-12.903225806451623,9.0,21.0,7,2020-04-01
GUJGASLTD,57.25806451612904,41.935483870967744,23.283435748085957,INE844O01030,19.0,-15.322580645161295,4.0,23.0,8,2020-04-01
AMBER,54.03225806451613,45.96774193548387,38.96338666760102,INE371P01015,8.0,-8.064516129032256,16.0,24.0,9,2020-04-01
DIVISLAB,56.451612903225815,43.54838709677419,23.017392724637965,INE361B01024,21.0,-12.903225806451623,8.0,29.0,10,2020-04-01
JBCHEPHARM,52.41935483870967,45.96774193548387,37.653857622467555,INE572A01036,9.0,-6.451612903225801,20.0,29.0,11,2020-04-01
BIOCON,54.03225806451613,45.96774193548387,24.398346290623806,INE376G01013,15.0,-8.064516129032256,17.0,32.0,12,2020-04-01
ALKEM,56.451612903225815,43.54838709677419,18.220888916142243,INE540L01014,28.0,-12.903225806451623,7.0,35.0,13,2020-04-01
IGL,58.06451612903226,41.935483870967744,13.769095985683633,INE203G01027,35.0,-16.12903225806452,2.0,37.0,14,2020-04-01
DMART,52.41935483870967,47.58064516129033,24.67382376831835,INE192R01011,14.0,-4.838709677419345,23.0,37.0,15,2020-04-01
DEEPAKNTR,51.61290322580645,47.58064516129033,25.982305010779292,INE288B01029,13.0,-4.032258064516121,25.0,38.0,16,2020-04-01
BHARTIARTL,53.2258064516129,46.774193548387096,23.28302518935179,INE397D01024,20.0,-6.451612903225801,19.0,39.0,17,2020-04-01
BERGEPAINT,51.61290322580645,48.38709677419355,23.638526110016358,INE463A01038,18.0,-3.225806451612897,28.0,46.0,18,2020-04-01
DLF,57.25806451612904,42.74193548387097,8.595909847321348,INE271C01023,41.0,-14.516129032258071,6.0,47.0,19,2020-04-01
IPCALAB,49.193548387096776,50.806451612903224,47.30092110665647,INE571A01038,5.0,1.6129032258064484,44.0,49.0,20,2020-04-01
ADANIGREEN,56.557377049180324,43.44262295081967,134.80612365263065,INE364U01010,1.0,-13.114754098360656,5.0,6.0,1,2020-05-01
ALKYLAMINE,56.557377049180324,43.44262295081967,118.78575810166852,INE150B01039,2.0,-13.114754098360656,6.0,8.0,2,2020-05-01
DIXON,58.19672131147541,41.80327868852459,56.974155200473064,INE935N01020,5.0,-16.393442622950815,3.0,8.0,3,2020-05-01
JBCHEPHARM,54.91803278688525,43.44262295081967,61.333404079019104,INE572A01036,4.0,-11.47540983606558,12.0,16.0,4,2020-05-01
BIOCON,56.557377049180324,43.44262295081967,42.76508118376785,INE376G01013,13.0,-13.114754098360656,8.0,21.0,5,2020-05-01
DIVISLAB,56.557377049180324,43.44262295081967,41.35362934543283,INE361B01024,15.0,-13.114754098360656,9.0,24.0,6,2020-05-01
SRF,57.377049180327866,42.62295081967213,35.658741376169424,INE647A01010,21.0,-14.754098360655739,4.0,25.0,7,2020-05-01
GRANULES,54.91803278688525,45.08196721311475,45.761044942039895,INE101D01020,11.0,-9.836065573770497,16.0,27.0,8,2020-05-01
ABBOTINDIA,53.278688524590166,46.72131147540984,55.13983347744676,INE358A01014,7.0,-6.5573770491803245,24.0,31.0,9,2020-05-01
COROMANDEL,58.19672131147541,40.16393442622951,29.53037544945385,INE169A01031,31.0,-18.032786885245898,2.0,33.0,10,2020-05-01
NAVINFLUOR,52.459016393442624,47.540983606557376,92.56166911989293,INE048G01026,3.0,-4.918032786885249,33.0,36.0,11,2020-05-01
LAURUSLABS,52.459016393442624,43.44262295081967,36.2877999574249,INE947Q01028,20.0,-9.016393442622956,18.0,38.0,12,2020-05-01
AUROPHARMA,53.278688524590166,46.72131147540984,43.875222056488774,INE406A01037,12.0,-6.5573770491803245,28.0,40.0,13,2020-05-01
DRREDDY,52.459016393442624,47.540983606557376,46.51837157175558,INE089A01031,10.0,-4.918032786885249,31.0,41.0,14,2020-05-01
DMART,54.09836065573771,45.90163934426229,35.63216087310395,INE192R01011,22.0,-8.196721311475414,20.0,42.0,15,2020-05-01
IGL,56.557377049180324,43.44262295081967,24.16453445586233,INE203G01027,36.0,-13.114754098360656,10.0,46.0,16,2020-05-01
BHARTIARTL,52.459016393442624,47.540983606557376,41.0992741360872,INE397D01024,16.0,-4.918032786885249,30.0,46.0,17,2020-05-01
TANLA,50.0,48.36065573770492,50.1882576218142,INE483C01032,8.0,-1.639344262295083,44.0,52.0,18,2020-05-01
GUJGASLTD,54.91803278688525,44.26229508196721,23.256113179480685,INE844O01030,38.0,-10.655737704918039,14.0,52.0,19,2020-05-01
ALKEM,53.278688524590166,46.72131147540984,32.120264409490275,INE540L01014,27.0,-6.5573770491803245,26.0,53.0,20,2020-05-01
ADANIGREEN,59.50413223140496,40.49586776859504,82.76228995052111,INE364U01010,4.0,-19.00826446280992,2.0,6.0,1,2020-06-01
ALKYLAMINE,57.02479338842975,42.97520661157025,100.29049187819541,INE150B01039,2.0,-14.049586776859499,7.0,9.0,2,2020-06-01
JBCHEPHARM,57.85123966942148,41.32231404958678,75.03421086775226,INE572A01036,6.0,-16.528925619834702,4.0,10.0,3,2020-06-01
ESCORTS,57.85123966942148,42.14876033057851,57.07590801710478,INE042A01014,8.0,-15.70247933884297,6.0,14.0,4,2020-06-01
DIXON,57.02479338842975,42.97520661157025,52.03180588163545,INE935N01020,11.0,-14.049586776859499,8.0,19.0,5,2020-06-01
APLLTD,56.19834710743802,43.80165289256198,56.301448017404574,INE901L01018,9.0,-12.396694214876035,10.0,19.0,6,2020-06-01
COROMANDEL,57.02479338842975,41.32231404958678,47.26891044374779,INE169A01031,17.0,-15.70247933884297,5.0,22.0,7,2020-06-01
AUROPHARMA,54.54545454545454,45.45454545454545,75.38230345844237,INE406A01037,5.0,-9.090909090909086,22.0,27.0,8,2020-06-01
MUTHOOTFIN,56.19834710743802,43.80165289256198,49.10246430131642,INE414G01012,14.0,-12.396694214876035,14.0,28.0,9,2020-06-01
DIVISLAB,56.19834710743802,43.80165289256198,44.15611269381374,INE361B01024,20.0,-12.396694214876035,13.0,33.0,10,2020-06-01
BAYERCROP,56.19834710743802,43.80165289256198,42.23885637587366,INE462A01022,23.0,-12.396694214876035,12.0,35.0,11,2020-06-01
NAVINFLUOR,52.892561983471076,47.107438016528924,103.62876377192958,INE048G01026,1.0,-5.785123966942152,35.0,36.0,12,2020-06-01
DMART,55.371900826446286,44.62809917355372,45.58956895281951,INE192R01011,19.0,-10.743801652892564,18.0,37.0,13,2020-06-01
PIDILITIND,58.67768595041323,41.32231404958678,23.612285863990046,INE318A01026,36.0,-17.355371900826448,3.0,39.0,14,2020-06-01
LAURUSLABS,53.71900826446281,42.14876033057851,40.861316024533934,INE947Q01028,24.0,-11.570247933884296,16.0,40.0,15,2020-06-01
DEEPAKNTR,53.71900826446281,46.28099173553719,48.045097732825546,INE288B01029,15.0,-7.4380165289256155,30.0,45.0,16,2020-06-01
IRCTC,52.066115702479344,47.107438016528924,60.131111713092956,INE335Y01020,7.0,-4.95867768595042,38.0,45.0,17,2020-06-01
ALOKINDS,54.6875,45.3125,36.31241167840695,INE270A01029,27.0,-9.375,21.0,48.0,18,2020-06-01
BALKRISIND,55.371900826446286,44.62809917355372,28.358887931853637,INE787D01026,32.0,-10.743801652892564,17.0,49.0,19,2020-06-01
POLYMED,52.066115702479344,47.107438016528924,55.6595379931353,INE205C01021,10.0,-4.95867768595042,39.0,49.0,20,2020-06-01
ALOKINDS,66.27906976744185,33.72093023255814,272.83286653661577,INE270A01029,1.0,-32.558139534883715,1.0,2.0,1,2020-07-01
ADANIGREEN,61.47540983606557,38.52459016393443,98.40661652655042,INE364U01010,7.0,-22.950819672131146,2.0,9.0,2,2020-07-01
BAYERCROP,59.01639344262295,40.98360655737705,75.1135553695078,INE462A01022,14.0,-18.032786885245898,4.0,18.0,3,2020-07-01
ESCORTS,59.01639344262295,40.98360655737705,76.77430209713307,INE042A01014,13.0,-18.032786885245898,5.0,18.0,4,2020-07-01
JBCHEPHARM,59.83606557377049,38.52459016393443,69.75701315851579,INE572A01036,16.0,-21.311475409836063,3.0,19.0,5,2020-07-01
APLLTD,57.377049180327866,42.62295081967213,63.07660108486295,INE901L01018,17.0,-14.754098360655739,7.0,24.0,6,2020-07-01
COROMANDEL,57.377049180327866,40.98360655737705,54.401467992731156,INE169A01031,19.0,-16.393442622950815,6.0,25.0,7,2020-07-01
ALKYLAMINE,54.09836065573771,45.90163934426229,105.88585320415014,INE150B01039,4.0,-8.196721311475414,23.0,27.0,8,2020-07-01
LAURUSLABS,55.73770491803278,40.98360655737705,49.720895362008896,INE947Q01028,22.0,-14.754098360655732,9.0,31.0,9,2020-07-01
DIXON,57.377049180327866,42.62295081967213,49.284384476514,INE935N01020,23.0,-14.754098360655739,8.0,31.0,10,2020-07-01
SUZLON,48.36065573770492,40.16393442622951,144.0620284754822,INE040H01021,2.0,-8.196721311475407,30.0,32.0,11,2020-07-01
DMART,55.73770491803278,44.26229508196721,46.98987888053458,INE192R01011,25.0,-11.475409836065573,15.0,40.0,12,2020-07-01
AUROPHARMA,53.278688524590166,46.72131147540984,83.77680445180107,INE406A01037,10.0,-6.5573770491803245,34.0,44.0,13,2020-07-01
MUTHOOTFIN,54.09836065573771,45.90163934426229,62.63220355089247,INE414G01012,18.0,-8.196721311475414,28.0,46.0,14,2020-07-01
ZYDUSLIFE,54.91803278688525,44.26229508196721,44.26112942488436,INE010B01027,28.0,-10.655737704918039,18.0,46.0,15,2020-07-01
BALKRISIND,55.73770491803278,44.26229508196721,31.69157223108927,INE787D01026,41.0,-11.475409836065573,14.0,55.0,16,2020-07-01
GLENMARK,55.73770491803278,44.26229508196721,31.729962814806466,INE935A01035,40.0,-11.475409836065573,16.0,56.0,17,2020-07-01
JINDALSTEL,56.557377049180324,42.62295081967213,25.133815778275405,INE749A01030,50.0,-13.934426229508198,10.0,60.0,18,2020-07-01
IDEA,45.0,42.5,101.3711633512774,INE669E01016,6.0,-2.5,57.0,63.0,19,2020-07-01
TORNTPHARM,54.09836065573771,45.90163934426229,32.82720804478576,INE685A01028,38.0,-8.196721311475414,29.0,67.0,20,2020-07-01
LAURUSLABS,59.01639344262295,37.704918032786885,127.01285945617448,INE947Q01028,3.0,-21.311475409836063,3.0,6.0,1,2020-08-01
ALOKINDS,59.63302752293578,40.36697247706422,144.34244360591765,INE270A01029,2.0,-19.266055045871553,5.0,7.0,2,2020-08-01
ADANIGREEN,60.65573770491803,39.34426229508197,82.85061456533268,INE364U01010,10.0,-21.311475409836063,2.0,12.0,3,2020-08-01
RPOWER,55.73770491803278,40.16393442622951,86.92778953214156,INE614G01033,8.0,-15.573770491803273,8.0,16.0,4,2020-08-01
MUTHOOTFIN,55.73770491803278,44.26229508196721,88.34409339603314,INE414G01012,7.0,-11.475409836065573,17.0,24.0,5,2020-08-01
ALKYLAMINE,54.91803278688525,45.08196721311475,79.19023862251096,INE150B01039,11.0,-9.836065573770497,18.0,29.0,6,2020-08-01
JBCHEPHARM,59.01639344262295,39.34426229508197,53.06318080422445,INE572A01036,27.0,-19.67213114754098,4.0,31.0,7,2020-08-01
DIXON,56.557377049180324,43.44262295081967,57.82255723088554,INE935N01020,21.0,-13.114754098360656,10.0,31.0,8,2020-08-01
APLLTD,56.557377049180324,43.44262295081967,54.7811660474979,INE901L01018,23.0,-13.114754098360656,9.0,32.0,9,2020-08-01
GLENMARK,58.19672131147541,41.80327868852459,52.590629003186294,INE935A01035,29.0,-16.393442622950815,6.0,35.0,10,2020-08-01
JINDALSTEL,57.377049180327866,41.80327868852459,42.3201854296964,INE749A01030,40.0,-15.573770491803273,7.0,47.0,11,2020-08-01
ZYDUSLIFE,54.91803278688525,45.08196721311475,53.84778844755467,INE010B01027,25.0,-9.836065573770497,22.0,47.0,12,2020-08-01
SYNGENE,54.09836065573771,45.90163934426229,54.36122070469249,INE398R01022,24.0,-8.196721311475414,29.0,53.0,13,2020-08-01
ESCORTS,54.91803278688525,45.08196721311475,46.25934924924553,INE042A01014,35.0,-9.836065573770497,19.0,54.0,14,2020-08-01
BSOFT,53.278688524590166,45.08196721311475,50.96971677662376,INE836A01035,31.0,-8.196721311475414,26.0,57.0,15,2020-08-01
INFY,55.73770491803278,43.44262295081967,37.362727935377094,INE009A01021,46.0,-12.295081967213115,11.0,57.0,16,2020-08-01
RELIANCE,54.09836065573771,45.08196721311475,50.03520550038638,INE002A01018,34.0,-9.016393442622956,24.0,58.0,17,2020-08-01
AUROPHARMA,51.63934426229508,48.36065573770492,97.16625625790138,INE406A01037,5.0,-3.278688524590166,54.0,59.0,18,2020-08-01
DEEPAKNTR,52.459016393442624,47.540983606557376,61.87481817858027,INE288B01029,16.0,-4.918032786885249,44.0,60.0,19,2020-08-01
COROMANDEL,54.91803278688525,43.44262295081967,33.987318158656656,INE169A01031,47.0,-11.47540983606558,13.0,60.0,20,2020-08-01
ADANIGREEN,64.22764227642277,35.77235772357724,193.78730843991133,INE364U01010,3.0,-28.455284552845534,1.0,4.0,1,2020-09-01
LAURUSLABS,61.78861788617886,37.39837398373984,164.00403552160293,INE947Q01028,6.0,-24.390243902439025,2.0,8.0,2,2020-09-01
CGPOWER,54.47154471544715,36.58536585365854,184.9313683359034,INE067A01029,4.0,-17.886178861788615,10.0,14.0,3,2020-09-01
ALOKINDS,60.16260162601627,39.83739837398374,112.20973869335862,INE270A01029,9.0,-20.32520325203253,5.0,14.0,4,2020-09-01
TANLA,56.91056910569105,40.65040650406504,225.14362375277446,INE483C01032,1.0,-16.260162601626014,13.0,14.0,5,2020-09-01
DIXON,58.536585365853654,41.46341463414634,86.2326056668842,INE935N01020,13.0,-17.073170731707314,11.0,24.0,6,2020-09-01
JPPOWER,57.72357723577236,36.58536585365854,67.57729468599032,INE351F01018,22.0,-21.138211382113823,4.0,26.0,7,2020-09-01
GLENMARK,58.536585365853654,41.46341463414634,73.37006371572315,INE935A01035,18.0,-17.073170731707314,12.0,30.0,8,2020-09-01
JINDALSTEL,59.34959349593496,39.83739837398374,66.1581132275402,INE749A01030,23.0,-19.512195121951223,7.0,30.0,9,2020-09-01
HEROMOTOCO,56.91056910569105,43.08943089430895,65.6019488980972,INE158A01026,24.0,-13.821138211382106,19.0,43.0,10,2020-09-01
RPOWER,53.65853658536586,42.27642276422765,78.95529995789286,INE614G01033,15.0,-11.382113821138212,28.0,43.0,11,2020-09-01
JBCHEPHARM,59.34959349593496,39.83739837398374,47.782113221322376,INE572A01036,40.0,-19.512195121951223,6.0,46.0,12,2020-09-01
CDSL,56.09756097560976,43.08943089430895,64.96293457777915,INE736A01011,26.0,-13.008130081300813,21.0,47.0,13,2020-09-01
ALKYLAMINE,54.47154471544715,45.52845528455284,106.41931890202576,INE150B01039,10.0,-8.943089430894311,38.0,48.0,14,2020-09-01
TATACONSUM,54.47154471544715,43.90243902439025,74.4718135956467,INE192A01025,17.0,-10.569105691056905,34.0,51.0,15,2020-09-01
BSOFT,53.65853658536586,44.71544715447154,77.78078685971902,INE836A01035,16.0,-8.943089430894318,36.0,52.0,16,2020-09-01
HINDALCO,55.28455284552846,43.08943089430895,45.028790750001036,INE038A01020,44.0,-12.195121951219512,22.0,66.0,17,2020-09-01
MUTHOOTFIN,57.72357723577236,42.27642276422765,42.62005483944831,INE414G01012,53.0,-15.447154471544714,15.0,68.0,18,2020-09-01
ADANIENT,57.72357723577236,42.27642276422765,40.4167789744587,INE423A01024,59.0,-15.447154471544714,14.0,73.0,19,2020-09-01
BLS,50.40650406504065,39.02439024390244,43.17846295140026,INE153T01027,50.0,-11.382113821138212,24.0,74.0,20,2020-09-01
ADANIGREEN,67.74193548387096,32.25806451612903,346.0866382060805,INE364U01010,2.0,-35.48387096774193,1.0,3.0,1,2020-10-01
LAURUSLABS,63.70967741935484,35.483870967741936,332.03566902954674,INE947Q01028,3.0,-28.225806451612904,2.0,5.0,2,2020-10-01
TANLA,62.096774193548384,35.483870967741936,514.3208688563514,INE483C01032,1.0,-26.61290322580645,5.0,6.0,3,2020-10-01
ALOKINDS,63.70967741935484,36.29032258064516,314.5478066067671,INE270A01029,5.0,-27.41935483870968,3.0,8.0,4,2020-10-01
CGPOWER,57.25806451612904,33.87096774193548,331.4035480610348,INE067A01029,4.0,-23.38709677419356,7.0,11.0,5,2020-10-01
JPPOWER,59.67741935483871,32.25806451612903,215.43961352657,INE351F01018,14.0,-27.41935483870968,4.0,18.0,6,2020-10-01
MASTEK,59.67741935483871,40.32258064516129,300.43111752529893,INE759A01021,6.0,-19.354838709677423,20.0,26.0,7,2020-10-01
JINDALSTEL,61.29032258064516,38.70967741935484,165.68688888504082,INE749A01030,21.0,-22.58064516129032,12.0,33.0,8,2020-10-01
INTELLECT,57.25806451612904,41.935483870967744,294.75431273119864,INE306R01017,7.0,-15.322580645161295,32.0,39.0,9,2020-10-01
PERSISTENT,61.29032258064516,37.903225806451616,124.83195565357707,INE262H01021,34.0,-23.387096774193544,9.0,43.0,10,2020-10-01
ADANIENT,59.67741935483871,40.32258064516129,135.79101661332453,INE423A01024,27.0,-19.354838709677423,18.0,45.0,11,2020-10-01
FSL,58.87096774193549,40.32258064516129,150.562024641569,INE684F01012,24.0,-18.5483870967742,22.0,46.0,12,2020-10-01
DIXON,61.29032258064516,38.70967741935484,116.22419467564752,INE935N01020,40.0,-22.58064516129032,10.0,50.0,13,2020-10-01
INDIAMART,58.06451612903226,41.935483870967744,136.14448226151117,INE933S01016,26.0,-16.12903225806452,28.0,54.0,14,2020-10-01
CREDITACC,60.483870967741936,39.516129032258064,116.09757730851986,INE741K01010,41.0,-20.967741935483872,14.0,55.0,15,2020-10-01
GLENMARK,58.06451612903226,41.935483870967744,130.28847118640323,INE935A01035,29.0,-16.12903225806452,27.0,56.0,16,2020-10-01
MPHASIS,61.29032258064516,38.70967741935484,111.04387297853866,INE356A01018,45.0,-22.58064516129032,13.0,58.0,17,2020-10-01
KPITTECH,55.64516129032258,43.54838709677419,224.02207868567228,INE04I401011,11.0,-12.096774193548384,52.0,63.0,18,2020-10-01
BSOFT,55.64516129032258,42.74193548387097,202.09541365821298,INE836A01035,15.0,-12.903225806451609,49.0,64.0,19,2020-10-01
BLS,50.806451612903224,38.70967741935484,180.0014014014015,INE153T01027,18.0,-12.096774193548384,50.0,68.0,20,2020-10-01
ADANIGREEN,63.77952755905512,36.22047244094488,271.51443473335644,INE364U01010,2.0,-27.559055118110237,2.0,4.0,1,2020-11-01
TANLA,60.629921259842526,37.00787401574803,439.3349223049424,INE483C01032,1.0,-23.622047244094496,4.0,5.0,2,2020-11-01
LAURUSLABS,62.99212598425197,36.22047244094488,210.69507599528495,INE947Q01028,6.0,-26.77165354330709,3.0,9.0,3,2020-11-01
CGPOWER,57.48031496062992,34.645669291338585,267.8498685435572,INE067A01029,3.0,-22.834645669291334,7.0,10.0,4,2020-11-01
JPPOWER,57.48031496062992,36.22047244094488,186.67612293144208,INE351F01018,8.0,-21.259842519685037,10.0,18.0,5,2020-11-01
ADANIENT,60.629921259842526,39.37007874015748,146.22305661485478,INE423A01024,14.0,-21.259842519685044,8.0,22.0,6,2020-11-01
PERSISTENT,61.417322834645674,38.582677165354326,128.48707657776703,INE262H01021,19.0,-22.834645669291348,5.0,24.0,7,2020-11-01
ALOKINDS,58.26771653543307,41.732283464566926,149.87226412021687,INE270A01029,13.0,-16.53543307086614,16.0,29.0,8,2020-11-01
MASTEK,57.48031496062992,42.51968503937008,201.17706559975477,INE759A01021,7.0,-14.960629921259837,25.0,32.0,9,2020-11-01
MPHASIS,59.84251968503938,40.15748031496063,98.83713333915527,INE356A01018,26.0,-19.685039370078748,13.0,39.0,10,2020-11-01
TATAELXSI,61.417322834645674,38.582677165354326,89.1124535886596,INE670A01012,35.0,-22.834645669291348,6.0,41.0,11,2020-11-01
JBCHEPHARM,59.84251968503938,39.37007874015748,84.8395337324776,INE572A01036,36.0,-20.472440944881896,11.0,47.0,12,2020-11-01
INTELLECT,55.118110236220474,44.09448818897638,216.82497809683437,INE306R01017,4.0,-11.023622047244096,47.0,51.0,13,2020-11-01
INDIAMART,56.69291338582677,43.30708661417323,106.37630360684662,INE933S01016,22.0,-13.38582677165354,31.0,53.0,14,2020-11-01
JSWSTEEL,65.35433070866141,34.645669291338585,64.17889507040361,INE019A01038,57.0,-30.708661417322823,1.0,58.0,15,2020-11-01
DIXON,58.26771653543307,41.732283464566926,77.58035032657719,INE935N01020,43.0,-16.53543307086614,18.0,61.0,16,2020-11-01
APLAPOLLO,55.118110236220474,44.09448818897638,117.81327444667697,INE702C01027,21.0,-11.023622047244096,43.0,64.0,17,2020-11-01
JINDALSTEL,55.90551181102362,44.09448818897638,97.70735986444356,INE749A01030,27.0,-11.811023622047244,41.0,68.0,18,2020-11-01
PNBHOUSING,56.69291338582677,42.51968503937008,76.37633950545603,INE572E01012,46.0,-14.173228346456689,26.0,72.0,19,2020-11-01
ENDURANCE,57.48031496062992,41.732283464566926,67.77639190612629,INE913H01037,52.0,-15.748031496062993,20.0,72.0,20,2020-11-01
TANLA,64.84375,33.59375,815.2481229173225,INE483C01032,1.0,-31.25,2.0,3.0,1,2020-12-01
CGPOWER,61.71875,31.25,532.5159299195972,INE067A01029,2.0,-30.46875,3.0,5.0,2,2020-12-01
ADANIGREEN,63.28125,36.71875,314.1896000792201,INE364U01010,3.0,-26.5625,4.0,7.0,3,2020-12-01
LAURUSLABS,62.5,37.5,241.88588184666676,INE947Q01028,7.0,-25.0,5.0,12.0,4,2020-12-01
ADANIENT,60.9375,39.0625,154.9576567628942,INE423A01024,16.0,-21.875,8.0,24.0,5,2020-12-01
JPPOWER,55.46875,37.5,164.19172113289758,INE351F01018,13.0,-17.96875,18.0,31.0,6,2020-12-01
PGEL,53.90625,39.0625,254.20099140579552,INE457L01029,5.0,-14.84375,30.0,35.0,7,2020-12-01
DIXON,61.71875,38.28125,108.73112757475751,INE935N01020,36.0,-23.4375,6.0,42.0,8,2020-12-01
CHOLAFIN,59.375,40.625,114.76581475516237,INE121A01024,29.0,-18.75,13.0,42.0,9,2020-12-01
RKFORGE,57.8125,41.40625,153.70478397477387,INE399G01023,17.0,-16.40625,25.0,42.0,10,2020-12-01
MASTEK,57.03125,42.96875,191.37035218571015,INE759A01021,11.0,-14.0625,34.0,45.0,11,2020-12-01
FSL,57.03125,42.1875,131.21110133340733,INE684F01012,21.0,-14.84375,29.0,50.0,12,2020-12-01
TATAELXSI,60.9375,39.0625,101.57349297395956,INE670A01012,42.0,-21.875,10.0,52.0,13,2020-12-01
PERSISTENT,58.59375,41.40625,113.12342966021474,INE262H01021,31.0,-17.1875,22.0,53.0,14,2020-12-01
CHOLAHLDNG,60.15625,39.84375,99.0039469496346,INE149A01033,45.0,-20.3125,11.0,56.0,15,2020-12-01
POONAWALLA,55.46875,42.96875,245.59222241353345,INE511C01022,6.0,-12.5,51.0,57.0,16,2020-12-01
INTELLECT,55.46875,43.75,283.60835756219535,INE306R01017,4.0,-11.71875,57.0,61.0,17,2020-12-01
GPIL,53.125,41.40625,205.81897121533893,INE177H01039,8.0,-11.71875,56.0,64.0,18,2020-12-01
CYIENT,56.25,43.75,140.48797535360538,INE136B01020,20.0,-12.5,45.0,65.0,19,2020-12-01
DALBHARAT,59.375,40.625,93.0743758522612,INE00R701025,52.0,-18.75,14.0,66.0,20,2020-12-01
TANLA,67.1875,32.03125,818.7388675627798,INE483C01032,1.0,-35.15625,1.0,2.0,1,2021-01-01
CGPOWER,60.9375,35.9375,383.3060570690783,INE067A01029,2.0,-25.0,5.0,7.0,2,2021-01-01
LAURUSLABS,60.15625,39.0625,234.68768577344764,INE947Q01028,3.0,-21.09375,12.0,15.0,3,2021-01-01
ADANIENT,60.15625,39.84375,179.1166331843308,INE423A01024,6.0,-20.3125,14.0,20.0,4,2021-01-01
APLAPOLLO,60.9375,39.0625,160.37343645811947,INE702C01027,13.0,-21.875,9.0,22.0,5,2021-01-01
ADANIGREEN,59.375,40.625,179.18550555012837,INE364U01010,5.0,-18.75,18.0,23.0,6,2021-01-01
RKFORGE,60.15625,39.0625,160.2017103627072,INE399G01023,14.0,-21.09375,13.0,27.0,7,2021-01-01
DIXON,62.5,37.5,113.46937174176786,INE935N01020,23.0,-25.0,6.0,29.0,8,2021-01-01
SAIL,60.15625,38.28125,123.72032237085664,INE114A01011,20.0,-21.875,11.0,31.0,9,2021-01-01
GPIL,54.6875,39.0625,150.24472539574484,INE177H01039,16.0,-15.625,30.0,46.0,10,2021-01-01
INDIAMART,57.03125,42.96875,177.15581777725137,INE933S01016,7.0,-14.0625,40.0,47.0,11,2021-01-01
COFORGE,60.15625,39.84375,100.92215568926149,INE591G01017,32.0,-20.3125,15.0,47.0,12,2021-01-01
FSL,56.25,42.96875,181.06563179311826,INE684F01012,4.0,-13.28125,47.0,51.0,13,2021-01-01
PERSISTENT,57.8125,42.1875,132.45931269443525,INE262H01021,18.0,-15.625,33.0,51.0,14,2021-01-01
TATAELXSI,60.15625,39.84375,97.18328240288945,INE670A01012,36.0,-20.3125,16.0,52.0,15,2021-01-01
JSWSTEEL,65.625,34.375,82.7423225042108,INE019A01038,51.0,-31.25,3.0,54.0,16,2021-01-01
TATASTEEL,60.9375,38.28125,86.00532718891796,INE081A01020,49.0,-22.65625,8.0,57.0,17,2021-01-01
PGEL,53.125,41.40625,170.9922145774831,INE457L01029,9.0,-11.71875,59.0,68.0,18,2021-01-01
INTELLECT,55.46875,43.75,169.89018565914665,INE306R01017,11.0,-11.71875,57.0,68.0,19,2021-01-01
CHOLAFIN,59.375,40.625,78.38346655653115,INE121A01024,60.0,-18.75,19.0,79.0,20,2021-01-01
TANLA,61.6,38.4,454.43914398831555,INE483C01032,1.0,-23.200000000000003,5.0,6.0,1,2021-02-01
RKFORGE,62.4,36.8,208.72151751451807,INE399G01023,5.0,-25.6,2.0,7.0,2,2021-02-01
TATAELXSI,61.6,38.4,172.60194593634392,INE670A01012,6.0,-23.200000000000003,6.0,12.0,3,2021-02-01
CGPOWER,59.199999999999996,39.2,314.07403130209383,INE067A01029,3.0,-19.999999999999993,12.0,15.0,4,2021-02-01
ADANIGREEN,60.8,39.2,163.42754294010882,INE364U01010,8.0,-21.599999999999994,7.0,15.0,5,2021-02-01
PGEL,57.599999999999994,39.2,261.2283160615516,INE457L01029,4.0,-18.39999999999999,18.0,22.0,6,2021-02-01
GPIL,59.199999999999996,37.6,134.08540102280045,INE177H01039,14.0,-21.599999999999994,9.0,23.0,7,2021-02-01
TTML,50.4,34.4,423.7977012292775,INE517B01013,2.0,-16.0,22.0,24.0,8,2021-02-01
APLAPOLLO,59.199999999999996,40.8,141.61510195153872,INE702C01027,12.0,-18.4,15.0,27.0,9,2021-02-01
ADANIENT,57.599999999999994,42.4,158.9894861279613,INE423A01024,9.0,-15.199999999999996,24.0,33.0,10,2021-02-01
INDIAMART,56.8,43.2,140.11612087540772,INE933S01016,13.0,-13.599999999999994,42.0,55.0,11,2021-02-01
ASHOKLEY,54.400000000000006,40.8,99.36369428780985,INE208A01029,28.0,-13.600000000000009,36.0,64.0,12,2021-02-01
DIXON,60.8,39.2,70.3610249234111,INE935N01020,57.0,-21.599999999999994,8.0,65.0,13,2021-02-01
ATGL,56.09756097560976,43.90243902439025,120.4365839596186,INE399L01023,20.0,-12.195121951219512,47.0,67.0,14,2021-02-01
EMAMILTD,56.8,43.2,104.4215339457522,INE548C01032,26.0,-13.599999999999994,41.0,67.0,15,2021-02-01
CENTURYPLY,58.4,40.8,73.8517148206401,INE348B01021,55.0,-17.6,19.0,74.0,16,2021-02-01
HAVELLS,60.0,40.0,64.5967268589218,INE176B01034,68.0,-20.0,10.0,78.0,17,2021-02-01
KPRMILL,55.2,44.800000000000004,127.55173292122043,INE930H01031,16.0,-10.399999999999999,72.0,88.0,18,2021-02-01
KAJARIACER,55.2,44.0,94.180081091753,INE217B01036,31.0,-11.200000000000003,65.0,96.0,19,2021-02-01
CHOLAFIN,56.8,43.2,67.84316437619144,INE121A01024,64.0,-13.599999999999994,39.0,103.0,20,2021-02-01
PGEL,62.903225806451616,36.29032258064516,474.4257974733371,INE457L01029,1.0,-26.612903225806456,1.0,2.0,1,2021-03-01
TANLA,61.29032258064516,38.70967741935484,289.28720733961813,INE483C01032,3.0,-22.58064516129032,4.0,7.0,2,2021-03-01
DIXON,62.903225806451616,37.096774193548384,119.27889209373532,INE935N01020,17.0,-25.80645161290323,3.0,20.0,3,2021-03-01
ADANIENT,59.67741935483871,40.32258064516129,147.6730990475541,INE423A01024,13.0,-19.354838709677423,9.0,22.0,4,2021-03-01
RKFORGE,59.67741935483871,39.516129032258064,135.68759240714078,INE399G01023,14.0,-20.161290322580648,8.0,22.0,5,2021-03-01
TTML,54.83870967741935,37.096774193548384,332.5019751347381,INE517B01013,2.0,-17.741935483870968,22.0,24.0,6,2021-03-01
ADANIGREEN,58.87096774193549,41.12903225806452,123.8834294719764,INE364U01010,16.0,-17.741935483870968,17.0,33.0,7,2021-03-01
TATACHEM,58.87096774193549,41.12903225806452,125.6164696699385,INE092A01019,15.0,-17.741935483870968,21.0,36.0,8,2021-03-01
KAJARIACER,58.87096774193549,41.12903225806452,108.98055964593927,INE217B01036,23.0,-17.741935483870968,20.0,43.0,9,2021-03-01
APLAPOLLO,58.06451612903226,41.935483870967744,118.45713534575904,INE702C01027,19.0,-16.12903225806452,27.0,46.0,10,2021-03-01
CGPOWER,56.451612903225815,41.935483870967744,151.52433659641665,INE067A01029,11.0,-14.516129032258071,37.0,48.0,11,2021-03-01
LINDEINDIA,58.06451612903226,41.12903225806452,106.11664336781152,INE473A01011,26.0,-16.935483870967744,24.0,50.0,12,2021-03-01
TATAELXSI,57.25806451612904,42.74193548387097,118.86115018036061,INE670A01012,18.0,-14.516129032258071,40.0,58.0,13,2021-03-01
ATGL,55.73770491803278,44.26229508196721,167.52635631101046,INE399L01023,8.0,-11.475409836065573,55.0,63.0,14,2021-03-01
DALBHARAT,59.67741935483871,40.32258064516129,72.33721764089083,INE00R701025,54.0,-19.354838709677423,12.0,66.0,15,2021-03-01
APOLLOHOSP,58.06451612903226,41.12903225806452,76.51747637610731,INE437A01024,47.0,-16.935483870967744,23.0,70.0,16,2021-03-01
CENTURYPLY,57.25806451612904,41.935483870967744,75.88942049133725,INE348B01021,48.0,-15.322580645161295,32.0,80.0,17,2021-03-01
TIINDIA,60.483870967741936,39.516129032258064,57.891855586874286,INE974X01010,86.0,-20.967741935483872,6.0,92.0,18,2021-03-01
MOTHERSON,58.06451612903226,41.935483870967744,66.26948627134652,INE775A01035,65.0,-16.12903225806452,29.0,94.0,19,2021-03-01
SAIL,58.06451612903226,41.935483870967744,65.95194429724015,INE114A01011,67.0,-16.12903225806452,30.0,97.0,20,2021-03-01
PGEL,60.97560975609756,38.21138211382114,325.8253728866209,INE457L01029,3.0,-22.764227642276424,8.0,11.0,1,2021-04-01
ATGL,61.15702479338842,38.84297520661157,358.3678161364707,INE399L01023,2.0,-22.314049586776854,9.0,11.0,2,2021-04-01
ADANIENT,60.97560975609756,39.02439024390244,183.75358322420414,INE423A01024,9.0,-21.951219512195124,10.0,19.0,3,2021-04-01
TTML,57.72357723577236,39.02439024390244,371.3514596786688,INE517B01013,1.0,-18.699186991869922,20.0,21.0,4,2021-04-01
GPIL,60.97560975609756,36.58536585365854,99.83450396584459,INE177H01039,26.0,-24.390243902439025,3.0,29.0,5,2021-04-01
APLAPOLLO,60.16260162601627,39.83739837398374,130.36990835839822,INE702C01027,17.0,-20.32520325203253,13.0,30.0,6,2021-04-01
DIXON,61.78861788617886,38.21138211382114,95.62907940342606,INE935N01020,28.0,-23.577235772357724,6.0,34.0,7,2021-04-01
PRAJIND,58.536585365853654,40.65040650406504,132.1063614176671,INE074A01025,16.0,-17.886178861788615,23.0,39.0,8,2021-04-01
TATACHEM,58.536585365853654,41.46341463414634,136.22523756792089,INE092A01019,15.0,-17.073170731707314,26.0,41.0,9,2021-04-01
TATASTEEL,59.34959349593496,40.65040650406504,106.71234266137795,INE081A01020,23.0,-18.699186991869922,19.0,42.0,10,2021-04-01
CGPOWER,56.91056910569105,41.46341463414634,163.2387056145597,INE067A01029,11.0,-15.447154471544714,32.0,43.0,11,2021-04-01
DALBHARAT,63.41463414634146,36.58536585365854,80.6776319834422,INE00R701025,43.0,-26.829268292682926,2.0,45.0,12,2021-04-01
LINDEINDIA,57.72357723577236,41.46341463414634,108.58741446328071,INE473A01011,21.0,-16.26016260162602,27.0,48.0,13,2021-04-01
TANLA,57.72357723577236,42.27642276422765,151.39067924055198,INE483C01032,13.0,-15.447154471544714,36.0,49.0,14,2021-04-01
OLECTRA,56.91056910569105,43.08943089430895,236.87290541160132,INE260D01016,4.0,-13.821138211382106,49.0,53.0,15,2021-04-01
INTELLECT,56.91056910569105,43.08943089430895,203.594835131142,INE306R01017,7.0,-13.821138211382106,46.0,53.0,16,2021-04-01
SAIL,57.72357723577236,42.27642276422765,98.18149272334205,INE114A01011,27.0,-15.447154471544714,33.0,60.0,17,2021-04-01
TIINDIA,57.72357723577236,42.27642276422765,92.84602777048485,INE974X01010,31.0,-15.447154471544714,37.0,68.0,18,2021-04-01
SHRIRAMFIN,57.72357723577236,42.27642276422765,89.28609811713162,INE721A01047,34.0,-15.447154471544714,35.0,69.0,19,2021-04-01
SUNDRMFAST,57.72357723577236,41.46341463414634,82.59502661842835,INE387A01021,41.0,-16.26016260162602,28.0,69.0,20,2021-04-01
ATGL,61.34453781512605,38.655462184873954,336.0723861963398,INE399L01023,1.0,-22.6890756302521,9.0,10.0,1,2021-05-01
VEDL,66.11570247933885,33.88429752066116,145.3182041170975,INE205A01025,15.0,-32.23140495867769,1.0,16.0,2,2021-05-01
PRAJIND,61.15702479338842,38.84297520661157,160.31422721720764,INE074A01025,14.0,-22.314049586776854,12.0,26.0,3,2021-05-01
DIXON,62.8099173553719,37.1900826446281,118.01881436074244,INE935N01020,24.0,-25.619834710743802,3.0,27.0,4,2021-05-01
TATASTEEL,61.98347107438017,38.01652892561984,120.21954190289001,INE081A01020,23.0,-23.96694214876033,6.0,29.0,5,2021-05-01
GPIL,61.98347107438017,36.36363636363637,115.08337180109658,INE177H01039,26.0,-25.619834710743802,4.0,30.0,6,2021-05-01
ADANIENT,60.33057851239669,39.66942148760331,169.3547672023941,INE423A01024,13.0,-20.661157024793383,19.0,32.0,7,2021-05-01
SAIL,59.50413223140496,40.49586776859504,180.79663577244824,INE114A01011,8.0,-19.00826446280992,28.0,36.0,8,2021-05-01
APLAPOLLO,61.15702479338842,38.84297520661157,112.45341799762004,INE702C01027,28.0,-22.314049586776854,10.0,38.0,9,2021-05-01
GRAPHITE,58.67768595041323,41.32231404958678,268.9905952947505,INE371A01025,3.0,-17.355371900826448,35.0,38.0,10,2021-05-01
TATACHEM,59.50413223140496,40.49586776859504,124.80637489063957,INE092A01019,20.0,-19.00826446280992,29.0,49.0,11,2021-05-01
DEEPAKNTR,59.50413223140496,40.49586776859504,114.06801171407417,INE288B01029,27.0,-19.00826446280992,26.0,53.0,12,2021-05-01
KIRLOSBROS,58.67768595041323,40.49586776859504,116.43938336254234,INE732A01036,25.0,-18.181818181818187,32.0,57.0,13,2021-05-01
IEX,59.50413223140496,38.84297520661157,91.66313865052503,INE022Q01020,39.0,-20.66115702479339,18.0,57.0,14,2021-05-01
TIINDIA,60.33057851239669,39.66942148760331,93.58304305497617,INE974X01010,37.0,-20.661157024793383,22.0,59.0,15,2021-05-01
OLECTRA,57.85123966942148,42.14876033057851,199.6666762016345,INE260D01016,6.0,-15.70247933884297,56.0,62.0,16,2021-05-01
TANLA,58.67768595041323,41.32231404958678,121.34724194842525,INE483C01032,22.0,-17.355371900826448,40.0,62.0,17,2021-05-01
SARDAEN,60.33057851239669,38.01652892561984,83.2908703218242,INE385C01021,50.0,-22.314049586776854,13.0,63.0,18,2021-05-01
ADANIPOWER,53.71900826446281,38.01652892561984,126.52508193479575,INE814H01011,19.0,-15.70247933884297,45.0,64.0,19,2021-05-01
PGEL,57.02479338842975,42.14876033057851,201.91392369426117,INE457L01029,5.0,-14.876033057851238,63.0,68.0,20,2021-05-01
ATGL,63.02521008403361,36.97478991596639,199.75438244874226,INE399L01023,3.0,-26.05042016806722,2.0,5.0,1,2021-06-01
PRAJIND,61.98347107438017,38.01652892561984,209.75347805128783,INE074A01025,2.0,-23.96694214876033,4.0,6.0,2,2021-06-01
KIRLOSBROS,58.67768595041323,40.49586776859504,169.0069057401222,INE732A01036,6.0,-18.181818181818187,17.0,23.0,3,2021-06-01
SAREGAMA,58.67768595041323,41.32231404958678,184.5108333838137,INE979A01025,4.0,-17.355371900826448,24.0,28.0,4,2021-06-01
ADANIENT,58.67768595041323,41.32231404958678,141.75369299207122,INE423A01024,13.0,-17.355371900826448,18.0,31.0,5,2021-06-01
VEDL,60.33057851239669,39.66942148760331,105.71092798996978,INE205A01025,22.0,-20.661157024793383,12.0,34.0,6,2021-06-01
PERSISTENT,60.33057851239669,39.66942148760331,92.55643791222093,INE262H01021,33.0,-20.661157024793383,10.0,43.0,7,2021-06-01
GPIL,60.33057851239669,38.01652892561984,83.80385150743581,INE177H01039,37.0,-22.314049586776854,6.0,43.0,8,2021-06-01
SAIL,58.67768595041323,41.32231404958678,96.13794633759983,INE114A01011,28.0,-17.355371900826448,23.0,51.0,9,2021-06-01
CDSL,57.85123966942148,40.49586776859504,100.07478752046461,INE736A01011,25.0,-17.35537190082644,27.0,52.0,10,2021-06-01
MASTEK,58.67768595041323,41.32231404958678,86.83652521489667,INE759A01021,35.0,-17.355371900826448,22.0,57.0,11,2021-06-01
CENTURYPLY,58.67768595041323,40.49586776859504,78.54616202086903,INE348B01021,45.0,-18.181818181818187,16.0,61.0,12,2021-06-01
APLAPOLLO,57.85123966942148,42.14876033057851,87.72828001983288,INE702C01027,34.0,-15.70247933884297,31.0,65.0,13,2021-06-01
UPL,58.67768595041323,41.32231404958678,80.077135231127,INE628A01036,42.0,-17.355371900826448,26.0,68.0,14,2021-06-01
GRAPHITE,56.19834710743802,43.80165289256198,164.01047836288888,INE371A01025,8.0,-12.396694214876035,61.0,69.0,15,2021-06-01
RTNINDIA,85.71428571428571,14.285714285714285,59.34579439252339,INE834M01019,69.0,-71.42857142857142,1.0,70.0,16,2021-06-01
NMDC,60.33057851239669,38.84297520661157,61.05143269539359,INE584A01023,64.0,-21.48760330578512,8.0,72.0,17,2021-06-01
HAPPSTMNDS,56.19834710743802,43.80165289256198,148.33706217004914,INE419U01012,11.0,-12.396694214876035,62.0,73.0,18,2021-06-01
TATASTEEL,59.50413223140496,40.49586776859504,62.407022413944134,INE081A01020,61.0,-19.00826446280992,15.0,76.0,19,2021-06-01
ADANIPOWER,52.892561983471076,39.66942148760331,105.16176591905074,INE814H01011,23.0,-13.223140495867767,53.0,76.0,20,2021-06-01
RTNINDIA,89.47368421052632,10.526315789473683,294.3585861222785,INE834M01019,2.0,-78.94736842105263,1.0,3.0,1,2021-07-01
TTML,61.98347107438017,37.1900826446281,441.5421561611269,INE517B01013,1.0,-24.79338842975207,3.0,4.0,2,2021-07-01
SAREGAMA,60.33057851239669,38.84297520661157,212.5693801971763,INE979A01025,5.0,-21.48760330578512,7.0,12.0,3,2021-07-01
RPOWER,52.892561983471076,36.36363636363637,263.6021495039729,INE614G01033,3.0,-16.52892561983471,19.0,22.0,4,2021-07-01
ADANIENT,60.33057851239669,39.66942148760331,126.38864090833692,INE423A01024,17.0,-20.661157024793383,8.0,25.0,5,2021-07-01
GPIL,59.50413223140496,40.49586776859504,133.15742612614466,INE177H01039,15.0,-19.00826446280992,11.0,26.0,6,2021-07-01
ATGL,59.66386554621849,40.33613445378151,103.92942448566953,INE399L01023,28.0,-19.327731092436977,9.0,37.0,7,2021-07-01
PRAJIND,57.02479338842975,42.97520661157025,182.04012929128766,INE074A01025,10.0,-14.049586776859499,34.0,44.0,8,2021-07-01
KIRLOSBROS,56.19834710743802,42.97520661157025,216.0792341333775,INE732A01036,4.0,-13.223140495867767,40.0,44.0,9,2021-07-01
LAURUSLABS,63.63636363636363,36.36363636363637,71.11419163716594,INE947Q01028,47.0,-27.272727272727266,2.0,49.0,10,2021-07-01
ANGELONE,56.19834710743802,42.97520661157025,156.20268774233054,INE732I01013,12.0,-13.223140495867767,38.0,50.0,11,2021-07-01
PGEL,56.19834710743802,42.97520661157025,196.59070009679945,INE457L01029,9.0,-13.223140495867767,41.0,50.0,12,2021-07-01
MASTEK,59.50413223140496,40.49586776859504,83.44229588125746,INE759A01021,41.0,-19.00826446280992,14.0,55.0,13,2021-07-01
PERSISTENT,59.50413223140496,40.49586776859504,80.60837530382554,INE262H01021,42.0,-19.00826446280992,15.0,57.0,14,2021-07-01
HAPPSTMNDS,56.19834710743802,43.80165289256198,171.11387011075846,INE419U01012,11.0,-12.396694214876035,46.0,57.0,15,2021-07-01
CDSL,57.85123966942148,41.32231404958678,88.04977411495204,INE736A01011,38.0,-16.528925619834702,21.0,59.0,16,2021-07-01
POONAWALLA,55.371900826446286,44.62809917355372,205.95483520275914,INE511C01022,6.0,-10.743801652892564,64.0,70.0,17,2021-07-01
ADANIPOWER,52.892561983471076,40.49586776859504,101.47356788230972,INE814H01011,29.0,-12.396694214876035,43.0,72.0,18,2021-07-01
POLYCAB,57.02479338842975,42.14876033057851,80.53043523530879,INE455K01017,43.0,-14.876033057851238,31.0,74.0,19,2021-07-01
JSWENERGY,55.371900826446286,44.62809917355372,121.91277403689837,INE121E01018,20.0,-10.743801652892564,58.0,78.0,20,2021-07-01
RTNINDIA,84.61538461538461,15.384615384615385,466.5194312466281,INE834M01019,1.0,-69.23076923076923,1.0,2.0,1,2021-08-01
SAREGAMA,62.295081967213115,36.885245901639344,206.1897575440318,INE979A01025,7.0,-25.40983606557377,5.0,12.0,2,2021-08-01
JSWENERGY,62.295081967213115,36.885245901639344,197.19830935829057,INE121E01018,9.0,-25.40983606557377,4.0,13.0,3,2021-08-01
CDSL,63.114754098360656,36.0655737704918,180.8159568378951,INE736A01011,12.0,-27.049180327868854,3.0,15.0,4,2021-08-01
GPIL,59.83606557377049,39.34426229508197,211.57305201905783,INE177H01039,6.0,-20.491803278688522,13.0,19.0,5,2021-08-01
HAPPSTMNDS,59.01639344262295,40.98360655737705,216.53630922363237,INE419U01012,5.0,-18.032786885245898,17.0,22.0,6,2021-08-01
RPOWER,54.09836065573771,38.52459016393443,226.1014493424786,INE614G01033,3.0,-15.57377049180328,31.0,34.0,7,2021-08-01
ADANIENT,61.47540983606557,38.52459016393443,109.15529304264982,INE423A01024,27.0,-22.950819672131146,9.0,36.0,8,2021-08-01
TATASTEEL,61.47540983606557,38.52459016393443,106.69118675439661,INE081A01020,30.0,-22.950819672131146,10.0,40.0,9,2021-08-01
ANGELONE,55.73770491803278,43.44262295081967,241.67329316350674,INE732I01013,2.0,-12.295081967213115,51.0,53.0,10,2021-08-01
POONAWALLA,56.557377049180324,43.44262295081967,222.90540021516233,INE511C01022,4.0,-13.114754098360656,50.0,54.0,11,2021-08-01
COFORGE,58.19672131147541,41.80327868852459,104.74007510185066,INE591G01017,34.0,-16.393442622950815,26.0,60.0,12,2021-08-01
SAIL,57.377049180327866,41.80327868852459,106.00841435490298,INE114A01011,31.0,-15.573770491803273,33.0,64.0,13,2021-08-01
MASTEK,56.557377049180324,43.44262295081967,131.54539725905147,INE759A01021,18.0,-13.114754098360656,47.0,65.0,14,2021-08-01
KPITTECH,56.557377049180324,43.44262295081967,108.8207431113894,INE04I401011,28.0,-13.114754098360656,46.0,74.0,15,2021-08-01
ATGL,58.19672131147541,41.80327868852459,85.76437048755068,INE399L01023,50.0,-16.393442622950815,24.0,74.0,16,2021-08-01
DEEPAKFERT,55.73770491803278,44.26229508196721,134.05736218239684,INE501A01019,17.0,-11.475409836065573,58.0,75.0,17,2021-08-01
PERSISTENT,58.19672131147541,41.80327868852459,88.40173065497711,INE262H01021,45.0,-16.393442622950815,30.0,75.0,18,2021-08-01
FSL,57.377049180327866,42.62295081967213,91.67668726277873,INE684F01012,41.0,-14.754098360655739,35.0,76.0,19,2021-08-01
PRAJIND,54.91803278688525,45.08196721311475,192.5688200894109,INE074A01025,11.0,-9.836065573770497,77.0,88.0,20,2021-08-01
RTNINDIA,73.73737373737373,25.252525252525253,295.5351248416322,INE834M01019,1.0,-48.48484848484848,1.0,2.0,1,2021-09-01
JSWENERGY,63.41463414634146,35.77235772357724,218.96918276231725,INE121E01018,3.0,-27.642276422764226,2.0,5.0,2,2021-09-01
SAREGAMA,61.78861788617886,37.39837398373984,169.24744396473147,INE979A01025,4.0,-24.390243902439025,5.0,9.0,3,2021-09-01
ATGL,62.601626016260155,37.39837398373984,130.7363993871545,INE399L01023,9.0,-25.203252032520318,4.0,13.0,4,2021-09-01
KPITTECH,61.78861788617886,38.21138211382114,126.59482224964518,INE04I401011,10.0,-23.577235772357724,6.0,16.0,5,2021-09-01
COFORGE,59.34959349593496,40.65040650406504,97.75003784496465,INE591G01017,23.0,-18.699186991869922,11.0,34.0,6,2021-09-01
TATASTEEL,59.34959349593496,40.65040650406504,89.06969441541885,INE081A01020,26.0,-18.699186991869922,15.0,41.0,7,2021-09-01
PERSISTENT,59.34959349593496,40.65040650406504,86.28756743451582,INE262H01021,29.0,-18.699186991869922,14.0,43.0,8,2021-09-01
UTIAMC,57.72357723577236,42.27642276422765,98.4860922952236,INE094J01016,21.0,-15.447154471544714,27.0,48.0,9,2021-09-01
RPOWER,53.65853658536586,41.46341463414634,124.73022456431218,INE614G01033,11.0,-12.19512195121952,39.0,50.0,10,2021-09-01
HAPPSTMNDS,56.91056910569105,43.08943089430895,114.10854123255749,INE419U01012,16.0,-13.821138211382106,34.0,50.0,11,2021-09-01
CDSL,56.91056910569105,42.27642276422765,86.85444726284517,INE736A01011,28.0,-14.634146341463406,28.0,56.0,12,2021-09-01
LAURUSLABS,59.34959349593496,40.65040650406504,71.62607095465718,INE947Q01028,46.0,-18.699186991869922,13.0,59.0,13,2021-09-01
ANGELONE,54.47154471544715,44.71544715447154,220.0437704492199,INE732I01013,2.0,-9.756097560975611,60.0,62.0,14,2021-09-01
MASTEK,55.28455284552846,44.71544715447154,123.2577136780868,INE759A01021,12.0,-10.569105691056919,56.0,68.0,15,2021-09-01
SRF,58.536585365853654,41.46341463414634,64.13159978134613,INE647A01010,51.0,-17.073170731707314,20.0,71.0,16,2021-09-01
KNRCON,58.536585365853654,39.83739837398374,59.54258889732302,INE634I01029,57.0,-18.699186991869915,16.0,73.0,17,2021-09-01
MPHASIS,56.91056910569105,43.08943089430895,72.20699182699191,INE356A01018,45.0,-13.821138211382106,36.0,81.0,18,2021-09-01
AMBUJACEM,62.601626016260155,37.39837398373984,48.05721190324688,INE079A01024,83.0,-25.203252032520318,3.0,86.0,19,2021-09-01
BAJAJFINSV,55.28455284552846,43.90243902439025,78.44032935882035,INE918I01026,35.0,-11.382113821138212,51.0,86.0,20,2021-09-01
JSWENERGY,65.04065040650406,33.33333333333333,312.00092775897656,INE121E01018,1.0,-31.707317073170728,2.0,3.0,1,2021-10-01
RTNINDIA,67.5,31.666666666666664,282.62320564114367,INE834M01019,3.0,-35.833333333333336,1.0,4.0,2,2021-10-01
FLUOROCHEM,57.72357723577236,42.27642276422765,186.2328594576718,INE09N301011,4.0,-15.447154471544714,23.0,27.0,3,2021-10-01
OIL,58.536585365853654,39.02439024390244,105.02118094548543,INE274J01014,20.0,-19.512195121951216,9.0,29.0,4,2021-10-01
IRCTC,58.536585365853654,40.65040650406504,109.05133807267467,INE335Y01020,18.0,-17.886178861788615,15.0,33.0,5,2021-10-01
MASTEK,57.72357723577236,42.27642276422765,147.53786078316935,INE759A01021,10.0,-15.447154471544714,24.0,34.0,6,2021-10-01
KPITTECH,61.78861788617886,37.39837398373984,88.36688681517822,INE04I401011,31.0,-24.390243902439025,3.0,34.0,7,2021-10-01
SRF,60.97560975609756,39.02439024390244,86.80804297681786,INE647A01010,32.0,-21.951219512195124,6.0,38.0,8,2021-10-01
SAREGAMA,58.536585365853654,40.65040650406504,101.74333735788865,INE979A01025,22.0,-17.886178861788615,16.0,38.0,9,2021-10-01
PERSISTENT,60.97560975609756,39.02439024390244,82.31574232439031,INE262H01021,39.0,-21.951219512195124,5.0,44.0,10,2021-10-01
BAJAJFINSV,57.72357723577236,41.46341463414634,91.13877555667527,INE918I01026,29.0,-16.26016260162602,18.0,47.0,11,2021-10-01
ANGELONE,55.28455284552846,43.90243902439025,304.0714926011475,INE732I01013,2.0,-11.382113821138212,52.0,54.0,12,2021-10-01
RPOWER,54.47154471544715,42.27642276422765,182.7104828745518,INE614G01033,5.0,-12.195121951219505,51.0,56.0,13,2021-10-01
MPHASIS,58.536585365853654,41.46341463414634,74.04152571076833,INE356A01018,44.0,-17.073170731707314,17.0,61.0,14,2021-10-01
COFORGE,59.34959349593496,40.65040650406504,71.60341465102107,INE591G01017,49.0,-18.699186991869922,12.0,61.0,15,2021-10-01
RKFORGE,55.28455284552846,43.08943089430895,99.1726416397358,INE399G01023,24.0,-12.195121951219512,47.0,71.0,16,2021-10-01
ABREL,56.09756097560976,43.90243902439025,85.47828238811499,INE055A01016,35.0,-12.195121951219512,39.0,74.0,17,2021-10-01
USHAMART,55.28455284552846,44.71544715447154,124.64076471813463,INE228A01035,13.0,-10.569105691056919,66.0,79.0,18,2021-10-01
JWL,55.28455284552846,43.90243902439025,94.1990240800181,INE209L01016,27.0,-11.382113821138212,54.0,81.0,19,2021-10-01
CDSL,55.28455284552846,44.71544715447154,94.85160273087847,INE736A01011,26.0,-10.569105691056919,57.0,83.0,20,2021-10-01
RTNINDIA,58.87096774193549,40.32258064516129,252.48507642968377,INE834M01019,1.0,-18.5483870967742,8.0,9.0,1,2021-11-01
JSWENERGY,58.87096774193549,39.516129032258064,208.6017027392459,INE121E01018,3.0,-19.354838709677423,6.0,9.0,2,2021-11-01
IRCTC,59.67741935483871,39.516129032258064,127.85287451729496,INE335Y01020,11.0,-20.161290322580648,3.0,14.0,3,2021-11-01
TTML,56.451612903225815,42.74193548387097,217.61172010663228,INE517B01013,2.0,-13.709677419354847,21.0,23.0,4,2021-11-01
SAREGAMA,58.87096774193549,40.32258064516129,104.9806052231018,INE979A01025,18.0,-18.5483870967742,9.0,27.0,5,2021-11-01
PERSISTENT,58.06451612903226,41.935483870967744,88.14974840491978,INE262H01021,25.0,-16.12903225806452,14.0,39.0,6,2021-11-01
MPHASIS,58.87096774193549,41.12903225806452,84.30027784883806,INE356A01018,29.0,-17.741935483870968,10.0,39.0,7,2021-11-01
OIL,56.451612903225815,41.935483870967744,87.37756189316781,INE274J01014,26.0,-14.516129032258071,18.0,44.0,8,2021-11-01
SOLARINDS,56.451612903225815,43.54838709677419,104.23758122531592,INE343H01029,19.0,-12.903225806451623,26.0,45.0,9,2021-11-01
UNITDSPR,59.67741935483871,40.32258064516129,69.6806058084769,INE854D01024,45.0,-19.354838709677423,7.0,52.0,10,2021-11-01
LTIM,57.25806451612904,42.74193548387097,75.73236121623583,INE214T01019,38.0,-14.516129032258071,17.0,55.0,11,2021-11-01
COFORGE,59.67741935483871,40.32258064516129,61.86845563122869,INE591G01017,59.0,-19.354838709677423,4.0,63.0,12,2021-11-01
TRIDENT,51.61290322580645,42.74193548387097,153.31014082728154,INE064C01022,7.0,-8.87096774193548,62.0,69.0,13,2021-11-01
BAJAJFINSV,55.64516129032258,44.354838709677416,75.80599500265836,INE918I01026,37.0,-11.29032258064516,34.0,71.0,14,2021-11-01
VTL,55.64516129032258,43.54838709677419,69.81764588192738,INE825A01020,44.0,-12.096774193548384,30.0,74.0,15,2021-11-01
SRF,58.87096774193549,41.12903225806452,59.204069812294605,INE647A01010,66.0,-17.741935483870968,11.0,77.0,16,2021-11-01
CRAFTSMAN,54.83870967741935,45.16129032258064,90.38397515317837,INE00LO01017,24.0,-9.677419354838712,53.0,77.0,17,2021-11-01
RPOWER,53.2258064516129,45.16129032258064,174.97409079467673,INE614G01033,6.0,-8.064516129032256,73.0,79.0,18,2021-11-01
IEX,55.64516129032258,44.354838709677416,75.03453674464456,INE022Q01020,39.0,-11.29032258064516,40.0,79.0,19,2021-11-01
BRIGADE,55.64516129032258,44.354838709677416,70.2521142640992,INE791I01019,43.0,-11.29032258064516,37.0,80.0,20,2021-11-01
TTML,63.70967741935484,36.29032258064516,468.72053563106186,INE517B01013,1.0,-27.41935483870968,1.0,2.0,1,2021-12-01
OLECTRA,59.67741935483871,39.516129032258064,325.0344054149606,INE260D01016,2.0,-20.161290322580648,4.0,6.0,2,2021-12-01
TRIDENT,56.451612903225815,38.70967741935484,192.5709980223419,INE064C01022,3.0,-17.741935483870975,5.0,8.0,3,2021-12-01
KPITTECH,58.06451612903226,41.12903225806452,103.73135620001506,INE04I401011,11.0,-16.935483870967744,9.0,20.0,4,2021-12-01
LTTS,58.06451612903226,41.935483870967744,96.17471850292235,INE010V01017,13.0,-16.12903225806452,12.0,25.0,5,2021-12-01
LODHA,58.06451612903226,41.935483870967744,88.65696770602376,INE670K01029,14.0,-16.12903225806452,11.0,25.0,6,2021-12-01
IEX,58.06451612903226,41.935483870967744,88.22844707441024,INE022Q01020,15.0,-16.12903225806452,10.0,25.0,7,2021-12-01
IRCTC,57.25806451612904,41.935483870967744,96.46302555225901,INE335Y01020,12.0,-15.322580645161295,14.0,26.0,8,2021-12-01
JSWENERGY,55.64516129032258,42.74193548387097,143.21385882364535,INE121E01018,4.0,-12.903225806451609,23.0,27.0,9,2021-12-01
LTIM,58.87096774193549,41.12903225806452,75.0884745756107,INE214T01019,24.0,-17.741935483870968,8.0,32.0,10,2021-12-01
RTNINDIA,54.83870967741935,44.354838709677416,130.35735114517615,INE834M01019,6.0,-10.483870967741936,39.0,45.0,11,2021-12-01
TEJASNET,54.83870967741935,44.354838709677416,134.48499090102294,INE010J01012,5.0,-10.483870967741936,40.0,45.0,12,2021-12-01
PERSISTENT,57.25806451612904,42.74193548387097,62.54594348780553,INE262H01021,36.0,-14.516129032258071,15.0,51.0,13,2021-12-01
SOLARINDS,55.64516129032258,44.354838709677416,83.8911243281637,INE343H01029,17.0,-11.29032258064516,34.0,51.0,14,2021-12-01
DMART,58.87096774193549,41.12903225806452,58.3848999688531,INE192R01011,45.0,-17.741935483870968,7.0,52.0,15,2021-12-01
DBREALTY,55.64516129032258,43.54838709677419,69.52196801400379,INE879I01012,29.0,-12.096774193548384,24.0,53.0,16,2021-12-01
FLUOROCHEM,54.83870967741935,45.16129032258064,105.45321568978383,INE09N301011,10.0,-9.677419354838712,44.0,54.0,17,2021-12-01
JBMA,54.83870967741935,45.16129032258064,111.50267101152807,INE927D01051,9.0,-9.677419354838712,46.0,55.0,18,2021-12-01
BRIGADE,55.64516129032258,44.354838709677416,72.6292428993123,INE791I01019,26.0,-11.29032258064516,29.0,55.0,19,2021-12-01
SONACOMS,53.77358490566038,45.28301886792453,114.82371466914336,INE073K01018,8.0,-8.490566037735846,51.0,59.0,20,2021-12-01
TTML,60.0,40.0,264.12672560800524,INE517B01013,1.0,-20.0,6.0,7.0,1,2022-01-01
OLECTRA,59.199999999999996,40.0,230.0617278910643,INE260D01016,2.0,-19.199999999999996,7.0,9.0,2,2022-01-01
TRIDENT,56.8,40.8,206.3022997687198,INE064C01022,3.0,-16.0,14.0,17.0,3,2022-01-01
KPITTECH,57.599999999999994,41.6,123.29316144074593,INE04I401011,7.0,-15.999999999999993,15.0,22.0,4,2022-01-01
LTIM,60.8,39.2,77.48137234853102,INE214T01019,21.0,-21.599999999999994,2.0,23.0,5,2022-01-01
IRCTC,58.4,41.6,87.47415077786118,INE335Y01020,17.0,-16.799999999999997,11.0,28.0,6,2022-01-01
LTTS,58.4,41.6,89.89141143700039,INE010V01017,16.0,-16.799999999999997,12.0,28.0,7,2022-01-01
JBMA,56.8,43.2,144.80131051603493,INE927D01051,4.0,-13.599999999999994,25.0,29.0,8,2022-01-01
SRF,60.0,40.0,63.20030816104616,INE647A01010,29.0,-20.0,5.0,34.0,9,2022-01-01
CGPOWER,54.400000000000006,44.0,133.87706205460438,INE067A01029,5.0,-10.400000000000006,35.0,40.0,10,2022-01-01
MPHASIS,60.8,39.2,52.07313377676628,INE356A01018,41.0,-21.599999999999994,3.0,44.0,11,2022-01-01
USHAMART,58.4,41.6,61.92755565846848,INE228A01035,32.0,-16.799999999999997,13.0,45.0,12,2022-01-01
IEX,56.00000000000001,44.0,83.37890504441646,INE022Q01020,18.0,-12.000000000000007,30.0,48.0,13,2022-01-01
ATGL,56.8,43.2,69.36816528773522,INE399L01023,26.0,-13.599999999999994,23.0,49.0,14,2022-01-01
DBREALTY,56.8,42.4,62.56970862707121,INE879I01012,30.0,-14.399999999999999,22.0,52.0,15,2022-01-01
FLUOROCHEM,55.2,44.800000000000004,90.63776081840598,INE09N301011,15.0,-10.399999999999999,39.0,54.0,16,2022-01-01
JSWENERGY,54.400000000000006,44.0,81.98579124580696,INE121E01018,19.0,-10.400000000000006,36.0,55.0,17,2022-01-01
SONACOMS,54.400000000000006,44.800000000000004,114.49197400596418,INE073K01018,9.0,-9.600000000000001,47.0,56.0,18,2022-01-01
TECHM,57.599999999999994,42.4,57.693887637471185,INE669C01036,38.0,-15.199999999999996,20.0,58.0,19,2022-01-01
PERSISTENT,56.8,43.2,60.80876093328933,INE262H01021,33.0,-13.599999999999994,27.0,60.0,20,2022-01-01
DBREALTY,60.483870967741936,38.70967741935484,163.04645567685267,INE879I01012,4.0,-21.774193548387096,3.0,7.0,1,2022-02-01
ADANIGREEN,62.096774193548384,37.903225806451616,100.02924147722321,INE364U01010,9.0,-24.19354838709677,1.0,10.0,2,2022-02-01
TTML,58.87096774193549,41.12903225806452,209.2407788329637,INE517B01013,1.0,-17.741935483870968,9.0,10.0,3,2022-02-01
ATGL,60.483870967741936,39.516129032258064,92.02203857553269,INE399L01023,10.0,-20.967741935483872,4.0,14.0,4,2022-02-01
TRIDENT,56.451612903225815,41.12903225806452,174.2707812385411,INE064C01022,2.0,-15.322580645161295,14.0,16.0,5,2022-02-01
IRCTC,58.87096774193549,41.12903225806452,67.95489856588178,INE335Y01020,12.0,-17.741935483870968,7.0,19.0,6,2022-02-01
JBMA,56.451612903225815,43.54838709677419,169.7761964131384,INE927D01051,3.0,-12.903225806451623,24.0,27.0,7,2022-02-01
TATAELXSI,57.25806451612904,42.74193548387097,64.91968357878812,INE670A01012,15.0,-14.516129032258071,18.0,33.0,8,2022-02-01
OLECTRA,55.64516129032258,43.54838709677419,143.2879920230069,INE260D01016,5.0,-12.096774193548384,31.0,36.0,9,2022-02-01
TATAPOWER,57.25806451612904,42.74193548387097,58.254409225053074,INE245A01021,20.0,-14.516129032258071,19.0,39.0,10,2022-02-01
KPITTECH,54.83870967741935,43.54838709677419,121.11253594056718,INE04I401011,6.0,-11.29032258064516,35.0,41.0,11,2022-02-01
LINDEINDIA,56.451612903225815,43.54838709677419,45.442921312174846,INE473A01011,37.0,-12.903225806451623,25.0,62.0,12,2022-02-01
CANBK,54.83870967741935,41.935483870967744,47.33745438173547,INE476A01022,32.0,-12.903225806451609,30.0,62.0,13,2022-02-01
SRF,57.25806451612904,42.74193548387097,38.16334083493469,INE647A01010,47.0,-14.516129032258071,17.0,64.0,14,2022-02-01
ONGC,56.451612903225815,43.54838709677419,41.94099399004634,INE213A01029,43.0,-12.903225806451623,27.0,70.0,15,2022-02-01
CGPOWER,52.41935483870967,45.96774193548387,110.69816704841568,INE067A01029,7.0,-6.451612903225801,65.0,72.0,16,2022-02-01
TRIVENI,57.25806451612904,42.74193548387097,34.630705918380556,INE256C01024,53.0,-14.516129032258071,20.0,73.0,17,2022-02-01
CHALET,54.83870967741935,45.16129032258064,46.70939032422008,INE427F01016,34.0,-9.677419354838712,43.0,77.0,18,2022-02-01
AFFLE,54.03225806451613,45.96774193548387,47.814241240880804,INE00WC01027,30.0,-8.064516129032256,48.0,78.0,19,2022-02-01
SONACOMS,54.83870967741935,45.16129032258064,46.10758669066579,INE073K01018,35.0,-9.677419354838712,44.0,79.0,20,2022-02-01
DBREALTY,63.41463414634146,36.58536585365854,240.61605251840902,INE879I01012,1.0,-26.829268292682926,1.0,2.0,1,2022-03-01
TTML,59.34959349593496,40.65040650406504,177.84765849852744,INE517B01013,2.0,-18.699186991869922,3.0,5.0,2,2022-03-01
ADANIGREEN,57.72357723577236,42.27642276422765,58.82213804184819,INE364U01010,15.0,-15.447154471544714,5.0,20.0,3,2022-03-01
TATAPOWER,59.34959349593496,40.65040650406504,46.09631507589984,INE245A01021,21.0,-18.699186991869922,2.0,23.0,4,2022-03-01
TRIDENT,55.28455284552846,43.08943089430895,125.2440214418606,INE064C01022,3.0,-12.195121951219512,20.0,23.0,5,2022-03-01
IRCTC,56.91056910569105,43.08943089430895,42.321844490974534,INE335Y01020,24.0,-13.821138211382106,9.0,33.0,6,2022-03-01
CENTURYPLY,56.91056910569105,42.27642276422765,39.82194622993684,INE348B01021,28.0,-14.634146341463406,7.0,35.0,7,2022-03-01
CHALET,54.47154471544715,45.52845528455284,59.72230505422442,INE427F01016,14.0,-8.943089430894311,29.0,43.0,8,2022-03-01
TRIVENI,56.91056910569105,43.08943089430895,36.30293620342415,INE256C01024,32.0,-13.821138211382106,12.0,44.0,9,2022-03-01
OLECTRA,53.65853658536586,46.34146341463415,94.50248785581441,INE260D01016,5.0,-7.31707317073171,42.0,47.0,10,2022-03-01
RAYMOND,53.65853658536586,45.52845528455284,74.90057064526792,INE301A01014,10.0,-8.130081300813018,37.0,47.0,11,2022-03-01
ONGC,57.72357723577236,42.27642276422765,29.57139881592523,INE213A01029,43.0,-15.447154471544714,6.0,49.0,12,2022-03-01
KPRMILL,53.65853658536586,46.34146341463415,64.26220638133609,INE930H01031,12.0,-7.31707317073171,41.0,53.0,13,2022-03-01
CGPOWER,52.03252032520326,46.34146341463415,91.00741375356466,INE067A01029,6.0,-5.69105691056911,49.0,55.0,14,2022-03-01
EIHOTEL,56.09756097560976,42.27642276422765,25.0818312676804,INE230A01023,49.0,-13.821138211382113,8.0,57.0,15,2022-03-01
BSE,53.65853658536586,46.34146341463415,51.6966448705144,INE118H01025,18.0,-7.31707317073171,40.0,58.0,16,2022-03-01
BANKBARODA,56.09756097560976,43.08943089430895,28.805682816382827,INE028A01039,44.0,-13.008130081300813,15.0,59.0,17,2022-03-01
JBMA,52.84552845528455,47.15447154471545,105.54282748219386,INE927D01051,4.0,-5.6910569105691025,57.0,61.0,18,2022-03-01
GNFC,52.84552845528455,47.15447154471545,60.89852472271489,INE113A01013,13.0,-5.6910569105691025,54.0,67.0,19,2022-03-01
WELCORP,56.91056910569105,43.08943089430895,22.881002835607035,INE191B01025,55.0,-13.821138211382106,14.0,69.0,20,2022-03-01
TTML,63.41463414634146,36.58536585365854,322.7343920795947,INE517B01013,1.0,-26.829268292682926,1.0,2.0,1,2022-04-01
DBREALTY,60.97560975609756,39.02439024390244,204.87916035103063,INE879I01012,2.0,-21.951219512195124,3.0,5.0,2,2022-04-01
GNFC,56.91056910569105,43.08943089430895,74.63406412286983,INE113A01013,11.0,-13.821138211382106,11.0,22.0,3,2022-04-01
ADANIGREEN,57.72357723577236,42.27642276422765,52.123616437883655,INE364U01010,18.0,-15.447154471544714,6.0,24.0,4,2022-04-01
RAYMOND,56.09756097560976,43.08943089430895,80.09156236834669,INE301A01014,9.0,-13.008130081300813,21.0,30.0,5,2022-04-01
CENTURYPLY,58.536585365853654,41.46341463414634,41.73551042025079,INE348B01021,27.0,-17.073170731707314,5.0,32.0,6,2022-04-01
TRIVENI,56.91056910569105,43.08943089430895,55.378054390599395,INE256C01024,15.0,-13.821138211382106,17.0,32.0,7,2022-04-01
SAPPHIRE,57.14285714285714,42.857142857142854,44.522915533145735,INE806T01020,24.0,-14.285714285714285,10.0,34.0,8,2022-04-01
BSE,54.47154471544715,44.71544715447154,107.08184460610543,INE118H01025,4.0,-9.756097560975611,35.0,39.0,9,2022-04-01
AWL,57.14285714285714,42.857142857142854,35.20795187025896,INE699H01024,34.0,-14.285714285714285,9.0,43.0,10,2022-04-01
ADANIENT,61.78861788617886,38.21138211382114,30.775000422887324,INE423A01024,42.0,-23.577235772357724,2.0,44.0,11,2022-04-01
NH,55.28455284552846,44.71544715447154,54.29260169161123,INE410P01011,16.0,-10.569105691056919,31.0,47.0,12,2022-04-01
TATAELXSI,56.09756097560976,43.90243902439025,46.791920842188084,INE670A01012,23.0,-12.195121951219512,24.0,47.0,13,2022-04-01
TATAPOWER,59.34959349593496,40.65040650406504,29.983696891279642,INE245A01021,44.0,-18.699186991869922,4.0,48.0,14,2022-04-01
PAGEIND,57.72357723577236,42.27642276422765,30.34531463929302,INE761H01022,43.0,-15.447154471544714,8.0,51.0,15,2022-04-01
USHAMART,56.09756097560976,43.90243902439025,37.39481198414818,INE228A01035,30.0,-12.195121951219512,25.0,55.0,16,2022-04-01
CHOLAFIN,57.72357723577236,42.27642276422765,25.346384396690723,INE121A01024,52.0,-15.447154471544714,7.0,59.0,17,2022-04-01
ATGL,55.28455284552846,44.71544715447154,36.90132671952673,INE399L01023,31.0,-10.569105691056919,28.0,59.0,18,2022-04-01
TRIDENT,52.84552845528455,46.34146341463415,84.05214081133356,INE064C01022,6.0,-6.504065040650403,53.0,59.0,19,2022-04-01
RHIM,53.65853658536586,46.34146341463415,70.29926937052606,INE743M01012,13.0,-7.31707317073171,48.0,61.0,20,2022-04-01
ADANIGREEN,60.65573770491803,39.34426229508197,125.10783243461981,INE364U01010,4.0,-21.311475409836063,4.0,8.0,1,2022-05-01
TTML,58.19672131147541,41.80327868852459,138.02035835715043,INE517B01013,1.0,-16.393442622950815,7.0,8.0,2,2022-05-01
AWL,62.96296296296296,37.03703703703704,94.42838702699481,INE699H01024,8.0,-25.925925925925924,2.0,10.0,3,2022-05-01
DBREALTY,56.557377049180324,43.44262295081967,98.58896976697362,INE879I01012,7.0,-13.114754098360656,13.0,20.0,4,2022-05-01
ADANIENT,63.114754098360656,36.885245901639344,52.90273205970677,INE423A01024,24.0,-26.229508196721312,1.0,25.0,5,2022-05-01
GNFC,59.01639344262295,40.98360655737705,54.63491444336424,INE113A01013,22.0,-18.032786885245898,5.0,27.0,6,2022-05-01
THERMAX,57.377049180327866,42.62295081967213,55.66787196825964,INE152A01029,21.0,-14.754098360655739,9.0,30.0,7,2022-05-01
TRIVENI,57.377049180327866,42.62295081967213,56.88445939126876,INE256C01024,20.0,-14.754098360655739,10.0,30.0,8,2022-05-01
USHAMART,57.377049180327866,42.62295081967213,57.81958248490673,INE228A01035,19.0,-14.754098360655739,11.0,30.0,9,2022-05-01
POONAWALLA,55.73770491803278,43.44262295081967,65.30188140079073,INE511C01022,16.0,-12.295081967213115,17.0,33.0,10,2022-05-01
ANGELONE,57.49999999999999,42.5,51.59869576867144,INE732I01013,26.0,-14.999999999999993,8.0,34.0,11,2022-05-01
RAYMOND,54.91803278688525,44.26229508196721,74.75523304456648,INE301A01014,13.0,-10.655737704918039,23.0,36.0,12,2022-05-01
ATGL,56.557377049180324,43.44262295081967,47.518845995226776,INE399L01023,27.0,-13.114754098360656,12.0,39.0,13,2022-05-01
RHIM,54.91803278688525,45.08196721311475,75.88230582221507,INE743M01012,12.0,-9.836065573770497,30.0,42.0,14,2022-05-01
CHENNPETRO,52.459016393442624,45.08196721311475,109.09887660166744,INE178A01016,5.0,-7.377049180327873,43.0,48.0,15,2022-05-01
LINDEINDIA,54.91803278688525,45.08196721311475,52.13069960396661,INE473A01011,25.0,-9.836065573770497,28.0,53.0,16,2022-05-01
SCHAEFFLER,54.91803278688525,45.08196721311475,44.99788751566487,INE513A01022,30.0,-9.836065573770497,31.0,61.0,17,2022-05-01
WELCORP,55.73770491803278,44.26229508196721,31.64270093322543,INE191B01025,43.0,-11.475409836065573,21.0,64.0,18,2022-05-01
ELGIEQUIP,54.09836065573771,45.90163934426229,46.025843697064104,INE285A01027,29.0,-8.196721311475414,36.0,65.0,19,2022-05-01
RENUKA,51.63934426229508,47.540983606557376,102.78845886197394,INE087H01022,6.0,-4.098360655737707,63.0,69.0,20,2022-05-01
CHENNPETRO,56.09756097560976,41.46341463414634,127.45279069135998,INE178A01016,3.0,-14.63414634146342,9.0,12.0,1,2022-06-01
AWL,57.333333333333336,42.66666666666667,72.48553363441795,INE699H01024,8.0,-14.666666666666664,8.0,16.0,2,2022-06-01
GNFC,59.34959349593496,40.65040650406504,44.711307281140876,INE113A01013,18.0,-18.699186991869922,2.0,20.0,3,2022-06-01
BLS,54.47154471544715,43.90243902439025,83.3600186838837,INE153T01027,6.0,-10.569105691056905,26.0,32.0,4,2022-06-01
RAYMOND,55.28455284552846,43.90243902439025,48.139382343625,INE301A01014,17.0,-11.382113821138212,18.0,35.0,5,2022-06-01
ADANIGREEN,56.91056910569105,43.08943089430895,35.964121237306344,INE364U01010,26.0,-13.821138211382106,10.0,36.0,6,2022-06-01
RHIM,55.28455284552846,44.71544715447154,60.19086959072144,INE743M01012,12.0,-10.569105691056919,24.0,36.0,7,2022-06-01
GESHIP,56.91056910569105,43.08943089430895,36.05458109829374,INE017A01032,25.0,-13.821138211382106,11.0,36.0,8,2022-06-01
TATAELXSI,56.09756097560976,43.90243902439025,41.8083028561963,INE670A01012,20.0,-12.195121951219512,16.0,36.0,9,2022-06-01
ADANIPOWER,52.84552845528455,43.90243902439025,183.0179418477998,INE814H01011,1.0,-8.943089430894304,37.0,38.0,10,2022-06-01
TRIVENI,56.91056910569105,43.08943089430895,37.00743659109178,INE256C01024,24.0,-13.821138211382106,14.0,38.0,11,2022-06-01
DBREALTY,54.47154471544715,45.52845528455284,61.438506894143295,INE879I01012,10.0,-8.943089430894311,31.0,41.0,12,2022-06-01
RENUKA,53.65853658536586,45.52845528455284,76.47140462652197,INE087H01022,7.0,-8.130081300813018,38.0,45.0,13,2022-06-01
BAJAJ-AUTO,58.536585365853654,41.46341463414634,25.1494725475486,INE917I01010,42.0,-17.073170731707314,3.0,45.0,14,2022-06-01
ANGELONE,54.47154471544715,45.52845528455284,49.64120079751693,INE732I01013,16.0,-8.943089430894311,29.0,45.0,15,2022-06-01
SRF,57.72357723577236,42.27642276422765,25.36945384762237,INE647A01010,40.0,-15.447154471544714,6.0,46.0,16,2022-06-01
SCHAEFFLER,55.28455284552846,44.71544715447154,41.62083824849887,INE513A01022,21.0,-10.569105691056919,25.0,46.0,17,2022-06-01
ADANIENT,60.16260162601627,39.83739837398374,23.131141145078928,INE423A01024,46.0,-20.32520325203253,1.0,47.0,18,2022-06-01
GMDCLTD,52.84552845528455,45.52845528455284,143.46994750903107,INE131A01031,2.0,-7.31707317073171,45.0,47.0,19,2022-06-01
RCF,56.91056910569105,43.08943089430895,28.833027996204642,INE027A01015,34.0,-13.821138211382106,13.0,47.0,20,2022-06-01
CHENNPETRO,56.557377049180324,41.80327868852459,145.2925324357352,INE178A01016,2.0,-14.754098360655732,2.0,4.0,1,2022-07-01
ADANIGREEN,55.73770491803278,44.26229508196721,41.76095531449966,INE364U01010,10.0,-11.475409836065573,8.0,18.0,2,2022-07-01
ADANIPOWER,52.459016393442624,44.26229508196721,145.86711493151694,INE814H01011,1.0,-8.196721311475414,19.0,20.0,3,2022-07-01
TVSMOTOR,56.557377049180324,42.62295081967213,34.16532852419694,INE494B01023,18.0,-13.934426229508198,3.0,21.0,4,2022-07-01
GESHIP,55.73770491803278,44.26229508196721,38.293689846458314,INE017A01032,12.0,-11.475409836065573,10.0,22.0,5,2022-07-01
CREDITACC,54.91803278688525,45.08196721311475,77.29708968683546,INE741K01010,6.0,-9.836065573770497,16.0,22.0,6,2022-07-01
BLS,54.09836065573771,45.08196721311475,91.61320824503463,INE153T01027,4.0,-9.016393442622956,18.0,22.0,7,2022-07-01
ADANIENT,58.19672131147541,41.80327868852459,24.23919388772959,INE423A01024,28.0,-16.393442622950815,1.0,29.0,8,2022-07-01
BAJAJ-AUTO,56.557377049180324,43.44262295081967,24.706826276631546,INE917I01010,27.0,-13.114754098360656,4.0,31.0,9,2022-07-01
M&M,55.73770491803278,44.26229508196721,31.48704116124876,INE101A01026,20.0,-11.475409836065573,12.0,32.0,10,2022-07-01
CHALET,54.09836065573771,45.90163934426229,37.445307826774446,INE427F01016,13.0,-8.196721311475414,20.0,33.0,11,2022-07-01
PHOENIXLTD,55.73770491803278,44.26229508196721,27.20642524328585,INE211B01039,24.0,-11.475409836065573,13.0,37.0,12,2022-07-01
MARUTI,56.557377049180324,43.44262295081967,19.840680255624733,INE585B01010,35.0,-13.114754098360656,6.0,41.0,13,2022-07-01
GMDCLTD,51.63934426229508,48.36065573770492,91.90950477069104,INE131A01031,3.0,-3.278688524590166,39.0,42.0,14,2022-07-01
BDL,52.459016393442624,47.540983606557376,65.92864501013848,INE171Z01026,7.0,-4.918032786885249,36.0,43.0,15,2022-07-01
DEEPAKFERT,53.278688524590166,46.72131147540984,36.54414585382148,INE501A01019,16.0,-6.5573770491803245,30.0,46.0,16,2022-07-01
VBL,54.91803278688525,44.26229508196721,20.591289273386202,INE200M01039,32.0,-10.655737704918039,14.0,46.0,17,2022-07-01
COROMANDEL,54.91803278688525,45.08196721311475,20.363692913594168,INE169A01031,33.0,-9.836065573770497,15.0,48.0,18,2022-07-01
RENUKA,52.459016393442624,45.90163934426229,29.731519519283278,INE087H01022,21.0,-6.557377049180332,28.0,49.0,19,2022-07-01
ITC,56.557377049180324,43.44262295081967,17.60768145094196,INE154A01025,44.0,-13.114754098360656,5.0,49.0,20,2022-07-01
ADANIPOWER,56.09756097560976,41.46341463414634,179.46524556921736,INE814H01011,1.0,-14.63414634146342,9.0,10.0,1,2022-08-01
CREDITACC,58.536585365853654,41.46341463414634,75.6310263190949,INE741K01010,6.0,-17.073170731707314,6.0,12.0,2,2022-08-01
CHENNPETRO,53.65853658536586,44.71544715447154,112.74876161920142,INE178A01016,2.0,-8.943089430894318,16.0,18.0,3,2022-08-01
ADANIENT,60.97560975609756,39.02439024390244,43.178386546156624,INE423A01024,17.0,-21.951219512195124,1.0,18.0,4,2022-08-01
GESHIP,56.09756097560976,43.90243902439025,61.33889719598513,INE017A01032,8.0,-12.195121951219512,12.0,20.0,5,2022-08-01
TVSMOTOR,58.536585365853654,40.65040650406504,46.942270083217785,INE494B01023,16.0,-17.886178861788615,5.0,21.0,6,2022-08-01
GNFC,58.536585365853654,41.46341463414634,38.388743293149965,INE113A01013,18.0,-17.073170731707314,7.0,25.0,7,2022-08-01
VBL,59.34959349593496,40.65040650406504,30.34784275240203,INE200M01039,28.0,-18.699186991869922,4.0,32.0,8,2022-08-01
M&M,57.72357723577236,42.27642276422765,29.52590708259022,INE101A01026,29.0,-15.447154471544714,8.0,37.0,9,2022-08-01
ITC,59.34959349593496,40.65040650406504,24.71237707366274,INE154A01025,35.0,-18.699186991869922,3.0,38.0,10,2022-08-01
PHOENIXLTD,56.09756097560976,43.90243902439025,31.697368456194308,INE211B01039,25.0,-12.195121951219512,13.0,38.0,11,2022-08-01
CRAFTSMAN,54.47154471544715,45.52845528455284,37.56228881908055,INE00LO01017,19.0,-8.943089430894311,21.0,40.0,12,2022-08-01
ATGL,53.65853658536586,46.34146341463415,55.26915813167523,INE399L01023,10.0,-7.31707317073171,30.0,40.0,13,2022-08-01
CGPOWER,54.47154471544715,45.52845528455284,32.79631738638198,INE067A01029,24.0,-8.943089430894311,18.0,42.0,14,2022-08-01
BLUEDART,59.34959349593496,40.65040650406504,22.30219172035479,INE233B01017,45.0,-18.699186991869922,2.0,47.0,15,2022-08-01
BAJAJ-AUTO,56.91056910569105,43.08943089430895,23.815122107873865,INE917I01010,38.0,-13.821138211382106,10.0,48.0,16,2022-08-01
USHAMART,52.84552845528455,47.15447154471545,79.0311120942998,INE228A01035,5.0,-5.6910569105691025,46.0,51.0,17,2022-08-01
ELECON,52.03252032520326,47.15447154471545,91.4203294920632,INE205B01031,3.0,-4.878048780487809,49.0,52.0,18,2022-08-01
BLS,52.03252032520326,47.15447154471545,86.0738176172818,INE153T01027,4.0,-4.878048780487809,48.0,52.0,19,2022-08-01
MAHSEAMLES,53.65853658536586,46.34146341463415,33.06374109917236,INE271B01025,23.0,-7.31707317073171,34.0,57.0,20,2022-08-01
ADANIPOWER,59.34959349593496,38.21138211382114,213.82543532960307,INE814H01011,1.0,-21.138211382113823,5.0,6.0,1,2022-09-01
ADANIENT,65.85365853658537,34.146341463414636,82.64130953334237,INE423A01024,8.0,-31.707317073170735,1.0,9.0,2,2022-09-01
TVSMOTOR,61.78861788617886,38.21138211382114,58.47164122296824,INE494B01023,20.0,-23.577235772357724,4.0,24.0,3,2022-09-01
ATGL,56.91056910569105,43.08943089430895,112.1302121775539,INE399L01023,5.0,-13.821138211382106,23.0,28.0,4,2022-09-01
MAHSEAMLES,59.34959349593496,40.65040650406504,58.10262705002971,INE271B01025,21.0,-18.699186991869922,8.0,29.0,5,2022-09-01
PHOENIXLTD,58.536585365853654,41.46341463414634,54.19662577172948,INE211B01039,24.0,-17.073170731707314,13.0,37.0,6,2022-09-01
M&M,58.536585365853654,41.46341463414634,50.604920402776266,INE101A01026,26.0,-17.073170731707314,12.0,38.0,7,2022-09-01
ELECON,55.28455284552846,43.90243902439025,135.47722732601497,INE205B01031,3.0,-11.382113821138212,37.0,40.0,8,2022-09-01
DATAPATTNS,56.91056910569105,41.46341463414634,50.888557708662496,INE0IX101010,25.0,-15.447154471544714,16.0,41.0,9,2022-09-01
TITAGARH,56.09756097560976,43.90243902439025,96.70910741458813,INE615H01020,6.0,-12.195121951219512,35.0,41.0,10,2022-09-01
HAL,56.91056910569105,43.08943089430895,60.83527677064775,INE066F01020,18.0,-13.821138211382106,25.0,43.0,11,2022-09-01
GESHIP,56.09756097560976,43.90243902439025,75.68579406506848,INE017A01032,12.0,-12.195121951219512,32.0,44.0,12,2022-09-01
ITC,63.41463414634146,36.58536585365854,37.1269273992735,INE154A01025,46.0,-26.829268292682926,2.0,48.0,13,2022-09-01
BLUEDART,61.78861788617886,38.21138211382114,35.747129483877124,INE233B01017,47.0,-23.577235772357724,3.0,50.0,14,2022-09-01
VBL,57.72357723577236,42.27642276422765,41.31215343136909,INE200M01039,33.0,-15.447154471544714,19.0,52.0,15,2022-09-01
KIRLOSENG,54.47154471544715,44.71544715447154,63.83415151996101,INE146L01010,16.0,-9.756097560975611,48.0,64.0,16,2022-09-01
M&MFIN,58.536585365853654,39.83739837398374,32.24291458313211,INE774D01024,59.0,-18.699186991869915,10.0,69.0,17,2022-09-01
WESTLIFE,55.28455284552846,44.71544715447154,43.27079900885891,INE274F01020,31.0,-10.569105691056919,45.0,76.0,18,2022-09-01
CREDITACC,55.28455284552846,44.71544715447154,39.595075890328204,INE741K01010,39.0,-10.569105691056919,39.0,78.0,19,2022-09-01
BAJAJ-AUTO,59.34959349593496,40.65040650406504,27.439049942313652,INE917I01010,72.0,-18.699186991869922,7.0,79.0,20,2022-09-01
ADANIENT,62.096774193548384,37.903225806451616,59.07711116494849,INE423A01024,13.0,-24.19354838709677,1.0,14.0,1,2022-10-01
AMBUJACEM,58.06451612903226,41.12903225806452,63.677415110343105,INE079A01024,11.0,-16.935483870967744,7.0,18.0,2,2022-10-01
ADANIPOWER,55.64516129032258,42.74193548387097,90.774387664291,INE814H01011,3.0,-12.903225806451609,17.0,20.0,3,2022-10-01
KIRLOSENG,56.451612903225815,42.74193548387097,76.44811152126125,INE146L01010,7.0,-13.709677419354847,13.0,20.0,4,2022-10-01
TVSMOTOR,58.87096774193549,41.12903225806452,54.0177344438151,INE494B01023,18.0,-17.741935483870968,6.0,24.0,5,2022-10-01
HAL,57.25806451612904,42.74193548387097,53.33291564255156,INE066F01020,19.0,-14.516129032258071,11.0,30.0,6,2022-10-01
DATAPATTNS,58.87096774193549,39.516129032258064,46.32459328973042,INE0IX101010,31.0,-19.354838709677423,3.0,34.0,7,2022-10-01
EICHERMOT,56.451612903225815,43.54838709677419,51.49037488372527,INE066A01021,20.0,-12.903225806451623,14.0,34.0,8,2022-10-01
VBL,59.67741935483871,40.32258064516129,46.77282908902845,INE200M01039,30.0,-19.354838709677423,4.0,34.0,9,2022-10-01
WESTLIFE,58.06451612903226,41.935483870967744,48.92334356210868,INE274F01020,27.0,-16.12903225806452,10.0,37.0,10,2022-10-01
ELECON,52.41935483870967,45.16129032258064,123.25649429023042,INE205B01031,2.0,-7.258064516129032,49.0,51.0,11,2022-10-01
M&M,57.25806451612904,42.74193548387097,40.48183077994758,INE101A01026,41.0,-14.516129032258071,12.0,53.0,12,2022-10-01
MAHSEAMLES,58.06451612903226,41.935483870967744,39.001939557773554,INE271B01025,44.0,-16.12903225806452,9.0,53.0,13,2022-10-01
GESHIP,54.83870967741935,45.16129032258064,51.20797580741909,INE017A01032,21.0,-9.677419354838712,33.0,54.0,14,2022-10-01
ASAHIINDIA,54.83870967741935,45.16129032258064,49.02196223092117,INE439A01020,26.0,-9.677419354838712,29.0,55.0,15,2022-10-01
RENUKA,55.64516129032258,43.54838709677419,40.00352364173529,INE087H01022,43.0,-12.096774193548384,19.0,62.0,16,2022-10-01
COCHINSHIP,54.83870967741935,45.16129032258064,40.58750689513422,INE704P01025,40.0,-9.677419354838712,31.0,71.0,17,2022-10-01
PHOENIXLTD,55.64516129032258,44.354838709677416,34.11389267416946,INE211B01039,52.0,-11.29032258064516,24.0,76.0,18,2022-10-01
ITC,62.096774193548384,37.903225806451616,23.211298075758926,INE154A01025,77.0,-24.19354838709677,2.0,79.0,19,2022-10-01
DEEPAKFERT,53.2258064516129,46.774193548387096,49.70453954609433,INE501A01019,25.0,-6.451612903225801,56.0,81.0,20,2022-10-01
TVSMOTOR,59.67741935483871,40.32258064516129,70.26154696386489,INE494B01023,9.0,-19.354838709677423,2.0,11.0,1,2022-11-01
DATAPATTNS,58.87096774193549,40.32258064516129,68.42785627297671,INE0IX101010,10.0,-18.5483870967742,4.0,14.0,2,2022-11-01
WESTLIFE,59.67741935483871,40.32258064516129,54.2481220173354,INE274F01020,19.0,-19.354838709677423,3.0,22.0,3,2022-11-01
HAL,58.06451612903226,41.935483870967744,61.777008931963074,INE066F01020,12.0,-16.12903225806452,10.0,22.0,4,2022-11-01
EICHERMOT,58.06451612903226,41.12903225806452,58.87237128708709,INE066A01021,16.0,-16.935483870967744,7.0,23.0,5,2022-11-01
AMBUJACEM,58.06451612903226,41.12903225806452,46.26135419598965,INE079A01024,24.0,-16.935483870967744,6.0,30.0,6,2022-11-01
ADANIENT,58.06451612903226,41.935483870967744,47.80298413185571,INE423A01024,22.0,-16.12903225806452,8.0,30.0,7,2022-11-01
CRAFTSMAN,58.06451612903226,41.935483870967744,39.354048198990796,INE00LO01017,31.0,-16.12903225806452,9.0,40.0,8,2022-11-01
INDIANB,55.64516129032258,43.54838709677419,62.93135096730196,INE562A01011,11.0,-12.096774193548384,30.0,41.0,9,2022-11-01
MAHSEAMLES,58.87096774193549,41.12903225806452,36.388593376008885,INE271B01025,36.0,-17.741935483870968,5.0,41.0,10,2022-11-01
KIRLOSENG,54.83870967741935,44.354838709677416,71.28010363065617,INE146L01010,8.0,-10.483870967741936,40.0,48.0,11,2022-11-01
UNIONBANK,57.25806451612904,41.935483870967744,37.490912687874236,INE692A01016,34.0,-15.322580645161295,14.0,48.0,12,2022-11-01
M&M,58.06451612903226,41.935483870967744,35.71117915735271,INE101A01026,39.0,-16.12903225806452,11.0,50.0,13,2022-11-01
TITAGARH,55.64516129032258,44.354838709677416,55.58108500176111,INE615H01020,18.0,-11.29032258064516,36.0,54.0,14,2022-11-01
KARURVYSYA,53.2258064516129,44.354838709677416,115.5218986951641,INE036D01028,1.0,-8.87096774193548,53.0,54.0,15,2022-11-01
COCHINSHIP,56.451612903225815,43.54838709677419,41.27072023767304,INE704P01025,29.0,-12.903225806451623,26.0,55.0,16,2022-11-01
ASTERDM,56.451612903225815,41.935483870967744,35.396625057369576,INE914M01019,41.0,-14.516129032258071,15.0,56.0,17,2022-11-01
APOLLOTYRE,55.64516129032258,44.354838709677416,45.231282737014354,INE438A01022,25.0,-11.29032258064516,32.0,57.0,18,2022-11-01
ITC,61.29032258064516,37.903225806451616,29.239409918597126,INE154A01025,63.0,-23.387096774193544,1.0,64.0,19,2022-11-01
ABB,54.83870967741935,45.16129032258064,46.3430671609516,INE117A01022,23.0,-9.677419354838712,43.0,66.0,20,2022-11-01
UNIONBANK,60.483870967741936,38.70967741935484,117.65360292993972,INE692A01016,5.0,-21.774193548387096,4.0,9.0,1,2022-12-01
ADANIENT,62.096774193548384,37.903225806451616,74.79669629223602,INE423A01024,17.0,-24.19354838709677,1.0,18.0,2,2022-12-01
KIRLOSENG,58.06451612903226,41.12903225806452,123.00917940230916,INE146L01010,4.0,-16.935483870967744,17.0,21.0,3,2022-12-01
MAZDOCK,57.25806451612904,42.74193548387097,192.42576957693635,INE249Z01020,1.0,-14.516129032258071,29.0,30.0,4,2022-12-01
GRSE,58.06451612903226,41.935483870967744,86.81509209097824,INE382Z01011,12.0,-16.12903225806452,21.0,33.0,5,2022-12-01
COCHINSHIP,58.06451612903226,41.935483870967744,78.46363950230881,INE704P01025,16.0,-16.12903225806452,19.0,35.0,6,2022-12-01
KARURVYSYA,55.64516129032258,41.935483870967744,132.47141258089093,INE036D01028,3.0,-13.709677419354833,36.0,39.0,7,2022-12-01
IRFC,53.2258064516129,33.064516129032256,48.07899448261903,INE053F01010,39.0,-20.16129032258064,5.0,44.0,8,2022-12-01
HAL,58.87096774193549,41.12903225806452,50.81317312432281,INE066F01020,35.0,-17.741935483870968,11.0,46.0,9,2022-12-01
BHEL,58.87096774193549,40.32258064516129,47.775495479251596,INE257A01026,41.0,-18.5483870967742,9.0,50.0,10,2022-12-01
VBL,59.67741935483871,40.32258064516129,47.161368900394066,INE200M01039,43.0,-19.354838709677423,8.0,51.0,11,2022-12-01
DATAPATTNS,56.451612903225815,42.74193548387097,71.62360678333269,INE0IX101010,18.0,-13.709677419354847,34.0,52.0,12,2022-12-01
JINDALSTEL,62.096774193548384,37.903225806451616,44.093029071711086,INE749A01030,51.0,-24.19354838709677,2.0,53.0,13,2022-12-01
INDIACEM,57.25806451612904,41.12903225806452,48.50847304843522,INE383A01012,38.0,-16.12903225806452,22.0,60.0,14,2022-12-01
CCL,57.25806451612904,42.74193548387097,49.3740969598357,INE421D01022,36.0,-14.516129032258071,26.0,62.0,15,2022-12-01
ATGL,56.451612903225815,43.54838709677419,64.93538395656996,INE399L01023,25.0,-12.903225806451623,37.0,62.0,16,2022-12-01
AMBUJACEM,56.451612903225815,42.74193548387097,57.073857422917506,INE079A01024,29.0,-13.709677419354847,33.0,62.0,17,2022-12-01
GESHIP,56.451612903225815,43.54838709677419,63.76546957761058,INE017A01032,26.0,-12.903225806451623,42.0,68.0,18,2022-12-01
AXISBANK,61.29032258064516,37.903225806451616,37.17317724423705,INE238A01034,67.0,-23.387096774193544,3.0,70.0,19,2022-12-01
ELECON,54.03225806451613,43.54838709677419,145.83276699101359,INE205B01031,2.0,-10.483870967741936,69.0,71.0,20,2022-12-01
UCOBANK,55.64516129032258,32.25806451612903,174.3334981792024,INE691A01018,3.0,-23.387096774193544,4.0,7.0,1,2023-01-01
UNIONBANK,61.29032258064516,37.903225806451616,142.92680128188695,INE692A01016,6.0,-23.387096774193544,5.0,11.0,2,2023-01-01
J&KBANK,59.67741935483871,37.903225806451616,115.2539882963509,INE168A01041,7.0,-21.774193548387096,9.0,16.0,3,2023-01-01
KARURVYSYA,59.67741935483871,39.516129032258064,168.3732760647065,INE036D01028,4.0,-20.161290322580648,13.0,17.0,4,2023-01-01
MAHABANK,58.06451612903226,36.29032258064516,90.66769716159979,INE457A01014,18.0,-21.774193548387103,7.0,25.0,5,2023-01-01
GRSE,60.483870967741936,39.516129032258064,104.4380439289205,INE382Z01011,14.0,-20.967741935483872,12.0,26.0,6,2023-01-01
JSL,58.87096774193549,40.32258064516129,113.63954239909626,INE220G01021,9.0,-18.5483870967742,18.0,27.0,7,2023-01-01
PNB,58.06451612903226,37.903225806451616,90.33533311212895,INE160A01022,19.0,-20.161290322580648,14.0,33.0,8,2023-01-01
MAZDOCK,58.06451612903226,41.935483870967744,193.08872431667274,INE249Z01020,2.0,-16.12903225806452,33.0,35.0,9,2023-01-01
ADANIENT,62.096774193548384,37.903225806451616,69.1165834664783,INE423A01024,32.0,-24.19354838709677,3.0,35.0,10,2023-01-01
JINDALSTEL,61.29032258064516,38.70967741935484,69.33590917357539,INE749A01030,31.0,-22.58064516129032,6.0,37.0,11,2023-01-01
CANBK,57.25806451612904,40.32258064516129,76.33010511807285,INE476A01022,25.0,-16.93548387096775,25.0,50.0,12,2023-01-01
KIRLOSENG,56.451612903225815,42.74193548387097,146.75590564833243,INE146L01010,5.0,-13.709677419354847,46.0,51.0,13,2023-01-01
TITAGARH,57.25806451612904,42.74193548387097,113.7808211374832,INE615H01020,8.0,-14.516129032258071,43.0,51.0,14,2023-01-01
INDIANB,57.25806451612904,41.935483870967744,93.73229631808191,INE562A01011,17.0,-15.322580645161295,36.0,53.0,15,2023-01-01
IRFC,60.483870967741936,30.64516129032258,52.41044223650218,INE053F01010,57.0,-29.838709677419356,1.0,58.0,16,2023-01-01
AXISBANK,62.096774193548384,37.096774193548384,52.67086436471602,INE238A01034,56.0,-25.0,2.0,58.0,17,2023-01-01
BANKBARODA,56.451612903225815,41.935483870967744,87.89092156738798,INE028A01039,21.0,-14.516129032258071,39.0,60.0,18,2023-01-01
FACT,55.64516129032258,42.74193548387097,291.1877084700809,INE188A01015,1.0,-12.903225806451609,60.0,61.0,19,2023-01-01
BHEL,58.87096774193549,40.32258064516129,59.02356685853949,INE257A01026,46.0,-18.5483870967742,17.0,63.0,20,2023-01-01
J&KBANK,58.06451612903226,38.70967741935484,82.27358448680575,INE168A01041,11.0,-19.354838709677423,3.0,14.0,1,2023-02-01
KARURVYSYA,58.87096774193549,40.32258064516129,95.09756682878745,INE036D01028,9.0,-18.5483870967742,5.0,14.0,2,2023-02-01
UNIONBANK,58.06451612903226,41.12903225806452,111.58087833710786,INE692A01016,6.0,-16.935483870967744,8.0,14.0,3,2023-02-01
UCOBANK,52.41935483870967,38.70967741935484,153.71715245288712,INE691A01018,4.0,-13.709677419354833,14.0,18.0,4,2023-02-01
PNB,57.25806451612904,40.32258064516129,67.53687517314333,INE160A01022,19.0,-16.93548387096775,7.0,26.0,5,2023-02-01
JWL,55.64516129032258,43.54838709677419,106.67619478660617,INE209L01016,7.0,-12.096774193548384,21.0,28.0,6,2023-02-01
IRFC,56.451612903225815,34.67741935483871,48.27432948111674,INE053F01010,30.0,-21.774193548387103,1.0,31.0,7,2023-02-01
BANKINDIA,56.451612903225815,40.32258064516129,60.60037265917211,INE084A01016,22.0,-16.129032258064527,9.0,31.0,8,2023-02-01
TARIL,54.83870967741935,44.354838709677416,170.24832414076167,INE763I01026,2.0,-10.483870967741936,31.0,33.0,9,2023-02-01
JSL,55.64516129032258,43.54838709677419,80.35221688100252,INE220G01021,14.0,-12.096774193548384,20.0,34.0,10,2023-02-01
DATAPATTNS,55.64516129032258,43.54838709677419,71.22634681008462,INE0IX101010,17.0,-12.096774193548384,18.0,35.0,11,2023-02-01
GICRE,58.87096774193549,40.32258064516129,47.91925859582962,INE481Y01014,33.0,-18.5483870967742,4.0,37.0,12,2023-02-01
MAHABANK,53.2258064516129,41.935483870967744,75.65648317331038,INE457A01014,15.0,-11.290322580645153,29.0,44.0,13,2023-02-01
RVNL,53.2258064516129,43.54838709677419,124.33490146226087,INE415G01027,5.0,-9.677419354838705,42.0,47.0,14,2023-02-01
JINDALSTEL,58.06451612903226,41.935483870967744,42.21300510593782,INE749A01030,38.0,-16.12903225806452,10.0,48.0,15,2023-02-01
MAZDOCK,54.03225806451613,45.96774193548387,162.94138341723058,INE249Z01020,3.0,-8.064516129032256,53.0,56.0,16,2023-02-01
GRSE,54.03225806451613,45.96774193548387,83.28069716496299,INE382Z01011,10.0,-8.064516129032256,48.0,58.0,17,2023-02-01
BANKBARODA,55.64516129032258,42.74193548387097,41.216587504670585,INE028A01039,42.0,-12.903225806451609,17.0,59.0,18,2023-02-01
TRITURBINE,56.451612903225815,43.54838709677419,38.32534328228423,INE152M01016,47.0,-12.903225806451623,16.0,63.0,19,2023-02-01
RKFORGE,56.451612903225815,43.54838709677419,36.62611541366334,INE399G01023,51.0,-12.903225806451623,15.0,66.0,20,2023-02-01
J&KBANK,54.03225806451613,41.935483870967744,58.31210846652428,INE168A01041,12.0,-12.096774193548384,10.0,22.0,1,2023-03-01
UNIONBANK,54.83870967741935,44.354838709677416,75.82801629365979,INE692A01016,5.0,-10.483870967741936,17.0,22.0,2,2023-03-01
PNB,56.451612903225815,41.12903225806452,50.036253523964966,INE160A01022,19.0,-15.322580645161295,4.0,23.0,3,2023-03-01
UCOBANK,51.61290322580645,42.74193548387097,120.76270381186424,INE691A01018,1.0,-8.87096774193548,28.0,29.0,4,2023-03-01
JSL,54.03225806451613,45.16129032258064,73.70966510370597,INE220G01021,6.0,-8.870967741935488,25.0,31.0,5,2023-03-01
TRITURBINE,55.64516129032258,44.354838709677416,44.896298378505996,INE152M01016,22.0,-11.29032258064516,14.0,36.0,6,2023-03-01
CUMMINSIND,58.87096774193549,41.12903225806452,27.930620017165552,INE298A01020,44.0,-17.741935483870968,2.0,46.0,7,2023-03-01
KIRLOSENG,54.03225806451613,45.96774193548387,54.05912832119466,INE146L01010,15.0,-8.064516129032256,31.0,46.0,8,2023-03-01
JINDALSAW,51.61290322580645,45.16129032258064,67.51197635967883,INE324A01032,9.0,-6.451612903225808,38.0,47.0,9,2023-03-01
BANKINDIA,54.03225806451613,43.54838709677419,35.20235183543541,INE084A01016,33.0,-10.483870967741936,16.0,49.0,10,2023-03-01
KPIL,56.451612903225815,43.54838709677419,27.019359967699863,INE220B01022,45.0,-12.903225806451623,8.0,53.0,11,2023-03-01
FINCABLES,53.2258064516129,46.774193548387096,56.2116003796558,INE235A01022,14.0,-6.451612903225801,41.0,55.0,12,2023-03-01
BLUESTARCO,55.64516129032258,43.54838709677419,25.58131169830149,INE472A01039,48.0,-12.096774193548384,9.0,57.0,13,2023-03-01
KARURVYSYA,52.41935483870967,46.774193548387096,62.93308896270611,INE036D01028,10.0,-5.6451612903225765,50.0,60.0,14,2023-03-01
BANKBARODA,53.2258064516129,44.354838709677416,29.086056941854267,INE028A01039,41.0,-8.87096774193548,26.0,67.0,15,2023-03-01
GODFRYPHLP,52.41935483870967,47.58064516129033,56.938266485089216,INE260B01028,13.0,-4.838709677419345,54.0,67.0,16,2023-03-01
SHREECEM,57.25806451612904,42.74193548387097,20.532420702237797,INE070A01015,65.0,-14.516129032258071,6.0,71.0,17,2023-03-01
KPITTECH,51.61290322580645,47.58064516129033,50.23728514415242,INE04I401011,18.0,-4.032258064516121,62.0,80.0,18,2023-03-01
TARIL,50.806451612903224,48.38709677419355,77.27255409628499,INE763I01026,4.0,-2.4193548387096726,77.0,81.0,19,2023-03-01
ANANDRATHI,54.03225806451613,44.354838709677416,20.84211728999701,INE463V01026,63.0,-9.677419354838712,18.0,81.0,20,2023-03-01
FINCABLES,56.09756097560976,43.90243902439025,69.18024329645446,INE235A01022,10.0,-12.195121951219512,18.0,28.0,1,2023-04-01
JSL,55.28455284552846,44.71544715447154,92.62440253388607,INE220G01021,3.0,-10.569105691056919,25.0,28.0,2,2023-04-01
BANKINDIA,56.09756097560976,43.08943089430895,45.912217865854664,INE084A01016,21.0,-13.008130081300813,16.0,37.0,3,2023-04-01
KIRLOSENG,54.47154471544715,45.52845528455284,81.2549399699803,INE146L01010,5.0,-8.943089430894311,38.0,43.0,4,2023-04-01
CUMMINSIND,57.72357723577236,42.27642276422765,32.99326325670713,INE298A01020,35.0,-15.447154471544714,9.0,44.0,5,2023-04-01
J&KBANK,52.84552845528455,43.90243902439025,78.46990937869272,INE168A01041,6.0,-8.943089430894304,39.0,45.0,6,2023-04-01
BANKBARODA,56.09756097560976,41.46341463414634,33.63160354082835,INE028A01039,34.0,-14.63414634146342,11.0,45.0,7,2023-04-01
TITAGARH,53.65853658536586,45.52845528455284,73.10651474306864,INE615H01020,7.0,-8.130081300813018,42.0,49.0,8,2023-04-01
PFC,54.47154471544715,43.08943089430895,35.592914376745235,INE134E01011,31.0,-11.382113821138205,22.0,53.0,9,2023-04-01
NCC,54.47154471544715,44.71544715447154,41.834010598268456,INE868B01028,25.0,-9.756097560975611,30.0,55.0,10,2023-04-01
KAYNES,60.0,40.0,25.203682638209422,INE918Z01012,55.0,-20.0,3.0,58.0,11,2023-04-01
ABCAPITAL,55.28455284552846,44.71544715447154,32.36442090464753,INE674K01013,38.0,-10.569105691056919,23.0,61.0,12,2023-04-01
JINDALSAW,51.21951219512195,45.52845528455284,72.59339367681356,INE324A01032,8.0,-5.69105691056911,54.0,62.0,13,2023-04-01
SHREECEM,60.16260162601627,39.83739837398374,23.032001670914305,INE070A01015,61.0,-20.32520325203253,2.0,63.0,14,2023-04-01
RKFORGE,55.28455284552846,44.71544715447154,32.67289084708829,INE399G01023,37.0,-10.569105691056919,27.0,64.0,15,2023-04-01
ANANDRATHI,55.28455284552846,43.08943089430895,27.411014277610455,INE463V01026,48.0,-12.195121951219512,17.0,65.0,16,2023-04-01
PNB,52.84552845528455,43.90243902439025,36.554757630779534,INE160A01022,30.0,-8.943089430894304,40.0,70.0,17,2023-04-01
BOSCHLTD,60.16260162601627,39.83739837398374,20.91791490593804,INE323A01026,69.0,-20.32520325203253,1.0,70.0,18,2023-04-01
GODFRYPHLP,52.84552845528455,47.15447154471545,52.018797561726025,INE260B01028,16.0,-5.6910569105691025,58.0,74.0,19,2023-04-01
CANBK,53.65853658536586,44.71544715447154,28.003984932521696,INE476A01022,44.0,-8.943089430894318,33.0,77.0,20,2023-04-01
JINDALSAW,57.02479338842975,39.66942148760331,98.15291464134023,INE324A01032,4.0,-17.35537190082644,7.0,11.0,1,2023-05-01
FINCABLES,57.85123966942148,42.14876033057851,64.44206178113912,INE235A01022,8.0,-15.70247933884297,11.0,19.0,2,2023-05-01
NCC,56.19834710743802,42.97520661157025,50.468646484698574,INE868B01028,13.0,-13.223140495867767,17.0,30.0,3,2023-05-01
ABCAPITAL,55.371900826446286,43.80165289256198,35.153411895618405,INE674K01013,31.0,-11.570247933884303,24.0,55.0,4,2023-05-01
TITAGARH,53.71900826446281,45.45454545454545,94.04353134097119,INE615H01020,5.0,-8.264462809917354,51.0,56.0,5,2023-05-01
LINDEINDIA,58.67768595041323,41.32231404958678,26.26977107522366,INE473A01011,50.0,-17.355371900826448,6.0,56.0,6,2023-05-01
J&KBANK,52.892561983471076,42.97520661157025,45.06291046085282,INE168A01041,17.0,-9.917355371900825,40.0,57.0,7,2023-05-01
JWL,55.371900826446286,43.80165289256198,35.07288086567071,INE209L01016,32.0,-11.570247933884303,26.0,58.0,8,2023-05-01
HINDPETRO,57.85123966942148,41.32231404958678,26.068666314864373,INE094A01015,51.0,-16.528925619834702,8.0,59.0,9,2023-05-01
IRCON,53.71900826446281,45.45454545454545,54.54363665352224,INE962Y01021,12.0,-8.264462809917354,49.0,61.0,10,2023-05-01
ANANTRAJ,55.371900826446286,43.80165289256198,29.728581183212977,INE242C01024,40.0,-11.570247933884303,25.0,65.0,11,2023-05-01
JBMA,52.892561983471076,46.28099173553719,85.12270820305147,INE927D01051,6.0,-6.611570247933884,59.0,65.0,12,2023-05-01
CYIENT,53.71900826446281,46.28099173553719,55.62912341703057,INE136B01020,11.0,-7.4380165289256155,55.0,66.0,13,2023-05-01
JSL,52.892561983471076,47.107438016528924,69.82542965542152,INE220G01021,7.0,-5.785123966942152,63.0,70.0,14,2023-05-01
KIRLOSENG,52.892561983471076,47.107438016528924,59.13286136645177,INE146L01010,9.0,-5.785123966942152,64.0,73.0,15,2023-05-01
PFC,54.54545454545454,43.80165289256198,33.88434129770226,INE134E01011,35.0,-10.743801652892557,38.0,73.0,16,2023-05-01
KPITTECH,52.892561983471076,46.28099173553719,49.26201938714445,INE04I401011,14.0,-6.611570247933884,60.0,74.0,17,2023-05-01
ANANDRATHI,55.371900826446286,42.14876033057851,23.863320259358687,INE463V01026,59.0,-13.223140495867774,15.0,74.0,18,2023-05-01
GLENMARK,54.54545454545454,43.80165289256198,31.33109752529515,INE935A01035,39.0,-10.743801652892557,37.0,76.0,19,2023-05-01
BANKBARODA,54.54545454545454,43.80165289256198,28.554668949560224,INE028A01039,42.0,-10.743801652892557,36.0,78.0,20,2023-05-01
JINDALSAW,57.377049180327866,40.16393442622951,142.79875372186402,INE324A01032,1.0,-17.213114754098356,6.0,7.0,1,2023-06-01
KAYNES,58.19672131147541,41.80327868852459,70.45449347359623,INE918Z01012,9.0,-16.393442622950815,10.0,19.0,2,2023-06-01
KPITTECH,57.377049180327866,41.80327868852459,70.24260321714353,INE04I401011,10.0,-15.573770491803273,13.0,23.0,3,2023-06-01
ANANTRAJ,55.73770491803278,42.62295081967213,56.827490794749465,INE242C01024,13.0,-13.114754098360656,22.0,35.0,4,2023-06-01
CHENNPETRO,54.91803278688525,44.26229508196721,71.29331582538663,INE178A01016,8.0,-10.655737704918039,37.0,45.0,5,2023-06-01
ABB,58.19672131147541,41.80327868852459,35.16616088185276,INE117A01022,37.0,-16.393442622950815,8.0,45.0,6,2023-06-01
RKFORGE,54.91803278688525,44.26229508196721,71.76798675306418,INE399G01023,6.0,-10.655737704918039,39.0,45.0,7,2023-06-01
ITC,61.47540983606557,38.52459016393443,28.640559084746787,INE154A01025,47.0,-22.950819672131146,1.0,48.0,8,2023-06-01
CHOLAFIN,59.01639344262295,40.98360655737705,29.002556636478015,INE121A01024,46.0,-18.032786885245898,4.0,50.0,9,2023-06-01
NCC,58.19672131147541,40.98360655737705,30.527581522753454,INE868B01028,44.0,-17.213114754098356,7.0,51.0,10,2023-06-01
JSL,54.91803278688525,45.08196721311475,49.04006052055134,INE220G01021,18.0,-9.836065573770497,45.0,63.0,11,2023-06-01
GRAVITA,54.09836065573771,45.90163934426229,71.42708385096775,INE024L01027,7.0,-8.196721311475414,58.0,65.0,12,2023-06-01
RAMCOCEM,57.377049180327866,42.62295081967213,28.020060472922093,INE331A01037,49.0,-14.754098360655739,17.0,66.0,13,2023-06-01
GLENMARK,54.91803278688525,44.26229508196721,38.53633692177869,INE935A01035,30.0,-10.655737704918039,38.0,68.0,14,2023-06-01
POWERINDIA,57.377049180327866,42.62295081967213,26.12037185543754,INE07Y701011,53.0,-14.754098360655739,16.0,69.0,15,2023-06-01
VBL,56.557377049180324,42.62295081967213,25.980307056839024,INE200M01039,54.0,-13.934426229508198,20.0,74.0,16,2023-06-01
POLYCAB,59.01639344262295,40.98360655737705,21.02676500164653,INE455K01017,71.0,-18.032786885245898,5.0,76.0,17,2023-06-01
APARINDS,54.09836065573771,45.90163934426229,40.58450603467523,INE372A01015,26.0,-8.196721311475414,54.0,80.0,18,2023-06-01
ANANDRATHI,55.73770491803278,41.80327868852459,23.920784138590534,INE463V01026,60.0,-13.93442622950819,21.0,81.0,19,2023-06-01
JWL,54.09836065573771,45.08196721311475,37.91685020017144,INE209L01016,32.0,-9.016393442622956,49.0,81.0,20,2023-06-01
ABB,62.8099173553719,37.1900826446281,69.11643200226148,INE117A01022,16.0,-25.619834710743802,1.0,17.0,1,2023-07-01
KPITTECH,59.50413223140496,40.49586776859504,70.59329403215415,INE04I401011,14.0,-19.00826446280992,8.0,22.0,2,2023-07-01
KAYNES,57.85123966942148,42.14876033057851,76.92921012060442,INE918Z01012,8.0,-15.70247933884297,25.0,33.0,3,2023-07-01
ANANTRAJ,57.85123966942148,40.49586776859504,68.21291187736655,INE242C01024,17.0,-17.35537190082644,17.0,34.0,4,2023-07-01
GLENMARK,58.67768595041323,39.66942148760331,55.99864934073027,INE935A01035,30.0,-19.00826446280992,7.0,37.0,5,2023-07-01
AUROPHARMA,57.85123966942148,42.14876033057851,64.29955471499227,INE406A01037,21.0,-15.70247933884297,19.0,40.0,6,2023-07-01
CHOLAFIN,58.67768595041323,41.32231404958678,42.29683786453025,INE121A01024,44.0,-17.355371900826448,12.0,56.0,7,2023-07-01
ZENSARTECH,57.02479338842975,42.97520661157025,65.77960450371354,INE520A01027,19.0,-14.049586776859499,40.0,59.0,8,2023-07-01
CHENNPETRO,55.371900826446286,43.80165289256198,78.08632825237747,INE178A01016,6.0,-11.570247933884303,57.0,63.0,9,2023-07-01
CUMMINSIND,58.67768595041323,41.32231404958678,38.96106655486069,INE298A01020,51.0,-17.355371900826448,13.0,64.0,10,2023-07-01
ITC,62.8099173553719,37.1900826446281,35.31867129405229,INE154A01025,63.0,-25.619834710743802,2.0,65.0,11,2023-07-01
CYIENT,55.371900826446286,44.62809917355372,77.80351483257613,INE136B01020,7.0,-10.743801652892564,63.0,70.0,12,2023-07-01
LTF,57.85123966942148,41.32231404958678,38.366126600466764,INE498L01015,54.0,-16.528925619834702,18.0,72.0,13,2023-07-01
JINDALSAW,54.54545454545454,43.80165289256198,122.46540055081385,INE324A01032,2.0,-10.743801652892557,71.0,73.0,14,2023-07-01
ELECON,56.19834710743802,42.97520661157025,52.75028084818538,INE205B01031,35.0,-13.223140495867767,43.0,78.0,15,2023-07-01
MAHSEAMLES,57.02479338842975,42.97520661157025,44.19388953233836,INE271B01025,41.0,-14.049586776859499,37.0,78.0,16,2023-07-01
ZFCVINDIA,57.02479338842975,42.97520661157025,39.57156983564987,INE342J01019,48.0,-14.049586776859499,41.0,89.0,17,2023-07-01
RECLTD,57.85123966942148,42.14876033057851,35.383590231329464,INE020B01018,62.0,-15.70247933884297,27.0,89.0,18,2023-07-01
SIEMENS,58.67768595041323,41.32231404958678,29.63293419863571,INE003A01024,76.0,-17.355371900826448,15.0,91.0,19,2023-07-01
EXIDEIND,59.50413223140496,39.66942148760331,27.044376781317702,INE302A01020,87.0,-19.83471074380165,4.0,91.0,20,2023-07-01
GLENMARK,63.63636363636363,34.710743801652896,107.58240096386925,INE935A01035,12.0,-28.925619834710737,1.0,13.0,1,2023-08-01
AUROPHARMA,61.98347107438017,38.01652892561984,102.01615103991908,INE406A01037,13.0,-23.96694214876033,3.0,16.0,2,2023-08-01
NEULANDLAB,59.50413223140496,40.49586776859504,141.12154140816364,INE794A01010,4.0,-19.00826446280992,26.0,30.0,3,2023-08-01
RKFORGE,58.67768595041323,40.49586776859504,112.05175037830392,INE399G01023,9.0,-18.181818181818187,29.0,38.0,4,2023-08-01
ABB,63.63636363636363,36.36363636363637,64.73562465438228,INE117A01022,36.0,-27.272727272727266,2.0,38.0,5,2023-08-01
ELECON,59.50413223140496,39.66942148760331,81.24189677966996,INE205B01031,23.0,-19.83471074380165,18.0,41.0,6,2023-08-01
PFC,58.67768595041323,38.84297520661157,74.59889128587614,INE134E01011,29.0,-19.834710743801658,16.0,45.0,7,2023-08-01
TITAGARH,57.85123966942148,41.32231404958678,169.87804148962317,INE615H01020,2.0,-16.528925619834702,43.0,45.0,8,2023-08-01
ANANTRAJ,58.67768595041323,39.66942148760331,77.15089770249197,INE242C01024,27.0,-19.00826446280992,19.0,46.0,9,2023-08-01
JINDALSAW,57.85123966942148,41.32231404958678,134.37089301960845,INE324A01032,5.0,-16.528925619834702,41.0,46.0,10,2023-08-01
KAYNES,58.67768595041323,41.32231404958678,98.43571414691887,INE918Z01012,15.0,-17.355371900826448,32.0,47.0,11,2023-08-01
ADANIPORTS,61.15702479338842,38.84297520661157,57.37851920229,INE742F01042,43.0,-22.314049586776854,7.0,50.0,12,2023-08-01
ZENSARTECH,58.67768595041323,41.32231404958678,99.09681105843293,INE520A01027,14.0,-17.355371900826448,38.0,52.0,13,2023-08-01
RECLTD,60.33057851239669,39.66942148760331,63.43721215229174,INE020B01018,38.0,-20.661157024793383,15.0,53.0,14,2023-08-01
MAHSEAMLES,58.67768595041323,41.32231404958678,69.74411895923265,INE271B01025,33.0,-17.355371900826448,34.0,67.0,15,2023-08-01
NCC,57.85123966942148,41.32231404958678,63.00743666641051,INE868B01028,39.0,-16.528925619834702,42.0,81.0,16,2023-08-01
ANANDRATHI,61.15702479338842,37.1900826446281,43.805024560455344,INE463V01026,76.0,-23.966942148760324,5.0,81.0,17,2023-08-01
POLYCAB,59.50413223140496,40.49586776859504,51.21873619831452,INE455K01017,55.0,-19.00826446280992,27.0,82.0,18,2023-08-01
SARDAEN,57.02479338842975,42.14876033057851,74.82206354989265,INE385C01021,28.0,-14.876033057851238,58.0,86.0,19,2023-08-01
USHAMART,57.85123966942148,42.14876033057851,71.99874412774614,INE228A01035,32.0,-15.70247933884297,56.0,88.0,20,2023-08-01
RKFORGE,62.601626016260155,36.58536585365854,178.34923146059518,INE399G01023,5.0,-26.01626016260162,1.0,6.0,1,2023-09-01
TITAGARH,60.97560975609756,39.02439024390244,245.86573960901373,INE615H01020,1.0,-21.951219512195124,11.0,12.0,2,2023-09-01
NEULANDLAB,60.97560975609756,39.02439024390244,138.49948009714095,INE794A01010,10.0,-21.951219512195124,8.0,18.0,3,2023-09-01
RECLTD,60.97560975609756,39.02439024390244,100.39606038420659,INE020B01018,20.0,-21.951219512195124,9.0,29.0,4,2023-09-01
KAYNES,60.16260162601627,39.83739837398374,114.94676869820975,INE918Z01012,15.0,-20.32520325203253,16.0,31.0,5,2023-09-01
SARDAEN,60.16260162601627,39.83739837398374,94.22834496281465,INE385C01021,24.0,-20.32520325203253,17.0,41.0,6,2023-09-01
HBLENGINE,58.536585365853654,41.46341463414634,148.00087983941287,INE292B01021,8.0,-17.073170731707314,36.0,44.0,7,2023-09-01
BSE,59.34959349593496,39.83739837398374,94.01791972374569,INE118H01025,25.0,-19.512195121951223,20.0,45.0,8,2023-09-01
ELECON,59.34959349593496,39.83739837398374,93.81252937671118,INE205B01031,26.0,-19.512195121951223,21.0,47.0,9,2023-09-01
APARINDS,58.536585365853654,41.46341463414634,105.49298851660258,INE372A01015,17.0,-17.073170731707314,32.0,49.0,10,2023-09-01
USHAMART,60.16260162601627,39.83739837398374,88.95232438441205,INE228A01035,30.0,-20.32520325203253,19.0,49.0,11,2023-09-01
GLENMARK,60.16260162601627,39.02439024390244,80.26808756078714,INE935A01035,41.0,-21.13821138211383,13.0,54.0,12,2023-09-01
ANANDRATHI,60.97560975609756,37.39837398373984,73.45781099010526,INE463V01026,51.0,-23.577235772357724,4.0,55.0,13,2023-09-01
ANGELONE,59.34959349593496,40.65040650406504,86.85655480051004,INE732I01013,35.0,-18.699186991869922,22.0,57.0,14,2023-09-01
MAHSEAMLES,58.536585365853654,41.46341463414634,88.86730944955295,INE271B01025,31.0,-17.073170731707314,38.0,69.0,15,2023-09-01
LUPIN,60.97560975609756,38.21138211382114,65.1856455005432,INE326A01037,67.0,-22.764227642276424,5.0,72.0,16,2023-09-01
KALYANKJIL,57.72357723577236,42.27642276422765,103.32994429635139,INE303R01014,19.0,-15.447154471544714,55.0,74.0,17,2023-09-01
ANANTRAJ,56.91056910569105,41.46341463414634,87.70146696344976,INE242C01024,33.0,-15.447154471544714,48.0,81.0,18,2023-09-01
JINDALSAW,56.91056910569105,42.27642276422765,105.17891380660593,INE324A01032,18.0,-14.634146341463406,64.0,82.0,19,2023-09-01
NATCOPHARM,60.97560975609756,39.02439024390244,62.471843394348326,INE987B01026,76.0,-21.951219512195124,7.0,83.0,20,2023-09-01
RECLTD,63.114754098360656,36.885245901639344,140.3445654411124,INE020B01018,10.0,-26.229508196721312,3.0,13.0,1,2023-10-01
BSE,62.295081967213115,36.885245901639344,130.68898426068736,INE118H01025,14.0,-25.40983606557377,4.0,18.0,2,2023-10-01
TARIL,61.47540983606557,38.52459016393443,192.79058061012964,INE763I01026,5.0,-22.950819672131146,16.0,21.0,3,2023-10-01
RKFORGE,61.47540983606557,37.704918032786885,134.8113918096695,INE399G01023,12.0,-23.770491803278688,11.0,23.0,4,2023-10-01
APARINDS,59.83606557377049,40.16393442622951,114.69028506133321,INE372A01015,20.0,-19.67213114754098,21.0,41.0,5,2023-10-01
ETERNAL,59.01639344262295,38.52459016393443,100.74715005714081,INE758T01015,30.0,-20.491803278688522,19.0,49.0,6,2023-10-01
ANANDRATHI,60.65573770491803,37.704918032786885,95.60204900493603,INE463V01026,38.0,-22.950819672131146,13.0,51.0,7,2023-10-01
KALYANKJIL,59.01639344262295,40.98360655737705,106.44195060642012,INE303R01014,24.0,-18.032786885245898,35.0,59.0,8,2023-10-01
LUPIN,62.295081967213115,36.0655737704918,80.42026731313558,INE326A01037,58.0,-26.229508196721312,2.0,60.0,9,2023-10-01
GLENMARK,60.65573770491803,38.52459016393443,88.10491505813798,INE935A01035,45.0,-22.131147540983605,17.0,62.0,10,2023-10-01
CHOLAHLDNG,58.19672131147541,41.80327868852459,102.57946772599414,INE149A01033,27.0,-16.393442622950815,49.0,76.0,11,2023-10-01
POLYCAB,59.83606557377049,39.34426229508197,80.52158658053288,INE455K01017,57.0,-20.491803278688522,20.0,77.0,12,2023-10-01
RBLBANK,61.47540983606557,38.52459016393443,76.86908054376778,INE976G01028,63.0,-22.950819672131146,15.0,78.0,13,2023-10-01
PFC,57.377049180327866,40.16393442622951,98.32869231659333,INE134E01011,34.0,-17.213114754098356,46.0,80.0,14,2023-10-01
HBLENGINE,57.377049180327866,42.62295081967213,154.99095920813448,INE292B01021,8.0,-14.754098360655739,72.0,80.0,15,2023-10-01
HUDCO,58.19672131147541,39.34426229508197,81.99428617455224,INE031A01017,51.0,-18.85245901639344,30.0,81.0,16,2023-10-01
TATAINVEST,58.19672131147541,39.34426229508197,81.62307234064595,INE672A01018,52.0,-18.85245901639344,31.0,83.0,17,2023-10-01
SARDAEN,59.01639344262295,40.98360655737705,85.86531531989992,INE385C01021,47.0,-18.032786885245898,39.0,86.0,18,2023-10-01
KAYNES,57.377049180327866,42.62295081967213,125.05844175222398,INE918Z01012,15.0,-14.754098360655739,73.0,88.0,19,2023-10-01
SUZLON,53.278688524590166,39.34426229508197,202.02041638829263,INE040H01021,4.0,-13.934426229508198,85.0,89.0,20,2023-10-01
BSE,61.6,37.6,184.70251397239625,INE118H01025,2.0,-24.0,3.0,5.0,1,2023-11-01
KALYANKJIL,60.0,40.0,167.2318514017784,INE303R01014,5.0,-20.0,13.0,18.0,2,2023-11-01
RECLTD,61.6,38.4,109.90734149598849,INE020B01018,18.0,-23.200000000000003,4.0,22.0,3,2023-11-01
RKFORGE,60.8,38.4,103.35323772484313,INE399G01023,20.0,-22.4,6.0,26.0,4,2023-11-01
SUZLON,56.00000000000001,40.0,234.66160183294454,INE040H01021,1.0,-16.000000000000007,25.0,26.0,5,2023-11-01
ANGELONE,60.0,40.0,107.48412678110438,INE732I01013,19.0,-20.0,10.0,29.0,6,2023-11-01
ANANDRATHI,60.0,39.2,101.85329990963426,INE463V01026,22.0,-20.799999999999997,9.0,31.0,7,2023-11-01
TARIL,57.599999999999994,42.4,154.00489690822891,INE763I01026,6.0,-15.199999999999996,35.0,41.0,8,2023-11-01
KIRLOSBROS,58.4,41.6,93.70792272588011,INE732A01036,26.0,-16.799999999999997,22.0,48.0,9,2023-11-01
APARINDS,58.4,41.6,87.06193483265588,INE372A01015,30.0,-16.799999999999997,18.0,48.0,10,2023-11-01
KAYNES,56.8,43.2,135.36587567849253,INE918Z01012,10.0,-13.599999999999994,43.0,53.0,11,2023-11-01
JINDALSAW,56.8,43.2,123.39958934274038,INE324A01032,13.0,-13.599999999999994,42.0,55.0,12,2023-11-01
DIXON,59.199999999999996,40.8,72.54750892131767,INE935N01020,43.0,-18.4,14.0,57.0,13,2023-11-01
LUPIN,60.8,37.6,59.247289827700065,INE326A01037,64.0,-23.199999999999996,5.0,69.0,14,2023-11-01
SUPREMEIND,59.199999999999996,40.8,63.379018714539995,INE195A01028,54.0,-18.4,15.0,69.0,15,2023-11-01
CHOLAHLDNG,56.8,42.4,84.56066249245819,INE149A01033,33.0,-14.399999999999999,37.0,70.0,16,2023-11-01
BSOFT,56.8,43.2,84.79410053656535,INE836A01035,32.0,-13.599999999999994,39.0,71.0,17,2023-11-01
MRPL,57.599999999999994,40.8,65.72977626832865,INE103A01014,49.0,-16.799999999999997,24.0,73.0,18,2023-11-01
GRAVITA,56.00000000000001,44.0,103.1476572872506,INE024L01027,21.0,-12.000000000000007,57.0,78.0,19,2023-11-01
SARDAEN,57.599999999999994,42.4,69.70032125076719,INE385C01021,46.0,-15.199999999999996,34.0,80.0,20,2023-11-01
BSE,64.51612903225806,34.67741935483871,271.4982929668065,INE118H01025,1.0,-29.838709677419352,3.0,4.0,1,2023-12-01
SUZLON,61.29032258064516,37.903225806451616,200.35600088371748,INE040H01021,3.0,-23.387096774193544,8.0,11.0,2,2023-12-01
ANANDRATHI,62.096774193548384,37.903225806451616,162.3913711894709,INE463V01026,7.0,-24.19354838709677,6.0,13.0,3,2023-12-01
RECLTD,63.70967741935484,36.29032258064516,149.45203940097792,INE020B01018,10.0,-27.41935483870968,4.0,14.0,4,2023-12-01
KALYANKJIL,59.67741935483871,40.32258064516129,192.0328211859702,INE303R01014,4.0,-19.354838709677423,18.0,22.0,5,2023-12-01
ANGELONE,62.903225806451616,37.096774193548384,120.51679671596828,INE732I01013,20.0,-25.80645161290323,5.0,25.0,6,2023-12-01
RKFORGE,61.29032258064516,38.70967741935484,114.6928770915307,INE399G01023,21.0,-22.58064516129032,11.0,32.0,7,2023-12-01
MCX,62.096774193548384,37.903225806451616,107.29672569816593,INE745G01035,26.0,-24.19354838709677,7.0,33.0,8,2023-12-01
PFC,58.87096774193549,39.516129032258064,134.18371708000043,INE134E01011,17.0,-19.354838709677423,20.0,37.0,9,2023-12-01
APARINDS,58.06451612903226,41.935483870967744,111.26829777234373,INE372A01015,24.0,-16.12903225806452,34.0,58.0,10,2023-12-01
TATAINVEST,58.87096774193549,39.516129032258064,93.58974707554381,INE672A01018,37.0,-19.354838709677423,21.0,58.0,11,2023-12-01
GPIL,58.06451612903226,40.32258064516129,94.22119734374255,INE177H01039,36.0,-17.741935483870975,24.0,60.0,12,2023-12-01
MRPL,60.483870967741936,38.70967741935484,79.14668270494339,INE103A01014,54.0,-21.774193548387096,12.0,66.0,13,2023-12-01
BHEL,58.87096774193549,39.516129032258064,81.35459624211134,INE257A01026,51.0,-19.354838709677423,15.0,66.0,14,2023-12-01
SJVN,57.25806451612904,41.935483870967744,132.90024422727322,INE002L01015,19.0,-15.322580645161295,49.0,68.0,15,2023-12-01
MAHSEAMLES,57.25806451612904,42.74193548387097,142.42537811907292,INE271B01025,15.0,-14.516129032258071,57.0,72.0,16,2023-12-01
PRESTIGE,58.06451612903226,41.935483870967744,99.90182608061173,INE811K01011,31.0,-16.12903225806452,43.0,74.0,17,2023-12-01
NLCINDIA,58.87096774193549,39.516129032258064,71.97325654700595,INE589A01014,60.0,-19.354838709677423,19.0,79.0,18,2023-12-01
SARDAEN,58.06451612903226,41.935483870967744,92.33632644749008,INE385C01021,39.0,-16.12903225806452,44.0,83.0,19,2023-12-01
SIGNATURE,73.80952380952381,26.190476190476193,56.98714660778248,INE903U01023,87.0,-47.61904761904762,1.0,88.0,20,2023-12-01
BSE,60.97560975609756,38.21138211382114,209.7276831648388,INE118H01025,2.0,-22.764227642276424,7.0,9.0,1,2024-01-01
ANANDRATHI,61.78861788617886,38.21138211382114,157.63988419541053,INE463V01026,5.0,-23.577235772357724,5.0,10.0,2,2024-01-01
RECLTD,61.78861788617886,38.21138211382114,135.14260828783046,INE020B01018,13.0,-23.577235772357724,6.0,19.0,3,2024-01-01
NLCINDIA,60.16260162601627,38.21138211382114,120.582188260674,INE589A01014,18.0,-21.95121951219513,8.0,26.0,4,2024-01-01
DBREALTY,59.34959349593496,39.02439024390244,149.36337227284508,INE879I01012,9.0,-20.325203252032523,18.0,27.0,5,2024-01-01
GVT&D,59.34959349593496,40.65040650406504,159.98897206951216,INE200A01026,4.0,-18.699186991869922,24.0,28.0,6,2024-01-01
KALYANKJIL,60.16260162601627,39.83739837398374,128.28207039347754,INE303R01014,15.0,-20.32520325203253,15.0,30.0,7,2024-01-01
NBCC,58.536585365853654,39.02439024390244,109.41378322651052,INE095N01031,24.0,-19.512195121951216,21.0,45.0,8,2024-01-01
BHEL,60.16260162601627,39.02439024390244,92.60133411299425,INE257A01026,35.0,-21.13821138211383,11.0,46.0,9,2024-01-01
BSOFT,62.601626016260155,37.39837398373984,78.88980457336383,INE836A01035,48.0,-25.203252032520318,3.0,51.0,10,2024-01-01
SUZLON,58.536585365853654,40.65040650406504,112.2202837603294,INE040H01021,22.0,-17.886178861788615,34.0,56.0,11,2024-01-01
SIGNATURE,70.96774193548387,29.03225806451613,76.73896198683173,INE903U01023,55.0,-41.935483870967744,1.0,56.0,12,2024-01-01
TATAINVEST,59.34959349593496,39.02439024390244,90.87342082507163,INE672A01018,40.0,-20.325203252032523,19.0,59.0,13,2024-01-01
PFC,57.72357723577236,40.65040650406504,108.22067066515788,INE134E01011,26.0,-17.07317073170732,35.0,61.0,14,2024-01-01
ANGELONE,58.536585365853654,41.46341463414634,96.29666804161818,INE732I01013,33.0,-17.073170731707314,37.0,70.0,15,2024-01-01
TRENT,60.16260162601627,39.83739837398374,75.2106717842087,INE849A01020,58.0,-20.32520325203253,16.0,74.0,16,2024-01-01
IREDA,61.904761904761905,38.095238095238095,63.824701195219106,INE202E01016,72.0,-23.80952380952381,4.0,76.0,17,2024-01-01
MRPL,60.16260162601627,39.02439024390244,65.33976308015686,INE103A01014,71.0,-21.13821138211383,13.0,84.0,18,2024-01-01
RAILTEL,56.91056910569105,43.08943089430895,120.93479439669319,INE0DD101019,17.0,-13.821138211382106,71.0,88.0,19,2024-01-01
MAHSEAMLES,56.91056910569105,43.08943089430895,110.31125923364256,INE271B01025,23.0,-13.821138211382106,68.0,91.0,20,2024-01-01
GVT&D,63.70967741935484,36.29032258064516,192.8256647194306,INE200A01026,6.0,-27.41935483870968,2.0,8.0,1,2024-02-01
IREDA,62.7906976744186,37.2093023255814,184.59943313225833,INE202E01016,7.0,-25.581395348837205,3.0,10.0,2,2024-02-01
DBREALTY,60.483870967741936,38.70967741935484,199.32560926435357,INE879I01012,5.0,-21.774193548387096,10.0,15.0,3,2024-02-01
BSE,59.67741935483871,40.32258064516129,170.24758445951912,INE118H01025,10.0,-19.354838709677423,14.0,24.0,4,2024-02-01
RECLTD,62.096774193548384,37.903225806451616,126.2623882553966,INE020B01018,21.0,-24.19354838709677,5.0,26.0,5,2024-02-01
SIGNATURE,70.23809523809523,29.761904761904763,120.28153135988711,INE903U01023,25.0,-40.47619047619047,1.0,26.0,6,2024-02-01
TATAINVEST,58.06451612903226,40.32258064516129,134.00820249725757,INE672A01018,16.0,-17.741935483870975,21.0,37.0,7,2024-02-01
SUZLON,58.06451612903226,40.32258064516129,124.54932015436921,INE040H01021,22.0,-17.741935483870975,20.0,42.0,8,2024-02-01
ANANDRATHI,58.87096774193549,41.12903225806452,129.00256136218266,INE463V01026,19.0,-17.741935483870968,23.0,42.0,9,2024-02-01
ANGELONE,61.29032258064516,38.70967741935484,104.14297143552017,INE732I01013,38.0,-22.58064516129032,8.0,46.0,10,2024-02-01
PRESTIGE,60.483870967741936,39.516129032258064,100.28473129905113,INE811K01011,43.0,-20.967741935483872,13.0,56.0,11,2024-02-01
BHEL,61.29032258064516,37.903225806451616,88.27585115936003,INE257A01026,50.0,-23.387096774193544,7.0,57.0,12,2024-02-01
NLCINDIA,58.06451612903226,41.12903225806452,115.20937582970423,INE589A01014,27.0,-16.935483870967744,32.0,59.0,13,2024-02-01
NBCC,57.25806451612904,41.935483870967744,182.27828795966036,INE095N01031,9.0,-15.322580645161295,50.0,59.0,14,2024-02-01
BSOFT,62.096774193548384,37.903225806451616,79.17856099504559,INE836A01035,56.0,-24.19354838709677,4.0,60.0,15,2024-02-01
TRENT,62.096774193548384,37.903225806451616,79.5936826572091,INE849A01020,55.0,-24.19354838709677,6.0,61.0,16,2024-02-01
MRPL,58.87096774193549,41.12903225806452,108.69960234901832,INE103A01014,34.0,-17.741935483870968,28.0,62.0,17,2024-02-01
GMDCLTD,57.25806451612904,42.74193548387097,142.03831870015495,INE131A01031,14.0,-14.516129032258071,57.0,71.0,18,2024-02-01
RAILTEL,58.06451612903226,41.935483870967744,114.94799135383072,INE0DD101019,28.0,-16.12903225806452,46.0,74.0,19,2024-02-01
KALYANKJIL,58.06451612903226,41.12903225806452,90.0285688164875,INE303R01014,48.0,-16.935483870967744,31.0,79.0,20,2024-02-01
GVT&D,65.85365853658537,34.146341463414636,190.03973055056508,INE200A01026,4.0,-31.707317073170735,2.0,6.0,1,2024-03-01
SIGNATURE,69.52380952380952,30.476190476190478,156.42861944357188,INE903U01023,7.0,-39.04761904761904,1.0,8.0,2,2024-03-01
TATAINVEST,60.16260162601627,39.02439024390244,206.83398636845607,INE672A01018,2.0,-21.13821138211383,14.0,16.0,3,2024-03-01
ANANDRATHI,60.97560975609756,39.02439024390244,129.34470593637462,INE463V01026,13.0,-21.951219512195124,10.0,23.0,4,2024-03-01
IREDA,59.375,40.625,129.83931615444223,INE202E01016,12.0,-18.75,25.0,37.0,5,2024-03-01
TRENT,61.78861788617886,38.21138211382114,87.28345242319402,INE849A01020,34.0,-23.577235772357724,9.0,43.0,6,2024-03-01
IOC,61.78861788617886,37.39837398373984,79.0559646060293,INE242A01010,42.0,-24.390243902439025,5.0,47.0,7,2024-03-01
BAJAJ-AUTO,62.601626016260155,37.39837398373984,74.02478386465454,INE917I01010,49.0,-25.203252032520318,4.0,53.0,8,2024-03-01
DLF,64.22764227642277,35.77235772357724,73.26408996466797,INE271C01023,50.0,-28.455284552845534,3.0,53.0,9,2024-03-01
HINDPETRO,58.536585365853654,41.46341463414634,100.201600982819,INE094A01015,25.0,-17.073170731707314,31.0,56.0,10,2024-03-01
BPCL,59.34959349593496,37.39837398373984,70.72607140602094,INE029A01011,53.0,-21.951219512195124,11.0,64.0,11,2024-03-01
INOXWIND,56.09756097560976,42.27642276422765,179.35769154457458,INE066P01011,5.0,-13.821138211382113,61.0,66.0,12,2024-03-01
DBREALTY,58.536585365853654,40.65040650406504,80.2579887997295,INE879I01012,38.0,-17.886178861788615,30.0,68.0,13,2024-03-01
RECLTD,60.16260162601627,39.83739837398374,69.59210892292253,INE020B01018,55.0,-20.32520325203253,22.0,77.0,14,2024-03-01
NIACL,56.09756097560976,42.27642276422765,120.43889950615254,INE470Y01017,16.0,-13.821138211382113,62.0,78.0,15,2024-03-01
CHENNPETRO,56.91056910569105,42.27642276422765,103.09198485365685,INE178A01016,23.0,-14.634146341463406,56.0,79.0,16,2024-03-01
OIL,56.91056910569105,41.46341463414634,90.56368281312801,INE274J01014,33.0,-15.447154471544714,51.0,84.0,17,2024-03-01
RAILTEL,57.72357723577236,42.27642276422765,94.1180322601072,INE0DD101019,30.0,-15.447154471544714,54.0,84.0,18,2024-03-01
CUMMINSIND,60.16260162601627,39.83739837398374,64.20785981673261,INE298A01020,68.0,-20.32520325203253,16.0,84.0,19,2024-03-01
KIRLOSENG,57.72357723577236,42.27642276422765,80.24034698175213,INE146L01010,39.0,-15.447154471544714,48.0,87.0,20,2024-03-01
SIGNATURE,68.0327868852459,31.967213114754102,151.86095281114493,INE903U01023,2.0,-36.065573770491795,1.0,3.0,1,2024-04-01
TRENT,64.75409836065575,35.24590163934426,87.97426479074575,INE849A01020,17.0,-29.508196721311485,3.0,20.0,2,2024-04-01
ANANDRATHI,60.65573770491803,39.34426229508197,90.06329774609394,INE463V01026,12.0,-21.311475409836063,14.0,26.0,3,2024-04-01
BAJAJ-AUTO,63.114754098360656,36.885245901639344,82.55358848904326,INE917I01010,24.0,-26.229508196721312,5.0,29.0,4,2024-04-01
GVT&D,61.47540983606557,38.52459016393443,83.9293664069228,INE200A01026,23.0,-22.950819672131146,12.0,35.0,5,2024-04-01
CUMMINSIND,61.47540983606557,38.52459016393443,82.11497186840782,INE298A01020,25.0,-22.950819672131146,11.0,36.0,6,2024-04-01
BHEL,61.47540983606557,37.704918032786885,77.6247714382714,INE257A01026,30.0,-23.770491803278688,9.0,39.0,7,2024-04-01
PRESTIGE,59.01639344262295,40.98360655737705,88.67341420339363,INE811K01011,14.0,-18.032786885245898,32.0,46.0,8,2024-04-01
IOC,62.295081967213115,37.704918032786885,73.60776088941789,INE242A01010,38.0,-24.59016393442623,8.0,46.0,9,2024-04-01
DLF,65.57377049180327,34.42622950819672,61.911761662964594,INE271C01023,52.0,-31.147540983606554,2.0,54.0,10,2024-04-01
HINDPETRO,59.01639344262295,40.98360655737705,80.78589990982074,INE094A01015,26.0,-18.032786885245898,28.0,54.0,11,2024-04-01
EIHOTEL,57.377049180327866,42.62295081967213,92.36937391182754,INE230A01023,10.0,-14.754098360655739,48.0,58.0,12,2024-04-01
BPCL,59.83606557377049,37.704918032786885,63.85888328238283,INE029A01011,50.0,-22.131147540983605,13.0,63.0,13,2024-04-01
ZYDUSLIFE,59.83606557377049,39.34426229508197,64.60035915030942,INE010B01027,49.0,-20.491803278688522,17.0,66.0,14,2024-04-01
BDL,62.295081967213115,37.704918032786885,57.32773062124703,INE171Z01026,62.0,-24.59016393442623,7.0,69.0,15,2024-04-01
ETERNAL,58.19672131147541,41.80327868852459,75.13754213619366,INE758T01015,34.0,-16.393442622950815,36.0,70.0,16,2024-04-01
ABB,59.83606557377049,40.16393442622951,61.49152161407328,INE117A01022,54.0,-19.67213114754098,18.0,72.0,17,2024-04-01
RAILTEL,59.01639344262295,40.98360655737705,70.76583715617227,INE0DD101019,41.0,-18.032786885245898,33.0,74.0,18,2024-04-01
CHENNPETRO,59.01639344262295,40.98360655737705,66.44202668168641,INE178A01016,48.0,-18.032786885245898,27.0,75.0,19,2024-04-01
INOXWIND,55.73770491803278,43.44262295081967,166.02050517755242,INE066P01011,1.0,-12.295081967213115,75.0,76.0,20,2024-04-01
GVT&D,64.75409836065575,35.24590163934426,158.61430437989154,INE200A01026,3.0,-29.508196721311485,6.0,9.0,1,2024-05-01
BHEL,64.75409836065575,34.42622950819672,113.99615409477524,INE257A01026,14.0,-30.327868852459027,3.0,17.0,2,2024-05-01
TRENT,65.57377049180327,34.42622950819672,103.81003763066357,INE849A01020,20.0,-31.147540983606554,2.0,22.0,3,2024-05-01
SIGNATURE,63.114754098360656,36.885245901639344,100.18069830153524,INE903U01023,22.0,-26.229508196721312,12.0,34.0,4,2024-05-01
CUMMINSIND,63.114754098360656,36.885245901639344,98.85984370348355,INE298A01020,24.0,-26.229508196721312,10.0,34.0,5,2024-05-01
BDL,64.75409836065575,35.24590163934426,83.85577626085869,INE171Z01026,38.0,-29.508196721311485,4.0,42.0,6,2024-05-01
HAL,61.47540983606557,38.52459016393443,98.19938789181953,INE066F01020,25.0,-22.950819672131146,19.0,44.0,7,2024-05-01
MOTILALOFS,59.83606557377049,40.16393442622951,113.83796946912521,INE338I01027,15.0,-19.67213114754098,40.0,55.0,8,2024-05-01
ANANDRATHI,60.65573770491803,39.34426229508197,90.86492617493937,INE463V01026,33.0,-21.311475409836063,27.0,60.0,9,2024-05-01
COCHINSHIP,58.19672131147541,41.80327868852459,154.73542218913053,INE704P01025,4.0,-16.393442622950815,62.0,66.0,10,2024-05-01
PNB,63.934426229508205,36.0655737704918,69.4838195040244,INE160A01022,59.0,-27.868852459016402,8.0,67.0,11,2024-05-01
NHPC,61.47540983606557,38.52459016393443,77.13196684176609,INE848E01016,48.0,-22.950819672131146,20.0,68.0,12,2024-05-01
BEL,63.934426229508205,35.24590163934426,67.92635654495088,INE263A01024,63.0,-28.688524590163944,7.0,70.0,13,2024-05-01
EIHOTEL,59.01639344262295,40.98360655737705,100.01186441318923,INE230A01023,23.0,-18.032786885245898,48.0,71.0,14,2024-05-01
INOXWIND,57.377049180327866,41.80327868852459,181.96682580295445,INE066P01011,2.0,-15.573770491803273,73.0,75.0,15,2024-05-01
SAIL,61.47540983606557,38.52459016393443,73.6911321507923,INE114A01011,54.0,-22.950819672131146,21.0,75.0,16,2024-05-01
VOLTAS,60.65573770491803,39.34426229508197,79.67384843657983,INE226A01021,43.0,-21.311475409836063,32.0,75.0,17,2024-05-01
BAJAJ-AUTO,61.47540983606557,38.52459016393443,69.69052694855078,INE917I01010,58.0,-22.950819672131146,18.0,76.0,18,2024-05-01
ETERNAL,59.83606557377049,40.16393442622951,83.6975007700856,INE758T01015,39.0,-19.67213114754098,37.0,76.0,19,2024-05-01
IOC,60.65573770491803,38.52459016393443,73.77671762306584,INE242A01010,53.0,-22.131147540983605,24.0,77.0,20,2024-05-01
GVT&D,65.85365853658537,34.146341463414636,178.95878119888206,INE200A01026,3.0,-31.707317073170735,1.0,4.0,1,2024-06-01
BDL,61.78861788617886,38.21138211382114,146.60291486632607,INE171Z01026,5.0,-23.577235772357724,6.0,11.0,2,2024-06-01
BEL,64.22764227642277,34.959349593495936,92.11633892410048,INE263A01024,18.0,-29.268292682926834,2.0,20.0,3,2024-06-01
THERMAX,60.97560975609756,38.21138211382114,103.96061979276058,INE152A01029,14.0,-22.764227642276424,7.0,21.0,4,2024-06-01
CUMMINSIND,62.601626016260155,37.39837398373984,87.44451120531262,INE298A01020,23.0,-25.203252032520318,5.0,28.0,5,2024-06-01
ABB,62.601626016260155,37.39837398373984,84.66572934281132,INE117A01022,24.0,-25.203252032520318,4.0,28.0,6,2024-06-01
SIEMENS,60.16260162601627,39.83739837398374,82.42134608188077,INE003A01024,26.0,-20.32520325203253,15.0,41.0,7,2024-06-01
EIHOTEL,60.16260162601627,39.83739837398374,75.50873847521106,INE230A01023,31.0,-20.32520325203253,12.0,43.0,8,2024-06-01
RVNL,57.72357723577236,41.46341463414634,127.20376102855874,INE415G01027,9.0,-16.26016260162602,41.0,50.0,9,2024-06-01
NATIONALUM,59.34959349593496,40.65040650406504,82.34016715539241,INE139A01034,27.0,-18.699186991869922,25.0,52.0,10,2024-06-01
NHPC,59.34959349593496,40.65040650406504,76.39020679529584,INE848E01016,29.0,-18.699186991869922,26.0,55.0,11,2024-06-01
OIL,58.536585365853654,40.65040650406504,82.59896609664953,INE274J01014,25.0,-17.886178861788615,31.0,56.0,12,2024-06-01
VOLTAS,60.16260162601627,39.83739837398374,65.31002452492545,INE226A01021,39.0,-20.32520325203253,17.0,56.0,13,2024-06-01
BHEL,63.41463414634146,35.77235772357724,55.835758282532886,INE257A01026,53.0,-27.642276422764226,3.0,56.0,14,2024-06-01
TRENT,60.16260162601627,39.83739837398374,57.68354478492608,INE849A01020,50.0,-20.32520325203253,16.0,66.0,15,2024-06-01
HAL,57.72357723577236,42.27642276422765,91.28485846525469,INE066F01020,20.0,-15.447154471544714,47.0,67.0,16,2024-06-01
ADANIPORTS,59.34959349593496,40.65040650406504,62.125337480207165,INE742F01042,47.0,-18.699186991869922,22.0,69.0,17,2024-06-01
VEDL,57.72357723577236,41.46341463414634,73.95702963870805,INE205A01025,33.0,-16.26016260162602,42.0,75.0,18,2024-06-01
ANANDRATHI,59.34959349593496,40.65040650406504,56.335750638095774,INE463V01026,52.0,-18.699186991869922,23.0,75.0,19,2024-06-01
TECHNOE,57.72357723577236,42.27642276422765,88.30379085490463,INE285K01026,22.0,-15.447154471544714,54.0,76.0,20,2024-06-01
GVT&D,60.65573770491803,39.34426229508197,143.14902734874718,INE200A01026,4.0,-21.311475409836063,11.0,15.0,1,2024-07-01
CUMMINSIND,64.75409836065575,35.24590163934426,95.83816401752918,INE298A01020,13.0,-29.508196721311485,2.0,15.0,2,2024-07-01
RVNL,59.83606557377049,39.34426229508197,112.6425968140643,INE415G01027,9.0,-20.491803278688522,13.0,22.0,3,2024-07-01
MOTHERSON,62.295081967213115,37.704918032786885,75.28271775638919,INE775A01035,21.0,-24.59016393442623,6.0,27.0,4,2024-07-01
SIEMENS,61.47540983606557,38.52459016393443,80.17729791767366,INE003A01024,19.0,-22.950819672131146,10.0,29.0,5,2024-07-01
OIL,61.47540983606557,37.704918032786885,64.25391324753578,INE274J01014,36.0,-23.770491803278688,8.0,44.0,6,2024-07-01
ABB,59.83606557377049,40.16393442622951,68.5970597134688,INE117A01022,30.0,-19.67213114754098,14.0,44.0,7,2024-07-01
JSWENERGY,59.01639344262295,40.98360655737705,73.79826774448233,INE121E01018,23.0,-18.032786885245898,25.0,48.0,8,2024-07-01
DIXON,63.114754098360656,36.885245901639344,60.63241732892166,INE935N01020,44.0,-26.229508196721312,4.0,48.0,9,2024-07-01
JWL,58.19672131147541,41.80327868852459,101.17213884254058,INE209L01016,12.0,-16.393442622950815,36.0,48.0,10,2024-07-01
BDL,58.19672131147541,41.80327868852459,76.33702500690987,INE171Z01026,20.0,-16.393442622950815,30.0,50.0,11,2024-07-01
SCHNEIDER,58.19672131147541,41.80327868852459,93.67440484375027,INE839M01018,15.0,-16.393442622950815,39.0,54.0,12,2024-07-01
HAL,59.01639344262295,40.98360655737705,67.67176396271839,INE066F01020,31.0,-18.032786885245898,24.0,55.0,13,2024-07-01
THERMAX,59.01639344262295,40.16393442622951,63.339932358746424,INE152A01029,38.0,-18.85245901639344,22.0,60.0,14,2024-07-01
INDUSTOWER,59.83606557377049,40.16393442622951,60.08512667502293,INE121J01017,45.0,-19.67213114754098,16.0,61.0,15,2024-07-01
KIRLOSBROS,57.377049180327866,42.62295081967213,105.15269334473874,INE732A01036,11.0,-14.754098360655739,51.0,62.0,16,2024-07-01
BEL,63.114754098360656,36.0655737704918,47.63353101407386,INE263A01024,63.0,-27.049180327868854,3.0,66.0,17,2024-07-01
ANANDRATHI,59.83606557377049,40.16393442622951,49.45925699139071,INE463V01026,56.0,-19.67213114754098,15.0,71.0,18,2024-07-01
BLUESTARCO,58.19672131147541,41.80327868852459,60.890766736156785,INE472A01039,43.0,-16.393442622950815,32.0,75.0,19,2024-07-01
GODREJPROP,59.01639344262295,40.98360655737705,50.63270828208135,INE484J01027,55.0,-18.032786885245898,23.0,78.0,20,2024-07-01
DIXON,65.57377049180327,34.42622950819672,68.48218555164729,INE935N01020,23.0,-31.147540983606554,1.0,24.0,1,2024-08-01
OIL,59.83606557377049,40.16393442622951,77.009982200764,INE274J01014,14.0,-19.67213114754098,13.0,27.0,2,2024-08-01
MOTHERSON,61.47540983606557,38.52459016393443,63.6657839769257,INE775A01035,27.0,-22.950819672131146,5.0,32.0,3,2024-08-01
CUMMINSIND,62.295081967213115,37.704918032786885,61.56383214773853,INE298A01020,31.0,-24.59016393442623,3.0,34.0,4,2024-08-01
TRENT,59.01639344262295,40.98360655737705,75.36708184216599,INE849A01020,17.0,-18.032786885245898,22.0,39.0,5,2024-08-01
SIEMENS,62.295081967213115,37.704918032786885,58.73953209961549,INE003A01024,38.0,-24.59016393442623,4.0,42.0,6,2024-08-01
TECHNOE,58.19672131147541,41.80327868852459,88.53780690891473,INE285K01026,10.0,-16.393442622950815,35.0,45.0,7,2024-08-01
GVT&D,57.377049180327866,42.62295081967213,90.7123072508343,INE200A01026,8.0,-14.754098360655739,45.0,53.0,8,2024-08-01
BEL,63.114754098360656,36.0655737704918,50.8894335623384,INE263A01024,52.0,-27.049180327868854,2.0,54.0,9,2024-08-01
ABB,59.83606557377049,40.16393442622951,55.39122958247829,INE117A01022,46.0,-19.67213114754098,9.0,55.0,10,2024-08-01
INDUSTOWER,58.19672131147541,41.80327868852459,62.5624873236845,INE121J01017,28.0,-16.393442622950815,31.0,59.0,11,2024-08-01
BASF,57.377049180327866,42.62295081967213,74.1850008463126,INE373A01013,19.0,-14.754098360655739,40.0,59.0,12,2024-08-01
GLENMARK,59.01639344262295,40.16393442622951,54.43200676499007,INE935A01035,48.0,-18.85245901639344,15.0,63.0,13,2024-08-01
RVNL,56.557377049180324,42.62295081967213,81.97264386813285,INE415G01027,12.0,-13.934426229508198,53.0,65.0,14,2024-08-01
DOMS,57.377049180327866,42.62295081967213,66.4295977602477,INE321T01012,24.0,-14.754098360655739,42.0,66.0,15,2024-08-01
ETERNAL,58.19672131147541,41.80327868852459,58.86338926820649,INE758T01015,37.0,-16.393442622950815,30.0,67.0,16,2024-08-01
THERMAX,58.19672131147541,40.98360655737705,51.94543048157774,INE152A01029,49.0,-17.213114754098356,25.0,74.0,17,2024-08-01
M&M,57.377049180327866,42.62295081967213,61.8960772055583,INE101A01026,30.0,-14.754098360655739,48.0,78.0,18,2024-08-01
KALYANKJIL,56.557377049180324,43.44262295081967,74.20939007160148,INE303R01014,18.0,-13.114754098360656,64.0,82.0,19,2024-08-01
VOLTAS,60.65573770491803,39.34426229508197,40.8111553292978,INE226A01021,76.0,-21.311475409836063,8.0,84.0,20,2024-08-01
TECHNOE,60.65573770491803,39.34426229508197,103.08202814226588,INE285K01026,7.0,-21.311475409836063,10.0,17.0,1,2024-09-01
GLENMARK,63.934426229508205,36.0655737704918,79.0603715550407,INE935A01035,14.0,-27.868852459016402,3.0,17.0,2,2024-09-01
DIXON,61.47540983606557,38.52459016393443,74.2274651234791,INE935N01020,19.0,-22.950819672131146,7.0,26.0,3,2024-09-01
OIL,59.83606557377049,40.16393442622951,74.81465654067489,INE274J01014,17.0,-19.67213114754098,13.0,30.0,4,2024-09-01
LTFOODS,58.19672131147541,40.98360655737705,84.34748766336284,INE818H01020,10.0,-17.213114754098356,21.0,31.0,5,2024-09-01
DOMS,58.19672131147541,41.80327868852459,76.79279354714987,INE321T01012,15.0,-16.393442622950815,22.0,37.0,6,2024-09-01
RVNL,56.557377049180324,42.62295081967213,126.11246728582199,INE415G01027,2.0,-13.934426229508198,37.0,39.0,7,2024-09-01
MOTHERSON,62.295081967213115,37.704918032786885,57.42092896184301,INE775A01035,34.0,-24.59016393442623,6.0,40.0,8,2024-09-01
ERIS,64.75409836065575,35.24590163934426,54.508688100118775,INE406M01024,39.0,-29.508196721311485,2.0,41.0,9,2024-09-01
DEEPAKFERT,56.557377049180324,43.44262295081967,100.27468565939697,INE501A01019,8.0,-13.114754098360656,45.0,53.0,10,2024-09-01
VOLTAS,60.65573770491803,39.34426229508197,51.08546452361913,INE226A01021,45.0,-21.311475409836063,11.0,56.0,11,2024-09-01
NAVA,57.377049180327866,42.62295081967213,66.51287116990257,INE725A01030,23.0,-14.754098360655739,35.0,58.0,12,2024-09-01
AJANTPHARM,62.295081967213115,37.704918032786885,47.86849805816578,INE031B01049,59.0,-24.59016393442623,4.0,63.0,13,2024-09-01
COLPAL,64.75409836065575,35.24590163934426,43.0609584599331,INE259A01022,72.0,-29.508196721311485,1.0,73.0,14,2024-09-01
EMAMILTD,56.557377049180324,43.44262295081967,63.5633587332906,INE548C01032,27.0,-13.114754098360656,48.0,75.0,15,2024-09-01
TRENT,56.557377049180324,43.44262295081967,73.88810527522061,INE849A01020,20.0,-13.114754098360656,57.0,77.0,16,2024-09-01
NATCOPHARM,58.19672131147541,41.80327868852459,49.43414357782987,INE987B01026,53.0,-16.393442622950815,27.0,80.0,17,2024-09-01
VEDL,56.557377049180324,42.62295081967213,52.23957588515618,INE205A01025,42.0,-13.934426229508198,38.0,80.0,18,2024-09-01
INDUSTOWER,57.377049180327866,42.62295081967213,50.599173302414926,INE121J01017,47.0,-14.754098360655739,33.0,80.0,19,2024-09-01
COROMANDEL,56.557377049180324,43.44262295081967,54.88648756833883,INE169A01031,37.0,-13.114754098360656,44.0,81.0,20,2024-09-01
NAVA,59.67741935483871,40.32258064516129,120.02383934726959,INE725A01030,4.0,-19.354838709677423,10.0,14.0,1,2024-10-01
ANANTRAJ,58.87096774193549,40.32258064516129,114.68581289913998,INE242C01024,5.0,-18.5483870967742,11.0,16.0,2,2024-10-01
PCBL,58.87096774193549,40.32258064516129,97.71167246420632,INE602A01031,8.0,-18.5483870967742,12.0,20.0,3,2024-10-01
MOTHERSON,62.903225806451616,37.096774193548384,75.69194406743496,INE775A01035,30.0,-25.80645161290323,2.0,32.0,4,2024-10-01
DIXON,58.87096774193549,41.12903225806452,78.55302106850301,INE935N01020,27.0,-17.741935483870968,14.0,41.0,5,2024-10-01
LTFOODS,58.06451612903226,41.12903225806452,78.9049470513971,INE818H01020,26.0,-16.935483870967744,18.0,44.0,6,2024-10-01
GLENMARK,59.67741935483871,40.32258064516129,70.46626480270707,INE935A01035,37.0,-19.354838709677423,9.0,46.0,7,2024-10-01
PGEL,56.451612903225815,43.54838709677419,205.65722337362388,INE457L01029,1.0,-12.903225806451623,48.0,49.0,8,2024-10-01
SARDAEN,56.451612903225815,41.935483870967744,93.84740055213408,INE385C01021,12.0,-14.516129032258071,39.0,51.0,9,2024-10-01
HSCL,56.451612903225815,43.54838709677419,95.82334435440787,INE019C01026,9.0,-12.903225806451623,45.0,54.0,10,2024-10-01
PPLPHARMA,58.06451612903226,41.12903225806452,71.03916680464344,INE0DK501011,36.0,-16.935483870967744,19.0,55.0,11,2024-10-01
DOMS,58.06451612903226,41.935483870967744,72.33103729284748,INE321T01012,34.0,-16.12903225806452,25.0,59.0,12,2024-10-01
DEEPAKFERT,55.64516129032258,44.354838709677416,101.12082850855906,INE501A01019,7.0,-11.29032258064516,60.0,67.0,13,2024-10-01
ERIS,62.903225806451616,37.096774193548384,52.271287096182625,INE406M01024,67.0,-25.80645161290323,1.0,68.0,14,2024-10-01
BASF,55.64516129032258,44.354838709677416,94.00538262733271,INE373A01013,11.0,-11.29032258064516,58.0,69.0,15,2024-10-01
VOLTAS,60.483870967741936,39.516129032258064,54.92910359602061,INE226A01021,64.0,-20.967741935483872,5.0,69.0,16,2024-10-01
DIVISLAB,59.67741935483871,40.32258064516129,55.20622361815091,INE361B01024,62.0,-19.354838709677423,8.0,70.0,17,2024-10-01
MCX,58.87096774193549,41.12903225806452,57.41024694387651,INE745G01035,56.0,-17.741935483870968,15.0,71.0,18,2024-10-01
TECHNOE,56.451612903225815,43.54838709677419,84.87343978817312,INE285K01026,22.0,-12.903225806451623,50.0,72.0,19,2024-10-01
TRENT,56.451612903225815,43.54838709677419,82.0800601345329,INE849A01020,24.0,-12.903225806451623,52.0,76.0,20,2024-10-01
ANANTRAJ,59.523809523809526,39.682539682539684,95.18061708447152,INE242C01024,6.0,-19.841269841269842,2.0,8.0,1,2024-11-01
NAVA,57.14285714285714,42.857142857142854,89.45272088916005,INE725A01030,7.0,-14.285714285714285,15.0,22.0,2,2024-11-01
DIXON,60.317460317460316,39.682539682539684,60.96963525413068,INE935N01020,22.0,-20.634920634920633,1.0,23.0,3,2024-11-01
SARDAEN,57.14285714285714,41.269841269841265,68.18688549881422,INE385C01021,18.0,-15.873015873015873,7.0,25.0,4,2024-11-01
KAYNES,56.34920634920635,43.65079365079365,100.52936909672137,INE918Z01012,4.0,-12.698412698412696,23.0,27.0,5,2024-11-01
GLENMARK,57.14285714285714,42.857142857142854,61.036217874233365,INE935A01035,21.0,-14.285714285714285,11.0,32.0,6,2024-11-01
MCX,59.523809523809526,40.476190476190474,52.56170334525849,INE745G01035,32.0,-19.04761904761905,3.0,35.0,7,2024-11-01
PPLPHARMA,55.55555555555556,43.65079365079365,81.4762743248045,INE0DK501011,10.0,-11.904761904761905,30.0,40.0,8,2024-11-01
COHANCE,55.55555555555556,44.44444444444444,88.55479149738503,INE03QK01018,8.0,-11.111111111111114,33.0,41.0,9,2024-11-01
NEULANDLAB,56.34920634920635,43.65079365079365,68.52600870905565,INE794A01010,16.0,-12.698412698412696,26.0,42.0,10,2024-11-01
PERSISTENT,58.730158730158735,41.269841269841265,47.12870351247982,INE262H01021,40.0,-17.46031746031747,6.0,46.0,11,2024-11-01
PGEL,54.761904761904766,45.23809523809524,161.8835499037058,INE457L01029,1.0,-9.523809523809526,47.0,48.0,12,2024-11-01
WOCKPHARMA,55.55555555555556,44.44444444444444,81.0975970801883,INE049B01025,11.0,-11.111111111111114,40.0,51.0,13,2024-11-01
ERIS,58.730158730158735,41.269841269841265,44.35034165042,INE406M01024,49.0,-17.46031746031747,4.0,53.0,14,2024-11-01
LTFOODS,55.55555555555556,44.44444444444444,62.146313189508696,INE818H01020,20.0,-11.111111111111114,34.0,54.0,15,2024-11-01
DIVISLAB,56.34920634920635,43.65079365079365,50.242645515004945,INE361B01024,35.0,-12.698412698412696,21.0,56.0,16,2024-11-01
MOTHERSON,58.730158730158735,41.269841269841265,38.18966139830229,INE775A01035,60.0,-17.46031746031747,5.0,65.0,17,2024-11-01
COFORGE,55.55555555555556,44.44444444444444,48.108261156054354,INE591G01017,36.0,-11.111111111111114,32.0,68.0,18,2024-11-01
JMFINANCIL,54.761904761904766,45.23809523809524,57.11376143870843,INE780C01023,29.0,-9.523809523809526,45.0,74.0,19,2024-11-01
DEEPAKFERT,53.17460317460318,46.82539682539682,95.59566638671325,INE501A01019,5.0,-6.349206349206355,77.0,82.0,20,2024-11-01
NEULANDLAB,60.16260162601627,39.83739837398374,145.43258783201514,INE794A01010,2.0,-20.32520325203253,3.0,5.0,1,2024-12-01
NAVA,57.72357723577236,41.46341463414634,116.30078550523417,INE725A01030,6.0,-16.26016260162602,12.0,18.0,2,2024-12-01
DEEPAKFERT,57.72357723577236,42.27642276422765,124.55439246006583,INE501A01019,3.0,-15.447154471544714,17.0,20.0,3,2024-12-01
SARDAEN,57.72357723577236,41.46341463414634,94.51238927304036,INE385C01021,9.0,-16.26016260162602,13.0,22.0,4,2024-12-01
COHANCE,57.72357723577236,42.27642276422765,101.23957614080803,INE03QK01018,8.0,-15.447154471544714,16.0,24.0,5,2024-12-01
KAYNES,58.536585365853654,41.46341463414634,67.23201369637934,INE918Z01012,17.0,-17.073170731707314,9.0,26.0,6,2024-12-01
PCBL,58.536585365853654,41.46341463414634,66.11220048083885,INE602A01031,18.0,-17.073170731707314,10.0,28.0,7,2024-12-01
PERSISTENT,60.97560975609756,39.02439024390244,61.10173945365409,INE262H01021,28.0,-21.951219512195124,1.0,29.0,8,2024-12-01
DIXON,60.16260162601627,39.83739837398374,61.184110738443124,INE935N01020,27.0,-20.32520325203253,2.0,29.0,9,2024-12-01
KIMS,59.34959349593496,40.65040650406504,57.715034728162465,INE967H01025,31.0,-18.699186991869922,6.0,37.0,10,2024-12-01
COFORGE,56.91056910569105,43.08943089430895,70.83160981171395,INE591G01017,14.0,-13.821138211382106,24.0,38.0,11,2024-12-01
MCX,57.72357723577236,42.27642276422765,63.435098833830054,INE745G01035,22.0,-15.447154471544714,19.0,41.0,12,2024-12-01
LTFOODS,56.91056910569105,43.08943089430895,70.12428297876552,INE818H01020,15.0,-13.821138211382106,28.0,43.0,13,2024-12-01
ERIS,59.34959349593496,40.65040650406504,49.96112458747359,INE406M01024,40.0,-18.699186991869922,5.0,45.0,14,2024-12-01
WOCKPHARMA,56.09756097560976,43.90243902439025,119.24435396550118,INE049B01025,5.0,-12.195121951219512,42.0,47.0,15,2024-12-01
ANANTRAJ,56.91056910569105,42.27642276422765,61.92978504519422,INE242C01024,26.0,-14.634146341463406,21.0,47.0,16,2024-12-01
KALYANKJIL,56.09756097560976,43.90243902439025,75.612576577048,INE303R01014,13.0,-12.195121951219512,37.0,50.0,17,2024-12-01
JMFINANCIL,56.91056910569105,43.08943089430895,62.46308161844662,INE780C01023,24.0,-13.821138211382106,27.0,51.0,18,2024-12-01
PEL,57.72357723577236,42.27642276422765,45.67034949973026,INE140A01024,43.0,-15.447154471544714,20.0,63.0,19,2024-12-01
OFSS,56.91056910569105,43.08943089430895,53.58058091025788,INE881D01027,34.0,-13.821138211382106,31.0,65.0,20,2024-12-01
SARDAEN,59.199999999999996,40.0,102.28940766441394,INE385C01021,4.0,-19.199999999999996,7.0,11.0,1,2025-01-01
ANANTRAJ,60.0,39.2,80.96942206396886,INE242C01024,8.0,-20.799999999999997,4.0,12.0,2,2025-01-01
KAYNES,60.8,39.2,79.18575684546805,INE918Z01012,9.0,-21.599999999999994,3.0,12.0,3,2025-01-01
COFORGE,59.199999999999996,40.8,74.15352728345886,INE591G01017,10.0,-18.4,8.0,18.0,4,2025-01-01
PAYTM,56.8,42.4,137.3341275360982,INE982J01020,2.0,-14.399999999999999,17.0,19.0,5,2025-01-01
BSE,56.8,43.2,100.37801816333753,INE118H01025,5.0,-13.599999999999994,19.0,24.0,6,2025-01-01
KFINTECH,56.8,43.2,84.35216268104138,INE138Y01010,7.0,-13.599999999999994,23.0,30.0,7,2025-01-01
PCBL,57.599999999999994,42.4,56.697364246720426,INE602A01031,16.0,-15.199999999999996,14.0,30.0,8,2025-01-01
PERSISTENT,61.6,38.4,41.645134371376535,INE262H01021,34.0,-23.200000000000003,2.0,36.0,9,2025-01-01
ZENTEC,56.00000000000001,44.0,91.47953310935468,INE251B01027,6.0,-12.000000000000007,31.0,37.0,10,2025-01-01
NEULANDLAB,56.00000000000001,44.0,65.28145339363891,INE794A01010,13.0,-12.000000000000007,29.0,42.0,11,2025-01-01
SAGILITY,65.625,34.375,37.80387872166075,INE0W2G01015,45.0,-31.25,1.0,46.0,12,2025-01-01
LUPIN,59.199999999999996,40.8,40.94162636281682,INE326A01037,37.0,-18.4,10.0,47.0,13,2025-01-01
IPCALAB,56.00000000000001,44.0,50.04213660700891,INE571A01038,22.0,-12.000000000000007,27.0,49.0,14,2025-01-01
WELCORP,56.8,43.2,47.65553108623095,INE191B01025,26.0,-13.599999999999994,25.0,51.0,15,2025-01-01
DIXON,56.8,43.2,42.41617491399992,INE935N01020,33.0,-13.599999999999994,20.0,53.0,16,2025-01-01
LTFOODS,56.8,43.2,45.254327520139896,INE818H01020,29.0,-13.599999999999994,24.0,53.0,17,2025-01-01
LAURUSLABS,56.8,42.4,39.42744880654725,INE947Q01028,43.0,-14.399999999999999,16.0,59.0,18,2025-01-01
FORTIS,55.2,44.0,42.478144300427914,INE061F01013,31.0,-11.200000000000003,32.0,63.0,19,2025-01-01
PGEL,53.6,46.400000000000006,156.16685983654003,INE457L01029,1.0,-7.199999999999996,62.0,63.0,20,2025-01-01
BSE,58.730158730158735,41.269841269841265,97.30313682125701,INE118H01025,2.0,-17.46031746031747,3.0,5.0,1,2025-02-01
JSWHL,56.34920634920635,43.65079365079365,133.78386063906444,INE824G01012,1.0,-12.698412698412696,10.0,11.0,2,2025-02-01
SARDAEN,55.55555555555556,43.65079365079365,70.6053302897399,INE385C01021,4.0,-11.904761904761905,12.0,16.0,3,2025-02-01
LLOYDSME,56.34920634920635,43.65079365079365,49.44456698782928,INE281B01032,6.0,-12.698412698412696,11.0,17.0,4,2025-02-01
SAGILITY,56.36363636363636,43.63636363636363,42.66382352632701,INE0W2G01015,10.0,-12.727272727272727,9.0,19.0,5,2025-02-01
KIMS,57.14285714285714,42.857142857142854,38.15534102236082,INE967H01025,12.0,-14.285714285714285,7.0,19.0,6,2025-02-01
COFORGE,57.14285714285714,42.857142857142854,30.81342821333759,INE591G01017,15.0,-14.285714285714285,5.0,20.0,7,2025-02-01
ASTERDM,55.55555555555556,44.44444444444444,33.59988201007209,INE914M01019,14.0,-11.111111111111114,13.0,27.0,8,2025-02-01
PAYTM,53.96825396825397,45.23809523809524,55.34357213108585,INE982J01020,5.0,-8.730158730158728,23.0,28.0,9,2025-02-01
LAURUSLABS,56.34920634920635,42.857142857142854,22.833194735532402,INE947Q01028,22.0,-13.492063492063494,8.0,30.0,10,2025-02-01
DIXON,57.14285714285714,42.857142857142854,21.938188585718386,INE935N01020,24.0,-14.285714285714285,6.0,30.0,11,2025-02-01
MUTHOOTFIN,57.936507936507944,42.06349206349206,20.20858788272808,INE414G01012,29.0,-15.87301587301588,4.0,33.0,12,2025-02-01
PERSISTENT,55.55555555555556,44.44444444444444,23.515960100254098,INE262H01021,20.0,-11.111111111111114,16.0,36.0,13,2025-02-01
CONCORDBIO,53.96825396825397,46.03174603174603,30.769920229739967,INE338H01029,16.0,-7.936507936507937,24.0,40.0,14,2025-02-01
AIIL,53.17460317460318,46.82539682539682,38.36979892492964,INE206F01022,11.0,-6.349206349206355,31.0,42.0,15,2025-02-01
NEULANDLAB,53.17460317460318,46.82539682539682,43.90232527098872,INE794A01010,8.0,-6.349206349206355,35.0,43.0,16,2025-02-01
LTFOODS,55.55555555555556,44.44444444444444,17.350067597668016,INE818H01020,35.0,-11.111111111111114,14.0,49.0,17,2025-02-01
PGEL,52.38095238095239,47.61904761904761,72.15410278068663,INE457L01029,3.0,-4.761904761904773,47.0,50.0,18,2025-02-01
ECLERX,53.96825396825397,46.03174603174603,20.91552097129421,INE738I01010,26.0,-7.936507936507937,25.0,51.0,19,2025-02-01
INDHOTEL,54.761904761904766,45.23809523809524,17.436981131606032,INE053A01029,34.0,-9.523809523809526,20.0,54.0,20,2025-02-01
BSE,56.8,43.2,57.869801534545864,INE118H01025,2.0,-13.599999999999994,3.0,5.0,1,2025-03-01
COFORGE,57.599999999999994,42.4,18.163027125120212,INE591G01017,8.0,-15.199999999999996,1.0,9.0,2,2025-03-01
LLOYDSME,56.00000000000001,44.0,24.83202764167489,INE281B01032,6.0,-12.000000000000007,4.0,10.0,3,2025-03-01
JSWHL,53.6,46.400000000000006,112.08009805160609,INE824G01012,1.0,-7.199999999999996,11.0,12.0,4,2025-03-01
SARDAEN,54.400000000000006,44.800000000000004,28.06098236087231,INE385C01021,4.0,-9.600000000000001,8.0,12.0,5,2025-03-01
MUTHOOTFIN,55.2,44.800000000000004,11.408517441688893,INE414G01012,12.0,-10.399999999999999,6.0,18.0,6,2025-03-01
PGEL,52.0,48.0,41.48818314584521,INE457L01029,3.0,-4.0,16.0,19.0,7,2025-03-01
SAGILITY,52.0,48.0,25.81422790819703,INE0W2G01015,5.0,-4.0,17.0,22.0,8,2025-03-01
FLUOROCHEM,53.6,46.400000000000006,7.930817464603912,INE09N301011,17.0,-7.199999999999996,10.0,27.0,9,2025-03-01
PAYTM,50.4,48.8,19.40607808235031,INE982J01020,7.0,-1.6000000000000014,22.0,29.0,10,2025-03-01
BAJFINANCE,50.4,47.199999999999996,9.390692667693212,INE296A01024,13.0,-3.200000000000003,19.0,32.0,11,2025-03-01
HDFCBANK,52.0,47.199999999999996,6.144897969903407,INE040A01034,22.0,-4.800000000000004,13.0,35.0,12,2025-03-01
NAVINFLUOR,52.800000000000004,47.199999999999996,5.121426295038201,INE048G01026,25.0,-5.6000000000000085,12.0,37.0,13,2025-03-01
WELCORP,51.2,48.8,8.06122924383319,INE191B01025,16.0,-2.4000000000000057,21.0,37.0,14,2025-03-01
LAURUSLABS,55.2,44.0,4.471584288971386,INE947Q01028,33.0,-11.200000000000003,5.0,38.0,15,2025-03-01
DIVISLAB,51.2,48.0,7.1706230455715,INE361B01024,19.0,-3.200000000000003,20.0,39.0,16,2025-03-01
SRF,50.4,49.6,7.35616161756385,INE647A01010,18.0,-0.7999999999999972,25.0,43.0,17,2025-03-01
SBICARD,55.2,44.800000000000004,3.263604084186733,INE018E01016,37.0,-10.399999999999999,7.0,44.0,18,2025-03-01
DIXON,57.599999999999994,42.4,2.3307937319490213,INE935N01020,42.0,-15.199999999999996,2.0,44.0,19,2025-03-01
FORTIS,48.0,51.2,8.211034322387523,INE061F01013,15.0,3.200000000000003,31.0,46.0,20,2025-03-01
TARIL,56.91056910569105,43.08943089430895,80.49708016116965,INE763I01026,2.0,-13.821138211382106,3.0,5.0,1,2025-04-01
BSE,55.28455284552846,44.71544715447154,48.91984122554105,INE118H01025,3.0,-10.569105691056919,6.0,9.0,2,2025-04-01
JSWHL,55.28455284552846,44.71544715447154,128.9966172322196,INE824G01012,1.0,-10.569105691056919,8.0,9.0,3,2025-04-01
LLOYDSME,55.28455284552846,44.71544715447154,32.08385701834515,INE281B01032,5.0,-10.569105691056919,9.0,14.0,4,2025-04-01
LAURUSLABS,56.91056910569105,42.27642276422765,20.89791627705937,INE947Q01028,13.0,-14.634146341463406,1.0,14.0,5,2025-04-01
COFORGE,56.91056910569105,43.08943089430895,17.696763112883307,INE591G01017,17.0,-13.821138211382106,2.0,19.0,6,2025-04-01
MUTHOOTFIN,55.28455284552846,43.90243902439025,19.620247886972876,INE414G01012,14.0,-11.382113821138212,5.0,19.0,7,2025-04-01
SAGILITY,53.191489361702125,46.808510638297875,28.601441627935543,INE0W2G01015,7.0,-6.38297872340425,13.0,20.0,8,2025-04-01
AMBER,52.03252032520326,47.96747967479675,37.665921721822485,INE371P01015,4.0,-4.065040650406509,17.0,21.0,9,2025-04-01
PGEL,52.84552845528455,47.15447154471545,28.49328368176667,INE457L01029,8.0,-5.6910569105691025,16.0,24.0,10,2025-04-01
ASTERDM,52.03252032520326,47.96747967479675,21.872554623602202,INE914M01019,12.0,-4.065040650406509,18.0,30.0,11,2025-04-01
WELCORP,52.03252032520326,47.96747967479675,22.70041007651291,INE191B01025,11.0,-4.065040650406509,21.0,32.0,12,2025-04-01
SARDAEN,53.65853658536586,46.34146341463415,13.913166803934885,INE385C01021,23.0,-7.31707317073171,12.0,35.0,13,2025-04-01
COROMANDEL,52.84552845528455,47.15447154471545,12.425084418781939,INE169A01031,26.0,-5.6910569105691025,14.0,40.0,14,2025-04-01
KOTAKBANK,51.21951219512195,47.96747967479675,14.40541822678647,INE237A01028,21.0,-3.2520325203252014,23.0,44.0,15,2025-04-01
AAVAS,51.21951219512195,48.78048780487805,14.83534331960592,INE216P01012,20.0,-2.439024390243901,24.0,44.0,16,2025-04-01
MAZDOCK,49.59349593495935,50.40650406504065,30.40528152693942,INE249Z01020,6.0,0.8130081300813004,38.0,44.0,17,2025-04-01
NAVINFLUOR,52.84552845528455,47.15447154471545,10.784227794535495,INE048G01026,31.0,-5.6910569105691025,15.0,46.0,18,2025-04-01
WOCKPHARMA,51.21951219512195,48.78048780487805,19.076570414371965,INE049B01025,15.0,-2.439024390243901,31.0,46.0,19,2025-04-01
KIMS,52.03252032520326,47.96747967479675,11.332641773483033,INE967H01025,28.0,-4.065040650406509,19.0,47.0,20,2025-04-01
JSWHL,55.00000000000001,45.0,115.08101973214279,INE824G01012,1.0,-10.000000000000007,17.0,18.0,1,2025-05-01
SOLARINDS,55.833333333333336,44.166666666666664,26.22216071584136,INE343H01029,12.0,-11.666666666666671,11.0,23.0,2,2025-05-01
BSE,54.166666666666664,45.83333333333333,49.708751959171124,INE118H01025,3.0,-8.333333333333336,22.0,25.0,3,2025-05-01
NAVINFLUOR,55.00000000000001,45.0,29.08299757699806,INE048G01026,8.0,-10.000000000000007,18.0,26.0,4,2025-05-01
CHAMBLFERT,54.166666666666664,45.83333333333333,39.252052616524445,INE085A01013,6.0,-8.333333333333336,23.0,29.0,5,2025-05-01
SBICARD,57.49999999999999,42.5,19.85764514763502,INE018E01016,26.0,-14.999999999999993,4.0,30.0,6,2025-05-01
INDIGO,55.00000000000001,45.0,24.67617440607586,INE646L01027,16.0,-10.000000000000007,16.0,32.0,7,2025-05-01
LLOYDSME,54.166666666666664,45.0,25.475841917518927,INE281B01032,15.0,-9.166666666666664,19.0,34.0,8,2025-05-01
MANAPPURAM,53.333333333333336,46.666666666666664,42.74872461379731,INE522D01027,5.0,-6.666666666666671,32.0,37.0,9,2025-05-01
KOTAKBANK,53.333333333333336,45.83333333333333,27.80893225890617,INE237A01028,10.0,-7.500000000000007,27.0,37.0,10,2025-05-01
LAURUSLABS,56.666666666666664,42.5,16.45055536477895,INE947Q01028,35.0,-14.166666666666664,5.0,40.0,11,2025-05-01
BDL,51.66666666666667,48.333333333333336,44.59931637008698,INE171Z01026,4.0,-3.3333333333333357,43.0,47.0,12,2025-05-01
MAZDOCK,51.66666666666667,48.333333333333336,59.16562182890666,INE249Z01020,2.0,-3.3333333333333357,45.0,47.0,13,2025-05-01
KFINTECH,55.833333333333336,44.166666666666664,14.78505872805085,INE138Y01010,39.0,-11.666666666666671,10.0,49.0,14,2025-05-01
COROMANDEL,52.5,47.5,25.80734526397974,INE169A01031,14.0,-5.0,36.0,50.0,15,2025-05-01
DIXON,58.333333333333336,41.66666666666667,12.725329083774461,INE935N01020,49.0,-16.666666666666664,3.0,52.0,16,2025-05-01
TATACONSUM,56.666666666666664,43.333333333333336,12.937823106945935,INE192A01025,46.0,-13.333333333333329,9.0,55.0,17,2025-05-01
KIMS,53.333333333333336,46.666666666666664,20.7354629141572,INE967H01025,24.0,-6.666666666666671,31.0,55.0,18,2025-05-01
ICICIBANK,60.0,40.0,11.960334888146429,INE090A01021,55.0,-20.0,1.0,56.0,19,2025-05-01
REDINGTON,50.83333333333333,47.5,28.98458144535723,INE891D01026,9.0,-3.3333333333333286,48.0,57.0,20,2025-05-01
SOLARINDS,58.19672131147541,41.80327868852459,51.65377707625336,INE343H01029,6.0,-16.393442622950815,4.0,10.0,1,2025-06-01
BDL,54.91803278688525,45.08196721311475,90.19735242556659,INE171Z01026,1.0,-9.836065573770497,17.0,18.0,2,2025-06-01
MANAPPURAM,55.73770491803278,44.26229508196721,50.63330438785072,INE522D01027,8.0,-11.475409836065573,14.0,22.0,3,2025-06-01
BSE,54.09836065573771,45.08196721311475,81.99435431308888,INE118H01025,3.0,-9.016393442622956,20.0,23.0,4,2025-06-01
MAZDOCK,54.09836065573771,45.90163934426229,65.19809561786998,INE249Z01020,4.0,-8.196721311475414,30.0,34.0,5,2025-06-01
LLOYDSME,54.09836065573771,45.08196721311475,37.8093716437635,INE281B01032,14.0,-9.016393442622956,21.0,35.0,6,2025-06-01
JSWHL,54.09836065573771,45.90163934426229,47.179860146312926,INE824G01012,10.0,-8.196721311475414,28.0,38.0,7,2025-06-01
POWERINDIA,54.09836065573771,45.90163934426229,51.41655737392708,INE07Y701011,7.0,-8.196721311475414,33.0,40.0,8,2025-06-01
SBICARD,58.19672131147541,41.80327868852459,24.66518669186972,INE018E01016,42.0,-16.393442622950815,3.0,45.0,9,2025-06-01
MFSL,54.09836065573771,45.90163934426229,37.77568800791799,INE180A01020,15.0,-8.196721311475414,31.0,46.0,10,2025-06-01
IGL,54.09836065573771,45.90163934426229,32.341335983438825,INE203G01027,24.0,-8.196721311475414,26.0,50.0,11,2025-06-01
APLAPOLLO,56.557377049180324,43.44262295081967,21.364076715478085,INE702C01027,47.0,-13.114754098360656,6.0,53.0,12,2025-06-01
BAJFINANCE,52.459016393442624,45.90163934426229,32.60254403695566,INE296A01024,23.0,-6.557377049180332,36.0,59.0,13,2025-06-01
REDINGTON,53.278688524590166,45.08196721311475,29.580518098383337,INE891D01026,31.0,-8.196721311475414,34.0,65.0,14,2025-06-01
BAJAJHLDNG,52.459016393442624,47.540983606557376,35.48596213801973,INE118A01012,18.0,-4.918032786885249,48.0,66.0,15,2025-06-01
GVT&D,52.459016393442624,47.540983606557376,43.42622434718355,INE200A01026,12.0,-4.918032786885249,55.0,67.0,16,2025-06-01
COROMANDEL,54.09836065573771,45.90163934426229,21.07145129151826,INE169A01031,48.0,-8.196721311475414,23.0,71.0,17,2025-06-01
BHARTIHEXA,53.278688524590166,46.72131147540984,27.73039680253566,INE343G01021,36.0,-6.5573770491803245,37.0,73.0,18,2025-06-01
BEL,52.459016393442624,47.540983606557376,29.288229011630996,INE263A01024,33.0,-4.918032786885249,50.0,83.0,19,2025-06-01
LTF,56.557377049180324,43.44262295081967,14.320423767034907,INE498L01015,75.0,-13.114754098360656,8.0,83.0,20,2025-06-01
SOLARINDS,63.114754098360656,36.885245901639344,76.46998730058858,INE343H01029,3.0,-26.229508196721312,1.0,4.0,1,2025-07-01
MFSL,59.83606557377049,40.16393442622951,49.17107677878887,INE180A01020,16.0,-19.67213114754098,3.0,19.0,2,2025-07-01
REDINGTON,56.557377049180324,43.44262295081967,57.38495298369812,INE891D01026,10.0,-13.114754098360656,16.0,26.0,3,2025-07-01
ABCAPITAL,55.73770491803278,44.26229508196721,58.71441630026164,INE674K01013,8.0,-11.475409836065573,20.0,28.0,4,2025-07-01
MCX,57.377049180327866,42.62295081967213,46.42511488647882,INE745G01035,21.0,-14.754098360655739,12.0,33.0,5,2025-07-01
BDL,54.91803278688525,45.08196721311475,92.00698124070645,INE171Z01026,2.0,-9.836065573770497,32.0,34.0,6,2025-07-01
SBICARD,60.65573770491803,39.34426229508197,36.23618690009176,INE018E01016,32.0,-21.311475409836063,2.0,34.0,7,2025-07-01
LTF,57.377049180327866,42.62295081967213,42.60525378479174,INE498L01015,24.0,-14.754098360655739,11.0,35.0,8,2025-07-01
NH,55.73770491803278,44.26229508196721,52.91981830177126,INE410P01011,13.0,-11.475409836065573,27.0,40.0,9,2025-07-01
AUBANK,55.73770491803278,44.26229508196721,42.364818368494326,INE949L01017,25.0,-11.475409836065573,23.0,48.0,10,2025-07-01
HDFCLIFE,55.73770491803278,43.44262295081967,35.78409003426128,INE795G01014,33.0,-12.295081967213115,17.0,50.0,11,2025-07-01
RBLBANK,54.91803278688525,45.08196721311475,55.9856192241909,INE976G01028,11.0,-9.836065573770497,44.0,55.0,12,2025-07-01
POONAWALLA,54.91803278688525,45.08196721311475,51.28105351188954,INE511C01022,15.0,-9.836065573770497,42.0,57.0,13,2025-07-01
NAVINFLUOR,54.91803278688525,45.08196721311475,40.489524101948305,INE048G01026,26.0,-9.836065573770497,39.0,65.0,14,2025-07-01
CUB,58.19672131147541,41.80327868852459,24.282712418580644,INE491A01021,63.0,-16.393442622950815,5.0,68.0,15,2025-07-01
INDIGO,57.377049180327866,42.62295081967213,25.37419383948056,INE646L01027,59.0,-14.754098360655739,10.0,69.0,16,2025-07-01
ENGINERSIN,54.91803278688525,45.08196721311475,35.434843148870485,INE510A01028,34.0,-9.836065573770497,35.0,69.0,17,2025-07-01
BHARTIARTL,56.557377049180324,43.44262295081967,25.80860764675339,INE397D01024,56.0,-13.114754098360656,14.0,70.0,18,2025-07-01
BERGEPAINT,54.91803278688525,45.08196721311475,28.63875208101232,INE463A01038,46.0,-9.836065573770497,33.0,79.0,19,2025-07-01
MANAPPURAM,54.09836065573771,45.90163934426229,44.83638224850468,INE522D01027,23.0,-8.196721311475414,56.0,79.0,20,2025-07-01
GVT&D,58.19672131147541,41.80327868852459,66.89364137784285,INE200A01026,5.0,-16.393442622950815,4.0,9.0,1,2025-08-01
SCHNEIDER,57.377049180327866,42.62295081967213,53.741053742363555,INE839M01018,9.0,-14.754098360655739,10.0,19.0,2,2025-08-01
BOSCHLTD,57.377049180327866,41.80327868852459,44.21922238793623,INE323A01026,18.0,-15.573770491803273,6.0,24.0,3,2025-08-01
COROMANDEL,55.73770491803278,44.26229508196721,54.77852950415469,INE169A01031,8.0,-11.475409836065573,21.0,29.0,4,2025-08-01
LAURUSLABS,59.83606557377049,40.16393442622951,41.37389153811719,INE947Q01028,28.0,-19.67213114754098,1.0,29.0,5,2025-08-01
AIIL,56.557377049180324,43.44262295081967,43.211050322837295,INE206F01022,22.0,-13.114754098360656,14.0,36.0,6,2025-08-01
ANANDRATHI,57.377049180327866,42.62295081967213,41.491311160190826,INE463V01026,27.0,-14.754098360655739,9.0,36.0,7,2025-08-01
SOLARINDS,57.377049180327866,42.62295081967213,41.2000220722718,INE343H01029,29.0,-14.754098360655739,11.0,40.0,8,2025-08-01
IIFL,55.73770491803278,44.26229508196721,44.630464561110614,INE530B01024,16.0,-11.475409836065573,25.0,41.0,9,2025-08-01
GLAND,58.19672131147541,41.80327868852459,33.95137070055563,INE068V01023,48.0,-16.393442622950815,3.0,51.0,10,2025-08-01
MFSL,59.01639344262295,40.98360655737705,33.814503507892944,INE180A01020,50.0,-18.032786885245898,2.0,52.0,11,2025-08-01
JKCEMENT,55.73770491803278,43.44262295081967,38.53117524588856,INE823G01014,35.0,-12.295081967213115,18.0,53.0,12,2025-08-01
JMFINANCIL,55.73770491803278,43.44262295081967,37.30473877402461,INE780C01023,39.0,-12.295081967213115,19.0,58.0,13,2025-08-01
SYRMA,56.557377049180324,43.44262295081967,34.79840979841609,INE0DYJ01015,46.0,-13.114754098360656,16.0,62.0,14,2025-08-01
MCX,55.73770491803278,44.26229508196721,36.31748849891372,INE745G01035,43.0,-11.475409836065573,26.0,69.0,15,2025-08-01
POWERINDIA,53.278688524590166,46.72131147540984,67.57548889782478,INE07Y701011,4.0,-6.5573770491803245,78.0,82.0,16,2025-08-01
HEG,53.278688524590166,46.72131147540984,55.429185095705094,INE545A01024,7.0,-6.5573770491803245,76.0,83.0,17,2025-08-01
ABCAPITAL,53.278688524590166,46.72131147540984,44.74892348221642,INE674K01013,15.0,-6.5573770491803245,69.0,84.0,18,2025-08-01
PAYTM,54.09836065573771,45.90163934426229,40.14562966666999,INE982J01020,30.0,-8.196721311475414,62.0,92.0,19,2025-08-01
GLENMARK,53.278688524590166,46.72131147540984,44.32230202724583,INE935A01035,17.0,-6.5573770491803245,75.0,92.0,20,2025-08-01
AIIL,60.33057851239669,39.66942148760331,102.75271839989917,INE206F01022,4.0,-20.661157024793383,4.0,8.0,1,2025-09-01
GVT&D,58.67768595041323,41.32231404958678,107.9540947400758,INE200A01026,2.0,-17.355371900826448,8.0,10.0,2,2025-09-01
JMFINANCIL,58.67768595041323,40.49586776859504,95.2017809966774,INE780C01023,5.0,-18.181818181818187,6.0,11.0,3,2025-09-01
SYRMA,58.67768595041323,41.32231404958678,74.53354745652265,INE0DYJ01015,9.0,-17.355371900826448,11.0,20.0,4,2025-09-01
MFSL,62.8099173553719,37.1900826446281,63.85774833965776,INE180A01020,19.0,-25.619834710743802,1.0,20.0,5,2025-09-01
DELHIVERY,57.85123966942148,42.14876033057851,72.84485120632758,INE148O01028,10.0,-15.70247933884297,13.0,23.0,6,2025-09-01
DATAPATTNS,57.02479338842975,42.97520661157025,78.05808053490777,INE0IX101010,8.0,-14.049586776859499,18.0,26.0,7,2025-09-01
LAURUSLABS,58.67768595041323,41.32231404958678,61.13576750539287,INE947Q01028,24.0,-17.355371900826448,9.0,33.0,8,2025-09-01
JKCEMENT,58.67768595041323,40.49586776859504,55.04236266497842,INE823G01014,34.0,-18.181818181818187,5.0,39.0,9,2025-09-01
BOSCHLTD,60.33057851239669,38.84297520661157,54.21534943012705,INE323A01026,36.0,-21.48760330578512,3.0,39.0,10,2025-09-01
HBLENGINE,57.85123966942148,42.14876033057851,59.71189531609726,INE292B01021,27.0,-15.70247933884297,14.0,41.0,11,2025-09-01
SOLARINDS,57.02479338842975,42.97520661157025,63.2043434101657,INE343H01029,21.0,-14.049586776859499,28.0,49.0,12,2025-09-01
INTELLECT,57.02479338842975,42.97520661157025,57.30221933872364,INE306R01017,29.0,-14.049586776859499,21.0,50.0,13,2025-09-01
NYKAA,58.67768595041323,41.32231404958678,51.53002033537668,INE388Y01029,44.0,-17.355371900826448,10.0,54.0,14,2025-09-01
MCX,57.02479338842975,42.97520661157025,53.4334347870488,INE745G01035,38.0,-14.049586776859499,23.0,61.0,15,2025-09-01
BEML,55.371900826446286,44.62809917355372,65.33350136296451,INE258A01016,17.0,-10.743801652892564,50.0,67.0,16,2025-09-01
POLYCAB,57.02479338842975,42.97520661157025,50.13121003394056,INE455K01017,48.0,-14.049586776859499,25.0,73.0,17,2025-09-01
ABCAPITAL,54.54545454545454,45.45454545454545,80.70561864729548,INE674K01013,7.0,-9.090909090909086,67.0,74.0,18,2025-09-01
LTF,56.19834710743802,43.80165289256198,53.97661831058704,INE498L01015,37.0,-12.396694214876035,39.0,76.0,19,2025-09-01
GMDCLTD,55.371900826446286,44.62809917355372,62.23857906982335,INE131A01031,23.0,-10.743801652892564,55.0,78.0,20,2025-09-01
AIIL,58.06451612903226,41.935483870967744,76.79333609620404,INE206F01022,4.0,-16.12903225806452,4.0,8.0,1,2025-10-01
DATAPATTNS,58.06451612903226,41.935483870967744,53.34146990645785,INE0IX101010,14.0,-16.12903225806452,6.0,20.0,2,2025-10-01
DELHIVERY,57.25806451612904,42.74193548387097,63.2840487689321,INE148O01028,6.0,-14.516129032258071,16.0,22.0,3,2025-10-01
LTF,58.06451612903226,41.935483870967744,55.59163544638173,INE498L01015,13.0,-16.12903225806452,9.0,22.0,4,2025-10-01
GVT&D,56.451612903225815,43.54838709677419,85.2786728459278,INE200A01026,3.0,-12.903225806451623,21.0,24.0,5,2025-10-01
HYUNDAI,58.06451612903226,41.935483870967744,47.14814646409869,INE0V6F01027,22.0,-16.12903225806452,7.0,29.0,6,2025-10-01
POLYCAB,58.06451612903226,41.935483870967744,44.86342422187193,INE455K01017,29.0,-16.12903225806452,11.0,40.0,7,2025-10-01
HINDCOPPER,57.25806451612904,41.935483870967744,45.405371695768125,INE531E01026,27.0,-15.322580645161295,14.0,41.0,8,2025-10-01
SYRMA,55.64516129032258,44.354838709677416,61.13384597696749,INE0DYJ01015,7.0,-11.29032258064516,38.0,45.0,9,2025-10-01
HEROMOTOCO,56.451612903225815,43.54838709677419,45.68210610958112,INE158A01026,25.0,-12.903225806451623,23.0,48.0,10,2025-10-01
TATAINVEST,54.83870967741935,44.354838709677416,64.8224586984859,INE672A01018,5.0,-10.483870967741936,43.0,48.0,11,2025-10-01
MFSL,59.67741935483871,40.32258064516129,36.235391695630035,INE180A01020,50.0,-19.354838709677423,2.0,52.0,12,2025-10-01
BOSCHLTD,58.06451612903226,41.12903225806452,35.755070450463776,INE323A01026,52.0,-16.935483870967744,3.0,55.0,13,2025-10-01
INTELLECT,56.451612903225815,43.54838709677419,44.82038260507461,INE306R01017,30.0,-12.903225806451623,26.0,56.0,14,2025-10-01
ABCAPITAL,54.83870967741935,45.16129032258064,55.932919079772915,INE674K01013,12.0,-9.677419354838712,44.0,56.0,15,2025-10-01
NETWEB,54.83870967741935,45.16129032258064,128.13601840308215,INE0NT901020,1.0,-9.677419354838712,57.0,58.0,16,2025-10-01
LAURUSLABS,58.06451612903226,41.935483870967744,35.97219142389312,INE947Q01028,51.0,-16.12903225806452,8.0,59.0,17,2025-10-01
ETERNAL,54.83870967741935,45.16129032258064,57.90825710394068,INE758T01015,9.0,-9.677419354838712,51.0,60.0,18,2025-10-01
HBLENGINE,56.451612903225815,43.54838709677419,39.093887324684864,INE292B01021,40.0,-12.903225806451623,22.0,62.0,19,2025-10-01
IIFL,54.83870967741935,45.16129032258064,57.35920960413148,INE530B01024,10.0,-9.677419354838712,54.0,64.0,20,2025-10-01
HBLENGINE,61.904761904761905,38.095238095238095,77.75402787617583,INE292B01021,3.0,-23.80952380952381,1.0,4.0,1,2025-11-01
IIFL,56.34920634920635,43.65079365079365,68.2689347089827,INE530B01024,7.0,-12.698412698412696,18.0,25.0,2,2025-11-01
LAURUSLABS,58.730158730158735,41.269841269841265,47.48500512850426,INE947Q01028,23.0,-17.46031746031747,3.0,26.0,3,2025-11-01
LTF,57.14285714285714,42.857142857142854,49.602196541325874,INE498L01015,20.0,-14.285714285714285,11.0,31.0,4,2025-11-01
HINDCOPPER,56.34920634920635,43.65079365079365,53.591589938700835,INE531E01026,16.0,-12.698412698412696,17.0,33.0,5,2025-11-01
HEROMOTOCO,57.14285714285714,42.857142857142854,46.1337095223199,INE158A01026,26.0,-14.285714285714285,9.0,35.0,6,2025-11-01
NETWEB,55.55555555555556,44.44444444444444,142.70182548591066,INE0NT901020,1.0,-11.111111111111114,34.0,35.0,7,2025-11-01
INTELLECT,57.14285714285714,42.857142857142854,45.72953524585082,INE306R01017,27.0,-14.285714285714285,10.0,37.0,8,2025-11-01
FORTIS,56.34920634920635,43.65079365079365,45.722282054725774,INE061F01013,28.0,-12.698412698412696,15.0,43.0,9,2025-11-01
INDIANB,56.34920634920635,43.65079365079365,44.798787393971516,INE562A01011,29.0,-12.698412698412696,19.0,48.0,10,2025-11-01
AIIL,54.761904761904766,45.23809523809524,72.04811260137927,INE206F01022,6.0,-9.523809523809526,42.0,48.0,11,2025-11-01
DELHIVERY,55.55555555555556,44.44444444444444,49.44634710235469,INE148O01028,21.0,-11.111111111111114,29.0,50.0,12,2025-11-01
ANANDRATHI,54.761904761904766,45.23809523809524,67.6160512939939,INE463V01026,8.0,-9.523809523809526,43.0,51.0,13,2025-11-01
POLYCAB,57.14285714285714,42.857142857142854,40.33986195754624,INE455K01017,42.0,-14.285714285714285,13.0,55.0,14,2025-11-01
GLAND,56.34920634920635,43.65079365079365,38.74923870397345,INE068V01023,45.0,-12.698412698412696,16.0,61.0,15,2025-11-01
CUMMINSIND,54.761904761904766,45.23809523809524,50.65973265127359,INE298A01020,19.0,-9.523809523809526,46.0,65.0,16,2025-11-01
HINDALCO,57.936507936507944,42.06349206349206,32.81371920761116,INE038A01020,62.0,-15.87301587301588,4.0,66.0,17,2025-11-01
PAYTM,55.55555555555556,44.44444444444444,44.76328560896743,INE982J01020,30.0,-11.111111111111114,36.0,66.0,18,2025-11-01
HYUNDAI,55.55555555555556,44.44444444444444,41.07521569556531,INE0V6F01027,39.0,-11.111111111111114,32.0,71.0,19,2025-11-01
CANBK,55.55555555555556,44.44444444444444,37.43425922290944,INE476A01022,48.0,-11.111111111111114,27.0,75.0,20,2025-11-01
LAURUSLABS,59.67741935483871,40.32258064516129,58.74608039426212,INE947Q01028,3.0,-19.354838709677423,1.0,4.0,1,2025-12-01
LTF,57.25806451612904,42.74193548387097,62.07186307996335,INE498L01015,1.0,-14.516129032258071,9.0,10.0,2,2025-12-01
HEROMOTOCO,58.06451612903226,41.935483870967744,41.39816332614663,INE158A01026,12.0,-16.12903225806452,4.0,16.0,3,2025-12-01
MUTHOOTFIN,54.03225806451613,45.16129032258064,59.99182978569437,INE414G01012,2.0,-8.870967741935488,29.0,31.0,4,2025-12-01
PAYTM,55.64516129032258,44.354838709677416,40.297263466692314,INE982J01020,13.0,-11.29032258064516,19.0,32.0,5,2025-12-01
MARUTI,55.64516129032258,44.354838709677416,36.32405831216434,INE585B01010,17.0,-11.29032258064516,18.0,35.0,6,2025-12-01
HBLENGINE,56.451612903225815,43.54838709677419,30.9194464290365,INE292B01021,24.0,-12.903225806451623,14.0,38.0,7,2025-12-01
HINDALCO,57.25806451612904,42.74193548387097,26.45105799084908,INE038A01020,32.0,-14.516129032258071,8.0,40.0,8,2025-12-01
ABCAPITAL,53.2258064516129,46.774193548387096,50.67656979266406,INE674K01013,4.0,-6.451612903225801,43.0,47.0,9,2025-12-01
M&MFIN,53.2258064516129,45.96774193548387,41.67427598586846,INE774D01024,10.0,-7.258064516129025,41.0,51.0,10,2025-12-01
NYKAA,54.83870967741935,45.16129032258064,29.763498640119714,INE388Y01029,26.0,-9.677419354838712,26.0,52.0,11,2025-12-01
POLYCAB,55.64516129032258,44.354838709677416,25.39124628324483,INE455K01017,38.0,-11.29032258064516,20.0,58.0,12,2025-12-01
EICHERMOT,55.64516129032258,44.354838709677416,24.60173857276169,INE066A01021,42.0,-11.29032258064516,16.0,58.0,13,2025-12-01
MCX,54.03225806451613,45.96774193548387,34.83278976531798,INE745G01035,20.0,-8.064516129032256,39.0,59.0,14,2025-12-01
SYRMA,53.2258064516129,46.774193548387096,46.04271321880342,INE0DYJ01015,7.0,-6.451612903225801,57.0,64.0,15,2025-12-01
INDIANB,54.03225806451613,45.96774193548387,29.557360193157002,INE562A01011,27.0,-8.064516129032256,37.0,64.0,16,2025-12-01
NATIONALUM,53.2258064516129,46.774193548387096,41.646223672185954,INE139A01034,11.0,-6.451612903225801,54.0,65.0,17,2025-12-01
LTIM,57.25806451612904,42.74193548387097,21.49698848327497,INE214T01019,55.0,-14.516129032258071,10.0,65.0,18,2025-12-01
CUMMINSIND,53.2258064516129,46.774193548387096,36.19779727396608,INE298A01020,18.0,-6.451612903225801,47.0,65.0,19,2025-12-01
AUBANK,53.2258064516129,46.774193548387096,31.924897713469424,INE949L01017,23.0,-6.451612903225801,45.0,68.0,20,2025-12-01
HBLENGINE,57.599999999999994,42.4,41.79026177885963,INE292B01021,8.0,-15.199999999999996,1.0,9.0,1,2026-01-01
LAURUSLABS,56.00000000000001,44.0,44.053146172807644,INE947Q01028,5.0,-12.000000000000007,11.0,16.0,2,2026-01-01
MARUTI,56.00000000000001,44.0,40.151002050740644,INE585B01010,11.0,-12.000000000000007,12.0,23.0,3,2026-01-01
SHRIRAMFIN,57.599999999999994,42.4,29.357437440586743,INE721A01047,23.0,-15.199999999999996,2.0,25.0,4,2026-01-01
NATIONALUM,54.400000000000006,45.6,58.31396782932179,INE139A01034,2.0,-8.800000000000004,27.0,29.0,5,2026-01-01
M&MFIN,54.400000000000006,44.800000000000004,49.38453843536861,INE774D01024,4.0,-9.600000000000001,26.0,30.0,6,2026-01-01
HEROMOTOCO,56.00000000000001,44.0,29.470953020706993,INE158A01026,22.0,-12.000000000000007,10.0,32.0,7,2026-01-01
GPIL,54.400000000000006,44.800000000000004,42.46625133152897,INE177H01039,7.0,-9.600000000000001,25.0,32.0,8,2026-01-01
PTCIL,56.8,43.2,24.637625402405995,INE596F01018,32.0,-13.599999999999994,6.0,38.0,9,2026-01-01
LTF,53.6,46.400000000000006,40.70401167416351,INE498L01015,10.0,-7.199999999999996,34.0,44.0,10,2026-01-01
CANBK,53.6,45.6,32.626092452423606,INE476A01022,18.0,-8.0,30.0,48.0,11,2026-01-01
HINDALCO,55.2,44.800000000000004,25.963405824676844,INE038A01020,29.0,-10.399999999999999,20.0,49.0,12,2026-01-01
ANANDRATHI,52.800000000000004,47.199999999999996,38.421777746007834,INE463V01026,12.0,-5.6000000000000085,40.0,52.0,13,2026-01-01
EICHERMOT,56.00000000000001,44.0,21.191637214749193,INE066A01021,44.0,-12.000000000000007,9.0,53.0,14,2026-01-01
SBIN,55.2,44.0,19.855434463423528,INE062A01020,46.0,-11.200000000000003,16.0,62.0,15,2026-01-01
JSL,56.8,42.4,16.996798342001075,INE220G01021,59.0,-14.399999999999999,4.0,63.0,16,2026-01-01
CUMMINSIND,52.800000000000004,47.199999999999996,29.775212259087102,INE298A01020,21.0,-5.6000000000000085,42.0,63.0,17,2026-01-01
RADICO,55.2,44.800000000000004,19.657820342925735,INE944F01028,48.0,-10.399999999999999,21.0,69.0,18,2026-01-01
VEDL,55.2,44.800000000000004,20.730241295015794,INE205A01025,45.0,-10.399999999999999,24.0,69.0,19,2026-01-01
JKTYRE,52.0,47.199999999999996,31.20655953157241,INE573A01042,20.0,-4.800000000000004,50.0,70.0,20,2026-01-01
VEDL,59.29203539823009,40.707964601769916,50.116308183768844,INE205A01025,4.0,-18.584070796460175,6.0,10.0,1,2026-02-01
NATIONALUM,58.4070796460177,41.5929203539823,88.64050055739541,INE139A01034,2.0,-16.8141592920354,9.0,11.0,2,2026-02-01
SHRIRAMFIN,60.17699115044248,39.823008849557525,41.9615865650951,INE721A01047,9.0,-20.353982300884958,2.0,11.0,3,2026-02-01
CANBK,58.4070796460177,40.707964601769916,45.57005894473705,INE476A01022,7.0,-17.699115044247783,7.0,14.0,4,2026-02-01
BANKINDIA,61.06194690265486,38.93805309734513,35.22999089689751,INE084A01016,16.0,-22.123893805309727,1.0,17.0,5,2026-02-01
HINDALCO,57.52212389380531,42.47787610619469,35.34879135105562,INE038A01020,15.0,-15.044247787610615,11.0,26.0,6,2026-02-01
MCX,56.63716814159292,43.36283185840708,46.62129215056714,INE745G01035,6.0,-13.274336283185846,20.0,26.0,7,2026-02-01
SBIN,59.29203539823009,39.823008849557525,31.08109121796707,INE062A01020,25.0,-19.469026548672566,4.0,29.0,8,2026-02-01
MARUTI,57.52212389380531,42.47787610619469,32.27949019345129,INE585B01010,22.0,-15.044247787610615,12.0,34.0,9,2026-02-01
HINDCOPPER,54.86725663716814,45.13274336283185,121.21041320571426,INE531E01026,1.0,-9.734513274336287,35.0,36.0,10,2026-02-01
MUTHOOTFIN,55.75221238938053,44.24778761061947,41.077832431960594,INE414G01012,10.0,-11.504424778761063,28.0,38.0,11,2026-02-01
HBLENGINE,56.63716814159292,43.36283185840708,30.985399283545334,INE292B01021,26.0,-13.274336283185846,18.0,44.0,12,2026-02-01
EICHERMOT,56.63716814159292,43.36283185840708,27.329261349118617,INE066A01021,30.0,-13.274336283185846,17.0,47.0,13,2026-02-01
INDIANB,55.75221238938053,44.24778761061947,32.30038161537463,INE562A01011,21.0,-11.504424778761063,27.0,48.0,14,2026-02-01
GPIL,54.86725663716814,44.24778761061947,34.1163524294275,INE177H01039,17.0,-10.619469026548671,33.0,50.0,15,2026-02-01
UNIONBANK,55.75221238938053,44.24778761061947,31.64693092222095,INE692A01016,23.0,-11.504424778761063,31.0,54.0,16,2026-02-01
M&MFIN,53.98230088495575,45.13274336283185,35.46377751452783,INE774D01024,14.0,-8.849557522123895,41.0,55.0,17,2026-02-01
LTF,54.86725663716814,45.13274336283185,33.40740745035333,INE498L01015,19.0,-9.734513274336287,37.0,56.0,18,2026-02-01
PHOENIXLTD,57.52212389380531,42.47787610619469,21.784689954149727,INE211B01039,43.0,-15.044247787610615,13.0,56.0,19,2026-02-01
PNB,56.63716814159292,43.36283185840708,25.067158968973935,INE160A01022,35.0,-13.274336283185846,21.0,56.0,20,2026-02-01
