Date,Open,High,Low,Close,volume,oi,Ticker,%change,Buy_Hold_Value,Total_Portfolio_Value
2025-11-11,543.8,556.5,532.0,547.95,1343800.0,0.0,AIIL,0.001096190737188252,10.30894097632738,216.2995390236115
2025-11-11,3125.0,3139.9,3040.0,3084.9,151685.0,0.0,ANANDRATHI,-0.01166180758017499,10.59721170756992,216.2995390236115
2025-11-11,140.6,141.39,137.95,140.87,21813910.0,0.0,CANBK,-0.001205331820759992,10.90972272101767,216.2995390236115
2025-11-11,4349.1,4420.0,4290.9,4414.2,395014.0,0.0,CUMMINSIND,0.01494527729237571,10.78043427748731,216.2995390236115
2025-11-11,430.1,434.9,424.45,430.1,4395363.0,0.0,DELHIVERY,0.005846585594013076,8.891389418876557,216.2995390236115
2025-11-11,999.0,999.0,980.0,986.9,3524034.0,0.0,FORTIS,-0.005842651354890815,10.2343520738056,216.2995390236115
2025-11-11,1895.0,1896.9,1842.5,1851.2,26989.0,0.0,GLAND,-0.01589495507947469,10.18187339087588,216.2995390236115
2025-11-11,102.83,103.72,102.8,103.29,33803897.0,0.0,GOLDBEES,0.01563421828908562,50.56295280986894,50.56295280986894
2025-11-11,1094.0,1108.0,988.0,994.2,13722312.0,0.0,HBLENGINE,-0.09519475791772836,11.9189733879883,216.2995390236115
2025-11-11,5375.5,5430.0,5331.0,5417.5,348232.0,0.0,HEROMOTOCO,0.01082190502845415,10.52279558324487,216.2995390236115
2025-11-11,790.8,794.7,778.1,793.75,5411465.0,0.0,HINDALCO,0.01088894549159436,9.932275962455618,216.2995390236115
2025-11-11,340.0,365.35,339.6,359.7,36648857.0,0.0,HINDCOPPER,0.0643586329338659,11.60598734365629,216.2995390236115
2025-11-11,2358.1,2363.0,2331.0,2356.0,438339.0,0.0,HYUNDAI,-8.488243782356353e-05,9.690217785492448,216.2995390236115
2025-11-11,544.0,548.7,538.05,540.75,1213563.0,0.0,IIFL,-0.002122162760656909,12.71956241853398,216.2995390236115
2025-11-11,880.55,880.55,855.35,867.9,1188117.0,0.0,INDIANB,-0.009642266217835371,10.72290082691363,216.2995390236115
2025-11-11,1123.8,1123.9,1095.0,1098.9,437416.0,0.0,INTELLECT,-0.0001819670639612303,10.88095849482698,216.2995390236115
2025-11-11,1001.05,1005.0,970.35,985.7,1828103.0,0.0,LAURUSLABS,-0.01533389940562402,11.77663273014185,216.2995390236115
2025-11-11,300.5,302.45,291.65,295.05,16005871.0,0.0,LTF,-0.01944167497507465,13.14644184519175,216.2995390236115
2025-11-11,3420.0,3533.0,3392.5,3493.7,2906091.0,0.0,NETWEB,0.03563065065955229,10.1786280223739,216.2995390236115
2025-11-11,1330.7,1345.1,1317.2,1332.6,2604486.0,0.0,PAYTM,0.001427819944390007,10.84857764136815,216.2995390236115
2025-11-11,7620.0,7690.0,7549.0,7659.5,105930.0,0.0,POLYCAB,0.006769190325972563,10.45166241546345,216.2995390236115
2025-11-12,544.0,562.4,540.2,559.6,337825.0,0.0,AIIL,0.02126106396569027,10.52812002984361,216.4403532142918
2025-11-12,3098.9,3110.5,3025.0,3097.7,135318.0,0.0,ANANDRATHI,0.004149243087296028,10.64118211499217,216.4403532142918
2025-11-12,141.7,144.54,141.37,143.57,39711769.0,0.0,CANBK,0.01916660751047061,11.11882509445948,216.4403532142918
2025-11-12,4420.0,4423.9,4370.0,4395.4,617858.0,0.0,CUMMINSIND,-0.004258982375062392,10.73452059790397,216.4403532142918
2025-11-12,431.0,434.45,422.3,431.4,4033398.0,0.0,DELHIVERY,0.003022552894675457,8.91826411370227,216.4403532142918
2025-11-12,1004.1,1007.5,949.6,969.4,6846735.0,0.0,FORTIS,-0.01773229303880841,10.05287354377054,216.4403532142918
2025-11-12,1851.1,1886.9,1827.0,1837.9,98290.0,0.0,GLAND,-0.00718452895419186,10.10872142669122,216.4403532142918
2025-11-12,102.98,102.98,102.15,102.69,29596247.0,0.0,GOLDBEES,-0.005808887598025114,50.26923830037216,50.26923830037216
2025-11-12,1014.0,1017.9,966.3,975.1,7091433.0,0.0,HBLENGINE,-0.01921142627237982,11.6899929095025,216.4403532142918
2025-11-12,5440.0,5557.0,5421.5,5534.0,534031.0,0.0,HEROMOTOCO,0.02150438394093213,10.74908181959891,216.4403532142918
2025-11-12,798.0,809.0,791.75,794.4,7589035.0,0.0,HINDALCO,0.0008188976377951906,9.940409479779204,216.4403532142918
2025-11-12,359.9,359.9,338.5,339.7,17057756.0,0.0,HINDCOPPER,-0.05560189046427577,10.96067250664454,216.4403532142918
2025-11-12,2363.0,2408.6,2352.2,2395.0,417388.0,0.0,HYUNDAI,0.01655348047538197,9.850624616406797,216.4403532142918
2025-11-12,543.9,544.8,534.2,540.35,566485.0,0.0,IIFL,-0.0007397133610725914,12.71015358826599,216.4403532142918
2025-11-12,872.9,876.85,861.65,867.5,1129627.0,0.0,INDIANB,-0.0004608825901600833,10.71795882860649,216.4403532142918
2025-11-12,1098.9,1168.0,1090.1,1148.0,1145529.0,0.0,INTELLECT,0.04468104468104461,11.36713108750694,216.4403532142918
2025-11-12,994.0,997.4,984.85,989.25,1468376.0,0.0,LAURUSLABS,0.003601501471035773,11.81904629024331,216.4403532142918
2025-11-12,296.5,301.4,293.9,294.9,5279025.0,0.0,LTF,-0.0005083884087443424,13.13975834654142,216.4403532142918
2025-11-12,3518.4,3620.0,3494.1,3528.4,1681255.0,0.0,NETWEB,0.009932163608781686,10.27972382120505,216.4403532142918
2025-11-12,1332.6,1341.9,1300.2,1306.2,2274788.0,0.0,PAYTM,-0.01981089599279595,10.63365759804523,216.4403532142918
2025-11-12,7688.0,7745.5,7634.5,7680.0,129351.0,0.0,POLYCAB,0.002676414909589475,10.4796354005822,216.4403532142918
2025-11-13,560.0,575.8,560.0,570.8,264485.0,0.0,AIIL,0.02001429592566106,10.73883293966178,215.9431485814129
2025-11-13,3088.1,3095.9,3025.0,3073.8,149866.0,0.0,ANANDRATHI,-0.007715401749685102,10.55908111988344,215.9431485814129
2025-11-13,143.5,145.0,143.0,143.45,27528003.0,0.0,CANBK,-0.0008358292122310207,11.10953165563985,215.9431485814129
2025-11-13,4367.5,4450.0,4350.0,4366.2,405072.0,0.0,CUMMINSIND,-0.006643308913864443,10.66320786152985,215.9431485814129
2025-11-13,432.0,441.9,427.0,434.05,3731700.0,0.0,DELHIVERY,0.006142790913305607,8.97304714546238,215.9431485814129
2025-11-13,971.0,977.9,948.4,953.0,3239284.0,0.0,FORTIS,-0.01691768103981839,9.882802235623402,215.9431485814129
2025-11-13,1845.0,1868.0,1815.3,1829.2,71801.0,0.0,GLAND,-0.004733663420207868,10.06087014184862,215.9431485814129
2025-11-13,104.16,105.46,104.16,105.37,33205778.0,0.0,GOLDBEES,0.02609796474827153,51.58116310945773,51.58116310945773
2025-11-13,980.0,1010.0,960.9,964.8,3913425.0,0.0,HBLENGINE,-0.01056301917752034,11.56651129021435,215.9431485814129
2025-11-13,5554.0,5594.5,5485.5,5508.5,585663.0,0.0,HEROMOTOCO,-0.004607878568847146,10.6995513558476,215.9431485814129
2025-11-13,803.0,816.5,799.0,811.95,5854638.0,0.0,HINDALCO,0.02209214501510592,10.16001444751602,215.9431485814129
2025-11-13,343.0,347.5,335.4,337.05,11113848.0,0.0,HINDCOPPER,-0.00780100088313207,10.87516829074049,215.9431485814129
2025-11-13,2400.0,2444.9,2398.6,2415.2,541055.0,0.0,HYUNDAI,0.008434237995824656,9.9337071288291,215.9431485814129
2025-11-13,541.0,543.8,536.4,537.65,396119.0,0.0,IIFL,-0.004996761358378898,12.64664398395708,215.9431485814129
2025-11-13,867.5,873.3,859.0,869.45,882359.0,0.0,INDIANB,0.002247838616714848,10.74205107035379,215.9431485814129
2025-11-13,1148.0,1153.2,1106.6,1120.4,392976.0,0.0,INTELLECT,-0.02404181184668985,11.09384466066444,215.9431485814129
2025-11-13,989.25,1005.0,984.65,997.05,1039405.0,0.0,LAURUSLABS,0.007884761182714195,11.91223664764932,215.9431485814129
2025-11-13,295.1,295.5,291.3,292.2,3630010.0,0.0,LTF,-0.00915564598168872,13.01945537083554,215.9431485814129
2025-11-13,3545.0,3569.9,3440.0,3475.9,1103226.0,0.0,NETWEB,-0.01487926538941164,10.12676908233948,215.9431485814129
2025-11-13,1310.0,1316.8,1298.6,1307.5,2141870.0,0.0,PAYTM,0.0009952534068289332,10.64424078199674,215.9431485814129
2025-11-13,7662.5,7816.0,7637.5,7721.0,182942.0,0.0,POLYCAB,0.005338541666666696,10.53558137081968,215.9431485814129
2025-11-14,564.0,569.0,554.0,554.9,174175.0,0.0,AIIL,-0.0278556412053258,10.43969586233063,215.6533984851613
2025-11-14,3050.0,3084.0,3010.0,3022.3,96541.0,0.0,ANANDRATHI,-0.01675450582341076,10.38216893377048,215.6533984851613
2025-11-14,143.88,146.38,143.36,146.07,26463777.0,0.0,CANBK,0.01826420355524583,11.3124384032019,215.6533984851613
2025-11-14,4363.3,4363.3,4263.0,4283.2,484468.0,0.0,CUMMINSIND,-0.01900966515505476,10.46050385060342,215.6533984851613
2025-11-14,434.05,439.85,433.1,436.4,1449477.0,0.0,DELHIVERY,0.005414122796912668,9.021628324570399,215.6533984851613
2025-11-14,950.0,951.0,930.3,937.7,3268449.0,0.0,FORTIS,-0.01605456453305343,9.72413814936418,215.6533984851613
2025-11-14,1856.0,1862.5,1812.2,1830.0,67384.0,0.0,GLAND,0.0004373496610539096,10.06527025999507,215.6533984851613
2025-11-14,105.12,105.12,103.56,103.81,28533187.0,0.0,GOLDBEES,-0.01480497295245331,50.81750538476613,50.81750538476613
2025-11-14,962.5,1051.9,960.9,1041.3,14393771.0,0.0,HBLENGINE,0.07929104477611948,12.48363205483023,215.6533984851613
2025-11-14,5521.5,5629.5,5462.5,5538.5,938647.0,0.0,HEROMOTOCO,0.005446128710175246,10.75782248967267,215.6533984851613
2025-11-14,807.0,812.5,796.0,803.65,4113598.0,0.0,HINDALCO,-0.01022230432908444,10.05615568784562,215.6533984851613
2025-11-14,337.9,338.55,332.05,335.25,5490018.0,0.0,HINDCOPPER,-0.005340453938584844,10.81708995540943,215.6533984851613
2025-11-14,2415.2,2429.8,2351.2,2356.1,442916.0,0.0,HYUNDAI,-0.0244700231864855,9.690629085058896,215.6533984851613
2025-11-14,540.0,558.0,539.95,547.3,3473801.0,0.0,IIFL,0.01794847949409473,12.87363201417225,215.6533984851613
2025-11-14,868.05,873.9,862.0,868.45,1111820.0,0.0,INDIANB,-0.001150152395192339,10.72969607458595,215.6533984851613
2025-11-14,1108.2,1108.3,1083.3,1089.7,232872.0,0.0,INTELLECT,-0.02740092823991436,10.78986301921281,215.6533984851613
2025-11-14,1001.2,1014.4,992.95,999.0,1785705.0,0.0,LAURUSLABS,0.00195576952008425,11.93553423700082,215.6533984851613
2025-11-14,291.95,296.75,290.15,294.15,4821228.0,0.0,LTF,0.006673511293634471,13.10634085328978,215.6533984851613
2025-11-14,3440.1,3540.7,3406.9,3438.0,1024044.0,0.0,NETWEB,-0.01090365085301648,10.01635032799653,215.6533984851613
2025-11-14,1307.5,1315.0,1289.0,1299.2,1913597.0,0.0,PAYTM,-0.006347992351816378,10.57667122292173,215.6533984851613
2025-11-14,7740.0,7747.5,7602.5,7632.0,127917.0,0.0,POLYCAB,-0.01152700427405773,10.41413767932856,215.6533984851613
2025-11-17,550.0,568.0,544.0,556.75,645580.0,0.0,AIIL,0.003333934042169862,10.47450111975595,218.3272826689152
2025-11-17,3035.0,3062.2,3020.0,3034.9,88492.0,0.0,ANANDRATHI,0.004169010356351199,10.42545230357676,218.3272826689152
2025-11-17,146.6,150.32,146.27,149.12,44625403.0,0.0,CANBK,0.02088039980831113,11.54864663986765,218.3272826689152
2025-11-17,4289.9,4389.8,4287.9,4381.2,525370.0,0.0,CUMMINSIND,0.02288008965259625,10.69984111651656,218.3272826689152
2025-11-17,437.15,443.45,436.6,440.1,1277411.0,0.0,DELHIVERY,0.008478460128322762,9.098117840612817,218.3272826689152
2025-11-17,943.0,953.2,931.2,944.1,3466951.0,0.0,FORTIS,0.006825210621733913,9.790507440348428,218.3272826689152
2025-11-17,1818.0,1838.3,1810.4,1815.3,90653.0,0.0,GLAND,-0.00803278688524589,9.984418089054122,218.3272826689152
2025-11-17,103.36,103.36,101.0,101.94,27817135.0,0.0,GOLDBEES,-0.01801367883633564,49.90209516350119,49.90209516350119
2025-11-17,1045.0,1055.0,1022.2,1038.4,2445936.0,0.0,HBLENGINE,-0.002784980313070062,12.44886538532192,218.3272826689152
2025-11-17,5589.0,5810.0,5571.0,5798.5,1770568.0,0.0,HEROMOTOCO,0.0469441184436219,11.26283898282333,218.3272826689152
2025-11-17,801.0,809.0,799.75,807.15,2770547.0,0.0,HINDALCO,0.004355129720649442,10.09995155035723,218.3272826689152
2025-11-17,336.4,340.9,332.3,338.55,5215839.0,0.0,HINDCOPPER,0.009843400447427264,10.92356690351637,218.3272826689152
2025-11-17,2367.8,2393.0,2338.0,2378.6,636749.0,0.0,HYUNDAI,0.009549679555197255,9.783171487509483,218.3272826689152
2025-11-17,551.0,562.65,545.3,561.6,2078258.0,0.0,IIFL,0.02612826603325424,13.20999769625276,218.3272826689152
2025-11-17,873.0,891.5,872.05,890.15,2172112.0,0.0,INDIANB,0.02498704588634926,10.9977994827482,218.3272826689152
2025-11-17,1094.4,1101.8,1084.8,1096.2,265652.0,0.0,INTELLECT,0.005964944480132184,10.85422395307065,218.3272826689152
2025-11-17,1001.05,1025.0,997.3,1021.85,1696744.0,0.0,LAURUSLABS,0.02287287287287287,12.20853419427357,218.3272826689152
2025-11-17,295.05,301.5,292.95,299.4,11584288.0,0.0,LTF,0.01784803671596125,13.3402633060512,218.3272826689152
2025-11-17,3444.0,3466.7,3361.0,3378.1,858643.0,0.0,NETWEB,-0.01742292030250148,9.841836254509909,218.3272826689152
2025-11-17,1306.1,1336.0,1302.6,1332.9,2603235.0,0.0,PAYTM,0.02593903940886699,10.85101991458773,218.3272826689152
2025-11-17,7630.0,7708.5,7580.5,7683.0,146747.0,0.0,POLYCAB,0.006682389937106903,10.48372900816055,218.3272826689152
2025-11-18,560.9,563.0,549.6,559.0,289275.0,0.0,AIIL,0.00404131118096096,10.51683183824621,215.8726426500492
2025-11-18,3049.8,3049.8,2932.0,2945.6,95073.0,0.0,ANANDRATHI,-0.02942436324096354,10.11869000804498,215.8726426500492
2025-11-18,149.48,150.69,148.41,149.0,29594222.0,0.0,CANBK,-0.0008047210300429208,11.53935320104801,215.8726426500492
2025-11-18,4381.7,4386.0,4245.0,4252.4,463826.0,0.0,CUMMINSIND,-0.02939833835478867,10.38528356703072,215.8726426500492
2025-11-18,439.95,440.1,427.4,435.85,2184154.0,0.0,DELHIVERY,-0.00965689615996368,9.010258261374906,215.8726426500492
2025-11-18,946.4,946.4,922.0,928.1,2325318.0,0.0,FORTIS,-0.01694735727147545,9.624584212887806,215.8726426500492
2025-11-18,1810.0,1828.1,1785.0,1790.1,63404.0,0.0,GLAND,-0.01388200297471498,9.845814367441076,215.8726426500492
2025-11-18,100.87,101.12,100.01,100.91,35663185.0,0.0,GOLDBEES,-0.01010398273494217,49.39788525553173,49.39788525553173
2025-11-18,1038.3,1045.0,1024.5,1028.7,1369869.0,0.0,HBLENGINE,-0.009341294298921499,12.33257687006997,215.8726426500492
2025-11-18,5820.0,5882.0,5789.5,5799.5,1182455.0,0.0,HEROMOTOCO,0.0001724583944122671,11.26478135395083,215.8726426500492
2025-11-18,804.5,804.5,788.35,797.15,7299555.0,0.0,HINDALCO,-0.01238927089140807,9.974820514609759,215.8726426500492
2025-11-18,335.1,335.5,327.5,330.55,5032784.0,0.0,HINDCOPPER,-0.02363018756461377,10.66544096871167,215.8726426500492
2025-11-18,2388.0,2417.0,2375.0,2389.8,647065.0,0.0,HYUNDAI,0.004708652148322612,9.829237038951552,215.8726426500492
2025-11-18,561.9,567.0,550.8,565.15,2048417.0,0.0,IIFL,0.006321225071225012,13.29350106488114,215.8726426500492
2025-11-18,893.7,894.85,884.0,886.9,1190105.0,0.0,INDIANB,-0.003651070044374594,10.95764574650271,215.8726426500492
2025-11-18,1097.3,1112.8,1072.4,1088.3,460925.0,0.0,INTELLECT,-0.007206714103265899,10.77600066422805,215.8726426500492
2025-11-18,1028.0,1033.5,1000.6,1006.9,2922214.0,0.0,LAURUSLABS,-0.01463032734745806,12.02991934257871,215.8726426500492
2025-11-18,299.9,300.05,295.75,296.5,4592406.0,0.0,LTF,-0.009686038744154857,13.21104899881157,215.8726426500492
2025-11-18,3382.0,3384.5,3240.0,3259.6,775337.0,0.0,NETWEB,-0.03507889050057722,9.496595558213345,215.8726426500492
2025-11-18,1314.0,1333.9,1290.5,1295.5,18480822.0,0.0,PAYTM,-0.02805911921374449,10.54654985321359,215.8726426500492
2025-11-18,7679.5,7730.0,7650.0,7661.0,255512.0,0.0,POLYCAB,-0.002863464792398851,10.45370921925263,215.8726426500492
2025-11-19,562.0,562.1,540.4,545.2,777590.0,0.0,AIIL,-0.02468694096601065,10.25720343150596,214.7351290911966
2025-11-19,2953.0,2965.5,2916.0,2941.5,55567.0,0.0,ANANDRATHI,-0.001391906572514867,10.10460573691754,214.7351290911966
2025-11-19,149.2,150.88,147.71,150.38,26500324.0,0.0,CANBK,0.009261744966442942,11.64622774747382,214.7351290911966
2025-11-19,4260.0,4266.7,4183.3,4261.3,445363.0,0.0,CUMMINSIND,0.002092935753927216,10.40701929832283,214.7351290911966
2025-11-19,435.5,442.8,433.3,436.0,1730332.0,0.0,DELHIVERY,0.000344155099231358,9.01335918770095,214.7351290911966
2025-11-19,932.0,935.5,912.5,922.9,3031991.0,0.0,FORTIS,-0.005602844521064632,9.570659163963102,214.7351290911966
2025-11-19,1780.0,1785.6,1738.0,1769.8,1333535.0,0.0,GLAND,-0.0113401485950505,9.734161369475009,214.7351290911966
2025-11-19,101.25,102.6,101.25,102.23,22235008.0,0.0,GOLDBEES,0.01308096323456542,50.04405717642462,50.04405717642462
2025-11-19,1002.0,1007.0,930.0,935.4,6554047.0,0.0,HBLENGINE,-0.09069699620880733,11.21404919244041,214.7351290911966
2025-11-19,5851.0,5916.5,5835.0,5876.5,935374.0,0.0,HEROMOTOCO,0.01327700663850329,11.41434393076852,214.7351290911966
2025-11-19,797.15,798.8,790.0,790.95,3005726.0,0.0,HINDALCO,-0.007777708085052959,9.897239272446326,214.7351290911966
2025-11-19,330.55,332.4,327.0,327.75,3351769.0,0.0,HINDCOPPER,-0.008470730600514287,10.57509689153002,214.7351290911966
2025-11-19,2389.8,2430.0,2353.9,2421.1,572457.0,0.0,HYUNDAI,0.01309733032052884,9.957973803249478,214.7351290911966
2025-11-19,565.9,565.9,556.4,557.55,864945.0,0.0,IIFL,-0.01344775723259317,13.1147332897894,214.7351290911966
2025-11-19,890.95,890.95,879.4,885.55,1494789.0,0.0,INDIANB,-0.001522155823655447,10.94096650221611,214.7351290911966
2025-11-19,1112.8,1172.4,1100.0,1142.8,4203457.0,0.0,INTELLECT,0.05007810346411845,11.31564234042067,214.7351290911966
2025-11-19,1010.0,1010.0,982.15,987.5,1288996.0,0.0,LAURUSLABS,-0.01926705730459821,11.79813819723555,214.7351290911966
2025-11-19,296.55,301.6,295.85,297.65,3905961.0,0.0,LTF,0.003878583473861719,13.26228915513073,214.7351290911966
2025-11-19,3265.0,3359.8,3203.1,3288.0,1722535.0,0.0,NETWEB,0.008712725487789896,9.579336788380623,214.7351290911966
2025-11-19,1300.0,1300.5,1275.2,1282.6,3729532.0,0.0,PAYTM,-0.009957545349286057,10.44153210477171,214.7351290911966
2025-11-19,7663.0,7704.0,7641.0,7688.0,138316.0,0.0,POLYCAB,0.00352434408040736,10.4905516874578,214.7351290911966
2025-11-20,543.0,548.1,536.4,541.15,285105.0,0.0,AIIL,-0.007428466617755092,10.1810081382235,213.9893817981127
2025-11-20,2948.0,2949.5,2851.1,2870.4,136417.0,0.0,ANANDRATHI,-0.02417134115247321,9.860363864439268,213.9893817981127
2025-11-20,151.59,151.8,147.71,147.94,19144061.0,0.0,CANBK,-0.01622556190982838,11.45726115814123,213.9893817981127
2025-11-20,4290.0,4394.7,4278.0,4375.7,941176.0,0.0,CUMMINSIND,0.02684626757092889,10.68640892302143,213.9893817981127
2025-11-20,436.0,437.3,425.0,426.0,1284089.0,0.0,DELHIVERY,-0.02293577981651373,8.80663076596469,213.9893817981127
2025-11-20,925.0,940.5,921.0,935.4,2621786.0,0.0,FORTIS,0.01354426265034125,9.700286685416712,213.9893817981127
2025-11-20,1771.0,1830.0,1768.1,1817.3,266354.0,0.0,GLAND,0.02683919086902464,9.995418384420235,213.9893817981127
2025-11-20,101.5,102.07,101.02,101.55,20599534.0,0.0,GOLDBEES,-0.006651667807884287,49.71118073232827,49.71118073232827
2025-11-20,944.7,946.3,922.7,931.1,3596257.0,0.0,HBLENGINE,-0.004596963865725834,11.16249861351429,213.9893817981127
2025-11-20,5950.0,6042.0,5921.5,5999.5,1276202.0,0.0,HEROMOTOCO,0.02093082617204112,11.65325557945133,213.9893817981127
2025-11-20,799.8,802.65,789.3,799.8,6016713.0,0.0,HINDALCO,0.01118907642708122,10.00798023908284,213.9893817981127
2025-11-20,329.9,333.5,323.15,327.15,4587205.0,0.0,HINDCOPPER,-0.001830663615560724,10.55573744641967,213.9893817981127
2025-11-20,2435.6,2463.5,2330.0,2337.3,1146548.0,0.0,HYUNDAI,-0.03461236627979003,9.613304766566854,213.9893817981127
2025-11-20,557.1,559.1,542.2,544.75,1182228.0,0.0,IIFL,-0.02295758227961608,12.81365072121384,213.9893817981127
2025-11-20,891.8,893.9,880.0,882.35,886425.0,0.0,INDIANB,-0.003613573485404475,10.90143051575901,213.9893817981127
2025-11-20,1154.0,1154.0,1085.0,1097.5,917775.0,0.0,INTELLECT,-0.03963948197409861,10.86709613984222,213.9893817981127
2025-11-20,990.0,993.9,970.25,987.1,1375536.0,0.0,LAURUSLABS,-0.0004050632911392071,11.79335920454806,213.9893817981127
2025-11-20,297.65,298.4,292.0,292.3,3801781.0,0.0,LTF,-0.0179741306904081,13.02391103660243,213.9893817981127
2025-11-20,3425.1,3499.0,3366.0,3439.6,3814814.0,0.0,NETWEB,0.04610705596107056,10.02101180575243,213.9893817981127
2025-11-20,1289.0,1303.8,1280.6,1283.9,2760654.0,0.0,PAYTM,0.001013566193669213,10.45211528872322,213.9893817981127
2025-11-20,7700.0,7740.0,7630.5,7648.5,220950.0,0.0,POLYCAB,-0.005137877211238262,10.4366525210095,213.9893817981127
2025-11-21,536.0,545.0,530.25,534.3,252910.0,0.0,AIIL,-0.01265822784810133,10.05213461748649,210.5594361409007
2025-11-21,2802.0,2897.0,2802.0,2855.9,126021.0,0.0,ANANDRATHI,-0.005051560758082552,9.810553637281252,210.5594361409007
2025-11-21,147.31,148.15,144.96,145.77,22283701.0,0.0,CANBK,-0.01466810869271318,11.28920480615281,210.5594361409007
2025-11-21,4375.7,4384.9,4315.6,4333.8,408438.0,0.0,CUMMINSIND,-0.00957561075942126,10.58408003075857,210.5594361409007
2025-11-21,425.0,425.9,415.65,418.4,2415231.0,0.0,DELHIVERY,-0.01784037558685447,8.649517165445133,210.5594361409007
2025-11-21,937.7,938.0,914.4,921.0,2145127.0,0.0,FORTIS,-0.01539448364336116,9.55095578070215,210.5594361409007
2025-11-21,1812.0,1821.5,1769.9,1809.7,371417.0,0.0,GLAND,-0.004182028283717498,9.953617262028999,210.5594361409007
2025-11-21,101.65,102.29,100.61,102.0,23459553.0,0.0,GOLDBEES,0.004431314623338345,49.93146661445086,49.93146661445086
2025-11-21,931.0,944.5,890.1,896.9,3847627.0,0.0,HBLENGINE,-0.03673074857695202,10.75249168345072,210.5594361409007
2025-11-21,5970.0,6038.0,5957.5,6002.5,703572.0,0.0,HEROMOTOCO,0.000500041670139284,11.65908269283384,210.5594361409007
2025-11-21,786.0,787.0,776.25,777.7,5099356.0,0.0,HINDALCO,-0.02763190797699411,9.731440650080925,210.5594361409007
2025-11-21,325.0,327.0,312.15,314.15,5632980.0,0.0,HINDCOPPER,-0.03973712364358861,10.13628280236203,210.5594361409007
2025-11-21,2337.3,2350.0,2275.1,2335.9,1135066.0,0.0,HYUNDAI,-0.0005989817310572132,9.607546572636595,210.5594361409007
2025-11-21,546.0,548.5,538.2,540.0,875800.0,0.0,IIFL,-0.008719596145020603,12.7019208617815,210.5594361409007
2025-11-21,882.35,883.0,850.2,851.8,1754260.0,0.0,INDIANB,-0.03462344874482925,10.52398539505131,210.5594361409007
2025-11-21,1086.0,1098.7,1070.2,1091.3,314523.0,0.0,INTELLECT,-0.005649202733485237,10.80570571062397,210.5594361409007
2025-11-21,988.6,994.15,975.1,978.2,1425481.0,0.0,LAURUSLABS,-0.009016310404214356,11.68702661725146,210.5594361409007
2025-11-21,290.2,292.9,288.2,288.7,5136647.0,0.0,LTF,-0.01231611358193641,12.8635070689946,210.5594361409007
2025-11-21,3369.9,3390.0,3290.0,3306.4,851096.0,0.0,NETWEB,-0.03872543318990573,9.632943782573507,210.5594361409007
2025-11-21,1283.0,1292.0,1252.0,1265.8,2793810.0,0.0,PAYTM,-0.01409767115819005,10.30476480447531,210.5594361409007
2025-11-21,7648.0,7648.0,7506.0,7521.0,169885.0,0.0,POLYCAB,-0.01666993528142768,10.26267419892952,210.5594361409007
2025-11-24,532.0,556.9,523.2,547.4,521775.0,0.0,AIIL,0.02451806101441134,10.2985934673631,210.0637744383158
2025-11-24,2830.9,2880.0,2771.5,2864.8,332035.0,0.0,ANANDRATHI,0.003116355614692479,9.841126811192035,210.0637744383158
2025-11-24,146.0,148.59,145.84,146.67,35398447.0,0.0,CANBK,0.006174109899156122,11.35890559730008,210.0637744383158
2025-11-24,4349.8,4389.9,4278.9,4299.0,1095485.0,0.0,CUMMINSIND,-0.008029904471826166,10.49909087918942,210.0637744383158
2025-11-24,418.0,418.3,404.35,405.85,6662176.0,0.0,DELHIVERY,-0.02999521988527709,8.390072996166126,210.0637744383158
2025-11-24,926.5,932.8,915.7,922.2,59357806.0,0.0,FORTIS,0.001302931596091295,9.563400022761698,210.0637744383158
2025-11-24,1809.7,1810.0,1780.0,1791.0,44630.0,0.0,GLAND,-0.01033320439851915,9.850764500355826,210.0637744383158
2025-11-24,101.99,102.34,101.55,102.23,24131584.0,0.0,GOLDBEES,0.002254901960784261,50.04405717642462,50.04405717642462
2025-11-24,899.5,909.0,876.0,885.2,2213927.0,0.0,HBLENGINE,-0.01304493254543415,10.61222615474476,210.0637744383158
2025-11-24,6003.0,6049.0,5972.0,5982.0,1349305.0,0.0,HEROMOTOCO,-0.003415243648479782,11.61926408472004,210.0637744383158
2025-11-24,782.85,788.1,771.85,774.65,5666985.0,0.0,HINDALCO,-0.003921820753504002,9.693275684177944,210.0637744383158
2025-11-24,314.15,319.4,308.5,313.3,4834709.0,0.0,HINDCOPPER,-0.0027057138309724,10.10885692178903,210.0637744383158
2025-11-24,2335.8,2348.8,2286.1,2304.4,1061367.0,0.0,HYUNDAI,-0.01348516631705121,9.477987209205775,210.0637744383158
2025-11-24,541.0,551.1,532.35,536.8,1049730.0,0.0,IIFL,-0.005925925925926001,12.62665021963761,210.0637744383158
2025-11-24,851.8,863.6,851.8,854.75,1171441.0,0.0,INDIANB,0.00346325428504346,10.56043263256645,210.0637744383158
2025-11-24,1094.4,1110.8,1077.4,1096.3,394374.0,0.0,INTELLECT,0.004581691560524126,10.85521412128385,210.0637744383158
2025-11-24,979.0,988.7,974.5,979.55,1348847.0,0.0,LAURUSLABS,0.001380085872009662,11.70315571757173,210.0637744383158
2025-11-24,288.7,294.6,287.35,292.55,5328979.0,0.0,LTF,0.01333564253550401,13.03505020101964,210.0637744383158
2025-11-24,3322.5,3395.0,3221.3,3285.5,1203056.0,0.0,NETWEB,-0.006321074280183914,9.572053229387025,210.0637744383158
2025-11-24,1274.6,1283.3,1248.9,1260.7,52117312.0,0.0,PAYTM,-0.00402907252330531,10.26324615974248,210.0637744383158
2025-11-24,7550.0,7550.0,7390.5,7427.0,305698.0,0.0,POLYCAB,-0.01249833798696987,10.13440782814114,210.0637744383158
2025-11-25,547.4,550.75,519.6,524.95,1082135.0,0.0,AIIL,-0.04101205699671162,9.876226965093641,211.1912775811658
2025-11-25,2860.0,2899.9,2850.7,2888.8,63159.0,0.0,ANANDRATHI,0.008377548170902083,9.923571325108751,211.1912775811658
2025-11-25,146.66,149.38,145.3,148.69,24048863.0,0.0,CANBK,0.01377241426331222,11.51534515076395,211.1912775811658
2025-11-25,4300.0,4336.5,4286.8,4311.3,311670.0,0.0,CUMMINSIND,0.002861130495464215,10.52913014827852,211.1912775811658
2025-11-25,404.05,414.45,403.2,410.65,3134101.0,0.0,DELHIVERY,0.01182702969077232,8.489302638599531,211.1912775811658
2025-11-25,920.0,929.0,915.6,920.4,2226236.0,0.0,FORTIS,-0.001951854261548536,9.544733659672378,211.1912775811658
2025-11-25,1782.0,1798.0,1772.8,1783.3,41536.0,0.0,GLAND,-0.004299274148520382,9.808413363196284,211.1912775811658
2025-11-25,103.22,104.0,103.1,103.46,24988736.0,0.0,GOLDBEES,0.01203169324073161,50.646171920893,50.646171920893
2025-11-25,885.5,909.0,875.2,881.6,2655245.0,0.0,HBLENGINE,-0.004066877541798464,10.56906753052754,211.1912775811658
2025-11-25,6000.0,6087.5,5969.5,6081.5,707293.0,0.0,HEROMOTOCO,0.01663323303243058,11.81253001190654,211.1912775811658
2025-11-25,777.95,791.75,772.65,789.35,6090783.0,0.0,HINDALCO,0.01897631188278592,9.87721830672673,211.1912775811658
2025-11-25,315.5,323.75,312.75,320.2,6351251.0,0.0,HINDCOPPER,0.0220236195339929,10.33149054055809,211.1912775811658
2025-11-25,2305.2,2338.9,2281.0,2300.8,681099.0,0.0,HYUNDAI,-0.001562228779725672,9.463180424813682,211.1912775811658
2025-11-25,538.0,559.2,538.0,557.4,2234817.0,0.0,IIFL,0.03837555886736221,13.11120497843891,211.1912775811658
2025-11-25,855.95,878.95,855.95,873.1,1591077.0,0.0,INDIANB,0.02146826557472958,10.78714680490643,211.1912775811658
2025-11-25,1104.9,1104.9,1080.0,1088.8,169763.0,0.0,INTELLECT,-0.006841193104077381,10.78095150529403,211.1912775811658
2025-11-25,982.0,988.0,971.4,977.55,1005154.0,0.0,LAURUSLABS,-0.00204175386657135,11.67926075413429,211.1912775811658
2025-11-25,292.95,298.05,291.7,296.9,5580342.0,0.0,LTF,0.01486925311912479,13.2288716618791,211.1912775811658
2025-11-25,3309.7,3350.0,3257.0,3297.4,825228.0,0.0,NETWEB,0.003621975346218331,9.606722970196554,211.1912775811658
2025-11-25,1266.7,1272.6,1231.0,1241.4,3548352.0,0.0,PAYTM,-0.01530895534227017,10.10612658261625,211.1912775811658
2025-11-25,7420.0,7520.0,7384.0,7439.0,130117.0,0.0,POLYCAB,0.001615726403662254,10.15078225845455,211.1912775811658
2025-11-26,534.0,545.0,525.8,537.25,860515.0,0.0,AIIL,0.02343080293361255,10.10763489284038,214.4262588719888
2025-11-26,2900.9,2933.4,2880.0,2895.6,74283.0,0.0,ANANDRATHI,0.002353918582110204,9.94693060405182,214.4262588719888
2025-11-26,149.69,152.5,148.92,150.16,30511761.0,0.0,CANBK,0.00988634070885741,11.62918977630449,214.4262588719888
2025-11-26,4325.5,4420.0,4311.5,4408.2,393579.0,0.0,CUMMINSIND,0.02247581935843002,10.76578097549262,214.4262588719888
2025-11-26,411.25,420.5,410.9,419.4,1423515.0,0.0,DELHIVERY,0.02130768294167784,8.670190007618759,214.4262588719888
2025-11-26,925.7,935.4,921.0,932.9,1562116.0,0.0,FORTIS,0.01358105171664503,9.67436118112599,214.4262588719888
2025-11-26,1775.1,1812.9,1775.1,1795.8,41660.0,0.0,GLAND,0.007009476812650739,9.877165209234501,214.4262588719888
2025-11-26,103.91,104.35,103.91,104.18,23022226.0,0.0,GOLDBEES,0.006959211289387257,50.99862933228912,50.99862933228912
2025-11-26,885.0,889.4,873.8,884.5,1507766.0,0.0,HBLENGINE,0.003289473684210398,10.60383420003586,214.4262588719888
2025-11-26,6083.5,6146.0,6052.0,6136.5,452071.0,0.0,HEROMOTOCO,0.009043821425635201,11.91936042391918,214.4262588719888
2025-11-26,790.15,803.0,787.2,800.8,3842280.0,0.0,HINDALCO,0.01450560587825422,10.02049334265759,214.4262588719888
2025-11-26,324.8,330.85,322.5,329.1,8010595.0,0.0,HINDCOPPER,0.02779512804497197,10.61865564302832,214.4262588719888
2025-11-26,2304.0,2320.0,2275.0,2306.7,1069176.0,0.0,HYUNDAI,0.002564325452016458,9.487447099234057,214.4262588719888
2025-11-26,560.0,577.5,557.05,570.75,3045743.0,0.0,IIFL,0.02395048439181924,13.42522468863295,214.4262588719888
2025-11-26,875.0,892.4,871.6,886.75,1680454.0,0.0,INDIANB,0.0156339480013743,10.95579249713753,214.4262588719888
2025-11-26,1089.8,1109.4,1086.8,1098.8,292215.0,0.0,INTELLECT,0.009184423218221882,10.87996832661378,214.4262588719888
2025-11-26,981.0,989.45,973.35,986.6,2951910.0,0.0,LAURUSLABS,0.009257838473735402,11.7873854636887,214.4262588719888
2025-11-26,298.0,308.8,297.35,307.6,11140520.0,0.0,LTF,0.03603907039407228,13.70562789893571,214.4262588719888
2025-11-26,3315.0,3329.0,3277.4,3291.9,438508.0,0.0,NETWEB,-0.001667980833383931,9.590699140410637,214.4262588719888
2025-11-26,1250.0,1288.9,1245.0,1286.5,2425988.0,0.0,PAYTM,0.03632995005638784,10.47328165662623,214.4262588719888
2025-11-26,7429.5,7568.5,7416.0,7539.0,132131.0,0.0,POLYCAB,0.01344266702513774,10.28723584439963,214.4262588719888
2025-11-27,539.95,554.6,531.55,548.75,477160.0,0.0,AIIL,0.02140530479292702,10.32399189845725,214.6923537538792
2025-11-27,2900.0,2910.0,2864.0,2889.6,42841.0,0.0,ANANDRATHI,-0.002072109407376677,9.926319475572642,214.6923537538792
2025-11-27,150.9,152.0,149.85,151.76,20130369.0,0.0,CANBK,0.01065530101225365,11.75310229389964,214.6923537538792
2025-11-27,4418.0,4463.8,4358.0,4449.4,797775.0,0.0,CUMMINSIND,0.009346218411142804,10.8664003158561,214.6923537538792
2025-11-27,419.45,426.9,415.95,425.25,1455614.0,0.0,DELHIVERY,0.01394849785407737,8.79112613433447,214.6923537538792
2025-11-27,932.9,935.0,916.2,922.1,1594941.0,0.0,FORTIS,-0.01157680351591805,9.56236300259007,214.6923537538792
2025-11-27,1795.0,1800.9,1770.0,1774.0,25656.0,0.0,GLAND,-0.01213943646285776,9.75726198974385,214.6923537538792
2025-11-27,104.1,104.4,103.84,104.11,19397032.0,0.0,GOLDBEES,-0.000671913995008655,50.9643626395145,50.9643626395145
2025-11-27,890.0,902.0,875.0,877.5,1459409.0,0.0,HBLENGINE,-0.007914075749010707,10.51991465294682,214.6923537538792
2025-11-27,6137.0,6200.0,6097.0,6151.0,352120.0,0.0,HEROMOTOCO,0.002362910453841849,11.94752480526796,214.6923537538792
2025-11-27,807.9,813.95,800.45,807.55,4481695.0,0.0,HINDALCO,0.008429070929070859,10.10495679178713,214.6923537538792
2025-11-27,331.75,334.3,324.35,325.8,5412607.0,0.0,HINDCOPPER,-0.01002734731084776,10.51217869492138,214.6923537538792
2025-11-27,2324.0,2324.0,2285.7,2315.5,529127.0,0.0,HYUNDAI,0.003814973772055419,9.523641461081398,214.6923537538792
2025-11-27,572.5,576.3,565.3,568.8,871320.0,0.0,IIFL,-0.003416557161629474,13.37935664107652,214.6923537538792
2025-11-27,891.35,891.35,856.95,865.9,1931736.0,0.0,INDIANB,-0.02351282774175367,10.69819083537794,214.6923537538792
2025-11-27,1111.0,1119.0,1090.0,1096.4,264557.0,0.0,INTELLECT,-0.002184200946486969,10.85620428949704,214.6923537538792
2025-11-27,990.0,1011.9,981.1,1003.2,2606483.0,0.0,LAURUSLABS,0.01682546117980954,11.98571366021945,214.6923537538792
2025-11-27,308.9,310.05,305.4,308.25,4988540.0,0.0,LTF,0.002113133940182088,13.73458972642046,214.6923537538792
2025-11-27,3300.0,3384.8,3294.8,3335.3,717288.0,0.0,NETWEB,0.01318387557337708,9.717141724539506,214.6923537538792
2025-11-27,1305.0,1309.1,1283.0,1293.1,3799617.0,0.0,PAYTM,0.005130198212203618,10.52701166745696,214.6923537538792
2025-11-27,7560.0,7560.0,7425.0,7479.0,170964.0,0.0,POLYCAB,-0.007958615200955088,10.20536369283258,214.6923537538792
2025-11-28,552.85,553.55,536.1,541.3,395220.0,0.0,AIIL,-0.01357630979498869,10.18383018612284,215.8034176639441
2025-11-28,2880.0,2899.0,2854.1,2888.9,56697.0,0.0,ANANDRATHI,-0.0002422480620154488,9.923914843916737,215.8034176639441
2025-11-28,151.99,152.34,150.83,151.58,19414509.0,0.0,CANBK,-0.001186083289404172,11.73916213567019,215.8034176639441
2025-11-28,4450.0,4518.6,4401.1,4479.3,764869.0,0.0,CUMMINSIND,0.00672000719198107,10.9394226041296,215.8034176639441
2025-11-28,425.7,428.35,420.9,426.2,1761233.0,0.0,DELHIVERY,0.002233980011757675,8.810765334399415,215.8034176639441
2025-11-28,929.0,929.0,906.7,919.1,2836398.0,0.0,FORTIS,-0.00325344322741572,9.531252397441202,215.8034176639441
2025-11-28,1773.9,1776.9,1730.0,1759.6,150383.0,0.0,GLAND,-0.008117249154453221,9.678059863107823,215.8034176639441
2025-11-28,104.6,104.98,104.31,104.62,18626408.0,0.0,GOLDBEES,0.004898664873691283,51.21401997258675,51.21401997258675
2025-11-28,879.0,894.1,868.3,885.7,1501812.0,0.0,HBLENGINE,0.009344729344729297,10.61822040810826,215.8034176639441
2025-11-28,6152.0,6239.0,6128.0,6174.5,504441.0,0.0,HEROMOTOCO,0.003820516989107459,11.99317052676427,215.8034176639441
2025-11-28,812.2,815.0,807.2,808.4,3200488.0,0.0,HINDALCO,0.001052566404557087,10.11559292982567,215.8034176639441
2025-11-28,325.9,332.0,321.7,327.0,4727861.0,0.0,HINDCOPPER,0.003683241252302016,10.55089758514208,215.8034176639441
2025-11-28,2320.0,2336.3,2297.0,2326.0,402098.0,0.0,HYUNDAI,0.004534657741308568,9.566827915558338,215.8034176639441
2025-11-28,570.8,581.1,568.15,578.7,1817250.0,0.0,IIFL,0.01740506329113933,13.61222519020918,215.8034176639441
2025-11-28,870.0,874.0,865.0,870.25,1306456.0,0.0,INDIANB,0.00502367478923671,10.75193506696807,215.8034176639441
2025-11-28,1100.0,1118.0,1090.8,1112.5,284775.0,0.0,INTELLECT,0.01468442174388906,11.01562137182184,215.8034176639441
2025-11-28,1007.0,1032.75,1006.5,1031.35,2486519.0,0.0,LAURUSLABS,0.02806020733652304,12.3220352706014,215.8034176639441
2025-11-28,309.6,315.35,308.5,312.35,14286349.0,0.0,LTF,0.01330089213300889,13.91727202286271,215.8034176639441
2025-11-28,3335.3,3341.0,3276.1,3291.4,306017.0,0.0,NETWEB,-0.01316223428177377,9.589242428611916,215.8034176639441
2025-11-28,1308.1,1338.8,1308.1,1320.6,6950734.0,0.0,PAYTM,0.02126672337792912,10.750886712585,215.8034176639441
2025-11-28,7489.0,7520.0,7451.5,7470.0,223708.0,0.0,POLYCAB,-0.001203369434416346,10.19308287009753,215.8034176639441
2025-12-01,358.0,360.15,355.1,356.1,4583272.0,0.0,ABCAPITAL,-0.005446166736489233,10.32543974651528,216.7839610434349
2025-12-01,955.4,962.7,947.8,950.5,1215469.0,0.0,AUBANK,-0.004972520282648496,10.33035713535509,216.7839610434349
2025-12-01,4490.0,4553.2,4480.1,4544.2,421940.0,0.0,CUMMINSIND,0.01448887102895524,11.09792248737207,216.7839610434349
2025-12-01,7061.5,7250.0,7025.0,7125.5,974710.0,0.0,EICHERMOT,0.0102076983058057,10.4879578877042,216.7839610434349
2025-12-01,886.0,899.65,865.0,870.35,1350940.0,0.0,HBLENGINE,-0.01733092469233377,10.43419682984874,216.7839610434349
2025-12-01,6230.0,6333.5,6210.5,6295.5,912454.0,0.0,HEROMOTOCO,0.01959672848003891,12.22819743319208,216.7839610434349
2025-12-01,817.95,817.95,808.2,810.8,2064678.0,0.0,HINDALCO,0.002968827313211353,10.14562437840506,216.7839610434349
2025-12-01,875.0,890.0,872.25,887.35,1272103.0,0.0,INDIANB,0.0196495259982763,10.96320549459824,216.7839610434349
2025-12-01,1035.0,1040.2,1006.1,1029.4,2002768.0,0.0,LAURUSLABS,-0.001890725747806132,12.2987376812499,216.7839610434349
2025-12-01,313.75,314.0,307.6,309.15,3746757.0,0.0,LTF,-0.01024491756042911,13.77469071832241,216.7839610434349
2025-12-01,6122.0,6172.0,6100.5,6152.5,372204.0,0.0,LTIM,0.009185598294103148,10.47734646403584,216.7839610434349
2025-12-01,375.4,387.0,357.65,367.9,10877280.0,0.0,M&MFIN,-0.01062256286136898,10.27169849641507,216.7839610434349
2025-12-01,15975.0,16177.0,15851.0,16097.0,434052.0,0.0,MARUTI,0.01238993710691827,10.51061385111189,216.7839610434349
2025-12-01,2040.0,2061.6,2027.4,2042.0,2137580.0,0.0,MCX,0.01355040452672851,10.52266180268604,216.7839610434349
2025-12-01,3779.0,3833.0,3770.0,3811.1,453900.0,0.0,MUTHOOTFIN,0.0178676352758933,10.56748321353519,216.7839610434349
2025-12-01,264.1,267.5,262.5,263.8,12442220.0,0.0,NATIONALUM,0.01469343795676581,10.53452875489653,216.7839610434349
2025-12-01,267.05,268.25,262.45,264.9,5874913.0,0.0,NYKAA,-0.009015749504320936,10.28838040336389,216.7839610434349
2025-12-01,1335.0,1371.0,1322.0,1367.8,6146500.0,0.0,PAYTM,0.03574132969862198,11.13513769913204,216.7839610434349
2025-12-01,7478.0,7530.0,7382.5,7401.0,199441.0,0.0,POLYCAB,-0.009236947791164685,10.09892989579542,216.7839610434349
2025-12-01,823.5,850.8,809.2,813.05,1888896.0,0.0,SYRMA,-0.0087778116427919,10.29085066989996,216.7839610434349
2025-12-02,356.1,359.0,353.8,355.75,2767486.0,0.0,ABCAPITAL,-0.0009828699803426932,10.31529118175459,215.2912555298752
2025-12-02,949.95,966.9,948.55,953.05,1845042.0,0.0,AUBANK,0.002682798527090968,10.35807140226215,215.2912555298752
2025-12-02,4544.2,4574.0,4500.0,4514.5,448981.0,0.0,CUMMINSIND,-0.00653580388187136,11.0253886424984,215.2912555298752
2025-12-02,7125.0,7196.0,7091.5,7112.5,448174.0,0.0,EICHERMOT,-0.001824433373096679,10.46882330731824,215.2912555298752
2025-12-02,870.35,872.8,842.9,846.5,1373255.0,0.0,HBLENGINE,-0.0274027690009766,10.14827094440967,215.2912555298752
2025-12-02,6330.0,6340.0,6231.0,6270.5,809216.0,0.0,HEROMOTOCO,-0.003971090461440729,12.17963815500451,215.2912555298752
2025-12-02,811.0,813.5,802.6,806.85,4237151.0,0.0,HINDALCO,-0.004871731623088182,10.09619761928481,215.2912555298752
2025-12-02,888.9,889.8,856.1,859.45,2825373.0,0.0,INDIANB,-0.03144193384797422,10.61850111267533,215.2912555298752
2025-12-02,1028.2,1036.9,1015.0,1020.2,1465264.0,0.0,LAURUSLABS,-0.008937244997085703,12.18882084943768,215.2912555298752
2025-12-02,309.15,310.9,305.25,306.05,3419184.0,0.0,LTF,-0.01002749474365183,13.636565079549,215.2912555298752
2025-12-02,6140.0,6176.0,6091.5,6164.0,277406.0,0.0,LTIM,0.001869158878504695,10.49693028920226,215.2912555298752
2025-12-02,367.55,373.9,361.25,365.0,4680477.0,0.0,M&MFIN,-0.007882576787170414,10.19073104428241,215.2912555298752
2025-12-02,16127.0,16261.0,16095.0,16239.0,383165.0,0.0,MARUTI,0.00882151953780208,10.60333343655376,215.2912555298752
2025-12-02,2042.8,2070.0,2036.0,2043.8,1629970.0,0.0,MCX,0.0008814887365327095,10.53193741054345,215.2912555298752
2025-12-02,3800.0,3827.4,3765.2,3779.9,353585.0,0.0,MUTHOOTFIN,-0.008186612788958492,10.48097132031216,215.2912555298752
2025-12-02,266.0,268.25,264.15,265.15,10847037.0,0.0,NATIONALUM,0.005117513267626883,10.58843934556791,215.2912555298752
2025-12-02,263.9,265.35,257.95,261.8,4511787.0,0.0,NYKAA,-0.01170252925632298,10.16798033069334,215.2912555298752
2025-12-02,1366.7,1381.8,1360.5,1364.2,3828123.0,0.0,PAYTM,-0.002631963737388388,11.1058304204971,215.2912555298752
2025-12-02,7409.5,7462.5,7281.0,7347.0,185659.0,0.0,POLYCAB,-0.007296311309282544,10.02524495938508,215.2912555298752
2025-12-02,813.0,821.95,791.6,795.15,1101287.0,0.0,SYRMA,-0.02201586618289153,10.06428867864332,215.2912555298752
2025-12-03,356.0,356.8,347.3,350.0,3307025.0,0.0,ABCAPITAL,-0.01616303583977508,10.14856476068618,213.2782774774567
2025-12-03,951.8,952.4,938.4,948.7,2138096.0,0.0,AUBANK,-0.004564293583757317,10.3107941234207,213.2782774774567
2025-12-03,4515.0,4527.0,4450.3,4514.1,410207.0,0.0,CUMMINSIND,-8.860338907956677e-05,11.02441175569875,213.2782774774567
2025-12-03,7090.0,7105.0,7042.0,7081.5,333674.0,0.0,EICHERMOT,-0.004358523725834784,10.42319469255172,213.2782774774567
2025-12-03,849.0,855.25,831.85,844.15,1340422.0,0.0,HBLENGINE,-0.002776137034849357,10.12009795360121,213.2782774774567
2025-12-03,6294.0,6294.0,6191.0,6211.5,543787.0,0.0,HEROMOTOCO,-0.009409138027270503,12.06503825848187,213.2782774774567
2025-12-03,810.8,819.6,800.95,816.3,4948661.0,0.0,HINDALCO,0.01171221416620183,10.21444644806617,213.2782774774567
2025-12-03,864.0,864.0,803.55,812.8,7081168.0,0.0,INDIANB,-0.05427889929606156,10.04214056010531,213.2782774774567
2025-12-03,1023.3,1026.9,1007.8,1016.5,972564.0,0.0,LAURUSLABS,-0.00362673985493045,12.14461516707842,213.2782774774567
2025-12-03,306.05,308.1,296.6,302.8,6688481.0,0.0,LTF,-0.01061917987256988,13.49175594212527,213.2782774774567
2025-12-03,6164.0,6216.5,6120.0,6159.0,349340.0,0.0,LTIM,-0.0008111615833874541,10.48841558260817,213.2782774774567
2025-12-03,365.55,366.5,351.35,355.5,2381256.0,0.0,M&MFIN,-0.02602739726027392,9.925492839020269,213.2782774774567
2025-12-03,16219.0,16248.0,16010.0,16082.0,264397.0,0.0,MARUTI,-0.00966808301003752,10.50081952870606,213.2782774774567
2025-12-03,2045.0,2069.6,2007.4,2027.6,2471110.0,0.0,MCX,-0.00792641158626095,10.44845693982674,213.2782774774567
2025-12-03,3795.0,3795.0,3709.2,3763.4,287386.0,0.0,MUTHOOTFIN,-0.004365194846424503,10.43521983831921,213.2782774774567
2025-12-03,265.8,268.0,261.85,266.5,10320888.0,0.0,NATIONALUM,0.005091457665472365,10.64234993623929,213.2782774774567
2025-12-03,262.15,262.15,256.55,258.1,5258936.0,0.0,NYKAA,-0.01413292589763171,10.02427701815108,213.2782774774567
2025-12-03,1364.2,1368.0,1319.5,1338.9,2835074.0,0.0,PAYTM,-0.01854566779064648,10.8998653789793,213.2782774774567
2025-12-03,7370.0,7370.0,7206.5,7227.0,278984.0,0.0,POLYCAB,-0.01633319722335647,9.86150065625098,213.2782774774567
2025-12-03,795.85,797.55,780.4,795.35,745208.0,0.0,SYRMA,0.0002515248695216243,10.06682009754005,213.2782774774567
2025-12-04,349.2,350.95,347.7,349.4,1540673.0,0.0,ABCAPITAL,-0.001714285714285779,10.13116722109643,212.3372731829596
2025-12-04,949.0,954.0,943.65,948.75,651215.0,0.0,AUBANK,5.270369979970546e-05,10.31133754041888,212.3372731829596
2025-12-04,4525.0,4552.5,4430.0,4459.3,339985.0,0.0,CUMMINSIND,-0.0121397399260097,10.89057826414733,212.3372731829596
2025-12-04,7098.0,7167.5,7066.5,7100.0,364672.0,0.0,EICHERMOT,0.002612440867048038,10.45042467233174,212.3372731829596
2025-12-04,844.9,845.8,807.15,810.2,1998595.0,0.0,HBLENGINE,-0.04021797073979738,9.71308815021939,212.3372731829596
2025-12-04,6248.0,6351.0,6239.5,6340.0,883433.0,0.0,HEROMOTOCO,0.02068743459711819,12.31463294836594,212.3372731829596
2025-12-04,824.0,826.25,809.0,810.8,3381601.0,0.0,HINDALCO,-0.006737718975866724,10.14562437840506,212.3372731829596
2025-12-04,812.8,819.0,800.5,802.6,2081606.0,0.0,INDIANB,-0.01254921259842512,9.916119603273279,212.3372731829596
2025-12-04,1016.5,1021.3,1001.6,1013.5,971897.0,0.0,LAURUSLABS,-0.002951303492375823,12.10877272192226,212.3372731829596
2025-12-04,302.7,304.6,299.1,300.45,3259199.0,0.0,LTF,-0.007760898282694884,13.38704779660349,212.3372731829596
2025-12-04,6185.0,6289.5,6159.0,6266.0,502306.0,0.0,LTIM,0.01737295015424589,10.67063030372184,212.3372731829596
2025-12-04,355.4,355.4,343.7,347.0,3073831.0,0.0,M&MFIN,-0.02390998593530236,9.68817444483835,212.3372731829596
2025-12-04,16058.0,16135.0,15887.0,15994.0,248812.0,0.0,MARUTI,-0.005471956224350261,10.44335950392517,212.3372731829596
2025-12-04,2043.8,2061.6,1996.4,2024.2,3413675.0,0.0,MCX,-0.001676859341092851,10.43093634720719,212.3372731829596
2025-12-04,3770.0,3778.5,3688.3,3702.0,330361.0,0.0,MUTHOOTFIN,-0.01631503427751502,10.26496886896363,212.3372731829596
2025-12-04,268.0,270.25,267.25,269.25,10377125.0,0.0,NATIONALUM,0.01031894934333955,10.75216780612544,212.3372731829596
2025-12-04,257.2,258.8,254.7,255.5,3296361.0,0.0,NYKAA,-0.01007361487795433,9.923296312040295,212.3372731829596
2025-12-04,1338.9,1348.0,1320.0,1328.6,1454122.0,0.0,PAYTM,-0.007692882216745245,10.81601399844043,212.3372731829596
2025-12-04,7250.0,7382.5,7233.0,7348.5,179869.0,0.0,POLYCAB,0.01681195516811962,10.02729176317425,212.3372731829596
2025-12-04,794.6,802.0,782.85,786.25,1094288.0,0.0,SYRMA,-0.01144150374049169,9.951640537739186,212.3372731829596
2025-12-05,349.4,360.6,346.05,358.75,4438367.0,0.0,ABCAPITAL,0.02676016027475669,10.40227887970333,214.5989601597933
2025-12-05,948.9,965.0,946.1,960.7,1640399.0,0.0,AUBANK,0.0125955204216075,10.44121420298331,214.5989601597933
2025-12-05,4459.3,4491.3,4437.7,4468.9,560759.0,0.0,CUMMINSIND,0.00215280425178821,10.91402354733881,214.5989601597933
2025-12-05,7120.0,7218.0,7070.5,7208.0,501035.0,0.0,EICHERMOT,0.01521126760563374,10.60938887861509,214.5989601597933
2025-12-05,811.05,832.6,798.85,807.6,2038877.0,0.0,HBLENGINE,-0.003209084176746479,9.681918032729177,214.5989601597933
2025-12-05,6335.0,6388.5,6305.0,6350.5,651633.0,0.0,HEROMOTOCO,0.001656151419558327,12.33502784520471,214.5989601597933
2025-12-05,811.55,831.9,808.0,823.25,4273147.0,0.0,HINDALCO,0.01535520473606322,10.30141251791066,214.5989601597933
2025-12-05,802.6,825.0,800.6,808.95,3550963.0,0.0,INDIANB,0.007911786693246992,9.994573826399101,214.5989601597933
2025-12-05,1017.5,1028.5,1005.8,1026.1,936977.0,0.0,LAURUSLABS,0.01243216576221018,12.25931099157812,214.5989601597933
2025-12-05,299.1,311.15,298.0,309.6,8154419.0,0.0,LTF,0.03045431852221681,13.79474121427339,214.5989601597933
2025-12-05,6266.0,6380.0,6240.5,6292.0,319657.0,0.0,LTIM,0.004149377593360981,10.71490677801114,214.5989601597933
2025-12-05,345.0,370.5,344.55,367.55,15441892.0,0.0,M&MFIN,0.05922190201729105,10.26192656253699,214.5989601597933
2025-12-05,16000.0,16338.0,15979.0,16282.0,332032.0,0.0,MARUTI,0.01800675253219963,10.63141049411715,214.5989601597933
2025-12-05,2026.8,2071.8,2026.8,2068.6,1982765.0,0.0,MCX,0.02193459144353316,10.65973467435668,214.5989601597933
2025-12-05,3702.0,3807.0,3702.0,3800.1,328682.0,0.0,MUTHOOTFIN,0.02649918962722841,10.53698222553989,214.5989601597933
2025-12-05,269.25,274.5,266.65,273.15,10796032.0,0.0,NATIONALUM,0.01448467966573808,10.90790951250943,214.5989601597933
2025-12-05,255.35,255.35,252.7,254.8,3699608.0,0.0,NYKAA,-0.002739726027397249,9.896109198856623,214.5989601597933
2025-12-05,1328.6,1351.7,1326.9,1344.6,2002627.0,0.0,PAYTM,0.01204275176877911,10.94626857015129,214.5989601597933
2025-12-05,7321.0,7336.0,7171.0,7257.0,191949.0,0.0,POLYCAB,-0.01245152071851396,9.902436732034507,214.5989601597933
2025-12-05,784.95,788.9,739.35,743.25,1759858.0,0.0,SYRMA,-0.05468998410174886,9.407385474943911,214.5989601597933
2025-12-08,358.7,358.7,353.5,357.1,3662524.0,0.0,ABCAPITAL,-0.004599303135888411,10.35443564583153,211.0433993982175
2025-12-08,962.85,963.3,947.15,952.55,1172294.0,0.0,AUBANK,-0.008483397522639824,10.35263723228037,211.0433993982175
2025-12-08,4471.0,4535.0,4439.3,4467.0,451510.0,0.0,CUMMINSIND,-0.0004251605540512848,10.9093833350405,211.0433993982175
2025-12-08,7230.0,7234.0,7115.0,7142.0,273509.0,0.0,EICHERMOT,-0.009156492785793557,10.51224408588638,211.0433993982175
2025-12-08,808.0,816.95,793.65,803.55,1487452.0,0.0,HBLENGINE,-0.005014858841010494,9.633364580484807,211.0433993982175
2025-12-08,6310.0,6351.0,6144.5,6167.0,707514.0,0.0,HEROMOTOCO,-0.02889536256987635,11.978602743308,211.0433993982175
2025-12-08,825.8,833.5,817.25,819.45,4354685.0,0.0,HINDALCO,-0.004615851806862969,10.25386272432663,211.0433993982175
2025-12-08,807.8,810.8,773.7,779.1,4503930.0,0.0,INDIANB,-0.03689968477656225,9.625777202728896,211.0433993982175
2025-12-08,1026.0,1032.0,996.1,1004.1,1382140.0,0.0,LAURUSLABS,-0.02144040541857506,11.99646639376629,211.0433993982175
2025-12-08,311.3,311.75,297.5,299.3,5368362.0,0.0,LTF,-0.03326873385012918,13.33580764028433,211.0433993982175
2025-12-08,6335.0,6346.5,6205.0,6256.0,253030.0,0.0,LTIM,-0.005721551176096629,10.65360089053364,211.0433993982175
2025-12-08,367.0,367.5,344.0,351.4,3701783.0,0.0,M&MFIN,-0.04393960005441444,9.811021613591342,211.0433993982175
2025-12-08,16200.0,16256.0,16094.0,16187.0,220513.0,0.0,MARUTI,-0.005834664046185933,10.56937978554688,211.0433993982175
2025-12-08,2077.8,2103.2,2028.2,2036.6,2474390.0,0.0,MCX,-0.01546939959392823,10.4948349791138,211.0433993982175
2025-12-08,3799.1,3818.0,3753.0,3775.7,452775.0,0.0,MUTHOOTFIN,-0.006420883660956278,10.46932548853214,211.0433993982175
2025-12-08,273.9,276.2,266.6,268.35,7786865.0,0.0,NATIONALUM,-0.01757276221856108,10.71622741234452,211.0433993982175
2025-12-08,255.9,259.3,249.1,252.6,5791776.0,0.0,NYKAA,-0.008634222919937318,9.810663985993651,211.0433993982175
2025-12-08,1337.0,1348.5,1303.1,1321.0,2092443.0,0.0,PAYTM,-0.0175516882344191,10.75414307687777,211.0433993982175
2025-12-08,7257.0,7265.5,7007.5,7025.0,217567.0,0.0,POLYCAB,-0.03196913325065454,9.58586441264192,211.0433993982175
2025-12-08,749.45,764.9,725.4,728.9,2001935.0,0.0,SYRMA,-0.01930709720820722,9.225756169104093,211.0433993982175
2025-12-09,356.7,366.8,353.2,364.05,5835578.0,0.0,ABCAPITAL,0.01946233548025766,10.55595714607944,212.3776882539498
2025-12-09,950.05,973.7,948.2,972.05,1880632.0,0.0,AUBANK,0.02047136633247604,10.56456986156962,212.3776882539498
2025-12-09,4460.1,4496.0,4412.1,4479.1,405777.0,0.0,CUMMINSIND,0.002708753078128678,10.93893416072978,212.3776882539498
2025-12-09,7142.0,7196.0,7052.0,7123.0,436443.0,0.0,EICHERMOT,-0.002660319238308562,10.4842781607069,212.3776882539498
2025-12-09,804.0,814.1,785.1,811.95,1614195.0,0.0,HBLENGINE,0.01045361209632278,9.73406803699165,212.3776882539498
2025-12-09,6164.0,6164.0,5966.0,6001.0,1186776.0,0.0,HEROMOTOCO,-0.02691746392086913,11.65616913614258,212.3776882539498
2025-12-09,819.0,819.4,803.1,812.9,3394966.0,0.0,HINDALCO,-0.007993166148026143,10.17190189591203,212.3776882539498
2025-12-09,779.1,795.9,766.05,793.9,2041877.0,0.0,INDIANB,0.01899627775638546,9.808631140093018,212.3776882539498
2025-12-09,1003.2,1026.9,985.9,1021.4,1464780.0,0.0,LAURUSLABS,0.01722935962553529,12.20315782750014,212.3776882539498
2025-12-09,298.0,310.2,294.8,307.3,8915028.0,0.0,LTF,0.02672903441363172,13.69226090163506,212.3776882539498
2025-12-09,6225.0,6255.5,6160.0,6245.5,282890.0,0.0,LTIM,-0.001678388746803039,10.63572000668604,212.3776882539498
2025-12-09,350.9,354.75,344.0,353.4,3206538.0,0.0,M&MFIN,0.00569151963574277,9.866861235751793,212.3776882539498
2025-12-09,16051.0,16226.0,15985.0,16020.0,276388.0,0.0,MARUTI,-0.01031692098597636,10.46033632942862,212.3776882539498
2025-12-09,2037.0,2075.4,1990.0,2071.6,2600650.0,0.0,MCX,0.01718550525385454,10.6751940207857,212.3776882539498
2025-12-09,3753.1,3767.6,3712.0,3742.1,668721.0,0.0,MUTHOOTFIN,-0.008899012103715798,10.37615883429195,212.3776882539498
2025-12-09,266.55,267.0,259.3,265.65,6100471.0,0.0,NATIONALUM,-0.01006148686417008,10.60840623100175,212.3776882539498
2025-12-09,251.55,253.55,246.15,252.95,14534774.0,0.0,NYKAA,0.001385589865399828,9.824257542585489,212.3776882539498
2025-12-09,1314.8,1321.5,1288.6,1316.7,2744749.0,0.0,PAYTM,-0.003255109765329278,10.71913716073048,212.3776882539498
2025-12-09,7025.0,7214.5,6932.0,7194.0,222653.0,0.0,POLYCAB,0.02405693950177934,9.816470972889105,212.3776882539498
2025-12-09,726.5,762.7,715.0,757.3,1807427.0,0.0,SYRMA,0.03896282068870893,9.585217652438645,212.3776882539498
2025-12-10,365.3,368.95,357.45,358.95,4228919.0,0.0,ABCAPITAL,-0.01400906468891638,10.40807805956658,210.4721800412086
2025-12-10,981.0,1007.25,981.0,993.7,7019615.0,0.0,AUBANK,0.02227251684584131,10.79986942178049,210.4721800412086
2025-12-10,4490.0,4568.9,4477.0,4535.7,520273.0,0.0,CUMMINSIND,0.01263646714741795,11.07716364287961,210.4721800412086
2025-12-10,7129.5,7294.0,7129.5,7228.5,626505.0,0.0,EICHERMOT,0.01481117506668528,10.63956263999295,210.4721800412086
2025-12-10,814.05,822.85,795.15,799.2,962947.0,0.0,HBLENGINE,-0.015702937372991,9.581214576222337,210.4721800412086
2025-12-10,6028.0,6044.5,5915.5,5945.5,820197.0,0.0,HEROMOTOCO,-0.009248458590234931,11.5483675385662,210.4721800412086
2025-12-10,816.05,831.75,813.6,821.75,5280811.0,0.0,HINDALCO,0.01088694796407919,10.28264286254854,210.4721800412086
2025-12-10,793.9,796.95,779.25,782.8,1438014.0,0.0,INDIANB,-0.01398160977453078,9.671490687069927,210.4721800412086
2025-12-10,1024.0,1035.9,1015.8,1018.4,1186441.0,0.0,LAURUSLABS,-0.002937145094967675,12.16731538234398,210.4721800412086
2025-12-10,307.45,310.4,302.35,303.95,2644098.0,0.0,LTF,-0.01090139928408729,13.54299609844444,210.4721800412086
2025-12-10,6231.0,6298.0,6195.0,6220.5,208454.0,0.0,LTIM,-0.004002882075094027,10.59314647371556,210.4721800412086
2025-12-10,355.0,355.3,345.4,347.15,4492904.0,0.0,M&MFIN,-0.01768534238822861,9.692362416500382,210.4721800412086
2025-12-10,16090.0,16125.0,15925.0,16019.0,293374.0,0.0,MARUTI,-6.242197253436554e-05,10.45968337460156,210.4721800412086
2025-12-10,2074.0,2079.6,1953.6,1972.8,2408525.0,0.0,MCX,-0.04769260474995174,10.16606621172332,210.4721800412086
2025-12-10,3768.5,3792.0,3735.6,3745.8,270109.0,0.0,MUTHOOTFIN,0.0009887496325593492,10.38641825752673,210.4721800412086
2025-12-10,265.0,268.1,261.4,263.0,6798335.0,0.0,NATIONALUM,-0.009975531714662034,10.50258173820238,210.4721800412086
2025-12-10,253.45,256.7,245.65,247.05,4038136.0,0.0,NYKAA,-0.02332476774066017,9.595109017180253,210.4721800412086
2025-12-10,1316.7,1318.1,1265.0,1268.3,3668569.0,0.0,PAYTM,-0.03675856307435266,10.32511708130513,210.4721800412086
2025-12-10,7219.0,7268.5,7110.0,7139.0,126487.0,0.0,POLYCAB,-0.007645259938837912,9.741421500619312,210.4721800412086
2025-12-10,759.1,760.65,730.1,734.1,859825.0,0.0,SYRMA,-0.0306351511950349,9.29157306041887,210.4721800412086
2025-12-11,361.5,362.25,353.25,354.45,3905889.0,0.0,ABCAPITAL,-0.01253656498119515,10.27759651264348,210.6594934837723
2025-12-11,981.0,990.7,970.35,973.0,1656397.0,0.0,AUBANK,-0.02083123679178833,10.57489478453499,210.6594934837723
2025-12-11,4535.7,4588.3,4511.0,4531.9,485927.0,0.0,CUMMINSIND,-0.0008377979143241454,11.06788321828297,210.6594934837723
2025-12-11,7250.0,7328.5,7220.5,7256.0,502052.0,0.0,EICHERMOT,0.003804385418828327,10.68003963696325,210.6594934837723
2025-12-11,803.0,804.95,792.1,801.8,809430.0,0.0,HBLENGINE,0.003253253253253208,9.61238469371255,210.6594934837723
2025-12-11,5945.5,6019.5,5905.5,5979.5,695094.0,0.0,HEROMOTOCO,0.005718610713985273,11.61440815690128,210.6594934837723
2025-12-11,826.0,830.9,821.15,824.35,3098584.0,0.0,HINDALCO,0.003163979312442944,10.31517693184288,210.6594934837723
2025-12-11,781.95,789.85,777.05,782.65,925978.0,0.0,INDIANB,-0.0001916198262646995,9.669637437704749,210.6594934837723
2025-12-11,1021.8,1032.2,1013.4,1019.3,818322.0,0.0,LAURUSLABS,0.000883739198743072,12.17806811589083,210.6594934837723
2025-12-11,303.9,305.4,299.9,301.7,2764759.0,0.0,LTF,-0.00740253331139995,13.44274361868954,210.6594934837723
2025-12-11,6224.5,6312.0,6215.0,6294.5,166721.0,0.0,LTIM,0.01189614982718434,10.71916413130819,210.6594934837723
2025-12-11,347.55,350.75,338.85,340.3,2671762.0,0.0,M&MFIN,-0.01973210427768968,9.501111710600835,210.6594934837723
2025-12-11,16049.0,16296.0,15983.0,16248.0,268701.0,0.0,MARUTI,0.01429552406517254,10.60921002999726,210.6594934837723
2025-12-11,1969.0,2011.2,1950.0,1987.6,2399730.0,0.0,MCX,0.007502027575020165,10.24233232077315,210.6594934837723
2025-12-11,3760.0,3784.4,3726.0,3734.2,219811.0,0.0,MUTHOOTFIN,-0.003096801751294898,10.35425357927714,210.6594934837723
2025-12-11,265.0,268.25,262.75,264.3,7507279.0,0.0,NATIONALUM,0.004942965779467734,10.55449564033037,210.6594934837723
2025-12-11,246.0,252.95,244.25,249.55,2212147.0,0.0,NYKAA,0.01011940902651287,9.692205849979082,210.6594934837723
2025-12-11,1263.0,1289.8,1253.1,1280.5,2301101.0,0.0,PAYTM,0.009619175273988922,10.42443619223466,210.6594934837723
2025-12-11,7120.0,7307.0,7120.0,7218.5,295740.0,0.0,POLYCAB,0.01113601344726156,9.849902101445652,210.6594934837723
2025-12-11,734.5,743.5,729.85,733.15,871616.0,0.0,SYRMA,-0.001294101621032606,9.279548820659437,210.6594934837723
2025-12-12,356.5,364.35,353.85,362.95,3678788.0,0.0,ABCAPITAL,0.0239808153477219,10.52406165683157,213.4833727284652
2025-12-12,974.1,977.6,963.4,968.05,1932538.0,0.0,AUBANK,-0.005087358684481069,10.52109650171541,213.4833727284652
2025-12-12,4549.0,4615.0,4530.0,4600.2,465150.0,0.0,CUMMINSIND,0.01507094154769528,11.23468663932243,213.4833727284652
2025-12-12,7235.0,7274.5,7188.0,7229.0,324682.0,0.0,EICHERMOT,-0.003721058434399072,10.64029858539242,213.4833727284652
2025-12-12,805.0,823.65,803.0,811.75,976001.0,0.0,HBLENGINE,0.012409578448491,9.731670335646248,213.4833727284652
2025-12-12,6003.5,6037.5,5950.5,5960.0,679186.0,0.0,HEROMOTOCO,-0.003261142235972958,11.57653191991498,213.4833727284652
2025-12-12,830.8,855.0,830.6,852.1,8178645.0,0.0,HINDALCO,0.03366288591011091,10.66241555604212,213.4833727284652
2025-12-12,784.3,793.5,781.15,789.35,1533875.0,0.0,INDIANB,0.008560659298536999,9.752415909349317,213.4833727284652
2025-12-12,1016.1,1027.5,1006.1,1012.3,1244218.0,0.0,LAURUSLABS,-0.006867458059452547,12.09443574385979,213.4833727284652
2025-12-12,303.5,309.0,302.6,307.85,3551485.0,0.0,LTF,0.02038448790188951,13.71676706335292,213.4833727284652
2025-12-12,6314.5,6318.0,6250.0,6284.5,170630.0,0.0,LTIM,-0.001588688537612182,10.70213471812,213.4833727284652
2025-12-12,343.3,354.45,339.85,346.1,3314650.0,0.0,M&MFIN,0.01704378489568037,9.663046614866147,213.4833727284652
2025-12-12,16248.0,16536.0,16247.0,16522.0,404711.0,0.0,MARUTI,0.01686361398325942,10.78811965261046,213.4833727284652
2025-12-12,2004.0,2037.6,1994.4,2032.4,2219790.0,0.0,MCX,0.02253974642785272,10.47319189411317,213.4833727284652
2025-12-12,3765.0,3848.1,3751.1,3837.6,437084.0,0.0,MUTHOOTFIN,0.02769000053559001,10.64096286643296,213.4833727284652
2025-12-12,266.75,279.75,266.35,278.15,21981929.0,0.0,NATIONALUM,0.05240257283390082,11.10757836684787,213.4833727284652
2025-12-12,250.55,254.2,249.45,251.1,2904987.0,0.0,NYKAA,0.006211180124223503,9.752405886314355,213.4833727284652
2025-12-12,1281.9,1314.0,1278.0,1304.7,2061708.0,0.0,PAYTM,0.01889886762983206,10.62144623194734,213.4833727284652
2025-12-12,7230.0,7298.0,7193.5,7276.5,158727.0,0.0,POLYCAB,0.008034910299923759,9.929045181293798,213.4833727284652
2025-12-12,736.9,752.5,733.05,738.8,856676.0,0.0,SYRMA,0.007706472072563475,9.351061404491839,213.4833727284652
2025-12-15,362.7,362.7,351.4,351.8,4422870.0,0.0,ABCAPITAL,-0.03072048491527757,10.20075737945542,212.8458624993696
2025-12-15,965.0,983.35,957.4,979.05,1702377.0,0.0,AUBANK,0.01136304942926492,10.64064824131447,212.8458624993696
2025-12-15,4545.0,4598.5,4512.3,4539.9,326631.0,0.0,CUMMINSIND,-0.01310812573366382,11.08742095427588,212.8458624993696
2025-12-15,7200.0,7210.5,7094.5,7121.5,391821.0,0.0,EICHERMOT,-0.01487065984230185,10.48207032450852,212.8458624993696
2025-12-15,810.5,818.0,803.3,816.35,614196.0,0.0,HBLENGINE,0.005666769325531229,9.78681746659047,212.8458624993696
2025-12-15,5939.5,5976.5,5876.5,5959.5,652031.0,0.0,HEROMOTOCO,-8.38926174496768e-05,11.57556073435123,212.8458624993696
2025-12-15,851.95,856.25,845.3,847.85,2521938.0,0.0,HINDALCO,-0.004987677502640508,10.60923486584944,212.8458624993696
2025-12-15,788.0,793.25,779.05,783.85,2416248.0,0.0,INDIANB,-0.00696775828213092,9.684463432626163,212.8458624993696
2025-12-15,1006.9,1011.7,994.2,1004.9,895430.0,0.0,LAURUSLABS,-0.007310085942902278,12.00602437914127,212.8458624993696
2025-12-15,307.05,309.7,303.5,305.1,3130247.0,0.0,LTF,-0.008932921877537803,13.59423625476361,212.8458624993696
2025-12-15,6271.0,6303.5,6233.0,6269.5,107413.0,0.0,LTIM,-0.002386824727504178,10.67659059833771,212.8458624993696
2025-12-15,345.0,349.45,342.05,348.3,1247974.0,0.0,M&MFIN,0.006356544351343585,9.724470199242644,212.8458624993696
2025-12-15,16500.0,16500.0,16360.0,16415.0,225221.0,0.0,MARUTI,-0.006476213533470498,10.71825348611553,212.8458624993696
2025-12-15,2032.4,2052.0,2017.0,2037.2,1293085.0,0.0,MCX,0.002361739814997099,10.4979268483996,212.8458624993696
2025-12-15,3837.4,3868.0,3802.6,3856.4,295860.0,0.0,MUTHOOTFIN,0.004898895142797732,10.69309182773402,212.8458624993696
2025-12-15,277.7,280.0,276.2,278.7,8117336.0,0.0,NATIONALUM,0.00197735035053026,11.1295419408251,212.8458624993696
2025-12-15,252.0,252.4,247.05,251.6,8897454.0,0.0,NYKAA,0.001991238550378416,9.771825252874121,212.8458624993696
2025-12-15,1301.0,1315.0,1294.0,1310.1,1479462.0,0.0,PAYTM,0.004138882501724339,10.66540714989975,212.8458624993696
2025-12-15,7250.5,7355.0,7223.5,7339.5,121874.0,0.0,POLYCAB,0.008658008658008587,10.0150109404392,212.8458624993696
2025-12-15,738.05,746.4,731.1,733.7,591148.0,0.0,SYRMA,-0.006903086085544019,9.286510222625424,212.8458624993696
2025-12-16,352.5,353.4,346.1,348.05,3580090.0,0.0,ABCAPITAL,-0.01065946560545761,10.0920227570195,210.8325349419824
2025-12-16,976.0,984.0,973.3,980.6,1350309.0,0.0,AUBANK,0.001583167356110637,10.65749416825798,210.8325349419824
2025-12-16,4550.0,4551.5,4470.3,4494.3,286429.0,0.0,CUMMINSIND,-0.01004427410295372,10.9760558591163,210.8325349419824
2025-12-16,7120.0,7121.5,7035.5,7061.5,505906.0,0.0,EICHERMOT,-0.008425191322052883,10.39375687657332,210.8325349419824
2025-12-16,814.95,814.95,795.5,799.95,573972.0,0.0,HBLENGINE,-0.02008942242910516,9.590205956267589,210.8325349419824
2025-12-16,5960.5,5986.0,5932.5,5946.5,388048.0,0.0,HEROMOTOCO,-0.002181391056296667,11.5503099096937,210.8325349419824
2025-12-16,845.0,845.0,831.15,837.15,2713249.0,0.0,HINDALCO,-0.0126201568673705,10.47534465759965,210.8325349419824
2025-12-16,783.85,786.65,764.05,773.15,1751191.0,0.0,INDIANB,-0.01365057090004473,9.552264977910209,210.8325349419824
2025-12-16,1000.0,1007.6,992.6,1001.3,945609.0,0.0,LAURUSLABS,-0.003582446014528839,11.96301344495388,210.8325349419824
2025-12-16,304.0,304.4,299.5,300.8,2957216.0,0.0,LTF,-0.01409373975745665,13.40264262678759,210.8325349419824
2025-12-16,6240.0,6259.0,6181.0,6216.0,198232.0,0.0,LTIM,-0.00853337586729408,10.58548323778087,210.8325349419824
2025-12-16,348.0,348.5,340.6,341.6,2187620.0,0.0,M&MFIN,-0.01923629055412002,9.53740746500513,210.8325349419824
2025-12-16,16400.0,16451.0,16320.0,16354.0,156134.0,0.0,MARUTI,-0.003716113310996083,10.67842324166514,210.8325349419824
2025-12-16,2037.2,2046.0,2002.4,2032.8,1743700.0,0.0,MCX,-0.002159827213822907,10.47525314030371,210.8325349419824
2025-12-16,3849.1,3855.5,3818.8,3847.0,176630.0,0.0,MUTHOOTFIN,-0.002437506482730001,10.66702734708349,210.8325349419824
2025-12-16,277.3,277.95,273.7,276.85,7580301.0,0.0,NATIONALUM,-0.006637961966271866,11.05566446471988,210.8325349419824
2025-12-16,251.45,251.45,244.8,247.3,5298611.0,0.0,NYKAA,-0.0170906200317964,9.604818700460136,210.8325349419824
2025-12-16,1303.1,1306.3,1275.0,1281.4,2628713.0,0.0,PAYTM,-0.02190672467750543,10.4317630118934,210.8325349419824
2025-12-16,7323.0,7402.5,7264.5,7361.5,267325.0,0.0,POLYCAB,0.002997479392329083,10.04503072934711,210.8325349419824
2025-12-16,732.4,739.15,717.0,718.85,566943.0,0.0,SYRMA,-0.02023988005997002,9.0985523695438,210.8325349419824
2025-12-17,348.9,353.4,344.7,346.8,3413456.0,0.0,ABCAPITAL,-0.003591438011779968,10.05577788287419,210.1968464796672
2025-12-17,981.0,998.2,979.4,990.3,3583750.0,0.0,AUBANK,0.009891902916581596,10.76291706590442,210.1968464796672
2025-12-17,4498.0,4532.9,4480.7,4512.7,259526.0,0.0,CUMMINSIND,0.004094074716863405,11.02099265189999,210.1968464796672
2025-12-17,7104.0,7176.5,7080.5,7134.5,594264.0,0.0,EICHERMOT,0.01033774693761957,10.50120490489448,210.1968464796672
2025-12-17,799.0,799.95,760.1,762.8,2850547.0,0.0,HBLENGINE,-0.04644040252515791,9.144832931359355,210.1968464796672
2025-12-17,5970.0,5971.0,5782.0,5817.0,538205.0,0.0,HEROMOTOCO,-0.02177751618599177,11.29877284868212,210.1968464796672
2025-12-17,844.05,851.9,840.1,848.8,3270389.0,0.0,HINDALCO,0.01391626351311004,10.62112231424545,210.1968464796672
2025-12-17,772.0,783.7,769.6,775.0,910955.0,0.0,INDIANB,0.002392808639979371,9.575121720080725,210.1968464796672
2025-12-17,1005.9,1018.8,1001.6,1010.0,1284797.0,0.0,LAURUSLABS,0.00868870468391103,12.06695653590674,210.1968464796672
2025-12-17,301.0,306.6,299.6,301.9,4018638.0,0.0,LTF,0.003656914893616969,13.45165495022331,210.1968464796672
2025-12-17,6217.0,6292.5,6212.0,6252.5,405919.0,0.0,LTIM,0.005871943371943411,10.64764059591778,210.1968464796672
2025-12-17,343.3,353.85,342.5,351.7,4262109.0,0.0,M&MFIN,0.02956674473067911,9.81939755691541,210.1968464796672
2025-12-17,16389.0,16490.0,16357.0,16398.0,257406.0,0.0,MARUTI,0.002690473278708527,10.70715325405558,210.1968464796672
2025-12-17,2032.8,2043.8,1996.0,2005.0,1391200.0,0.0,MCX,-0.01367571822117275,10.33199653006146,210.1968464796672
2025-12-17,3853.0,3867.0,3756.5,3766.5,283613.0,0.0,MUTHOOTFIN,-0.02092539641278923,10.44381557129971,210.1968464796672
2025-12-17,278.0,281.5,277.15,279.45,8846891.0,0.0,NATIONALUM,0.009391367166335485,11.15949226897587,210.1968464796672
2025-12-17,246.25,248.5,243.75,245.1,4166380.0,0.0,NYKAA,-0.00889607763849587,9.519373487597166,210.1968464796672
2025-12-17,1282.0,1293.9,1260.0,1268.6,1537522.0,0.0,PAYTM,-0.009989074449820667,10.32755935452471,210.1968464796672
2025-12-17,7341.0,7341.0,7031.0,7079.5,1779522.0,0.0,POLYCAB,-0.03830741017455686,9.660231616981985,210.1968464796672
2025-12-17,719.0,723.5,710.3,717.45,689141.0,0.0,SYRMA,-0.001947555122765454,9.080832437266746,210.1968464796672
2025-12-18,347.9,349.6,342.7,344.25,3210234.0,0.0,ABCAPITAL,-0.007352941176470673,9.981838339617763,210.8385606354488
2025-12-18,991.0,993.05,982.15,987.65,1561587.0,0.0,AUBANK,-0.002675956780773481,10.73411596500101,210.8385606354488
2025-12-18,4515.0,4515.0,4353.0,4385.4,518494.0,0.0,CUMMINSIND,-0.02820927604316714,10.71009842791283,210.8385606354488
2025-12-18,7135.0,7144.0,7013.5,7106.5,327756.0,0.0,EICHERMOT,-0.003924591772373698,10.45999196252472,210.8385606354488
2025-12-18,767.55,828.85,762.0,818.85,10043498.0,0.0,HBLENGINE,0.07347928683796545,9.81678873340798,210.8385606354488
2025-12-18,5785.0,5785.0,5513.0,5748.5,1016539.0,0.0,HEROMOTOCO,-0.01177582946536015,11.1657204264482,210.8385606354488
2025-12-18,850.0,861.95,847.5,856.7,4174631.0,0.0,HINDALCO,0.009307257304429939,10.71997583248596,210.8385606354488
2025-12-18,778.55,782.4,767.9,777.85,1083428.0,0.0,INDIANB,0.003677419354838785,9.610333458019088,210.8385606354488
2025-12-18,1006.6,1020.1,997.4,1015.5,870778.0,0.0,LAURUSLABS,0.00544554455445545,12.1326676853597,210.8385606354488
2025-12-18,301.95,303.75,297.85,299.85,4654752.0,0.0,LTF,-0.006790327923153261,13.36031380200219,210.8385606354488
2025-12-18,6280.0,6308.0,6182.5,6245.0,318467.0,0.0,LTIM,-0.001199520191923265,10.63486853602663,210.8385606354488
2025-12-18,351.7,366.7,349.15,365.15,6242162.0,0.0,M&MFIN,0.03824282058572637,10.19491901594445,210.8385606354488
2025-12-18,16440.0,16486.0,16221.0,16329.0,213981.0,0.0,MARUTI,-0.004207830223197928,10.66209937098876,210.8385606354488
2025-12-18,2024.0,2049.4,1990.0,2034.4,1891380.0,0.0,MCX,0.01466334164588523,10.48349812506585,210.8385606354488
2025-12-18,3784.9,3784.9,3724.1,3749.9,345092.0,0.0,MUTHOOTFIN,-0.004407274658170701,10.39778680759771,210.8385606354488
2025-12-18,279.45,282.65,275.15,279.25,8501384.0,0.0,NATIONALUM,-0.0007156915369475048,11.15150551480233,210.8385606354488
2025-12-18,245.5,247.25,240.95,244.1,5218701.0,0.0,NYKAA,-0.004079967360261172,9.480534754477635,210.8385606354488
2025-12-18,1275.9,1297.9,1256.0,1286.1,2296680.0,0.0,PAYTM,0.01379473435282996,10.47002529233346,210.8385606354488
2025-12-18,7079.5,7145.0,7022.5,7099.0,194054.0,0.0,POLYCAB,0.002754431810155999,9.686840066241276,210.8385606354488
2025-12-18,719.0,720.05,704.4,709.85,618051.0,0.0,SYRMA,-0.01059307268799226,8.984638519191302,210.8385606354488
2025-12-19,345.45,349.7,343.45,348.7,4825518.0,0.0,ABCAPITAL,0.01292665214233835,10.11087009157506,213.7100165288542
2025-12-19,977.1,989.2,972.7,985.15,2775343.0,0.0,AUBANK,-0.002531261074267155,10.70694511509213,213.7100165288542
2025-12-19,4380.0,4426.6,4338.6,4410.4,507355.0,0.0,CUMMINSIND,0.005700734254572071,10.77115385289067,213.7100165288542
2025-12-19,7075.0,7242.0,7075.0,7217.0,423435.0,0.0,EICHERMOT,0.01554914514880745,10.62263589580538,213.7100165288542
2025-12-19,821.45,848.6,810.85,845.45,4553936.0,0.0,HBLENGINE,0.03248458203578197,10.13568301234631,213.7100165288542
2025-12-19,5725.0,5797.5,5725.0,5781.0,769295.0,0.0,HEROMOTOCO,0.005653648777942166,11.22884748809203,213.7100165288542
2025-12-19,858.0,864.4,847.55,852.0,4939377.0,0.0,HINDALCO,-0.005486167853390955,10.66116424568465,213.7100165288542
2025-12-19,779.0,785.5,772.1,781.4,2015690.0,0.0,INDIANB,0.004563861927106672,9.65419369299494,213.7100165288542
2025-12-19,1020.0,1049.0,1018.6,1045.2,2844049.0,0.0,LAURUSLABS,0.02924667651403245,12.48750789240567,213.7100165288542
2025-12-19,300.2,303.4,296.7,300.3,5032118.0,0.0,LTF,0.001500750375187598,13.38036429795317,213.7100165288542
2025-12-19,6288.0,6290.0,6027.0,6197.5,635441.0,0.0,LTIM,-0.007606084867894269,10.55397882338272,213.7100165288542
2025-12-19,365.15,378.55,362.0,376.6,5356269.0,0.0,M&MFIN,0.03135697658496528,10.51460085281303,213.7100165288542
2025-12-19,16329.0,16475.0,16329.0,16414.0,360190.0,0.0,MARUTI,0.005205462673770533,10.71760053128847,213.7100165288542
2025-12-19,2044.0,2073.0,2036.2,2061.4,2358165.0,0.0,MCX,0.01327172630751083,10.62263224292703,213.7100165288542
2025-12-19,3749.5,3790.0,3722.0,3781.2,429282.0,0.0,MUTHOOTFIN,0.008346889250379963,10.48457598252979,213.7100165288542
2025-12-19,279.5,281.45,276.7,278.5,5757096.0,0.0,NATIONALUM,-0.002685765443151245,11.12155518665157,213.7100165288542
2025-12-19,245.0,249.8,243.5,249.05,4009145.0,0.0,NYKAA,0.02027857435477265,9.672786483419316,213.7100165288542
2025-12-19,1287.5,1345.0,1285.0,1336.0,7311327.0,0.0,PAYTM,0.03879947126973016,10.8762567378567,213.7100165288542
2025-12-19,7090.0,7455.0,7087.0,7439.0,630329.0,0.0,POLYCAB,0.04789406958726583,10.15078225845455,213.7100165288542
2025-12-19,711.55,737.9,704.5,729.7,1460465.0,0.0,SYRMA,0.0279636542931605,9.23588184469098,213.7100165288542
2025-12-22,350.05,352.7,344.1,346.1,4340353.0,0.0,ABCAPITAL,-0.007456266131344869,10.03548075335282,216.4549489111263
2025-12-22,985.0,987.7,973.25,984.45,1798327.0,0.0,AUBANK,-0.0007105516926355637,10.69933727711765,216.4549489111263
2025-12-22,4425.7,4532.9,4405.1,4519.9,306066.0,0.0,CUMMINSIND,0.02482768002902236,11.03857661429361,216.4549489111263
2025-12-22,7238.0,7310.0,7213.0,7291.5,233966.0,0.0,EICHERMOT,0.01032284882915335,10.73229176032491,216.4549489111263
2025-12-22,850.0,881.9,845.0,849.6,2020447.0,0.0,HBLENGINE,0.004908628541013593,10.18543531526338,216.4549489111263
2025-12-22,5793.5,5793.5,5681.0,5699.5,1213460.0,0.0,HEROMOTOCO,-0.01409790693651614,11.07054424120058,216.4549489111263
2025-12-22,860.0,872.35,857.25,864.55,4865457.0,0.0,HINDALCO,0.01473004694835667,10.81820369554772,216.4549489111263
2025-12-22,783.0,788.95,781.0,787.9,620853.0,0.0,INDIANB,0.008318402866649643,9.734501165485941,216.4549489111263
2025-12-22,1050.7,1070.0,1047.6,1064.2,1357581.0,0.0,LAURUSLABS,0.01817833907386146,12.71451004506134,216.4549489111263
2025-12-22,301.25,303.9,299.15,303.35,4601018.0,0.0,LTF,0.0101565101565102,13.51626210384313,216.4549489111263
2025-12-22,6205.0,6249.5,6183.0,6191.5,236460.0,0.0,LTIM,-0.0009681323114159035,10.5437611754698,216.4549489111263
2025-12-22,376.6,398.95,374.85,394.3,5381489.0,0.0,M&MFIN,0.04699946893255436,11.00878150893303,216.4549489111263
2025-12-22,16464.0,16693.0,16414.0,16649.0,271590.0,0.0,MARUTI,0.01431704642378451,10.8710449156465,216.4549489111263
2025-12-22,2080.0,2169.4,2062.8,2164.2,3615345.0,0.0,MCX,0.04986902105365276,11.15237251389477,216.4549489111263
2025-12-22,3781.2,3799.1,3750.0,3790.4,278670.0,0.0,MUTHOOTFIN,0.002433090024331008,10.51008589976222,216.4549489111263
2025-12-22,281.0,292.75,280.5,290.3,18744818.0,0.0,NATIONALUM,0.04236983842010766,11.5927736828903,216.4549489111263
2025-12-22,249.3,254.0,248.4,253.65,2785045.0,0.0,NYKAA,0.01847018670949607,9.85144465576916,216.4549489111263
2025-12-22,1341.0,1351.0,1325.0,1328.9,1676866.0,0.0,PAYTM,-0.005314371257484907,10.81845627166001,216.4549489111263
2025-12-22,7450.0,7648.0,7450.0,7603.0,390893.0,0.0,POLYCAB,0.02204597392122598,10.37456613940448,216.4549489111263
2025-12-22,734.8,740.0,718.85,725.8,758212.0,0.0,SYRMA,-0.005344662189941229,9.186519176204897,216.4549489111263
2025-12-23,348.0,348.75,344.3,346.8,2418910.0,0.0,ABCAPITAL,0.002022536839063838,10.05577788287419,216.9706492302508
2025-12-23,975.0,986.1,975.0,980.35,1402838.0,0.0,AUBANK,-0.004164762049875592,10.65477708326709,216.9706492302508
2025-12-23,4539.9,4541.4,4484.1,4503.2,282637.0,0.0,CUMMINSIND,-0.003694772008230207,10.99779159040841,216.9706492302508
2025-12-23,7338.0,7338.0,7280.0,7303.0,249187.0,0.0,EICHERMOT,0.00157717890694653,10.74921850451249,216.9706492302508
2025-12-23,851.0,878.4,843.0,875.75,1773464.0,0.0,HBLENGINE,0.03077919020715636,10.49893476617456,216.9706492302508
2025-12-23,5710.0,5752.5,5695.0,5744.0,351302.0,0.0,HEROMOTOCO,0.007807702430037811,11.15697975637444,216.9706492302508
2025-12-23,871.0,871.8,860.85,863.85,5452783.0,0.0,HINDALCO,-0.000809669770400756,10.8094445230454,216.9706492302508
2025-12-23,787.9,792.8,780.1,783.25,581636.0,0.0,INDIANB,-0.005901764183271929,9.677050435165457,216.9706492302508
2025-12-23,1068.5,1073.1,1055.1,1068.4,1229233.0,0.0,LAURUSLABS,0.003946626573952283,12.76468946827996,216.9706492302508
2025-12-23,304.75,307.35,301.7,303.5,3550546.0,0.0,LTF,0.0004944783253666429,13.52294560249346,216.9706492302508
2025-12-23,6197.0,6217.0,6126.0,6202.5,160279.0,0.0,LTIM,0.001776629249777839,10.56249352997681,216.9706492302508
2025-12-23,396.0,412.2,377.0,386.2,10152055.0,0.0,M&MFIN,-0.02054273395891459,10.7826310391832,216.9706492302508
2025-12-23,16709.0,16720.0,16558.0,16585.0,215650.0,0.0,MARUTI,-0.003844074719202339,10.82925580671495,216.9706492302508
2025-12-23,2171.8,2185.6,2147.4,2165.6,2497730.0,0.0,MCX,0.0006468903058867159,11.15958687556164,216.9706492302508
2025-12-23,3801.2,3819.9,3770.0,3808.2,290999.0,0.0,MUTHOOTFIN,0.004696074292950492,10.5594420439728,216.9706492302508
2025-12-23,291.05,294.6,289.5,290.15,10822237.0,0.0,NATIONALUM,-0.0005167068549777332,11.58678361726015,216.9706492302508
2025-12-23,255.0,257.45,250.3,256.85,4605075.0,0.0,NYKAA,0.01261580918588612,9.975728601751662,216.9706492302508
2025-12-23,1331.0,1350.0,1323.0,1340.3,1646262.0,0.0,PAYTM,0.00857852359093969,10.91126265400399,216.9706492302508
2025-12-23,7605.0,7680.5,7580.0,7645.0,256703.0,0.0,POLYCAB,0.005524135209785674,10.43187664550142,216.9706492302508
2025-12-23,728.0,735.0,716.0,733.5,989827.0,0.0,SYRMA,0.01060898319096171,9.2839788037287,216.9706492302508
2025-12-24,347.0,355.35,346.25,347.4,4581179.0,0.0,ABCAPITAL,0.001730103806228289,10.07317542246394,217.0226681624194
2025-12-24,985.0,987.8,972.55,974.05,1552265.0,0.0,AUBANK,-0.006426276329882241,10.58630654149672,217.0226681624194
2025-12-24,4480.0,4537.2,4391.1,4417.4,259926.0,0.0,CUMMINSIND,-0.01905311778290997,10.78824937188447,217.0226681624194
2025-12-24,7300.0,7349.5,7240.5,7312.5,205296.0,0.0,EICHERMOT,0.001300835273175371,10.76320146710223,217.0226681624194
2025-12-24,879.0,892.95,870.3,881.6,1498824.0,0.0,HBLENGINE,0.006679988581216101,10.56906753052754,217.0226681624194
2025-12-24,5744.0,5750.0,5690.0,5698.5,313655.0,0.0,HEROMOTOCO,-0.007921309192200576,11.06860187007308,217.0226681624194
2025-12-24,865.95,882.3,862.15,864.45,3683590.0,0.0,HINDALCO,0.0006945650286507288,10.81695238519025,217.0226681624194
2025-12-24,783.25,783.25,773.25,777.2,902942.0,0.0,INDIANB,-0.007724225981487365,9.602302710769989,217.0226681624194
2025-12-24,1073.9,1092.6,1070.5,1084.8,1711875.0,0.0,LAURUSLABS,0.01535005615874185,12.96062816846696,217.0226681624194
2025-12-24,303.75,310.5,302.2,303.25,4437672.0,0.0,LTF,-0.0008237232289950436,13.51180643807625,217.0226681624194
2025-12-24,6202.5,6243.5,6134.5,6163.0,174322.0,0.0,LTIM,-0.006368399838774685,10.49522734788345,217.0226681624194
2025-12-24,386.1,398.9,384.35,389.65,3821693.0,0.0,M&MFIN,0.008933195235629077,10.87895438740998,217.0226681624194
2025-12-24,16640.0,16720.0,16542.0,16703.0,258486.0,0.0,MARUTI,0.007114862827856561,10.9063044763075,217.0226681624194
2025-12-24,2168.4,2186.8,2160.4,2165.0,1483525.0,0.0,MCX,-0.0002770594754339939,11.15649500627584,217.0226681624194
2025-12-24,3820.0,3890.0,3790.0,3804.7,622859.0,0.0,MUTHOOTFIN,-0.0009190693766083502,10.54973718415611,217.0226681624194
2025-12-24,292.0,298.6,290.35,295.3,12921219.0,0.0,NATIONALUM,0.01774943994485634,11.79244253722875,217.0226681624194
2025-12-24,258.0,261.8,256.8,257.95,4267589.0,0.0,NYKAA,0.004282655246252487,10.01845120818314,217.0226681624194
2025-12-24,1340.0,1350.8,1322.3,1324.7,1295488.0,0.0,PAYTM,-0.01163918525703189,10.78426444658591,217.0226681624194
2025-12-24,7644.5,7678.0,7611.0,7630.5,94994.0,0.0,POLYCAB,-0.001896664486592536,10.41209087553938,217.0226681624194
2025-12-24,732.2,743.4,725.7,733.85,883395.0,0.0,SYRMA,0.0004771642808452103,9.288408786797964,217.0226681624194
2025-12-26,348.2,349.95,344.0,348.15,3234018.0,0.0,ABCAPITAL,0.002158894645941212,10.09492234695112,217.4475423152775
2025-12-26,974.05,982.0,970.0,974.95,1470189.0,0.0,AUBANK,0.0009239772085622988,10.59608804746391,217.4475423152775
2025-12-26,4400.6,4433.6,4339.1,4346.4,388141.0,0.0,CUMMINSIND,-0.01607280300629332,10.6148519649474,217.4475423152775
2025-12-26,7300.0,7360.0,7274.0,7324.0,157706.0,0.0,EICHERMOT,0.001572649572649576,10.78012821128981,217.4475423152775
2025-12-26,884.8,914.8,876.25,897.5,2377317.0,0.0,HBLENGINE,0.01803539019963707,10.75968478748692,217.4475423152775
2025-12-26,5698.5,5720.0,5611.0,5637.0,249826.0,0.0,HEROMOTOCO,-0.01079231376678069,10.94914604573167,217.4475423152775
2025-12-26,865.25,874.75,861.0,872.9,2334952.0,0.0,HINDALCO,0.00977500144600607,10.92268811039686,217.4475423152775
2025-12-26,777.2,781.5,772.1,778.45,710328.0,0.0,INDIANB,0.001608337622233558,9.617746455479795,217.4475423152775
2025-12-26,1086.0,1089.1,1078.9,1085.0,940862.0,0.0,LAURUSLABS,0.0001843657817108824,12.9630176648107,217.4475423152775
2025-12-26,303.25,304.85,299.7,301.3,3394545.0,0.0,LTF,-0.006430338004946412,13.42492095562201,217.4475423152775
2025-12-26,6160.0,6174.5,6020.0,6035.5,113668.0,0.0,LTIM,-0.02068797663475586,10.27810232973398,217.4475423152775
2025-12-26,389.65,397.4,387.25,394.15,2982630.0,0.0,M&MFIN,0.01154882586936989,11.00459353727099,217.4475423152775
2025-12-26,16703.0,16703.0,16516.0,16596.0,212925.0,0.0,MARUTI,-0.006406034844040009,10.83643830981257,217.4475423152775
2025-12-26,2177.4,2222.0,2161.6,2210.4,2041720.0,0.0,MCX,0.02096997690531177,11.39044644890167,217.4475423152775
2025-12-26,3824.0,3845.0,3785.0,3797.0,218879.0,0.0,MUTHOOTFIN,-0.002023812652771517,10.5283864925594,217.4475423152775
2025-12-26,298.0,309.2,296.5,306.85,12990101.0,0.0,NATIONALUM,0.03911276667795471,12.25367759075057,217.4475423152775
2025-12-26,258.1,261.4,257.5,259.45,2463160.0,0.0,NYKAA,0.005815080441946119,10.07670930786244,217.4475423152775
2025-12-26,1321.0,1335.5,1310.4,1315.3,1094267.0,0.0,PAYTM,-0.007095946251981622,10.70773988570578,217.4475423152775
2025-12-26,7610.0,7672.5,7531.5,7556.5,134764.0,0.0,POLYCAB,-0.009697922809776549,10.31111522194002,217.4475423152775
2025-12-26,733.8,741.9,727.0,737.7,564067.0,0.0,SYRMA,0.005246303740546354,9.337138600559866,217.4475423152775
2025-12-29,349.7,350.0,344.55,346.75,2840688.0,0.0,ABCAPITAL,-0.004021255206089314,10.05432808790838,216.3994231127313
2025-12-29,972.5,988.5,967.0,986.65,997808.0,0.0,AUBANK,0.01200061541617514,10.72324762503746,216.3994231127313
2025-12-29,4340.0,4453.3,4316.0,4402.2,477997.0,0.0,CUMMINSIND,0.01283821093318616,10.75112767349794,216.3994231127313
2025-12-29,7324.0,7374.5,7232.5,7272.0,282572.0,0.0,EICHERMOT,-0.007099945385035444,10.70358988974598,216.3994231127313
2025-12-29,902.0,948.0,898.35,924.35,5938576.0,0.0,HBLENGINE,0.02991643454038995,11.081576193107,216.3994231127313
2025-12-29,5637.0,5651.0,5550.5,5566.0,572147.0,0.0,HEROMOTOCO,-0.01259535213766183,10.81123769567899,216.3994231127313
2025-12-29,886.0,887.45,860.9,865.0,9836341.0,0.0,HINDALCO,-0.009050292129682669,10.82383459215636,216.3994231127313
2025-12-29,778.4,789.5,774.35,784.45,1110856.0,0.0,INDIANB,0.007707624124863477,9.691876430086872,216.3994231127313
2025-12-29,1085.0,1089.0,1076.3,1081.4,1522054.0,0.0,LAURUSLABS,-0.003317972350230347,12.92000673062331,216.3994231127313
2025-12-29,301.3,303.5,299.25,300.0,3522551.0,0.0,LTF,-0.004314636574842434,13.36699730065251,216.3994231127313
2025-12-29,6020.0,6117.0,6019.0,6033.5,128969.0,0.0,LTIM,-0.0003313727114572229,10.27469644709635,216.3994231127313
2025-12-29,396.0,396.75,379.8,386.4,3588920.0,0.0,M&MFIN,-0.01966256501331975,10.78821500139924,216.3994231127313
2025-12-29,16600.0,16682.0,16499.0,16542.0,251796.0,0.0,MARUTI,-0.003253796095444739,10.80117874915157,216.3994231127313
2025-12-29,2228.0,2243.8,2180.0,2187.4,2282335.0,0.0,MCX,-0.01040535649656171,11.27192479294585,216.3994231127313
2025-12-29,3812.0,3826.9,3725.6,3736.5,228650.0,0.0,MUTHOOTFIN,-0.01593363181459051,10.36063105858525,216.3994231127313
2025-12-29,310.0,314.0,299.55,300.9,18589007.0,0.0,NATIONALUM,-0.01939058171745167,12.01607165408781,216.3994231127313
2025-12-29,258.0,259.85,257.15,258.85,4154505.0,0.0,NYKAA,-0.002312584312969657,10.05340606799072,216.3994231127313
2025-12-29,1316.0,1327.3,1305.6,1309.0,1376042.0,0.0,PAYTM,-0.004789781798829162,10.65645214809463,216.3994231127313
2025-12-29,7547.5,7611.5,7462.0,7493.5,206255.0,0.0,POLYCAB,-0.008337193144974497,10.22514946279462,216.3994231127313
2025-12-29,736.9,736.95,709.2,712.95,783251.0,0.0,SYRMA,-0.03355022366815774,9.023875512090493,216.3994231127313
2025-12-30,346.75,351.8,345.65,349.3,17642736.0,0.0,ABCAPITAL,0.007354001441961078,10.12826763116481,219.315833996068
2025-12-30,985.0,1000.0,980.5,996.45,10250412.0,0.0,AUBANK,0.00993260021284148,10.82975735668026,219.315833996068
2025-12-30,4402.0,4471.3,4360.0,4389.9,2372971.0,0.0,CUMMINSIND,-0.002794057516696258,10.72108840440884,219.315833996068
2025-12-30,7272.0,7312.0,7132.5,7192.5,1976062.0,0.0,EICHERMOT,-0.01093234323432346,10.58657457123184,219.315833996068
2025-12-30,923.5,941.0,901.5,933.15,1952950.0,0.0,HBLENGINE,0.009520203386163217,11.18707505230465,219.315833996068
2025-12-30,5570.0,5742.5,5566.5,5711.0,2980473.0,0.0,HEROMOTOCO,0.02605102407473958,11.09288150916686,219.315833996068
2025-12-30,868.0,888.3,863.85,884.15,15280248.0,0.0,HINDALCO,0.02213872832369934,11.06346052561276,219.315833996068
2025-12-30,784.45,815.2,778.65,809.0,7951593.0,0.0,INDIANB,0.0312958123526037,9.995191576187493,219.315833996068
2025-12-30,1082.9,1098.4,1077.0,1091.9,2806339.0,0.0,LAURUSLABS,0.009709635657481064,13.04545528866987,219.315833996068
2025-12-30,299.0,307.45,298.45,305.45,25281188.0,0.0,LTF,0.01816666666666666,13.6098310849477,219.315833996068
2025-12-30,6015.0,6093.5,6003.0,6074.0,239568.0,0.0,LTIM,0.006712521753542644,10.34366557050853,219.315833996068
2025-12-30,386.45,408.2,385.1,404.4,11718964.0,0.0,M&MFIN,0.04658385093167694,11.29077160084331,219.315833996068
2025-12-30,16575.0,16818.0,16482.0,16647.0,1055843.0,0.0,MARUTI,0.006347479143997026,10.86973900599239,219.315833996068
2025-12-30,2170.0,2207.6,2162.4,2177.8,2824770.0,0.0,MCX,-0.004388772058151136,11.22245488437299,219.315833996068
2025-12-30,3710.0,3819.0,3690.1,3799.1,1688316.0,0.0,MUTHOOTFIN,0.01675364646059152,10.53420940844942,219.315833996068
2025-12-30,298.0,318.85,298.0,316.6,24881884.0,0.0,NATIONALUM,0.05217680292455973,12.64303185671054,219.315833996068
2025-12-30,258.8,267.2,256.0,263.55,25458240.0,0.0,NYKAA,0.01815723391925816,10.23594811365252,219.315833996068
2025-12-30,1306.0,1309.0,1292.0,1294.6,2723011.0,0.0,PAYTM,-0.01100076394194049,10.53922303355485,219.315833996068
2025-12-30,7475.0,7596.5,7470.0,7497.0,370086.0,0.0,POLYCAB,0.0004670714619336991,10.2299253383027,219.315833996068
2025-12-30,712.95,737.0,711.0,722.7,1190014.0,0.0,SYRMA,0.01367557332211233,9.1472821833057,219.315833996068
2025-12-31,350.85,359.65,349.05,357.7,6976404.0,0.0,ABCAPITAL,0.02404809619238479,10.37183318542128,221.47188654428
2025-12-31,996.05,1006.1,989.65,994.5,1523909.0,0.0,AUBANK,-0.00195694716242667,10.80856409375133,221.47188654428
2025-12-31,4365.0,4459.9,4365.0,4434.4,288657.0,0.0,CUMMINSIND,0.0101369051686826,10.8297670608694,221.47188654428
2025-12-31,7189.0,7322.5,7140.0,7312.5,357381.0,0.0,EICHERMOT,0.01668404588112615,10.76320146710223,221.47188654428
2025-12-31,934.0,937.3,917.05,926.6,1156880.0,0.0,HBLENGINE,-0.007019235921341682,11.10855033324276,221.47188654428
2025-12-31,5709.5,5785.5,5684.5,5771.0,473265.0,0.0,HEROMOTOCO,0.01050604097355978,11.20942377681701,221.47188654428
2025-12-31,886.4,890.0,879.45,886.7,3539118.0,0.0,HINDALCO,0.002884125996720055,11.09536893972837,221.47188654428
2025-12-31,812.9,840.4,806.5,837.25,3654469.0,0.0,INDIANB,0.034919653893696,10.34422020662915,221.47188654428
2025-12-31,1095.0,1119.0,1083.9,1108.0,1585443.0,0.0,LAURUSLABS,0.01474494001282167,13.23780974434126,221.47188654428
2025-12-31,304.4,316.6,302.45,315.95,9647536.0,0.0,LTF,0.03437551154035035,14.07767599047054,221.47188654428
2025-12-31,6052.0,6105.5,6036.5,6063.5,93136.0,0.0,LTIM,-0.001728679618044127,10.32578468666092,221.47188654428
2025-12-31,407.45,408.0,395.5,403.0,4876797.0,0.0,M&MFIN,-0.003461918892185945,11.25168386533099,221.47188654428
2025-12-31,16581.0,16776.0,16581.0,16697.0,314427.0,0.0,MARUTI,0.003003544182134998,10.90238674734517,221.47188654428
2025-12-31,2210.0,2239.6,2197.0,2227.2,2188250.0,0.0,MCX,0.02268344200569361,11.47701878890418,221.47188654428
2025-12-31,3799.1,3859.0,3780.7,3811.7,334171.0,0.0,MUTHOOTFIN,0.003316574978284414,10.56914690378949,221.47188654428
2025-12-31,318.05,319.85,313.45,314.3,11874119.0,0.0,NATIONALUM,-0.007264687302590001,12.55118418371486,221.47188654428
2025-12-31,264.3,266.65,261.7,265.15,5234939.0,0.0,NYKAA,0.006070954278125429,10.29809008664377,221.47188654428
2025-12-31,1302.0,1314.8,1294.3,1298.9,1213575.0,0.0,PAYTM,0.003321489263093058,10.57422894970215,221.47188654428
2025-12-31,7498.0,7659.5,7498.0,7619.0,235002.0,0.0,POLYCAB,0.01627317593704158,10.3963987131557,221.47188654428
2025-12-31,722.4,735.0,722.25,733.15,377297.0,0.0,SYRMA,0.01445966514459651,9.279548820659434,221.47188654428
2026-01-01,3103.0,3103.6,3062.0,3094.9,265253.0,0.0,ANANDRATHI,-0.005622670607891012,10.44584744342207,222.5827728317561
2026-01-01,155.0,156.28,153.55,154.24,18111681.0,0.0,CANBK,-0.004325091988896745,10.45947839406748,222.5827728317561
2026-01-01,4439.0,4504.9,4420.3,4470.6,289174.0,0.0,CUMMINSIND,0.008163449395634403,10.91817531623731,222.5827728317561
2026-01-01,7317.0,7363.0,7271.5,7348.0,155326.0,0.0,EICHERMOT,0.004854700854700855,10.81545359046389,222.5827728317561
2026-01-01,265.2,270.0,262.0,266.6,1520198.0,0.0,GPIL,0.001991957003796063,10.52583844484482,222.5827728317561
2026-01-01,928.0,931.4,915.55,919.3,522197.0,0.0,HBLENGINE,-0.00787826462335428,11.02103423413563,222.5827728317561
2026-01-01,5771.0,5856.0,5730.0,5841.5,384697.0,0.0,HEROMOTOCO,0.01221625368220414,11.34636094130594,222.5827728317561
2026-01-01,888.1,895.95,882.45,894.95,2566505.0,0.0,HINDALCO,0.00930416149768809,11.19860204422003,222.5827728317561
2026-01-01,611.0,621.95,609.45,620.45,1008135.0,0.0,IIFL,0.01629811629811639,10.67612340516378,222.5827728317561
2026-01-01,503.2,522.4,502.6,516.65,2060164.0,0.0,JKTYRE,0.02775014919435059,10.79642601566702,222.5827728317561
2026-01-01,834.0,857.9,828.05,853.75,627100.0,0.0,JSL,0.01727733095025319,10.68640997000012,222.5827728317561
2026-01-01,1108.0,1115.9,1101.1,1110.4,959580.0,0.0,LAURUSLABS,0.002166064981949489,13.26648370046618,222.5827728317561
2026-01-01,315.95,321.9,313.4,317.25,5017284.0,0.0,LTF,0.004114575090995443,14.13559964544003,222.5827728317561
2026-01-01,402.5,405.8,398.25,404.15,2358460.0,0.0,M&MFIN,0.00285359801488827,11.28379164807325,222.5827728317561
2026-01-01,315.5,317.25,312.1,314.6,6888014.0,0.0,NATIONALUM,0.0009545020680878924,12.56316431497516,222.5827728317561
2026-01-01,265.0,268.3,264.25,265.75,2627582.0,0.0,NYKAA,0.002262870073543422,10.32139332651549,222.5827728317561
2026-01-01,3282.0,3307.8,3246.0,3253.9,168345.0,0.0,RADICO,-0.01349138976473441,10.36318723239557,222.5827728317561
2026-01-01,983.2,987.65,980.35,984.75,4328348.0,0.0,SBIN,0.002596212583995117,10.5321860972108,222.5827728317561
2026-01-01,996.2,1025.6,996.0,1019.7,4289057.0,0.0,SHRIRAMFIN,0.02358964063441071,10.7527202347531,222.5827728317561
2026-01-01,603.0,606.9,597.7,602.65,4250535.0,0.0,VEDL,-0.002895433487756449,10.47449683239837,222.5827728317561
2026-01-02,3074.0,3107.5,3055.0,3079.4,149134.0,0.0,ANANDRATHI,-0.005008239361530276,10.39353213909139,224.3103548868378
2026-01-02,154.9,155.67,152.8,154.87,29236511.0,0.0,CANBK,0.00408454356846466,10.50220058927147,224.3103548868378
2026-01-02,4484.0,4493.4,4441.1,4482.1,269527.0,0.0,CUMMINSIND,0.002572361651679955,10.94626081172712,224.3103548868378
2026-01-02,7348.0,7382.5,7298.0,7334.5,227469.0,0.0,EICHERMOT,-0.00183723462166574,10.79558306467847,224.3103548868378
2026-01-02,266.55,273.9,265.85,273.05,2183847.0,0.0,GPIL,0.02419354838709675,10.78049582657494,224.3103548868378
2026-01-02,917.95,944.9,917.0,937.55,1421909.0,0.0,HBLENGINE,0.01985206135102802,11.23982448190347,224.3103548868378
2026-01-02,5900.0,6029.5,5875.0,5933.0,1069537.0,0.0,HEROMOTOCO,0.01566378498673293,11.52408789947242,224.3103548868378
2026-01-02,898.0,927.3,896.55,925.7,5357771.0,0.0,HINDALCO,0.03435946142242585,11.58337997914351,224.3103548868378
2026-01-02,623.5,650.0,619.0,641.4,2441538.0,0.0,IIFL,0.03376581513417665,11.0366114144122,224.3103548868378
2026-01-02,518.8,524.7,509.0,511.55,1179005.0,0.0,JKTYRE,-0.009871286170521576,10.68985140484751,224.3103548868378
2026-01-02,853.75,865.1,847.0,855.4,658245.0,0.0,JSL,0.001932650073206421,10.70706306101096,224.3103548868378
2026-01-02,1110.0,1115.9,1103.2,1106.5,953854.0,0.0,LAURUSLABS,-0.003512247838616811,13.21988852176318,224.3103548868378
2026-01-02,319.5,321.5,316.3,319.75,3861694.0,0.0,LTF,0.007880220646178104,14.24699128961214,224.3103548868378
2026-01-02,403.9,410.0,399.85,402.95,2125824.0,0.0,M&MFIN,-0.002969194605963121,11.25028787477698,224.3103548868378
2026-01-02,316.2,331.4,315.7,330.3,21272570.0,0.0,NATIONALUM,0.04990464081373158,13.19012451759789,224.3103548868378
2026-01-02,266.6,268.4,263.0,264.9,4186213.0,0.0,NYKAA,-0.003198494825964349,10.28838040336389,224.3103548868378
2026-01-02,3253.9,3254.0,3086.0,3094.2,592140.0,0.0,RADICO,-0.04907956605919062,9.854566500039454,224.3103548868378
2026-01-02,984.5,1009.5,983.95,998.95,7357435.0,0.0,SBIN,0.01441990352881439,10.6840592046801,224.3103548868378
2026-01-02,1024.75,1025.0,1007.2,1010.35,5264026.0,0.0,SHRIRAMFIN,-0.00916936353829556,10.65412463389506,224.3103548868378
2026-01-02,604.2,618.45,603.6,616.95,9255218.0,0.0,VEDL,0.02372853231560623,10.72304126897565,224.3103548868378
2026-01-05,3099.0,3145.0,3082.6,3123.6,154296.0,0.0,ANANDRATHI,0.01435344547639139,10.54271513595696,224.608057737137
2026-01-05,155.5,157.6,153.52,154.23,19385780.0,0.0,CANBK,-0.004132498224317271,10.45880026398488,224.608057737137
2026-01-05,4488.0,4515.8,4286.2,4309.8,492433.0,0.0,CUMMINSIND,-0.03844180183396184,10.52546682277984,224.608057737137
2026-01-05,7344.0,7514.5,7328.0,7482.5,426798.0,0.0,EICHERMOT,0.02017860794873538,11.01342290291863,224.608057737137
2026-01-05,274.0,280.4,268.25,274.0,3453704.0,0.0,GPIL,0.003479216260757978,10.81800350295379,224.608057737137
2026-01-05,935.0,984.9,928.75,969.4,3400290.0,0.0,HBLENGINE,0.0339715215188523,11.62165842115857,224.608057737137
2026-01-05,5960.0,6045.0,5925.0,5985.5,653817.0,0.0,HEROMOTOCO,0.008848811730996164,11.6260623836663,224.608057737137
2026-01-05,932.5,937.9,925.85,931.7,5278463.0,0.0,HINDALCO,0.006481581505887402,11.658458600592,224.608057737137
2026-01-05,645.0,649.1,638.15,645.45,1101439.0,0.0,IIFL,0.006314312441534353,11.1063000271786,224.608057737137
2026-01-05,512.4,515.0,506.3,508.25,350732.0,0.0,JKTYRE,-0.006450982308669806,10.62089136255253,224.608057737137
2026-01-05,859.4,870.0,857.0,865.65,622857.0,0.0,JSL,0.01198269815291098,10.83536256577523,224.608057737137
2026-01-05,1106.5,1113.5,1096.7,1103.2,1017074.0,0.0,LAURUSLABS,-0.002982376863985503,13.1804618320914,224.608057737137
2026-01-05,319.0,321.6,316.3,320.3,4877876.0,0.0,LTF,0.001720093823299518,14.27149745133,224.608057737137
2026-01-05,400.0,404.4,382.1,384.2,4430405.0,0.0,M&MFIN,-0.04653182777019482,10.72679141702274,224.608057737137
2026-01-05,332.0,334.8,327.75,330.8,12952006.0,0.0,NATIONALUM,0.001513775355737268,13.21009140303174,224.608057737137
2026-01-05,268.9,272.95,266.9,269.55,7717985.0,0.0,NYKAA,0.01755379388448475,10.46898051236971,224.608057737137
2026-01-05,3099.0,3123.9,3015.0,3104.6,469055.0,0.0,RADICO,0.003361127270376851,9.887688952240477,224.608057737137
2026-01-05,1000.0,1015.5,1000.0,1005.55,11259060.0,0.0,SBIN,0.006606937284148184,10.75464811378555,224.608057737137
2026-01-05,1013.5,1014.8,994.65,1003.35,4603571.0,0.0,SHRIRAMFIN,-0.006928292175978568,10.58030974555214,224.608057737137
2026-01-05,620.5,624.5,609.7,615.65,8336113.0,0.0,VEDL,-0.002107139962719939,10.70044632019589,224.608057737137
2026-01-06,3105.6,3170.0,3101.0,3149.2,183406.0,0.0,ANANDRATHI,0.008195671660903958,10.6291197676257,225.3020729093836
2026-01-06,154.5,156.12,152.6,153.88,17196220.0,0.0,CANBK,-0.002269338001685717,10.43506571109378,225.3020729093836
2026-01-06,4309.8,4326.2,4117.0,4130.3,1031214.0,0.0,CUMMINSIND,-0.04164926446702866,10.08708887143895,225.3020729093836
2026-01-06,7514.0,7569.0,7484.5,7522.5,396099.0,0.0,EICHERMOT,0.005345806882726345,11.07229853487543,225.3020729093836
2026-01-06,275.05,276.4,271.0,274.05,1482185.0,0.0,GPIL,0.0001824817518247812,10.81997759118426,225.3020729093836
2026-01-06,971.3,977.8,945.0,948.65,1062052.0,0.0,HBLENGINE,-0.02140499277903862,11.37289690657322,225.3020729093836
2026-01-06,6010.0,6037.0,5960.0,6000.0,453152.0,0.0,HEROMOTOCO,0.002422521092640517,11.65422676501509,225.3020729093836
2026-01-06,936.0,970.8,936.0,942.25,10369133.0,0.0,HINDALCO,0.01132338735644511,11.79047184330558,225.3020729093836
2026-01-06,649.8,675.0,645.65,665.15,3802351.0,0.0,IIFL,0.03052134169958931,11.44527920532628,225.3020729093836
2026-01-06,508.55,511.95,497.6,510.65,721177.0,0.0,JKTYRE,0.004722085587801184,10.67104412058524,225.3020729093836
2026-01-06,870.0,871.2,856.5,860.9,563558.0,0.0,JSL,-0.005487206145670886,10.77590669771374,225.3020729093836
2026-01-06,1134.0,1134.0,1105.2,1115.9,1138196.0,0.0,LAURUSLABS,0.01151196519216824,13.33219484991914,225.3020729093836
2026-01-06,324.4,329.45,316.85,319.35,8344558.0,0.0,LTF,-0.002965969403683988,14.2291686265446,225.3020729093836
2026-01-06,386.1,387.0,372.3,374.35,2279370.0,0.0,M&MFIN,-0.02563768870380001,10.45178127788252,225.3020729093836
2026-01-06,333.4,351.7,333.0,346.7,41794775.0,0.0,NATIONALUM,0.04806529625151135,13.845038359828,225.3020729093836
2026-01-06,270.0,271.15,267.15,269.05,2829075.0,0.0,NYKAA,-0.001854943424225541,10.44956114580994,225.3020729093836
2026-01-06,3112.4,3163.4,3074.0,3128.6,229834.0,0.0,RADICO,0.007730464472073706,9.96412538039669,225.3020729093836
2026-01-06,1007.95,1024.0,1004.95,1018.9,9575742.0,0.0,SBIN,0.01327631644373728,10.89743022538521,225.3020729093836
2026-01-06,1002.5,1011.75,992.45,1002.65,4352915.0,0.0,SHRIRAMFIN,-0.0006976628295211063,10.57292825671785,225.3020729093836
2026-01-06,618.2,627.9,618.0,621.75,10820314.0,0.0,VEDL,0.00990822707707295,10.80646877216242,225.3020729093836
2026-01-07,3150.0,3180.5,3150.0,3166.1,182284.0,0.0,ANANDRATHI,0.005366442271053096,10.68616032525077,225.0261804312287
2026-01-07,154.1,156.39,151.71,152.96,22810626.0,0.0,CANBK,-0.005978684689368241,10.37267774349431,225.0261804312287
2026-01-07,4130.3,4173.0,4120.4,4147.9,778593.0,0.0,CUMMINSIND,0.004261191680991594,10.13007189062335,225.0261804312287
2026-01-07,7523.0,7597.0,7490.0,7582.5,380761.0,0.0,EICHERMOT,0.007976071784645988,11.16061198281062,225.0261804312287
2026-01-07,276.75,277.7,272.35,275.7,1949578.0,0.0,GPIL,0.006020799124247356,10.88512250278963,225.0261804312287
2026-01-07,949.0,960.0,942.15,956.9,902428.0,0.0,HBLENGINE,0.008696568808306493,11.47180208707101,225.0261804312287
2026-01-07,6033.5,6049.0,5944.0,5981.0,609748.0,0.0,HEROMOTOCO,-0.003166666666666651,11.61732171359254,225.0261804312287
2026-01-07,951.05,954.6,935.1,938.45,6555117.0,0.0,HINDALCO,-0.004032899973467674,11.74292204972154,225.0261804312287
2026-01-07,665.05,665.5,648.4,656.95,2403638.0,0.0,IIFL,-0.01232804630534456,11.30418127330542,225.0261804312287
2026-01-07,511.7,518.3,509.35,512.2,783296.0,0.0,JKTYRE,0.003035347106628894,10.70343444348137,225.0261804312287
2026-01-07,863.15,884.0,848.15,855.0,713444.0,0.0,JSL,-0.006853293065396615,10.70205625106894,225.0261804312287
2026-01-07,1115.9,1141.0,1113.8,1128.5,1358594.0,0.0,LAURUSLABS,0.01129133434895602,13.48273311957501,225.0261804312287
2026-01-07,319.0,319.0,311.1,313.95,4959976.0,0.0,LTF,-0.01690934711131997,13.98856267513286,225.0261804312287
2026-01-07,372.9,376.3,355.1,360.0,5107714.0,0.0,M&MFIN,-0.03833311072525714,10.05113198888128,225.0261804312287
2026-01-07,350.8,357.6,347.1,352.6,31378469.0,0.0,NATIONALUM,0.01701759446207096,14.08064760794737,225.0261804312287
2026-01-07,269.95,270.0,264.5,266.35,5240442.0,0.0,NYKAA,-0.01003530942204045,10.34469656638721,225.0261804312287
2026-01-07,3139.0,3239.0,3115.0,3207.3,442543.0,0.0,RADICO,0.02515502141532955,10.2147731677256,225.0261804312287
2026-01-07,1022.7,1022.7,1004.0,1007.15,7896720.0,0.0,SBIN,-0.01153204436156641,10.77176057659899,225.0261804312287
2026-01-07,996.05,1003.1,990.25,995.85,4191098.0,0.0,SHRIRAMFIN,-0.006782027626788922,10.50122236518473,225.0261804312287
2026-01-07,625.95,629.9,618.3,622.2,10182854.0,0.0,VEDL,0.0007237635705670264,10.81429010058618,225.0261804312287
2026-01-08,3188.0,3188.0,3130.0,3142.3,183231.0,0.0,ANANDRATHI,-0.007517134645146917,10.60583101924624,219.5185296696191
2026-01-08,153.15,153.8,149.64,150.46,17324688.0,0.0,CANBK,-0.01634414225941427,10.20314522284358,219.5185296696191
2026-01-08,4148.0,4235.0,4096.0,4118.0,1117650.0,0.0,CUMMINSIND,-0.007208466935075486,10.05704960234985,219.5185296696191
2026-01-08,7590.0,7601.0,7539.0,7551.0,459727.0,0.0,EICHERMOT,-0.004154302670623111,11.11424742264464,219.5185296696191
2026-01-08,280.0,280.0,268.05,269.4,3309716.0,0.0,GPIL,-0.02285092491838958,10.63638738575092,219.5185296696191
2026-01-08,952.0,958.6,907.1,911.1,1538055.0,0.0,HBLENGINE,-0.04786289058417803,10.92272847897419,219.5185296696191
2026-01-08,5981.0,5985.0,5830.0,5850.0,562060.0,0.0,HEROMOTOCO,-0.02190269185754889,11.36287109588971,219.5185296696191
2026-01-08,934.05,934.2,898.6,903.95,6266789.0,0.0,HINDALCO,-0.0367627470829559,11.31121997639276,219.5185296696191
2026-01-08,656.95,657.0,639.85,647.55,1240235.0,0.0,IIFL,-0.01430854707359785,11.14243486342784,219.5185296696191
2026-01-08,512.2,523.95,504.2,506.85,2129936.0,0.0,JKTYRE,-0.01044513861772745,10.59163558703345,219.5185296696191
2026-01-08,857.25,862.9,801.1,805.8,822468.0,0.0,JSL,-0.0575438596491229,10.08621862820041,219.5185296696191
2026-01-08,1131.9,1131.9,1092.7,1100.9,1379464.0,0.0,LAURUSLABS,-0.02445724412937522,13.15298262413835,219.5185296696191
2026-01-08,312.8,313.4,305.0,307.3,5757228.0,0.0,LTF,-0.0211817168338907,13.69226090163506,219.5185296696191
2026-01-08,361.8,369.0,353.65,355.05,3738500.0,0.0,M&MFIN,-0.01374999999999993,9.912928924034166,219.5185296696191
2026-01-08,348.0,348.0,331.75,333.5,27665985.0,0.0,NATIONALUM,-0.05416903006239371,13.3179125843745,219.5185296696191
2026-01-08,266.35,267.7,255.65,256.65,6101910.0,0.0,NYKAA,-0.03641824666791837,9.96796085512775,219.5185296696191
2026-01-08,3209.0,3214.9,3057.7,3079.4,249814.0,0.0,RADICO,-0.03987777881707355,9.807430702676458,219.5185296696191
2026-01-08,1006.6,1011.6,995.85,998.0,6854268.0,0.0,SBIN,-0.009085041950057104,10.67389867988462,219.5185296696191
2026-01-08,1001.4,1002.55,981.1,992.9,3804564.0,0.0,SHRIRAMFIN,-0.002962293518100179,10.47011466224022,219.5185296696191
2026-01-08,619.0,619.1,595.0,603.5,18002061.0,0.0,VEDL,-0.0300546448087432,10.48927045275436,219.5185296696191
2026-01-09,3139.6,3155.0,3102.1,3145.4,214935.0,0.0,ANANDRATHI,0.0009865385227381118,10.61629408011237,217.3226774426679
2026-01-09,150.4,152.9,149.21,150.54,18132919.0,0.0,CANBK,0.0005317027781468475,10.2085702635044,217.3226774426679
2026-01-09,4120.1,4193.5,4100.4,4116.7,929594.0,0.0,CUMMINSIND,-0.0003156872268091915,10.053874720251,217.3226774426679
2026-01-09,7582.0,7613.5,7486.0,7507.0,474627.0,0.0,EICHERMOT,-0.005827042775791269,11.04948422749216,217.3226774426679
2026-01-09,267.2,271.0,256.95,258.4,1794895.0,0.0,GPIL,-0.04083147735708981,10.20208797504839,217.3226774426679
2026-01-09,910.0,918.95,875.0,878.25,1635058.0,0.0,HBLENGINE,-0.03605531774777748,10.52890603299207,217.3226774426679
2026-01-09,5850.0,5891.0,5751.0,5773.0,500234.0,0.0,HEROMOTOCO,-0.0131623931623932,11.21330851907202,217.3226774426679
2026-01-09,902.0,908.45,894.0,900.95,4320582.0,0.0,HINDALCO,-0.003318767630953068,11.27368066566852,217.3226774426679
2026-01-09,647.9,656.7,638.65,649.3,1846485.0,0.0,IIFL,0.002702494015906165,11.17254722696888,217.3226774426679
2026-01-09,507.0,515.8,499.25,506.5,973215.0,0.0,JKTYRE,-0.0006905396073789705,10.58432164315367,217.3226774426679
2026-01-09,803.7,807.0,766.65,772.15,1102234.0,0.0,JSL,-0.04175974187143205,9.66502074182793,217.3226774426679
2026-01-09,1095.0,1107.8,1079.6,1083.0,1612326.0,0.0,LAURUSLABS,-0.01625942410754844,12.93912270137327,217.3226774426679
2026-01-09,306.0,310.55,298.3,299.7,5438329.0,0.0,LTF,-0.02473153270419792,13.35363030335186,217.3226774426679
2026-01-09,356.4,359.3,346.8,348.5,2919673.0,0.0,M&MFIN,-0.01844810590057744,9.730054161458686,217.3226774426679
2026-01-09,330.85,349.4,328.85,348.05,28744580.0,0.0,NATIONALUM,0.04362818590704642,13.89894895049938,217.3226774426679
2026-01-09,257.0,258.6,253.0,254.0,3097714.0,0.0,NYKAA,-0.01032534580167532,9.865038212360993,217.3226774426679
2026-01-09,3091.2,3091.2,2919.0,2945.8,435632.0,0.0,RADICO,-0.04338507501461319,9.38193458594022,217.3226774426679
2026-01-09,996.0,1008.0,994.0,1000.5,7809460.0,0.0,SBIN,0.00250501002004011,10.70063690303062,217.3226774426679
2026-01-09,987.0,993.2,961.0,975.4,6949168.0,0.0,SHRIRAMFIN,-0.017625138483231,10.28557744138293,217.3226774426679
2026-01-09,603.0,615.3,602.35,609.85,10839255.0,0.0,VEDL,0.01052195526097766,10.59963808717853,217.3226774426679
2026-01-12,3149.9,3163.5,3078.0,3131.7,391470.0,0.0,ANANDRATHI,-0.004355566859540971,10.5700541014459,215.982530746357
2026-01-12,150.55,151.36,146.96,150.02,25793554.0,0.0,CANBK,-0.003454231433505872,10.17330749920905,215.982530746357
2026-01-12,4032.3,4091.3,3893.0,3974.7,1559613.0,0.0,CUMMINSIND,-0.03449364782471398,9.70707990637687,215.982530746357
2026-01-12,7477.0,7507.0,7322.0,7436.0,315579.0,0.0,EICHERMOT,-0.009457839349940045,10.94497998076885,215.982530746357
2026-01-12,259.45,263.45,253.0,254.7,2434377.0,0.0,GPIL,-0.01431888544891635,10.05600544599391,215.982530746357
2026-01-12,875.0,880.0,848.55,861.15,1916728.0,0.0,HBLENGINE,-0.01947053800170795,10.32390256796029,215.982530746357
2026-01-12,5773.0,5792.0,5627.0,5726.5,314329.0,0.0,HEROMOTOCO,-0.008054737571453363,11.12298826164315,215.982530746357
2026-01-12,909.95,921.95,897.0,920.15,6884726.0,0.0,HINDALCO,0.02131083855929838,11.51393225430366,215.982530746357
2026-01-12,649.55,653.9,627.35,641.75,1521908.0,0.0,IIFL,-0.0116279069767441,11.04263388712041,215.982530746357
2026-01-12,500.05,505.0,482.6,502.3,1071753.0,0.0,JKTYRE,-0.00829220138203357,10.49655431659643,215.982530746357
2026-01-12,770.0,781.9,748.55,772.35,739046.0,0.0,JSL,0.0002590170303697903,9.667524146798943,215.982530746357
2026-01-12,1085.0,1087.0,1025.3,1043.2,2428156.0,0.0,LAURUSLABS,-0.03674976915974137,12.46361292896823,215.982530746357
2026-01-12,299.7,301.15,292.4,296.15,6677927.0,0.0,LTF,-0.01184517851184519,13.19545416862747,215.982530746357
2026-01-12,346.5,355.0,343.0,353.55,2277275.0,0.0,M&MFIN,0.01449067431850803,9.871049207413828,215.982530746357
2026-01-12,352.0,356.4,344.3,350.05,23846101.0,0.0,NATIONALUM,0.00574630081884786,13.97881649223476,215.982530746357
2026-01-12,254.15,254.15,249.8,252.75,3172973.0,0.0,NYKAA,-0.004921259842519676,9.816489795961578,215.982530746357
2026-01-12,2962.0,2962.0,2781.3,2831.8,963017.0,0.0,RADICO,-0.03869916491275716,9.018861552198219,215.982530746357
2026-01-12,1008.0,1017.25,996.0,1015.15,7617922.0,0.0,SBIN,0.01464267866066971,10.8573228906662,215.982530746357
2026-01-12,979.0,985.65,962.45,972.8,5510203.0,0.0,SHRIRAMFIN,-0.002665573098216134,10.25816048285556,215.982530746357
2026-01-12,619.85,628.7,614.8,627.35,13566302.0,0.0,VEDL,0.02869558088054447,10.90380085921366,215.982530746357
2026-01-13,3129.8,3205.5,3024.4,3152.2,633595.0,0.0,ANANDRATHI,0.00654596545007502,10.63924531039939,217.5569601241714
2026-01-13,150.99,151.59,149.24,150.86,13262673.0,0.0,CANBK,0.005599253432875706,10.2302704261477,217.5569601241714
2026-01-13,3970.0,4008.5,3929.1,3977.8,693509.0,0.0,CUMMINSIND,0.0007799330767102042,9.714650779074123,217.5569601241714
2026-01-13,7488.0,7514.5,7348.0,7404.0,262636.0,0.0,EICHERMOT,-0.004303388918773576,10.89787947520341,217.5569601241714
2026-01-13,258.0,261.25,255.7,259.2,1337523.0,0.0,GPIL,0.0176678445229681,10.23367338673585,217.5569601241714
2026-01-13,860.05,869.0,834.85,846.05,1156178.0,0.0,HBLENGINE,-0.01753469198165247,10.14287611638252,217.5569601241714
2026-01-13,5780.0,5780.0,5680.5,5734.5,336437.0,0.0,HEROMOTOCO,0.001397013882825426,11.13852723066317,217.5569601241714
2026-01-13,927.4,937.9,922.95,936.3,6868939.0,0.0,HINDALCO,0.0175514861707331,11.71601887703583,217.5569601241714
2026-01-13,644.0,650.7,630.65,637.55,802349.0,0.0,IIFL,-0.006544604596805725,10.97036421462191,217.5569601241714
2026-01-13,507.85,513.5,500.85,504.2,452735.0,0.0,JKTYRE,0.003782600039816897,10.53625858337232,217.5569601241714
2026-01-13,776.7,809.8,776.7,784.4,1783303.0,0.0,JSL,0.01560173496471795,9.818354296302312,217.5569601241714
2026-01-13,1043.2,1063.2,1023.8,1058.3,1574593.0,0.0,LAURUSLABS,0.01447469325153361,12.64401990292089,217.5569601241714
2026-01-13,298.4,302.25,285.35,288.65,8485545.0,0.0,LTF,-0.02532500422083406,12.86127923611116,217.5569601241714
2026-01-13,356.5,363.45,351.9,362.8,2315156.0,0.0,M&MFIN,0.0261632018102107,10.12930745990591,217.5569601241714
2026-01-13,353.0,359.8,351.15,357.4,17824247.0,0.0,NATIONALUM,0.02099700042851005,14.27232970811228,217.5569601241714
2026-01-13,253.7,256.0,248.4,254.6,8428359.0,0.0,NYKAA,0.007319485657764524,9.88834145223271,217.5569601241714
2026-01-13,2855.5,2966.0,2845.9,2927.9,718456.0,0.0,RADICO,0.03393601243025635,9.324925749940379,217.5569601241714
2026-01-13,1022.8,1029.5,1016.0,1028.45,11016895.0,0.0,SBIN,0.01310151209180921,10.99957023780295,217.5569601241714
2026-01-13,975.0,987.65,969.2,979.05,3860197.0,0.0,SHRIRAMFIN,0.006424753289473673,10.32406663316173,217.5569601241714
2026-01-13,631.1,642.5,629.1,637.2,17754332.0,0.0,VEDL,0.01570096437395407,11.07500104804487,217.5569601241714
2026-01-14,3135.0,3149.0,3061.2,3084.2,236135.0,0.0,ANANDRATHI,-0.02157223526425989,10.40973300752928,220.2257603951128
2026-01-14,151.3,154.55,150.4,153.89,21735599.0,0.0,CANBK,0.0200848468778998,10.43574384117638,220.2257603951128
2026-01-14,3970.0,4038.4,3946.0,4029.2,853871.0,0.0,CUMMINSIND,0.0129217155211423,9.840180732828562,220.2257603951128
2026-01-14,7390.0,7390.0,7236.0,7358.0,426082.0,0.0,EICHERMOT,-0.006212857914640768,10.83017249845309,220.2257603951128
2026-01-14,259.4,267.35,256.8,265.15,2385429.0,0.0,GPIL,0.02295524691358031,10.4685898861613,220.2257603951128
2026-01-14,846.0,885.0,841.0,878.25,2305129.0,0.0,HBLENGINE,0.03805921635837128,10.52890603299207,220.2257603951128
2026-01-14,5720.0,5741.0,5640.0,5676.5,368182.0,0.0,HEROMOTOCO,-0.01011422094341263,11.02586970526802,220.2257603951128
2026-01-14,941.0,959.0,936.75,955.35,7050653.0,0.0,HINDALCO,0.0203460429349569,11.95439350013477,220.2257603951128
2026-01-14,640.0,640.85,629.4,635.35,674117.0,0.0,IIFL,-0.003450709748254899,10.93250867188461,220.2257603951128
2026-01-14,501.0,510.7,500.05,506.15,434644.0,0.0,JKTYRE,0.003867512891709612,10.5770076992739,220.2257603951128
2026-01-14,780.4,799.25,769.55,794.1,752362.0,0.0,JSL,0.01236613972463041,9.939769437396311,220.2257603951128
2026-01-14,1063.0,1098.9,1057.8,1090.5,2383234.0,0.0,LAURUSLABS,0.0304261551544931,13.02872881426366,220.2257603951128
2026-01-14,286.1,296.45,283.7,295.8,10569647.0,0.0,LTF,0.02477048328425435,13.17985933844338,220.2257603951128
2026-01-14,362.8,363.8,353.05,354.95,1850607.0,0.0,M&MFIN,-0.02163726571113567,9.910136942926142,220.2257603951128
2026-01-14,359.0,374.3,356.3,373.55,27306024.0,0.0,NATIONALUM,0.04518746502518201,14.91726010762546,220.2257603951128
2026-01-14,255.9,256.3,251.1,254.85,3678434.0,0.0,NYKAA,0.0009819324430480059,9.898051135512596,220.2257603951128
2026-01-14,2927.9,2949.8,2889.5,2907.4,296806.0,0.0,RADICO,-0.007001605246080844,9.259636300890282,220.2257603951128
2026-01-14,1030.0,1030.4,1020.5,1028.35,7370514.0,0.0,SBIN,-9.723370120096053e-05,10.9985007088771,220.2257603951128
2026-01-14,980.0,990.5,970.4,981.1,3846614.0,0.0,SHRIRAMFIN,0.002093866503243058,10.34568385046216,220.2257603951128
2026-01-14,647.0,679.45,642.15,675.75,45759805.0,0.0,VEDL,0.06049905838041414,11.74502818301368,220.2257603951128
2026-01-16,3084.2,3140.0,3055.0,3092.2,175899.0,0.0,ANANDRATHI,0.002593865508073501,10.43673445492576,218.7608744260226
2026-01-16,154.0,157.72,153.85,157.13,35174000.0,0.0,CANBK,0.02105399961011112,10.65545798793973,218.7608744260226
2026-01-16,3975.0,4076.4,3970.1,4062.0,404603.0,0.0,CUMMINSIND,0.008140573811178387,9.920285450399488,218.7608744260226
2026-01-16,7330.0,7417.0,7298.5,7315.0,441023.0,0.0,EICHERMOT,-0.005843979342212591,10.76688119409953,218.7608744260226
2026-01-16,263.0,265.0,256.3,257.55,1112642.0,0.0,GPIL,-0.02866302093154804,10.16852847513047,218.7608744260226
2026-01-16,785.0,819.9,757.7,796.05,12507092.0,0.0,HBLENGINE,-0.09359521776259616,9.543450780032268,218.7608744260226
2026-01-16,5622.0,5732.0,5617.5,5651.5,588398.0,0.0,HEROMOTOCO,-0.004404122258433896,10.97731042708046,218.7608744260226
2026-01-16,966.5,966.5,930.0,934.65,4037987.0,0.0,HINDALCO,-0.02166745171926521,11.6953722561375,218.7608744260226
2026-01-16,635.35,641.35,626.75,633.65,931932.0,0.0,IIFL,-0.002675690564255984,10.9032566615876,218.7608744260226
2026-01-16,509.4,510.15,498.85,503.4,478094.0,0.0,JKTYRE,-0.005433171984589591,10.51954099736142,218.7608744260226
2026-01-16,801.15,815.9,792.7,813.3,745507.0,0.0,JSL,0.0241783150736683,10.1800963146133,218.7608744260226
2026-01-16,1095.0,1096.9,1070.4,1076.8,1410479.0,0.0,LAURUSLABS,-0.01256304447501155,12.86504831471721,218.7608744260226
2026-01-16,298.0,299.55,292.75,296.4,6787271.0,0.0,LTF,0.002028397565922768,13.20659333304468,218.7608744260226
2026-01-16,356.05,360.4,352.3,356.15,1935209.0,0.0,M&MFIN,0.003380757853218785,9.943640716222413,218.7608744260226
2026-01-16,366.25,369.8,360.4,361.6,17073322.0,0.0,NATIONALUM,-0.03199036273591216,14.44005154575657,218.7608744260226
2026-01-16,251.0,256.7,249.4,252.85,2644636.0,0.0,NYKAA,-0.007847753580537575,9.820373669273533,218.7608744260226
2026-01-16,2922.6,2947.9,2870.6,2891.1,363997.0,0.0,RADICO,-0.005606383710531793,9.207723226767522,218.7608744260226
2026-01-16,1032.0,1047.45,1028.4,1042.3,11051580.0,0.0,SBIN,0.01356542033354402,11.1476999940318,218.7608744260226
2026-01-16,981.0,1022.0,981.0,995.45,13316550.0,0.0,SHRIRAMFIN,0.01462643971052913,10.49700437156514,218.7608744260226
2026-01-16,675.75,686.0,664.35,682.7,27743749.0,0.0,VEDL,0.010284868664447,11.86582425533621,218.7608744260226
2026-01-19,3070.0,3129.4,3045.0,3097.8,188628.0,0.0,ANANDRATHI,0.001811008343574283,10.4556354681033,218.6088558094886
2026-01-19,157.45,159.1,156.05,156.86,24657963.0,0.0,CANBK,-0.001718322408196915,10.63714847570945,218.6088558094886
2026-01-19,4061.9,4061.9,4001.0,4031.3,341836.0,0.0,CUMMINSIND,-0.007557853274249071,9.845309388526701,218.6088558094886
2026-01-19,7300.0,7373.0,7268.5,7323.5,211682.0,0.0,EICHERMOT,0.001161995898838031,10.77939226589035,218.6088558094886
2026-01-19,257.0,258.3,245.9,250.2,1670236.0,0.0,GPIL,-0.02853814793244036,9.878337505251967,218.6088558094886
2026-01-19,790.0,790.8,751.1,756.3,2859676.0,0.0,HBLENGINE,-0.04993404936875823,9.066907637633824,218.6088558094886
2026-01-19,5625.0,5787.5,5590.0,5762.5,581040.0,0.0,HEROMOTOCO,0.01964080332655049,11.19291362223324,218.6088558094886
2026-01-19,938.5,946.8,928.45,939.95,4007683.0,0.0,HINDALCO,0.005670571871823737,11.76169170508366,218.6088558094886
2026-01-19,632.0,654.45,630.0,651.8,1970220.0,0.0,IIFL,0.0286435729503669,11.21556488917036,218.6088558094886
2026-01-19,501.0,510.0,497.15,506.65,456511.0,0.0,JKTYRE,0.006456098529995957,10.58745619053071,218.6088558094886
2026-01-19,808.0,816.0,801.6,804.25,465560.0,0.0,JSL,-0.01112750522562389,10.06681723967508,218.6088558094886
2026-01-19,1067.0,1075.8,1052.2,1062.7,4147522.0,0.0,LAURUSLABS,-0.013094353640416,12.69658882248326,218.6088558094886
2026-01-19,284.5,301.8,282.3,300.05,21465689.0,0.0,LTF,0.01231443994601911,13.36922513353596,218.6088558094886
2026-01-19,355.05,363.8,352.9,360.6,1072446.0,0.0,M&MFIN,0.012494735364313,10.06788387552942,218.6088558094886
2026-01-19,363.0,369.25,360.1,368.65,12485722.0,0.0,NATIONALUM,0.01949668141592897,14.72158463037378,218.6088558094886
2026-01-19,252.75,256.65,249.05,250.8,2578023.0,0.0,NYKAA,-0.008107573660272815,9.740754266378493,218.6088558094886
2026-01-19,2891.0,2927.8,2828.5,2837.5,278320.0,0.0,RADICO,-0.01853965618622666,9.037015203885318,218.6088558094886
2026-01-19,1035.0,1043.6,1034.0,1038.4,5460164.0,0.0,SBIN,-0.003741725031180865,11.10598836592404,218.6088558094886
2026-01-19,1002.0,1014.5,991.2,1010.35,4908985.0,0.0,SHRIRAMFIN,0.01496810487719125,10.65412463389506,218.6088558094886
2026-01-19,684.95,688.0,673.5,674.8,16748844.0,0.0,VEDL,-0.01157170060055679,11.72851648967463,218.6088558094886
2026-01-20,3083.8,3092.9,3017.6,3066.9,214088.0,0.0,ANANDRATHI,-0.009974820840596532,10.35134237753438,213.2786616444746
2026-01-20,157.5,159.09,153.06,153.68,35087078.0,0.0,CANBK,-0.02027285477495855,10.42150310944172,213.2786616444746
2026-01-20,4034.0,4062.0,4000.0,4020.9,440629.0,0.0,CUMMINSIND,-0.002579812963560135,9.81991033173592,213.2786616444746
2026-01-20,7336.0,7375.0,7130.0,7173.5,302200.0,0.0,EICHERMOT,-0.0204820099679115,10.55860864605236,213.2786616444746
2026-01-20,250.75,251.7,238.1,239.05,2173046.0,0.0,GPIL,-0.04456434852118296,9.438115829858045,213.2786616444746
2026-01-20,753.5,757.0,700.0,705.15,3928325.0,0.0,HBLENGINE,-0.06763189210630705,8.453695518547521,213.2786616444746
2026-01-20,5779.0,5845.0,5555.0,5580.5,394664.0,0.0,HEROMOTOCO,-0.03158351409978311,10.83940207702778,213.2786616444746
2026-01-20,944.5,949.85,925.7,928.1,5709976.0,0.0,HINDALCO,-0.01260705356667913,11.6134114277229,213.2786616444746
2026-01-20,653.0,654.05,627.5,630.6,2171713.0,0.0,IIFL,-0.03252531451365437,10.8507751137018,213.2786616444746
2026-01-20,510.45,516.95,488.7,499.95,1415073.0,0.0,JKTYRE,-0.01322411921444777,10.44744640768939,213.2786616444746
2026-01-20,804.25,811.7,753.3,759.5,784258.0,0.0,JSL,-0.05564190239353439,9.506680377411532,213.2786616444746
2026-01-20,1065.0,1066.4,1015.0,1035.5,2915781.0,0.0,LAURUSLABS,-0.02559518208337264,12.37161731973409,213.2786616444746
2026-01-20,300.0,309.4,292.5,293.8,10309616.0,0.0,LTF,-0.02082986168971834,13.0907460231057,213.2786616444746
2026-01-20,360.6,361.7,350.0,351.9,1481871.0,0.0,M&MFIN,-0.02412645590682205,9.824981519131455,213.2786616444746
2026-01-20,367.5,370.8,357.2,358.95,13324472.0,0.0,NATIONALUM,-0.02631222026312219,14.3342270529572,213.2786616444746
2026-01-20,249.55,250.2,241.15,242.35,3608580.0,0.0,NYKAA,-0.03369218500797455,9.412566971518451,213.2786616444746
2026-01-20,2852.9,2852.9,2722.0,2753.5,397891.0,0.0,RADICO,-0.02960352422907486,8.76948770533858,213.2786616444746
2026-01-20,1039.75,1052.0,1033.05,1036.4,8905718.0,0.0,SBIN,-0.001926040061633327,11.08459778740724,213.2786616444746
2026-01-20,1005.0,1008.05,983.0,987.5,6129218.0,0.0,SHRIRAMFIN,-0.02261592517444455,10.41317174837569,213.2786616444746
2026-01-20,676.0,686.5,669.15,671.8,18175860.0,0.0,VEDL,-0.00444576170717248,11.67637430018289,213.2786616444746
2026-01-21,3040.0,3060.0,2986.1,3053.5,220599.0,0.0,ANANDRATHI,-0.004369232775767062,10.30611495314527,212.2430206342206
2026-01-21,152.8,155.49,149.81,150.76,24315864.0,0.0,CANBK,-0.01900052056220725,10.22348912532166,212.2430206342206
2026-01-21,4020.9,4034.2,3931.9,4000.7,385165.0,0.0,CUMMINSIND,-0.005023750901539503,9.770577548353824,212.2430206342206
2026-01-21,7100.5,7219.0,7005.0,7140.0,480751.0,0.0,EICHERMOT,-0.004669965846518465,10.50930030428854,212.2430206342206
2026-01-21,239.85,244.1,237.25,242.75,1576340.0,0.0,GPIL,0.01547793348671811,9.584198358912529,212.2430206342206
2026-01-21,705.0,739.0,701.1,705.2,5026138.0,0.0,HBLENGINE,7.090689924149629e-05,8.454294943883873,212.2430206342206
2026-01-21,5580.5,5642.0,5504.0,5538.5,406596.0,0.0,HEROMOTOCO,-0.007526207329092371,10.75782248967267,212.2430206342206
2026-01-21,928.75,944.15,926.4,939.2,5590031.0,0.0,HINDALCO,0.01195991811227248,11.7523068774026,212.2430206342206
2026-01-21,626.0,631.75,598.05,622.85,2719019.0,0.0,IIFL,-0.01228988265144304,10.7174203608772,212.2430206342206
2026-01-21,499.95,512.45,490.5,510.95,1155995.0,0.0,JKTYRE,0.02200220022002197,10.67731321533932,212.2430206342206
2026-01-21,758.0,758.75,735.0,749.95,507681.0,0.0,JSL,-0.01257406188281762,9.387142790045793,212.2430206342206
2026-01-21,1033.6,1050.0,980.1,987.9,2490377.0,0.0,LAURUSLABS,-0.04596813133751809,11.80291718992304,212.2430206342206
2026-01-21,293.25,296.6,276.75,281.35,13697608.0,0.0,LTF,-0.04237576582709324,12.53601563512862,212.2430206342206
2026-01-21,348.55,358.7,343.8,349.65,1810388.0,0.0,M&MFIN,-0.006393861892583175,9.762161944200948,212.2430206342206
2026-01-21,354.05,363.0,353.15,361.5,12016882.0,0.0,NATIONALUM,0.007104053489343842,14.4360581686698,212.2430206342206
2026-01-21,241.05,245.1,237.9,241.65,5412322.0,0.0,NYKAA,-0.00288838456777385,9.38537985833478,212.2430206342206
2026-01-21,2759.8,2852.0,2700.0,2832.4,654467.0,0.0,RADICO,0.02865443980388593,9.020772462902123,212.2430206342206
2026-01-21,1032.0,1040.6,1022.0,1028.65,7408949.0,0.0,SBIN,-0.00747780779621765,11.00170929565463,212.2430206342206
2026-01-21,982.55,997.5,972.55,986.0,7042588.0,0.0,SHRIRAMFIN,-0.001518987341772138,10.3973542723022,212.2430206342206
2026-01-21,671.8,677.9,659.0,676.65,16508847.0,0.0,VEDL,0.007219410538850779,11.7606708398612,212.2430206342206
2026-01-22,3068.3,3074.9,2985.0,3008.3,206453.0,0.0,ANANDRATHI,-0.01480268544293428,10.15355677535514,213.5147916383644
2026-01-22,152.0,155.59,152.0,154.68,18824351.0,0.0,CANBK,0.02600159193420026,10.48931611770201,213.5147916383644
2026-01-22,4015.0,4079.8,3997.5,4067.8,454883.0,0.0,CUMMINSIND,0.01677206488864469,9.934450308994348,213.5147916383644
2026-01-22,7175.0,7325.0,7026.0,7049.0,366499.0,0.0,EICHERMOT,-0.01274509803921564,10.37535824158682,213.5147916383644
2026-01-22,244.1,252.4,244.1,250.55,1421662.0,0.0,GPIL,0.03213182286302785,9.892156122865229,213.5147916383644
2026-01-22,720.95,733.0,712.4,726.6,1801140.0,0.0,HBLENGINE,0.03034600113442987,8.710848987841779,213.5147916383644
2026-01-22,5593.0,5665.0,5465.5,5488.5,401574.0,0.0,HEROMOTOCO,-0.00902771508531186,10.66070393329755,213.5147916383644
2026-01-22,945.0,951.4,934.15,944.45,6165965.0,0.0,HINDALCO,0.005589863713798993,11.81800067117002,213.5147916383644
2026-01-22,633.8,637.0,511.15,538.75,24293884.0,0.0,IIFL,-0.1350244842257365,9.270306204419352,213.5147916383644
2026-01-22,513.0,528.95,512.5,520.2,1291752.0,0.0,JKTYRE,0.01810353263528741,10.87061030359041,213.5147916383644
2026-01-22,764.0,784.0,753.65,756.95,953053.0,0.0,JSL,0.009333955597039756,9.474761964031151,213.5147916383644
2026-01-22,1003.0,1021.4,986.1,1005.8,4268831.0,0.0,LAURUSLABS,0.01811924283834387,12.01677711268812,213.5147916383644
2026-01-22,288.0,290.05,283.8,287.3,8091520.0,0.0,LTF,0.02114803625377637,12.80112774825822,213.5147916383644
2026-01-22,354.95,362.5,353.0,360.45,1165187.0,0.0,M&MFIN,0.03088803088803083,10.06369590386739,213.5147916383644
2026-01-22,363.0,368.0,356.8,364.6,12526200.0,0.0,NATIONALUM,0.008575380359612694,14.55985285835964,213.5147916383644
2026-01-22,242.6,248.2,236.5,239.45,2756840.0,0.0,NYKAA,-0.009104076143182316,9.29993464547181,213.5147916383644
2026-01-22,2849.2,3000.7,2700.0,2986.8,1014149.0,0.0,RADICO,0.05451207456573925,9.512513484040412,213.5147916383644
2026-01-22,1035.0,1055.5,1034.05,1048.35,12001641.0,0.0,SBIN,0.01915131483011701,11.21240649404513,213.5147916383644
2026-01-22,995.05,1009.7,986.1,1005.5,7210572.0,0.0,SHRIRAMFIN,0.01977687626774838,10.60298146125747,213.5147916383644
2026-01-22,680.0,694.0,664.8,678.65,19313521.0,0.0,VEDL,0.002955737826054738,11.79543229952236,213.5147916383644
2026-01-23,3039.0,3039.0,2936.9,2959.4,474666.0,0.0,ANANDRATHI,-0.01625502775654031,9.988510428144135,211.3092088650806
2026-01-23,155.7,156.78,150.92,151.81,26875350.0,0.0,CANBK,-0.01855443496250331,10.29469278399497,211.3092088650806
2026-01-23,4108.0,4108.0,3917.8,3930.4,441947.0,0.0,CUMMINSIND,-0.03377747185210678,9.59888969331614,211.3092088650806
2026-01-23,7088.5,7095.0,6950.0,6973.0,365996.0,0.0,EICHERMOT,-0.01078167115902962,10.2634945408689,211.3092088650806
2026-01-23,251.6,251.6,241.0,241.85,859009.0,0.0,GPIL,-0.03472360806226304,9.548664770764141,211.3092088650806
2026-01-23,725.95,728.5,704.1,706.1,1215987.0,0.0,HBLENGINE,-0.02821359757775943,8.465084599938177,211.3092088650806
2026-01-23,5514.0,5524.5,5368.0,5384.0,460330.0,0.0,HEROMOTOCO,-0.01903981051289061,10.45772615047354,211.3092088650806
2026-01-23,955.0,963.9,948.5,950.3,5958887.0,0.0,HINDALCO,0.006194081211286839,11.89120232708229,211.3092088650806
2026-01-23,550.0,567.9,519.05,521.15,14085105.0,0.0,IIFL,-0.0326682134570766,8.967461862520919,211.3092088650806
2026-01-23,522.8,524.95,502.65,508.05,888416.0,0.0,JKTYRE,-0.02335640138408313,10.6167119660498,211.3092088650806
2026-01-23,764.0,764.0,741.0,745.95,378056.0,0.0,JSL,-0.01453200343483718,9.337074690625586,211.3092088650806
2026-01-23,1017.9,1044.8,1000.0,1016.4,4200801.0,0.0,LAURUSLABS,0.01053887452773905,12.14342041890654,211.3092088650806
2026-01-23,289.0,295.3,285.3,288.0,6502459.0,0.0,LTF,0.002436477549599747,12.83231740862641,211.3092088650806
2026-01-23,362.2,368.75,357.45,360.65,2249442.0,0.0,M&MFIN,0.0005548619780828545,10.06927986608343,211.3092088650806
2026-01-23,366.85,382.65,365.4,370.65,22954119.0,0.0,NATIONALUM,0.01659352715304441,14.80145217210916,211.3092088650806
2026-01-23,241.35,241.35,233.85,234.7,7359262.0,0.0,NYKAA,-0.01983712674879934,9.115450663154036,211.3092088650806
2026-01-23,2991.5,3049.0,2889.0,2962.0,882356.0,0.0,RADICO,-0.0083032007499666,9.43352917494566,211.3092088650806
2026-01-23,1051.9,1053.0,1025.6,1029.5,10917698.0,0.0,SBIN,-0.01798063623789758,11.01080029152427,211.3092088650806
2026-01-23,1010.0,1020.85,973.65,1003.55,9023942.0,0.0,SHRIRAMFIN,-0.001939333664843446,10.58241874236194,211.3092088650806
2026-01-23,685.0,699.0,681.45,684.15,21435331.0,0.0,VEDL,0.008104324762395976,11.89102631359054,211.3092088650806
2026-01-27,2921.7,2949.4,2707.7,2900.7,686816.0,0.0,ANANDRATHI,-0.01983510170980618,9.790387307872438,213.6864789189221
2026-01-27,152.9,155.45,152.1,154.72,23086886.0,0.0,CANBK,0.01916869771424801,10.49202863803242,213.6864789189221
2026-01-27,3933.2,3974.9,3883.1,3928.3,473955.0,0.0,CUMMINSIND,-0.0005342967636881024,9.593761037618002,213.6864789189221
2026-01-27,7020.0,7175.0,6910.5,7164.5,498369.0,0.0,EICHERMOT,0.02746307184855867,10.54536162886208,213.6864789189221
2026-01-27,236.8,250.0,236.6,247.7,2061079.0,0.0,GPIL,0.02418854661980574,9.779633093728666,213.6864789189221
2026-01-27,712.0,720.95,692.4,704.85,1905972.0,0.0,HBLENGINE,-0.001770287494689105,8.45009896652942,213.6864789189221
2026-01-27,5418.0,5424.5,5298.5,5380.0,400942.0,0.0,HEROMOTOCO,-0.0007429420505200568,10.44995666596352,213.6864789189221
2026-01-27,985.0,985.0,950.75,961.85,10009735.0,0.0,HINDALCO,0.01215405661370106,12.03572867337062,213.6864789189221
2026-01-27,524.0,531.0,508.0,521.85,8531286.0,0.0,IIFL,0.001343183344526544,8.979506807937334,213.6864789189221
2026-01-27,508.05,515.1,497.65,510.5,702793.0,0.0,JKTYRE,0.004822360003936543,10.66790957320819,213.6864789189221
2026-01-27,750.0,831.5,730.2,810.05,1538290.0,0.0,JSL,0.0859306924056571,10.13941598383438,213.6864789189221
2026-01-27,1030.0,1041.0,990.1,1000.2,5389025.0,0.0,LAURUSLABS,-0.01593860684769766,11.94987121506329,213.6864789189221
2026-01-27,288.0,290.4,280.35,285.25,5836546.0,0.0,LTF,-0.00954861111111116,12.7097866000371,213.6864789189221
2026-01-27,359.0,369.75,357.5,364.1,2575498.0,0.0,M&MFIN,0.009566061278247773,10.16560321431021,213.6864789189221
2026-01-27,375.55,385.9,373.8,384.6,15593346.0,0.0,NATIONALUM,0.03763658437879402,15.35852827571343,213.6864789189221
2026-01-27,235.0,238.9,232.0,236.5,7912935.0,0.0,NYKAA,0.007669365146996121,9.185360382769192,213.6864789189221
2026-01-27,2901.4,2976.7,2874.9,2924.0,654595.0,0.0,RADICO,-0.01282916948008106,9.312504830364993,213.6864789189221
2026-01-27,1034.1,1055.0,1030.25,1053.15,14420630.0,0.0,SBIN,0.02297231665857224,11.26374388248546,213.6864789189221
2026-01-27,1011.2,1019.95,984.2,1001.05,7984660.0,0.0,SHRIRAMFIN,-0.002491156394798466,10.55605628223947,213.6864789189221
2026-01-27,697.1,707.35,694.55,705.45,18667388.0,0.0,VEDL,0.03113352335014263,12.26123585898187,213.6864789189221
2026-01-28,2900.7,2925.0,2770.0,2879.5,426370.0,0.0,ANANDRATHI,-0.007308580687420241,9.718833472271756,217.1793895215672
2026-01-28,155.49,158.25,152.31,157.74,28198960.0,0.0,CANBK,0.01951913133402283,10.6968239229785,217.1793895215672
2026-01-28,3929.0,4037.3,3929.0,4024.0,494698.0,0.0,CUMMINSIND,0.02436168317083731,9.827481204433175,217.1793895215672
2026-01-28,7124.0,7124.0,6851.0,7071.0,856378.0,0.0,EICHERMOT,-0.01305045711494168,10.40773983916306,217.1793895215672
2026-01-28,250.0,259.0,247.75,257.2,1643801.0,0.0,GPIL,0.0383528461849012,10.15470985751721,217.1793895215672
2026-01-28,710.0,745.95,708.3,734.55,1511305.0,0.0,HBLENGINE,0.04213662481378999,8.806157616321466,217.1793895215672
2026-01-28,5407.0,5524.0,5328.5,5512.5,547414.0,0.0,HEROMOTOCO,0.0246282527881041,10.70732084035761,217.1793895215672
2026-01-28,971.05,1007.9,963.05,998.2,12615677.0,0.0,HINDALCO,0.03779175547122726,12.49057998831269,217.1793895215672
2026-01-28,527.5,558.0,524.75,544.6,4302227.0,0.0,IIFL,0.04359490274983235,9.370967533970818,217.1793895215672
2026-01-28,510.5,512.55,500.5,507.2,471114.0,0.0,JKTYRE,-0.006464250734574017,10.59894953091321,217.1793895215672
2026-01-28,811.0,815.4,801.8,809.0,512643.0,0.0,JSL,-0.001296216282945406,10.12627310773658,217.1793895215672
2026-01-28,1010.0,1012.6,987.0,999.0,1981540.0,0.0,LAURUSLABS,-0.001199760047990495,11.93553423700082,217.1793895215672
2026-01-28,288.0,292.0,285.95,289.4,2299975.0,0.0,LTF,0.01454864154250646,12.89469672936279,217.1793895215672
2026-01-28,367.8,372.5,363.9,370.15,1337823.0,0.0,M&MFIN,0.01661631419939558,10.33451807134557,217.1793895215672
2026-01-28,388.3,407.9,383.95,406.15,22117381.0,0.0,NATIONALUM,0.05603224128965145,16.21910103791214,217.1793895215672
2026-01-28,236.5,238.8,234.3,237.2,6064706.0,0.0,NYKAA,0.002959830866807511,9.212547495952863,217.1793895215672
2026-01-28,2920.0,2920.0,2732.4,2746.8,960964.0,0.0,RADICO,-0.0606019151846785,8.748149202478306,217.1793895215672
2026-01-28,1059.4,1065.6,1044.15,1063.5,12171257.0,0.0,SBIN,0.00982765987751022,11.37444012630992,217.1793895215672
2026-01-28,1002.0,1020.7,999.5,1018.8,5587231.0,0.0,SHRIRAMFIN,0.01773138204884872,10.74322974910901,217.1793895215672
2026-01-28,711.1,741.95,710.1,737.1,26645434.0,0.0,VEDL,0.04486497980012749,12.81133595811969,217.1793895215672
2026-01-29,2893.8,2944.0,2862.4,2928.4,202622.0,0.0,ANANDRATHI,0.01698211495051227,9.883879819482761,218.8951747638465
2026-01-29,158.0,160.79,149.0,150.32,88706121.0,0.0,CANBK,-0.0470394319766706,10.19365140168713,218.8951747638465
2026-01-29,4038.9,4069.9,3982.2,4045.8,680888.0,0.0,CUMMINSIND,0.00541749502982114,9.880721535013851,218.8951747638465
2026-01-29,7071.5,7108.5,6978.0,7056.5,632904.0,0.0,EICHERMOT,-0.002050629331070586,10.38639742257872,218.8951747638465
2026-01-29,257.0,262.45,255.7,257.65,2440138.0,0.0,GPIL,0.001749611197511713,10.1724766515914,218.8951747638465
2026-01-29,748.95,771.75,738.75,768.75,3204164.0,0.0,HBLENGINE,0.04655911782724131,9.216164546385036,218.8951747638465
2026-01-29,5522.0,5595.0,5472.0,5580.0,337842.0,0.0,HEROMOTOCO,0.0122448979591836,10.83843089146403,218.8951747638465
2026-01-29,1010.25,1029.8,1008.55,1024.05,14615261.0,0.0,HINDALCO,0.02589661390502895,12.8140437157199,218.8951747638465
2026-01-29,544.9,566.0,540.45,546.0,3915806.0,0.0,IIFL,0.002570694087403513,9.395057424803648,218.8951747638465
2026-01-29,507.2,507.2,494.5,504.2,678036.0,0.0,JKTYRE,-0.005914826498422676,10.53625858337232,218.8951747638465
2026-01-29,813.95,835.95,804.95,810.1,597453.0,0.0,JSL,0.001359703337453722,10.14004183507713,218.8951747638465
2026-01-29,1001.7,1006.9,965.8,973.3,2161278.0,0.0,LAURUSLABS,-0.02572572572572573,11.62848395682973,218.8951747638465
2026-01-29,291.6,293.95,286.0,289.15,3987000.0,0.0,LTF,-0.000863856254319284,12.88355756494558,218.8951747638465
2026-01-29,373.0,377.0,358.9,374.25,3241103.0,0.0,M&MFIN,0.0110765905713901,10.4489892967745,218.8951747638465
2026-01-29,411.9,431.5,411.55,428.85,39396481.0,0.0,NATIONALUM,0.055890680782962,17.12559763660869,218.8951747638465
2026-01-29,238.3,239.0,233.85,237.9,4125273.0,0.0,NYKAA,0.00295109612141653,9.239734609136535,218.8951747638465
2026-01-29,2746.8,2761.0,2677.8,2701.3,709175.0,0.0,RADICO,-0.01656472986748214,8.603238474098823,218.8951747638465
2026-01-29,1063.0,1075.0,1060.3,1066.2,14800724.0,0.0,SBIN,0.002538787023977473,11.4033174073076,218.8951747638465
2026-01-29,1022.4,1028.4,1006.15,1022.8,6653822.0,0.0,SHRIRAMFIN,0.003926187671770665,10.78540968530496,218.8951747638465
2026-01-29,745.25,769.8,743.0,766.35,30290476.0,0.0,VEDL,0.03968253968253976,13.31972230566413,218.8951747638465
2026-01-30,2904.7,2904.7,2860.0,2877.3,33700.0,0.0,ANANDRATHI,-0.01744980193962575,9.711408074237724,215.7920196917333
2026-01-30,150.7,150.7,146.62,148.69,7810806.0,0.0,CANBK,-0.01084353379457159,10.08311619822286,215.7920196917333
2026-01-30,4040.1,4067.6,4020.3,4051.8,51613.0,0.0,CUMMINSIND,0.001483019427554577,9.895374837008534,215.7920196917333
2026-01-30,6980.0,7081.5,6980.0,7053.0,41319.0,0.0,EICHERMOT,-0.0004959965988804438,10.3812458047825,215.7920196917333
2026-01-30,254.8,254.8,245.0,249.25,751372.0,0.0,GPIL,-0.03260236755288171,9.840829828873115,215.7920196917333
2026-01-30,764.75,769.0,749.15,768.4,271482.0,0.0,HBLENGINE,-0.0004552845528456029,9.211968569030583,215.7920196917333
2026-01-30,5540.5,5595.0,5494.5,5575.5,45506.0,0.0,HEROMOTOCO,-0.0008064516129032695,10.82969022139027,215.7920196917333
2026-01-30,1000.0,1000.0,957.9,979.65,4016887.0,0.0,HINDALCO,-0.04335725794638934,12.25846191700112,215.7920196917333
2026-01-30,541.0,542.05,526.8,534.9,407701.0,0.0,IIFL,-0.02032967032967037,9.204059004629068,215.7920196917333
2026-01-30,504.9,517.0,501.1,515.1,176833.0,0.0,JKTYRE,0.02161840539468463,10.76403569277089,215.7920196917333
2026-01-30,809.9,810.0,781.3,794.0,86625.0,0.0,JSL,-0.01987408961856563,9.938517734910809,215.7920196917333
2026-01-30,974.0,975.7,956.1,973.9,252252.0,0.0,LAURUSLABS,0.0006164594677899871,11.63565244586096,215.7920196917333
2026-01-30,288.85,288.85,284.5,288.7,457910.0,0.0,LTF,-0.001556285664879753,12.8635070689946,215.7920196917333
2026-01-30,376.0,384.8,370.5,383.9,604626.0,0.0,M&MFIN,0.02578490313961246,10.71841547369868,215.7920196917333
2026-01-30,413.9,413.9,387.5,397.45,10814569.0,0.0,NATIONALUM,-0.07321907426839225,15.87167723136324,215.7920196917333
2026-01-30,234.8,236.9,233.05,236.7,662850.0,0.0,NYKAA,-0.005044136191677207,9.193128129393097,215.7920196917333
2026-01-30,2700.0,2767.3,2694.9,2763.6,66303.0,0.0,RADICO,0.02306296968126453,8.801654702187653,215.7920196917333
2026-01-30,1064.0,1066.2,1060.4,1063.45,615145.0,0.0,SBIN,-0.002579253423372729,11.373905361847,215.7920196917333
2026-01-30,1025.0,1025.0,1010.15,1013.5,465863.0,0.0,SHRIRAMFIN,-0.009092686742276035,10.68734133364937,215.7920196917333
2026-01-30,755.0,755.0,702.4,720.8,16197098.0,0.0,VEDL,-0.05943759378873892,12.52803006188126,215.7920196917333
2025-12-01,106.09,,,106.72,,,GOLDBEES,0.02007264385394758,31.34521245349523,
2025-12-02,106.65,,,105.63,,,GOLDBEES,-0.01021364317841078,31.02506363814376,
2025-12-03,106.25,,,106.51,,,GOLDBEES,0.008330966581463706,31.28353240650092,
2025-12-04,106.67,,,105.92,,,GOLDBEES,-0.00553938597314807,31.11024084589782,
2025-12-05,106.27,,,106.89,,,GOLDBEES,0.009157854984894298,31.39514392010969,
2025-12-08,106.77,,,106.85,,,GOLDBEES,-0.0003742164842361895,31.38339533972982,
2025-12-09,106.76,,,106.28,,,GOLDBEES,-0.005334581188582099,31.21597806931666,
2025-12-10,106.85,,,106.23,,,GOLDBEES,-0.0004704554008280182,31.20129234384182,
2025-12-11,106.86,,,107.15,,,GOLDBEES,0.008660453732467266,31.47150969257885,
2025-12-12,108.2,,,109.61,,,GOLDBEES,0.02295846943537083,32.1940473859409,
2025-12-15,110.45,,,110.95,,,GOLDBEES,0.01222516193777934,32.58762482866657,
2025-12-16,109.46,,,109.56,,,GOLDBEES,-0.01252816584046867,32.17936166046606,
2025-12-17,110.13,,,109.99,,,GOLDBEES,0.003924790069368411,32.30565889954966,
2025-12-18,110.05,,,109.88,,,GOLDBEES,-0.001000090917356089,32.27335030350503,
2025-12-19,109.79,,,109.82,,,GOLDBEES,-0.0005460502366217979,32.25572743293522,
2025-12-22,110.7,,,111.39,,,GOLDBEES,0.01429612092515042,32.71685921284515,
2025-12-23,112.52,,,113.1,,,GOLDBEES,0.01535146781578223,33.21911102408462,
2025-12-24,113.49,,,113.21,,,GOLDBEES,0.0009725906277631147,33.25141962012927,
2025-12-26,113.37,,,114.31,,,GOLDBEES,0.009716456143450403,33.57450558057572,
2025-12-29,115.44,,,113.03,,,GOLDBEES,-0.01119762050564255,33.19855100841986,
2025-12-30,111.78,,,111.17,,,GOLDBEES,-0.01645580819251524,32.65224202075587,
2025-12-31,111.17,,,110.11,,,GOLDBEES,-0.009534946478366502,32.3409046406893,
2026-01-01,110.35,,,110.52,,,GOLDBEES,0.003723549178094698,32.46132758958297,
2026-01-02,111.62,,,111.82,,,GOLDBEES,0.01176257690915672,32.84315645192877,
2026-01-05,112.16,,,112.92,,,GOLDBEES,0.009837238418887617,33.16624241237522,
2026-01-06,113.62,,,113.14,,,GOLDBEES,0.001948281969536003,33.23085960446451,
2026-01-07,113.51,,,112.91,,,GOLDBEES,-0.002032879618172223,33.16330526728024,
2026-01-08,112.73,,,112.29,,,GOLDBEES,-0.005491099105482178,32.98120227139225,
2026-01-09,113.26,,,113.61,,,GOLDBEES,0.01175527651616348,33.36890542392798,
2026-01-12,115.7,,,116.76,,,GOLDBEES,0.02772643253234763,34.29410612884281,
2026-01-13,116.98,,,116.37,,,GOLDBEES,-0.003340184994861217,34.17955747013907,
2026-01-14,117.83,,,118.01,,,GOLDBEES,0.01409297929019515,34.66124926571378,
2026-01-16,117.79,,,117.78,,,GOLDBEES,-0.001948987373951439,34.59369492852952,
2026-01-19,119.15,,,121.1,,,GOLDBEES,0.02818814739344533,35.56882710005878,
2026-01-20,121.99,,,125.86,,,GOLDBEES,0.03930635838150298,36.96690816526341,
2026-01-21,127.0,,,134.97,,,GOLDBEES,0.07238201175909742,39.64264734677899,
2026-01-22,131.44,,,124.34,,,GOLDBEES,-0.07875824257242348,36.52046211082833,
2026-01-23,129.1,,,127.42,,,GOLDBEES,0.02477078976998559,37.42510280007838,
2026-01-27,130.55,,,131.45,,,GOLDBEES,0.03162768796107351,38.60877227335036,
2026-01-28,132.0,,,135.82,,,GOLDBEES,0.03324457968809447,39.89230467985125,
2026-01-29,143.0,,,146.53,,,GOLDBEES,0.07885436607274343,43.03798707656166,
2026-01-30,138.7,,,141.49,,,GOLDBEES,-0.03439568689005656,41.55766594869794,
2025-12-01,62.7,,,62.82,,,MOGSEC,-0.002223634053367229,10.22002774675317,
2025-12-02,62.97,,,62.9,,,MOGSEC,0.001273479783508336,10.23304274547555,
2025-12-03,63.18,,,62.55,,,MOGSEC,-0.005564387917329161,10.17610212606511,
2025-12-04,62.71,,,62.79,,,MOGSEC,0.003836930455635601,10.21514712223227,
2025-12-05,62.78,,,62.77,,,MOGSEC,-0.0003185220576524816,10.21189337255167,
2025-12-08,63.28,,,62.79,,,MOGSEC,0.0003186235462799836,10.21514712223227,
2025-12-09,63.1,,,62.98,,,MOGSEC,0.003025959547698687,10.24605774419794,
2025-12-10,64.55,,,62.83,,,MOGSEC,-0.002381708478882194,10.22165462159346,
2025-12-11,62.78,,,62.61,,,MOGSEC,-0.003501512016552577,10.1858633751069,
2025-12-12,63.0,,,62.87,,,MOGSEC,0.004152691263376473,10.22816212095466,
2025-12-15,62.93,,,62.8,,,MOGSEC,-0.001113408620963874,10.21677399707257,
2025-12-16,62.43,,,62.75,,,MOGSEC,-0.0007961783439489611,10.20863962287108,
2025-12-17,62.92,,,62.9,,,MOGSEC,0.002390438247011906,10.23304274547555,
2025-12-18,62.89,,,62.87,,,MOGSEC,-0.0004769475357710995,10.22816212095466,
2025-12-19,62.95,,,62.81,,,MOGSEC,-0.0009543502465404474,10.21840087191287,
2025-12-22,64.69,,,62.68,,,MOGSEC,-0.002069734118770983,10.19725149898899,
2025-12-23,62.66,,,62.62,,,MOGSEC,-0.0009572431397575354,10.1874902499472,
2025-12-24,62.61,,,62.85,,,MOGSEC,0.003672947939955318,10.22490837127406,
2025-12-26,62.56,,,62.8,,,MOGSEC,-0.0007955449482895949,10.21677399707257,
2025-12-29,62.85,,,62.78,,,MOGSEC,-0.0003184713375795623,10.21352024739197,
2025-12-30,62.96,,,62.92,,,MOGSEC,0.002230009557183887,10.23629649515615,
2025-12-31,62.95,,,62.99,,,MOGSEC,0.001112523839796653,10.24768461903824,
2026-01-01,62.99,,,62.99,,,MOGSEC,0.0,10.24768461903824,
2026-01-02,62.99,,,62.95,,,MOGSEC,-0.0006350214319733594,10.24117711967704,
2026-01-05,62.95,,,62.83,,,MOGSEC,-0.001906274821286802,10.22165462159347,
2026-01-06,62.97,,,62.85,,,MOGSEC,0.0003183192742322039,10.22490837127406,
2026-01-07,62.78,,,62.71,,,MOGSEC,-0.002227525855210799,10.20213212350989,
2026-01-08,62.99,,,62.76,,,MOGSEC,0.0007973210014351473,10.21026649771138,
2026-01-09,62.94,,,63.12,,,MOGSEC,0.005736137667303964,10.26883399196211,
2026-01-12,63.12,,,62.81,,,MOGSEC,-0.004911280101394078,10.21840087191287,
2026-01-13,63.0,,,62.98,,,MOGSEC,0.002706575386084875,10.24605774419794,
2026-01-14,62.89,,,62.99,,,MOGSEC,0.0001587805652589758,10.24768461903824,
2026-01-16,62.9,,,62.7,,,MOGSEC,-0.004603905381806661,10.20050524866959,
2026-01-19,62.39,,,62.72,,,MOGSEC,0.0003189792663476076,10.20375899835019,
2026-01-20,62.61,,,62.6,,,MOGSEC,-0.001913265306122458,10.18423650026661,
2026-01-21,62.67,,,62.63,,,MOGSEC,0.0004792332268370725,10.1891171247875,
2026-01-22,62.82,,,62.93,,,MOGSEC,0.004790036723614888,10.23792336999645,
2026-01-23,62.9,,,62.99,,,MOGSEC,0.0009534403305260231,10.24768461903823,
2026-01-27,62.99,,,62.77,,,MOGSEC,-0.00349261787585331,10.21189337255167,
2026-01-28,62.94,,,62.99,,,MOGSEC,0.003504859009080707,10.24768461903823,
2026-01-29,62.83,,,62.9,,,MOGSEC,-0.001428798221940086,10.23304274547555,
2026-01-30,62.71,,,62.9,,,MOGSEC,0.0,10.23304274547555,
2025-12-01,166.02,,,166.21,,,SILVERBEES,0.06021560247496338,10.85958060808016,
2025-12-02,167.01,,,165.34,,,SILVERBEES,-0.005234342097346745,10.80273784814376,
2025-12-03,170.2,,,169.78,,,SILVERBEES,0.02685375589693972,11.09283193333644,
2025-12-04,169.78,,,167.22,,,SILVERBEES,-0.01507833667098601,10.92557047881093,
2025-12-05,168.17,,,170.18,,,SILVERBEES,0.01770123191005868,11.11896653560606,
2025-12-08,170.17,,,170.84,,,SILVERBEES,0.003878246562463161,11.16208862935091,
2025-12-09,170.84,,,171.11,,,SILVERBEES,0.001580426129712098,11.1797294858829,
2025-12-10,176.55,,,175.29,,,SILVERBEES,0.02442873005668855,11.45283607960034,
2025-12-11,177.4,,,178.85,,,SILVERBEES,0.02030920189400431,11.68543403979988,
2025-12-12,183.32,,,184.13,,,SILVERBEES,0.0295219457646072,12.03041078975874,
2025-12-15,182.04,,,184.87,,,SILVERBEES,0.004018899690436228,12.07875980395753,
2025-12-16,181.7,,,184.69,,,SILVERBEES,-0.0009736571644940462,12.0669992329362,
2025-12-17,190.0,,,192.16,,,SILVERBEES,0.04044615301315724,12.55506293032119,
2025-12-18,194.79,,,193.26,,,SILVERBEES,0.005724396336386217,12.62693308656262,
2025-12-19,190.0,,,192.56,,,SILVERBEES,-0.003622063541343201,12.5811975325908,
2025-12-22,197.13,,,199.95,,,SILVERBEES,0.03837764852513503,13.06403430952187,
2025-12-23,202.0,,,201.79,,,SILVERBEES,0.009202300575143818,13.18425347996208,
2025-12-24,209.45,,,209.23,,,SILVERBEES,0.03687001338024687,13.67035708217684,
2025-12-26,216.73,,,219.85,,,SILVERBEES,0.05075753954977769,14.36423077243502,
2025-12-29,235.21,,,218.25,,,SILVERBEES,-0.007277689333636594,14.25969236335657,
2025-12-30,217.49,,,218.21,,,SILVERBEES,-0.0001832760595646965,14.25707890312962,
2025-12-31,216.8,,,215.43,,,SILVERBEES,-0.01274002108061045,14.07544341735582,
2026-01-01,216.5,,,214.95,,,SILVERBEES,-0.002228101935663696,14.04408189463228,
2026-01-02,220.33,,,221.87,,,SILVERBEES,0.03219353337985575,14.49621051389656,
2026-01-05,222.9,,,225.54,,,SILVERBEES,0.01654121783026086,14.73599548972024,
2026-01-06,228.16,,,231.65,,,SILVERBEES,0.02709053826372276,15.13520153938855,
2026-01-07,237.6,,,234.36,,,SILVERBEES,0.01169868335851509,15.31226346976517,
2026-01-08,232.7,,,223.53,,,SILVERBEES,-0.04621095750128013,14.60466911331544,
2026-01-09,224.2,,,230.37,,,SILVERBEES,0.03059991947389618,15.0515708121258,
2026-01-12,238.15,,,243.35,,,SILVERBEES,0.05634414203238269,15.89963865577467,
2026-01-13,246.6,,,249.51,,,SILVERBEES,0.02531333470310249,16.30211153072668,
2026-01-14,258.5,,,262.81,,,SILVERBEES,0.05330447677447792,17.17108705619125,
2026-01-16,262.81,,,269.44,,,SILVERBEES,0.02522735055743697,17.60426808881006,
2026-01-19,274.3,,,282.95,,,SILVERBEES,0.05014103325415675,18.48696428046618,
2026-01-20,288.15,,,297.62,,,SILVERBEES,0.05184661600989582,19.44545081870417,
2026-01-21,300.0,,,310.68,,,SILVERBEES,0.04388145957932932,20.29874558280697,
2026-01-22,299.6,,,276.27,,,SILVERBEES,-0.1107570490536888,18.05051642256367,
2026-01-23,295.65,,,292.73,,,SILVERBEES,0.05957939696673553,19.12595530595817,
2026-01-27,310.4,,,317.85,,,SILVERBEES,0.08581286509753006,20.76720832848975,
2026-01-28,320.8,,,332.03,,,SILVERBEES,0.04461223847726892,21.69367997894746,
2026-01-29,351.2,,,351.91,,,SILVERBEES,0.05987410776134694,22.99256971174713,
2026-01-30,329.0,,,334.65,,,SILVERBEES,-0.04904663124094244,21.86486162381341,
