Date,Open,High,Low,Close,Volume
2016-02-26,216.6,217.9,214.6,215.95,8397546
2016-02-29,216.2,226.05,212.5,219.7,31211286
2016-03-01,219.25,223.9,219.25,223.0,16548062
2016-03-02,225.65,228.6,224.4,227.65,20221898
2016-03-03,229.55,231.4,226.7,230.2,15972026
2016-03-04,230.45,230.7,228.05,228.75,9039484
2016-03-08,229.0,234.3,229.0,233.4,13299238
2016-03-09,231.8,237.25,231.5,236.75,11923256
2016-03-10,236.8,237.7,229.3,229.95,20825746
2016-03-11,230.65,234.0,229.7,230.55,15407374
2016-03-14,231.65,233.25,230.25,231.75,11948596
2016-03-15,232.75,233.6,230.7,231.95,10548260
2016-03-16,232.05,233.15,228.5,232.2,11127926
2016-03-17,233.4,235.65,230.0,230.9,16930056
2016-03-18,231.4,234.15,230.85,233.45,14111882
2016-03-21,233.6,236.7,232.45,235.75,12781348
2016-03-22,235.7,239.15,235.4,238.15,15421854
2016-03-23,237.9,237.9,232.35,233.9,16903278
2016-03-28,234.1,234.5,230.85,231.9,18174434
2016-03-29,232.65,236.8,231.9,235.5,15962764
2016-03-30,237.0,239.05,237.0,238.0,14536632
2016-03-31,236.6,240.0,234.7,237.55,31011134
2016-04-01,236.15,237.8,232.95,235.1,12452506
2016-04-04,236.4,236.9,233.0,235.25,8682344
2016-04-05,234.4,236.9,232.35,233.4,10318652
2016-04-06,234.6,235.65,232.4,234.95,7031090
2016-04-07,235.2,238.2,232.3,235.75,8839842
2016-04-08,235.4,239.65,234.4,235.5,13489084
2016-04-11,235.7,237.65,234.75,236.4,10367800
2016-04-12,236.4,240.3,235.95,238.05,11229236
2016-04-13,239.25,243.15,239.25,242.25,16131020
2016-04-18,242.2,242.45,239.85,242.0,19175648
2016-04-20,243.0,243.0,235.4,235.75,21812986
2016-04-21,236.65,239.1,235.25,236.65,11446318
2016-04-22,236.1,238.05,233.9,236.1,11772578
2016-04-25,237.35,237.35,230.05,231.1,61510178
2016-04-26,230.75,232.7,229.0,231.1,26581628
2016-04-27,231.35,233.2,230.9,231.65,14586264
2016-04-28,230.45,231.65,225.25,226.55,62306230
2016-04-29,225.75,226.95,222.5,223.35,23615064
2016-05-02,222.5,225.55,222.25,224.3,10682114
2016-05-03,224.55,226.1,221.1,221.75,17673146
2016-05-04,221.4,223.6,221.1,222.3,13624394
2016-05-05,222.75,223.5,220.65,221.65,21790608
2016-05-06,221.1,222.0,219.75,220.25,14833368
2016-05-09,221.6,224.1,221.1,223.45,15435588
2016-05-10,223.45,223.8,222.25,223.3,7290096
2016-05-11,220.85,222.9,220.45,221.65,12411076
2016-05-12,221.8,225.95,221.6,225.65,12859942
2016-05-13,224.75,225.15,221.6,222.3,14732754
2016-05-16,222.05,223.3,220.7,221.8,9381116
2016-05-17,222.8,223.45,219.6,220.3,12227702
2016-05-18,219.5,221.0,219.15,220.55,8276286
2016-05-19,220.85,220.85,214.9,216.2,9187456
2016-05-20,216.4,216.95,211.65,212.35,18651548
2016-05-23,213.0,213.8,210.4,211.4,18471632
2016-05-24,210.95,214.55,210.95,213.75,12354042
2016-05-25,215.85,216.55,213.9,216.2,9293394
2016-05-26,215.9,216.45,214.6,215.2,14271844
2016-05-27,215.7,222.0,215.65,221.55,13478868
2016-05-30,221.9,223.05,219.3,220.15,9689200
2016-05-31,220.25,221.1,217.35,217.7,23467264
2016-06-01,217.75,219.6,216.3,216.75,9094950
2016-06-02,216.95,217.5,214.8,217.35,10312948
2016-06-03,218.2,218.85,217.2,218.1,8693132
2016-06-06,218.4,218.9,216.5,217.0,8722850
2016-06-07,217.55,218.4,216.25,217.05,19063558
2016-06-08,217.75,217.75,215.75,216.85,12205490
2016-06-09,218.2,221.95,217.35,220.75,15733696
2016-06-10,221.4,223.75,220.05,222.0,16410842
2016-06-13,220.4,223.5,218.9,223.0,10273366
2016-06-14,222.95,223.95,220.3,221.9,10986836
2016-06-15,222.75,224.2,221.3,223.75,11193252
2016-06-16,222.95,223.55,219.75,221.9,9426248
2016-06-17,222.05,222.45,220.5,221.55,10595622
2016-06-20,220.95,225.6,220.0,225.05,10820642
2016-06-21,225.95,225.95,222.65,224.35,14013406
2016-06-22,223.9,224.05,222.1,222.85,12862450
2016-06-23,222.75,223.2,220.45,222.8,9894250
2016-06-24,219.3,219.3,212.1,216.25,25129162
2016-06-27,213.75,217.8,213.75,217.2,9216236
2016-06-28,217.35,218.5,217.05,217.65,7648828
2016-06-29,218.6,220.25,218.2,219.75,7567370
2016-06-30,220.9,222.15,219.75,220.3,12831848
2016-07-01,221.1,222.0,220.45,221.25,6648308
2016-07-04,221.7,225.85,221.7,224.25,7848500
2016-07-05,224.15,227.9,222.8,225.7,11425384
2016-07-07,225.55,227.35,224.15,224.5,12098452
2016-07-08,224.3,224.75,221.9,222.35,7181790
2016-07-11,225.25,226.1,224.0,225.55,8314266
2016-07-12,226.2,228.4,225.25,228.05,9823814
2016-07-13,228.45,231.1,228.25,229.25,15001298
2016-07-14,229.15,230.5,226.9,228.35,10820406
2016-07-15,229.3,232.05,228.05,230.05,14073672
2016-07-18,233.6,236.1,227.65,228.7,32291978
2016-07-19,228.6,232.5,226.2,231.3,16745300
2016-07-20,231.8,233.7,231.0,232.5,12336038
2016-07-21,232.75,232.95,228.4,228.75,6749794
2016-07-22,228.6,231.3,228.45,230.65,6939302
2016-07-25,230.45,232.65,228.95,232.45,8289090
2016-07-26,232.5,235.15,230.75,232.75,10577036
2016-07-27,232.5,233.2,229.3,230.25,11094372
2016-07-28,230.7,234.2,230.25,233.25,15700850
2016-07-29,232.75,232.9,230.0,230.65,9685122
2016-08-01,231.4,231.9,228.45,229.45,8024254
2016-08-02,229.1,231.8,228.7,230.15,7754596
2016-08-03,230.55,230.55,225.35,225.9,11940738
2016-08-04,227.05,227.25,223.5,225.7,10246350
2016-08-05,226.8,231.6,226.6,230.95,12178822
2016-08-08,231.8,235.0,231.55,233.9,13634514
2016-08-09,233.4,235.15,232.05,234.25,13367402
2016-08-10,234.4,235.15,227.75,228.1,13549638
2016-08-11,227.75,232.5,227.2,230.5,14251156
2016-08-12,231.1,237.0,231.1,235.4,16459788
2016-08-16,235.5,237.45,230.8,232.9,13444654
2016-08-17,232.75,233.8,228.9,230.3,15575868
2016-08-18,230.9,232.65,230.9,231.4,7794376
2016-08-19,231.4,232.25,228.9,230.65,8224956
2016-08-22,230.0,231.75,228.9,230.0,6722778
2016-08-23,230.0,230.7,228.4,229.65,7362644
2016-08-24,229.95,232.25,229.75,231.95,8769874
2016-08-25,232.1,233.9,229.3,230.15,15047010
2016-08-26,231.35,234.25,230.6,233.6,9695246
2016-08-29,233.45,240.85,233.2,240.3,16286578
2016-08-30,241.4,242.85,239.3,242.35,18275496
2016-08-31,242.0,244.1,237.95,240.9,23429824
2016-09-01,239.3,243.8,233.15,233.9,42866798
2016-09-02,234.35,234.7,227.8,230.3,28286782
2016-09-06,231.8,232.95,230.7,231.8,11576800
2016-09-07,232.25,233.45,230.25,231.25,13001978
2016-09-08,232.5,235.45,231.9,234.85,12276862
2016-09-09,235.25,238.6,234.1,237.4,15357940
2016-09-12,234.15,240.0,233.9,237.85,33879120
2016-09-14,238.2,240.7,236.55,237.45,18712118
2016-09-15,237.95,243.25,237.95,242.05,31551894
2016-09-16,242.5,248.6,240.7,244.45,39551274
2016-09-19,243.75,247.25,243.4,246.0,16774226
2016-09-20,246.4,246.55,243.0,244.15,11597758
2016-09-21,244.1,246.55,242.95,243.7,11006494
2016-09-22,246.1,249.05,245.25,247.5,18869594
2016-09-23,247.5,252.15,247.5,250.65,31265190
2016-09-26,250.75,256.75,250.05,251.65,38433750
2016-09-27,253.9,255.9,251.5,252.35,19486250
2016-09-28,251.8,251.8,246.9,247.9,24963348
2016-09-29,248.9,252.45,242.6,243.75,21382882
2016-09-30,242.75,248.75,242.35,246.3,11264462
2016-10-03,247.05,251.8,244.6,247.9,18229680
2016-10-04,248.45,251.9,248.2,249.15,13189194
2016-10-05,250.9,251.5,246.75,247.6,10852146
2016-10-06,248.2,255.95,248.2,252.45,21232772
2016-10-07,253.2,255.25,251.5,252.05,15368488
2016-10-10,253.2,255.0,248.6,249.15,11620282
2016-10-13,247.5,247.5,239.1,240.3,22064534
2016-10-14,241.6,245.9,241.25,244.95,15353682
2016-10-17,245.45,245.65,240.65,241.05,9883442
2016-10-18,242.25,246.1,241.4,245.7,11136986
2016-10-19,246.5,248.8,245.75,247.1,17171686
2016-10-20,248.6,249.55,246.4,247.2,10183892
2016-10-21,249.3,249.3,240.55,241.9,43860264
2016-10-24,243.2,244.1,241.05,241.65,10573636
2016-10-25,242.05,242.1,239.6,241.1,7703128
2016-10-26,240.0,240.75,239.15,239.55,11009042
2016-10-27,238.9,239.5,237.1,238.35,12916526
2016-10-28,238.6,240.45,237.2,239.75,8174834
2016-10-30,240.65,240.65,237.8,238.9,1593548
2016-11-01,238.9,240.0,238.05,238.9,10282848
2016-11-02,236.6,237.0,232.05,232.65,7080590
2016-11-03,232.7,235.15,231.95,232.75,7354032
2016-11-04,231.9,233.35,227.25,228.5,11602408
2016-11-07,230.45,231.0,227.05,227.5,9560852
2016-11-08,228.6,228.6,226.9,228.05,13509522
2016-11-09,215.9,229.3,211.4,228.35,21764922
2016-11-10,231.5,233.85,228.9,229.6,9820390
2016-11-11,226.75,231.25,226.15,227.65,14860524
2016-11-15,226.5,227.25,222.65,223.95,14571004
2016-11-16,226.1,226.55,222.9,224.25,16646194
2016-11-17,224.1,226.85,221.45,222.2,12701194
2016-11-18,223.9,225.65,223.2,224.45,18268484
2016-11-21,224.45,225.8,223.45,225.35,13308732
2016-11-22,226.75,229.05,225.75,227.6,17748104
2016-11-23,228.4,229.65,227.2,229.3,13183492
2016-11-24,228.5,228.5,223.25,224.4,19022850
2016-11-25,225.0,226.35,223.75,225.85,10515248
2016-11-28,225.7,227.4,223.65,224.25,8360708
2016-11-29,224.75,228.25,224.55,226.75,9942280
2016-11-30,227.25,227.25,224.25,225.0,27755218
2016-12-01,227.25,230.7,226.1,226.75,12700658
2016-12-02,226.35,228.4,225.4,226.1,12553398
2016-12-05,226.1,227.2,224.2,225.85,4010204
2016-12-06,226.4,228.75,226.05,228.45,6765154
2016-12-07,228.2,229.0,226.45,227.1,4959298
2016-12-08,228.45,232.2,228.25,231.8,8801012
2016-12-09,232.25,234.5,231.9,233.85,8286666
2016-12-12,231.95,236.75,231.95,233.45,9075880
2016-12-13,233.6,236.6,233.5,236.3,10425594
2016-12-14,236.3,241.95,235.95,240.8,24278448
2016-12-15,239.15,242.65,238.35,239.3,19443454
2016-12-16,239.1,241.4,239.1,240.3,15028362
2016-12-19,239.75,242.5,239.6,241.5,15096180
2016-12-20,239.7,241.1,239.35,240.4,11755564
2016-12-21,240.95,242.55,240.3,241.65,20485336
2016-12-22,240.45,241.55,238.85,239.4,29059430
2016-12-23,239.1,242.95,239.1,240.3,10324222
2016-12-26,239.6,242.25,237.45,238.05,15410116
2016-12-27,238.15,242.5,237.95,242.0,17543424
2016-12-28,242.7,243.05,238.0,238.6,9692878
2016-12-29,238.6,242.9,238.5,242.15,8822906
2016-12-30,242.0,246.6,241.65,246.0,15802570
2017-01-02,246.4,247.75,243.75,246.65,7138816
2017-01-03,247.7,249.3,245.7,247.6,6471304
2017-01-04,248.35,248.4,241.9,242.5,10452406
2017-01-05,243.4,245.4,242.9,244.85,8784526
2017-01-06,244.15,246.6,243.9,244.3,7891078
2017-01-09,244.75,246.8,243.4,244.95,5259130
2017-01-10,245.45,248.75,245.45,247.7,11415360
2017-01-11,248.9,249.05,246.4,246.8,11542128
2017-01-12,247.05,247.8,245.4,246.2,4397202
2017-01-13,246.5,249.45,246.5,247.8,7276144
2017-01-16,247.75,248.6,244.05,244.6,12082422
2017-01-17,242.05,242.75,236.0,236.65,39460476
2017-01-18,236.95,238.2,233.8,234.7,15959112
2017-01-19,235.3,237.55,234.3,234.95,15372404
2017-01-20,235.0,235.75,232.7,233.15,8835560
2017-01-23,232.2,234.3,230.15,230.85,13787546
2017-01-24,231.1,233.8,231.1,233.45,9473600
2017-01-25,234.55,234.7,230.95,231.2,23994212
2017-01-27,231.9,233.85,231.6,233.0,21987852
2017-01-30,232.95,237.8,232.9,237.45,15768526
2017-01-31,237.9,239.5,236.4,237.55,15212406
2017-02-01,237.75,238.85,235.3,238.55,11377512
2017-02-02,238.6,238.8,235.95,237.15,9151596
2017-02-03,237.75,238.75,234.15,234.95,13295704
2017-02-06,235.7,237.5,234.55,236.75,10049520
2017-02-07,236.8,236.9,233.45,234.3,9962678
2017-02-08,234.3,235.95,232.25,233.0,16324414
2017-02-09,233.6,235.0,233.35,234.7,9918550
2017-02-10,235.25,235.35,233.05,234.15,12590736
2017-02-13,234.75,235.0,232.25,234.05,8615148
2017-02-14,235.25,239.3,234.05,238.6,18349822
2017-02-15,239.3,240.35,237.55,238.9,15324518
2017-02-16,239.25,243.05,239.25,242.65,19768526
2017-02-17,242.35,245.05,240.55,244.45,14932966
2017-02-20,243.3,245.2,242.35,244.4,11717758
2017-02-21,244.4,247.95,243.9,247.35,14268276
2017-02-22,248.4,275.4,248.2,274.4,128057274
2017-02-23,275.85,277.75,268.0,268.8,62608630
2017-02-27,270.6,285.65,270.5,281.6,83903208
2017-02-28,280.0,283.6,279.2,281.4,36319936
2017-03-01,281.85,282.85,279.55,280.6,24526274
2017-03-02,281.35,285.15,278.9,281.1,18167746
2017-03-03,282.15,292.65,282.15,286.0,84791744
2017-03-06,288.4,298.15,287.55,296.65,67109478
2017-03-07,299.7,301.6,294.6,296.6,42314140
2017-03-08,297.2,297.2,292.3,293.45,43586854
2017-03-09,293.15,295.0,291.25,292.45,31273748
2017-03-10,293.25,294.55,286.65,291.25,24928500
2017-03-14,299.7,299.75,292.1,293.1,27925128
2017-03-15,293.4,299.15,293.25,296.6,24246896
2017-03-16,297.75,297.85,294.0,294.9,16015842
2017-03-17,297.25,300.0,295.0,295.65,22858334
2017-03-20,296.85,296.9,290.5,291.1,12943542
2017-03-21,291.4,291.8,286.2,287.2,22726470
2017-03-22,284.55,287.7,283.3,286.3,20408688
2017-03-23,287.1,290.35,285.9,289.4,11875996
2017-03-24,289.6,293.6,288.25,292.45,16376408
2017-03-27,288.9,290.65,283.45,284.35,32639736
2017-03-28,285.9,287.25,282.3,283.15,21832510
2017-03-29,284.5,286.4,280.3,285.6,19033462
2017-03-30,285.25,289.7,284.75,288.75,28022980
2017-03-31,287.75,304.05,287.75,300.2,45652284
2017-04-03,305.0,313.75,303.9,312.4,45145438
2017-04-05,317.1,322.3,313.65,321.6,40556384
2017-04-06,320.2,329.3,318.65,326.9,50912730
2017-04-07,323.0,325.9,318.75,319.65,32059064
2017-04-10,320.45,323.85,313.0,313.95,30945820
2017-04-11,315.4,318.25,311.4,311.9,32435598
2017-04-12,314.25,315.1,307.1,307.75,27606546
2017-04-13,307.75,312.1,306.25,310.15,12787228
2017-04-17,310.25,317.15,310.25,316.35,11905758
2017-04-18,318.15,320.45,310.65,311.4,16108766
2017-04-19,311.1,314.25,308.5,311.1,11639284
2017-04-20,313.4,315.15,310.0,311.25,8441892
2017-04-21,313.75,322.95,313.3,318.75,30405218
2017-04-24,320.25,326.1,318.25,322.15,25659616
2017-04-25,331.85,333.6,324.1,325.65,36976298
2017-04-26,326.1,327.3,318.75,321.9,16859810
2017-04-27,322.05,323.7,318.65,320.35,12644082
2017-04-28,320.4,322.8,316.1,317.1,11916978
2017-05-02,318.6,318.6,310.5,311.5,18698610
2017-05-03,312.9,313.8,310.25,311.4,9554816
2017-05-04,312.5,313.55,307.75,308.6,14448768
2017-05-05,309.45,310.75,301.1,301.9,15688390
2017-05-08,302.25,304.4,299.6,300.35,16159374
2017-05-09,300.9,303.1,300.05,302.35,21227848
2017-05-10,303.35,309.9,302.4,308.9,23038100
2017-05-11,310.0,311.3,307.2,309.0,13863326
2017-05-12,309.1,310.0,305.5,306.9,7566808
2017-05-15,308.25,308.25,303.1,305.5,6776938
2017-05-16,305.9,312.9,304.75,308.25,12728966
2017-05-17,307.5,310.45,306.3,307.5,9901338
2017-05-18,304.6,306.85,300.9,301.65,9846830
2017-05-19,302.95,303.6,297.75,299.7,12887086
2017-05-22,301.5,303.1,298.9,300.95,8852180
2017-05-23,301.3,302.2,295.9,296.75,9276182
2017-05-24,297.15,298.6,294.35,294.9,14409138
2017-05-25,295.45,298.25,294.65,296.0,26071474
2017-05-26,296.35,305.55,295.45,303.9,21554012
2017-05-29,303.9,310.35,303.55,308.35,24161148
2017-05-30,308.15,310.15,306.5,308.95,9713998
2017-05-31,310.65,310.9,303.6,304.7,16518036
2017-06-01,302.9,304.55,300.65,301.9,9589044
2017-06-02,303.4,304.25,299.35,301.1,11561286
2017-06-05,301.4,304.75,299.05,302.1,10897506
2017-06-06,303.15,303.15,297.95,298.35,9646366
2017-06-07,298.0,305.0,297.5,304.35,11263798
2017-06-08,304.55,305.65,301.85,302.65,7948692
2017-06-09,305.7,307.5,302.5,303.6,13916328
2017-06-12,301.5,302.2,299.35,299.85,8481058
2017-06-13,300.15,301.6,297.95,298.75,6060080
2017-06-14,299.1,309.1,299.1,308.5,53244518
2017-06-15,309.1,317.05,308.9,314.5,28453938
2017-06-16,315.7,317.2,311.2,315.65,32899490
2017-06-19,315.95,321.75,315.95,320.3,15324812
2017-06-20,320.2,323.2,319.85,320.95,10200956
2017-06-21,319.95,324.55,319.15,323.15,20107750
2017-06-22,324.85,328.5,324.5,325.6,22246144
2017-06-23,326.4,327.7,325.15,326.3,31322860
2017-06-27,325.45,327.95,323.9,326.6,32779464
2017-06-28,327.25,327.25,317.15,317.85,15657568
2017-06-29,318.15,320.45,315.9,316.55,12972616
2017-06-30,316.4,316.45,312.5,313.6,7859328
2017-07-03,315.5,317.0,311.6,313.9,9248298
2017-07-04,315.9,324.35,315.65,323.15,18925280
2017-07-05,324.85,328.95,323.6,327.85,27365896
2017-07-06,329.25,329.55,326.85,327.85,13668674
2017-07-07,327.95,340.4,327.3,338.9,36051994
2017-07-10,347.7,352.3,338.4,339.25,3587906
2017-07-11,341.1,341.9,337.95,339.65,21116608
2017-07-12,340.75,346.6,340.35,343.4,17203106
2017-07-13,342.9,346.6,342.3,345.9,23142940
2017-07-14,345.45,349.1,344.45,348.6,20649248
2017-07-17,349.35,354.45,349.35,352.65,18857560
2017-07-18,351.55,352.65,343.4,345.4,19753412
2017-07-19,343.75,349.55,343.75,348.4,11858180
2017-07-20,349.95,352.3,346.3,347.5,13704618
2017-07-21,352.3,361.75,351.1,360.2,97702492
2017-07-24,363.6,369.3,360.2,367.1,43679808
2017-07-25,369.25,369.3,363.1,364.1,20178748
2017-07-26,364.6,370.4,363.9,368.8,22080912
2017-07-27,370.0,370.8,360.95,362.45,18515512
2017-07-28,361.65,365.0,358.6,362.35,14414502
2017-07-31,364.1,367.9,362.7,367.1,16662950
2017-08-01,368.8,368.8,361.7,364.45,12382912
2017-08-02,365.9,371.75,365.5,370.3,20906094
2017-08-03,369.7,378.4,367.5,375.0,19821014
2017-08-04,377.95,377.95,367.1,368.7,18686998
2017-08-07,370.85,370.85,366.5,367.35,9592080
2017-08-08,367.7,368.4,360.65,364.25,11024500
2017-08-09,363.95,368.15,360.2,363.4,10496830
2017-08-10,362.05,365.15,358.6,360.05,10246910
2017-08-11,352.5,359.1,348.4,351.4,17094282
2017-08-14,354.8,360.15,354.8,357.5,13518116
2017-08-16,357.3,358.15,352.35,355.9,13654934
2017-08-17,356.6,363.1,354.8,356.15,15919988
2017-08-18,355.45,358.6,353.0,358.05,7981648
2017-08-21,358.4,360.0,354.6,355.55,7617228
2017-08-22,357.3,359.1,353.65,354.55,9588612
2017-08-23,355.65,360.6,353.0,359.55,8368026
2017-08-24,361.4,362.1,355.6,356.4,12727312
2017-08-28,358.9,359.5,354.85,356.05,12387444
2017-08-29,355.0,356.25,347.7,348.25,15252252
2017-08-30,351.75,356.55,350.3,355.5,10394502
2017-08-31,357.95,363.05,357.7,362.35,25249378
2017-09-01,363.6,367.4,363.4,365.9,15520898
2017-09-04,367.15,371.85,362.7,366.65,21684850
2017-09-05,370.45,371.55,368.4,371.05,25362176
2017-09-06,369.65,375.6,368.8,373.95,49027052
2017-09-07,374.1,378.4,370.45,371.9,16298780
2017-09-08,372.7,374.2,369.1,371.3,13324804
2017-09-11,373.35,375.85,371.15,371.75,12763766
2017-09-12,373.95,375.0,371.4,374.4,6537672
2017-09-13,374.55,390.9,373.6,385.9,29546496
2017-09-14,389.0,391.6,382.7,383.6,11936070
2017-09-15,382.7,387.65,379.4,382.65,28760276
2017-09-18,386.4,386.85,383.25,384.35,5091182
2017-09-19,385.75,385.8,380.45,381.2,7763204
2017-09-20,389.1,396.6,384.1,385.05,25086524
2017-09-21,385.0,387.15,380.15,382.45,13025214
2017-09-22,381.75,381.75,369.65,371.55,12364974
2017-09-25,370.45,376.35,366.0,373.4,14311680
2017-09-26,373.5,375.9,369.15,372.8,10625056
2017-09-27,375.3,375.35,361.6,363.25,18555232
2017-09-28,363.45,364.95,354.65,357.5,29717994
2017-09-29,359.85,360.65,354.1,354.95,16762306
2017-10-03,361.4,365.35,357.0,362.85,18451530
2017-10-04,363.25,375.0,361.6,372.2,19016632
2017-10-05,375.0,376.6,372.15,374.65,10693054
2017-10-06,374.55,381.55,373.9,380.5,13072634
2017-10-09,381.4,381.75,376.4,377.55,8901440
2017-10-10,377.7,385.15,377.7,383.25,14816970
2017-10-11,384.25,390.15,380.0,381.9,15509560
2017-10-12,382.8,398.55,382.8,396.7,18750438
2017-10-13,399.65,404.85,397.0,398.4,21633726
2017-10-16,399.55,405.45,391.5,398.55,32193786
2017-10-17,399.1,401.85,394.15,397.45,13978984
2017-10-18,398.8,417.2,397.7,415.65,36883392
2017-10-19,416.25,419.05,410.45,413.6,8060980
2017-10-23,414.95,429.4,413.25,427.15,27613628
2017-10-24,430.75,430.75,421.9,424.65,13937678
2017-10-25,427.35,429.95,422.5,427.2,10069510
2017-10-26,427.3,435.35,423.15,430.65,16937148
2017-10-27,431.85,434.85,420.75,422.65,11564848
2017-10-30,424.55,429.8,423.0,428.4,7868372
2017-10-31,429.5,429.85,423.75,427.65,9559792
2017-11-01,430.8,435.35,429.85,433.0,17672688
2017-11-02,433.1,434.8,429.2,430.3,10336940
2017-11-03,434.5,434.5,427.35,429.65,4826206
2017-11-06,428.4,428.4,422.3,423.9,9813758
2017-11-07,424.25,425.0,410.5,412.15,20565474
2017-11-08,410.2,411.85,401.9,403.55,17855156
2017-11-09,406.7,413.6,405.5,409.35,15093756
2017-11-10,409.5,409.5,399.65,401.75,14003382
2017-11-13,402.3,405.4,397.05,397.85,9141024
2017-11-14,397.7,406.85,396.85,403.05,12553432
2017-11-15,402.05,404.85,399.1,401.65,15360118
2017-11-16,402.5,411.85,402.5,410.85,15248284
2017-11-17,417.7,420.4,412.95,414.5,12289732
2017-11-20,411.9,420.15,411.4,418.6,9284422
2017-11-21,421.25,427.15,420.65,423.9,13157678
2017-11-22,426.1,426.65,419.75,423.1,11122078
2017-11-23,423.15,431.75,421.2,430.45,16124078
2017-11-24,431.85,436.1,430.65,432.35,14067774
2017-11-27,430.6,435.2,429.1,432.45,10296162
2017-11-28,431.75,432.45,426.4,428.8,10212164
2017-11-29,428.15,431.85,427.7,430.0,8084700
2017-11-30,427.9,427.9,417.95,418.9,20756764
2017-12-01,420.2,423.3,412.6,413.7,11179056
2017-12-04,415.2,415.35,407.85,409.85,10161464
2017-12-05,409.6,418.55,407.0,415.35,18412182
2017-12-06,413.6,422.85,413.1,421.2,24216916
2017-12-07,422.75,425.45,419.55,423.4,12165044
2017-12-08,424.5,425.9,417.75,418.6,12294670
2017-12-11,419.3,420.9,415.25,416.4,10854476
2017-12-12,416.35,422.3,412.7,416.2,15873030
2017-12-13,416.75,420.4,413.95,415.75,9200614
2017-12-14,417.7,420.4,413.1,418.9,11046486
2017-12-15,423.15,424.1,417.15,418.1,24549154
2017-12-18,414.5,423.9,392.15,418.6,18688562
2017-12-19,419.85,421.4,418.15,420.9,8942960
2017-12-20,420.9,421.55,416.85,417.35,10503710
2017-12-21,417.5,420.0,413.6,415.0,9123756
2017-12-22,415.75,419.25,413.35,418.4,10719886
2017-12-26,420.35,426.75,417.35,422.65,11663204
2017-12-27,424.1,426.1,417.7,419.85,9575244
2017-12-28,420.6,424.7,417.8,420.1,15601334
2017-12-29,421.1,423.75,417.5,418.65,11153644
2018-01-01,419.4,419.4,412.5,413.55,9507710
2018-01-02,415.0,418.0,412.0,414.15,9554194
2018-01-03,420.45,420.9,415.0,415.85,13585686
2018-01-04,417.35,419.0,416.25,418.35,9060878
2018-01-05,419.0,421.3,418.3,419.65,7484192
2018-01-08,420.95,423.15,419.8,422.1,8877918
2018-01-09,421.9,429.05,420.0,427.7,14376994
2018-01-10,428.6,430.65,425.2,428.35,11795304
2018-01-11,428.1,428.45,425.0,426.25,7895200
2018-01-12,428.6,433.1,426.45,431.4,15158062
2018-01-15,431.85,435.65,429.65,431.4,11185048
2018-01-16,430.75,430.75,418.15,419.5,10887570
2018-01-17,420.9,422.3,412.3,420.2,13280150
2018-01-18,422.3,422.55,415.95,418.05,9435916
2018-01-19,419.55,424.7,419.1,423.35,10031040
2018-01-22,430.9,442.85,427.3,441.6,45964244
2018-01-23,443.15,450.4,443.15,446.9,22656700
2018-01-24,446.25,446.25,437.55,439.25,14371878
2018-01-25,439.95,441.85,434.65,439.05,13748722
2018-01-29,439.15,444.25,436.05,438.4,9954132
2018-01-30,439.0,439.0,431.4,432.0,9235906
2018-01-31,431.85,438.4,428.0,436.95,12624060
2018-02-01,437.85,442.1,425.75,429.05,16620092
2018-02-02,425.0,429.1,409.55,411.1,29132610
2018-02-05,406.4,414.8,400.85,410.05,19301756
2018-02-06,398.6,408.15,395.9,405.5,24201248
2018-02-07,410.25,411.55,404.55,406.55,15621844
2018-02-08,408.15,413.9,405.65,411.15,13905614
2018-02-09,404.1,410.0,402.7,408.15,11647414
2018-02-12,410.45,417.35,410.0,416.1,11945542
2018-02-14,419.55,428.4,418.6,424.4,22376110
2018-02-15,426.2,429.85,421.9,425.3,13440798
2018-02-16,427.1,428.45,417.35,418.75,9683678
2018-02-19,418.6,423.6,415.25,421.4,8993460
2018-02-20,422.3,422.5,417.65,418.7,8507222
2018-02-21,422.7,423.9,419.15,422.45,11986106
2018-02-22,419.1,423.15,418.15,420.15,11261470
2018-02-23,420.65,426.4,419.4,424.65,10671846
2018-02-26,426.85,429.5,425.75,426.65,8484252
2018-02-27,426.85,434.45,426.55,432.05,14102214
2018-02-28,430.0,435.05,428.75,433.9,56977126
2018-03-01,431.7,436.3,430.0,431.1,9008234
2018-03-05,428.6,431.9,418.9,420.05,12396764
2018-03-06,422.3,425.55,411.4,414.05,16112096
2018-03-07,413.3,413.3,403.65,404.4,15944958
2018-03-08,408.0,415.65,406.05,414.3,13360562
2018-03-09,415.9,417.85,414.1,415.05,10699870
2018-03-12,418.15,424.1,417.1,422.85,8363096
2018-03-13,423.6,425.45,418.8,423.6,11213016
2018-03-14,422.15,423.65,417.85,422.3,14809366
2018-03-15,420.45,422.5,413.6,414.45,12785132
2018-03-16,413.15,413.5,402.75,409.1,30992640
2018-03-19,409.55,412.2,405.45,407.05,12703662
2018-03-20,406.05,410.9,403.2,404.45,15280586
2018-03-21,406.75,410.15,406.05,407.65,14799974
2018-03-22,407.3,414.5,407.15,412.8,22257324
2018-03-23,404.85,409.1,404.1,406.3,23605326
2018-03-26,406.35,411.05,405.65,409.6,13303976
2018-03-27,412.35,413.95,407.7,409.0,15267070
2018-03-28,407.15,407.2,400.0,401.25,19271090
2018-04-02,405.9,409.5,402.95,405.9,12566544
2018-04-03,405.0,409.85,402.35,408.9,14002402
2018-04-04,411.25,414.45,405.5,406.75,14296496
2018-04-05,411.4,413.6,410.65,412.85,8577088
2018-04-06,412.7,417.5,411.4,414.1,9720616
2018-04-09,414.8,417.7,414.8,416.4,7858952
2018-04-10,417.45,419.95,415.5,416.85,8503884
2018-04-11,419.0,423.95,416.4,423.15,13216586
2018-04-12,422.65,425.75,420.1,422.15,10884996
2018-04-13,423.95,428.05,422.15,426.75,12689564
2018-04-16,424.75,427.3,422.05,425.9,8985790
2018-04-17,427.3,430.55,425.45,429.2,9655168
2018-04-18,429.65,431.0,425.0,426.4,7403432
2018-04-19,426.9,429.55,425.0,428.35,9859108
2018-04-20,426.4,428.15,418.75,421.75,7368942
2018-04-23,422.7,429.25,422.05,425.45,7718734
2018-04-24,425.35,443.5,425.0,440.9,20035980
2018-04-25,442.55,446.25,438.0,441.1,14160564
2018-04-26,442.3,449.1,437.35,443.35,34293602
2018-04-27,449.9,459.55,447.95,452.85,25665788
2018-04-30,446.4,451.2,436.4,437.85,19517964
2018-05-02,439.55,445.1,438.65,442.15,13459074
2018-05-03,444.5,444.5,436.05,437.1,8684602
2018-05-04,437.65,438.5,431.85,433.6,8350522
2018-05-07,435.85,442.35,434.7,441.4,7727570
2018-05-08,444.35,446.4,438.75,439.6,10854880
2018-05-09,439.05,447.4,437.35,443.95,9887730
2018-05-10,445.45,447.55,442.85,445.95,8832220
2018-05-11,446.05,450.6,444.4,449.65,8825336
2018-05-14,450.9,450.9,443.95,448.45,5675034
2018-05-15,446.85,454.55,443.9,445.0,10562030
2018-05-16,442.7,442.7,432.9,434.65,18949398
2018-05-17,436.1,436.4,427.95,429.7,10413650
2018-05-18,429.85,433.4,423.6,424.5,11506082
2018-05-21,423.1,425.35,419.1,423.35,14574764
2018-05-22,424.15,424.55,420.45,421.25,11375288
2018-05-23,420.9,420.9,413.25,414.65,10048636
2018-05-24,415.45,418.6,413.7,416.3,11699562
2018-05-25,416.4,419.7,415.65,418.55,17884944
2018-05-28,420.4,421.4,417.35,418.4,11435238
2018-05-29,418.9,421.85,415.65,417.0,17981472
2018-05-30,415.85,419.65,412.1,416.4,13180688
2018-05-31,418.6,419.25,415.7,418.8,37293962
2018-06-01,418.15,425.35,417.5,423.0,19284838
2018-06-04,424.25,429.1,423.0,427.65,12320786
2018-06-05,428.55,434.1,427.7,430.75,17537352
2018-06-06,430.45,434.55,428.45,433.8,9216862
2018-06-07,434.05,443.6,433.85,441.55,15086060
2018-06-08,439.25,448.4,436.6,447.45,14371718
2018-06-11,448.7,454.5,445.0,446.65,15105316
2018-06-12,447.0,454.55,445.6,453.25,16379486
2018-06-13,454.55,457.2,449.8,455.65,13037244
2018-06-14,453.4,459.9,448.8,458.15,12066708
2018-06-15,457.3,465.2,454.2,461.0,24848344
2018-06-18,458.55,463.85,457.7,461.6,12435222
2018-06-19,460.9,461.25,451.65,452.75,13961422
2018-06-20,452.7,464.95,452.2,463.3,15826412
2018-06-21,465.2,470.9,464.25,469.1,23121464
2018-06-22,467.45,467.85,458.4,460.2,35573952
2018-06-25,459.7,462.05,455.6,456.6,11434926
2018-06-26,457.3,457.3,443.3,445.0,17750888
2018-06-27,444.8,447.9,437.6,439.05,19708822
2018-06-28,437.3,440.2,427.4,429.5,18878714
2018-06-29,431.4,443.4,431.4,442.0,17526082
2018-07-02,442.0,442.0,435.0,436.6,14654016
2018-07-03,438.6,444.75,436.55,441.5,11147974
2018-07-04,441.75,450.9,441.4,450.05,11001592
2018-07-05,453.15,458.4,435.75,438.4,41182576
2018-07-06,438.55,446.85,438.4,444.35,20154786
2018-07-09,448.7,454.55,447.05,453.25,11374416
2018-07-10,455.8,467.5,454.55,466.25,22977928
2018-07-11,465.9,473.15,462.65,472.15,19063158
2018-07-12,474.7,499.55,473.9,492.0,53040454
2018-07-13,491.1,504.1,490.9,499.9,39528020
2018-07-16,499.9,504.05,487.75,489.15,14510718
2018-07-17,490.15,498.15,486.2,496.55,14232364
2018-07-18,499.25,502.1,489.65,496.6,10300618
2018-07-19,496.95,506.85,493.8,502.2,11953958
2018-07-20,506.1,517.5,505.4,513.05,17639930
2018-07-23,513.55,513.55,505.95,509.25,12853492
2018-07-24,510.0,512.15,503.4,505.0,9832116
2018-07-25,504.55,510.45,501.9,506.9,13089296
2018-07-26,504.6,509.8,503.55,504.85,14134708
2018-07-27,508.9,517.0,505.5,513.6,14694830
2018-07-30,513.6,526.05,512.7,523.4,30519428
2018-07-31,523.15,541.1,521.4,539.1,30525830
2018-08-01,541.1,546.8,538.8,541.95,21349450
2018-08-02,541.6,541.6,529.95,531.1,13747746
2018-08-03,534.1,537.95,531.6,534.95,14619874
2018-08-06,534.85,543.6,534.25,542.1,8836120
2018-08-07,543.15,546.1,535.0,538.3,8930812
2018-08-08,538.6,555.65,538.6,553.5,17407362
2018-08-09,555.2,559.85,550.9,553.6,15063242
2018-08-10,550.45,552.3,546.5,547.35,7878662
2018-08-13,544.35,545.4,537.6,539.85,10269950
2018-08-14,540.9,553.3,538.35,550.3,11658980
2018-08-16,546.9,552.7,543.4,545.85,13161478
2018-08-17,549.55,552.45,545.45,547.15,8428182
2018-08-20,549.05,562.15,548.9,561.3,16735480
2018-08-21,562.35,568.9,557.7,566.9,16015210
2018-08-23,566.5,579.1,562.9,577.05,17529870
2018-08-24,575.15,581.8,572.75,580.65,14634412
2018-08-27,581.55,589.05,581.25,587.05,12258790
2018-08-28,589.1,601.4,588.6,599.55,19128452
2018-08-29,598.35,604.1,586.45,588.3,24369846
2018-08-30,588.0,589.65,577.45,579.3,21670092
2018-08-31,577.3,577.3,562.1,564.4,33672886
2018-09-03,565.9,571.8,557.3,558.7,26840048
2018-09-04,561.4,570.35,558.6,564.55,19445294
2018-09-05,564.8,569.4,549.35,557.7,22714830
2018-09-06,559.15,575.35,556.95,573.4,24629094
2018-09-07,574.95,582.45,570.2,581.2,23524132
2018-09-10,579.55,580.45,568.2,570.85,15529818
2018-09-11,572.3,576.55,561.05,562.6,23924490
2018-09-12,569.0,572.15,558.6,569.35,17744216
2018-09-14,572.45,579.85,567.15,569.65,17332882
2018-09-17,568.55,568.55,555.3,557.2,14858990
2018-09-18,557.3,563.4,551.95,553.25,16756106
2018-09-19,556.4,556.4,545.9,550.35,24784730
2018-09-21,554.1,562.45,537.95,553.4,41954378
2018-09-24,552.05,563.6,547.5,560.05,22225696
2018-09-25,561.6,565.9,543.15,559.4,21373044
2018-09-26,563.15,569.95,557.8,568.8,14073022
2018-09-27,570.45,574.1,562.5,569.85,23779248
2018-09-28,572.65,578.05,566.95,571.8,24360650
2018-10-01,571.65,571.65,547.3,559.85,16131924
2018-10-03,558.9,563.45,545.45,547.8,16228466
2018-10-04,540.65,541.1,502.7,510.15,51067374
2018-10-05,499.8,506.95,471.9,476.75,48275018
2018-10-08,477.3,507.7,466.15,504.25,54294742
2018-10-09,509.85,510.6,491.45,495.5,24180632
2018-10-10,497.2,507.2,492.85,500.95,20904788
2018-10-11,483.6,506.7,474.1,494.45,29093178
2018-10-12,502.25,513.15,500.9,512.1,19928780
2018-10-15,513.6,521.3,508.25,518.1,19517908
2018-10-16,520.9,530.65,518.15,529.0,16452922
2018-10-17,535.9,536.1,518.15,523.35,28128422
2018-10-19,500.0,505.0,486.45,500.6,55926704
2018-10-22,504.55,506.75,480.65,483.0,28964192
2018-10-23,478.55,483.95,474.4,479.4,23262206
2018-10-24,488.6,489.1,468.8,475.35,30041742
2018-10-25,470.9,473.0,462.0,468.55,31011722
2018-10-26,469.5,480.45,464.55,474.95,20201748
2018-10-29,475.45,497.2,475.45,494.45,16877976
2018-10-30,493.4,493.4,478.25,480.45,19374742
2018-10-31,481.4,484.5,475.9,482.35,36206920
2018-11-01,485.4,485.4,477.3,480.15,20671260
2018-11-02,485.0,491.4,483.25,488.6,36951640
2018-11-05,487.9,496.65,484.1,495.6,16681540
2018-11-06,497.3,505.45,496.2,501.9,18995386
2018-11-07,506.85,506.85,503.05,504.85,2824794
2018-11-09,502.85,506.25,493.15,497.0,23849016
2018-11-12,498.95,499.45,488.4,490.9,12763784
2018-11-13,488.15,501.4,486.4,499.75,14985516
2018-11-14,502.3,505.75,493.4,499.1,17132566
2018-11-15,498.6,501.4,493.9,498.6,15029828
2018-11-16,499.1,513.6,498.7,512.45,24270156
2018-11-19,514.95,523.5,514.1,522.7,16079758
2018-11-20,520.45,525.4,513.6,517.0,12583782
2018-11-21,517.05,520.65,503.2,505.9,16517186
2018-11-22,506.6,511.55,500.05,501.3,12743650
2018-11-26,504.1,507.95,498.8,504.4,14050424
2018-11-27,503.6,513.6,502.5,512.85,14982502
2018-11-28,514.75,526.25,511.95,523.9,17608720
2018-11-29,527.7,536.3,527.3,531.1,27799572
2018-11-30,532.85,539.1,528.35,530.7,23578386
2018-12-03,534.05,534.05,522.05,525.65,12253072
2018-12-04,526.4,526.4,519.15,523.8,11424216
2018-12-05,519.85,526.7,517.85,525.05,12803160
2018-12-06,522.3,522.3,508.3,510.75,12905438
2018-12-07,513.4,516.8,503.8,515.35,15870972
2018-12-10,504.55,506.5,492.35,495.6,20639396
2018-12-11,484.55,500.95,479.55,498.9,29688264
2018-12-12,499.55,506.1,494.4,504.8,27731948
2018-12-13,512.7,512.7,497.75,503.2,20454540
2018-12-14,501.4,506.75,496.25,505.55,15886912
2018-12-17,507.25,515.0,505.2,513.6,11141586
2018-12-18,510.6,517.7,509.35,516.55,12916042
2018-12-19,518.9,521.5,515.1,516.7,16211358
2018-12-20,509.55,514.8,507.35,512.9,12682408
2018-12-21,511.4,514.2,498.15,500.1,18220270
2018-12-24,500.4,501.45,493.9,495.05,9117978
2018-12-26,493.55,500.0,484.4,499.25,15862130
2018-12-27,503.25,512.3,501.85,509.15,27451600
2018-12-28,511.6,516.05,509.65,511.6,16865236
2018-12-31,514.1,515.35,507.35,509.65,15890198
2019-01-01,511.45,512.4,504.6,509.55,9802870
2019-01-02,506.6,512.3,500.45,502.9,15718934
2019-01-03,503.4,506.6,495.5,496.7,16382206
2019-01-04,498.8,502.0,491.4,499.4,18623310
2019-01-07,503.15,508.4,500.45,502.15,12129830
2019-01-08,502.35,504.5,498.15,502.15,12375336
2019-01-09,505.45,507.7,499.4,504.85,12686972
2019-01-10,503.55,505.0,501.4,503.4,8976622
2019-01-11,503.45,506.25,494.85,499.1,14220586
2019-01-14,497.7,500.2,493.8,498.55,9045920
2019-01-15,502.3,514.55,502.3,513.45,22138326
2019-01-16,515.9,520.45,513.8,516.3,14042110
2019-01-17,520.2,521.8,513.6,515.65,16473518
2019-01-18,522.15,540.9,516.05,538.35,56505112
2019-01-21,542.7,563.6,540.3,562.6,48484774
2019-01-22,560.35,566.8,554.4,561.4,36416202
2019-01-23,560.6,565.55,555.45,557.4,19424904
2019-01-24,556.85,569.65,554.6,567.05,28941408
2019-01-25,568.4,574.85,561.55,566.4,18811840
2019-01-28,568.4,570.9,555.65,558.9,18852384
2019-01-29,559.55,559.85,546.1,550.3,20523506
2019-01-30,552.3,556.85,541.4,543.5,17263268
2019-01-31,546.4,558.95,545.9,557.8,22407764
2019-02-01,560.9,570.45,557.75,568.15,20303724
2019-02-04,566.85,589.55,564.6,586.8,25675254
2019-02-05,587.3,592.9,581.2,587.1,20597294
2019-02-06,589.2,598.9,588.3,595.6,20705488
2019-02-07,595.6,600.55,584.6,586.55,20266900
2019-02-08,584.0,591.1,578.3,580.8,14312104
2019-02-11,579.95,580.0,568.6,569.65,16552798
2019-02-12,568.9,578.35,568.9,571.1,14078868
2019-02-13,573.15,579.1,561.7,566.35,15320892
2019-02-14,564.1,564.1,553.6,556.45,14580192
2019-02-15,558.95,568.15,551.85,565.65,21115514
2019-02-18,568.15,569.35,552.3,554.6,21227838
2019-02-19,553.6,563.5,550.55,552.8,13737216
2019-02-20,556.3,563.6,554.1,561.1,13855994
2019-02-21,561.85,571.7,558.8,566.8,23276392
2019-02-22,565.7,566.05,557.3,560.15,19262904
2019-02-25,561.85,565.0,554.85,560.15,17275562
2019-02-26,549.8,561.3,548.15,554.65,22288310
2019-02-27,558.2,565.9,549.55,556.1,24449000
2019-02-28,560.8,563.6,557.55,559.6,24831216
2019-03-01,562.3,564.7,555.6,557.3,17429528
2019-03-05,556.1,563.55,553.9,562.55,15667320
2019-03-06,563.55,578.7,561.4,574.9,26484108
2019-03-07,574.55,581.7,571.9,577.35,17840370
2019-03-08,575.45,579.3,573.6,575.95,13288114
2019-03-11,577.3,596.4,576.4,592.8,21381448
2019-03-12,598.6,606.4,597.35,605.15,24703220
2019-03-13,607.7,618.15,603.7,612.4,24719306
2019-03-14,613.55,619.1,607.35,609.8,22884506
2019-03-15,611.4,617.65,596.0,600.75,34964804
2019-03-18,605.0,617.25,604.1,613.65,22231514
2019-03-19,618.15,627.3,610.5,625.7,21571700
2019-03-20,626.3,630.9,620.0,625.2,21764210
2019-03-22,623.9,627.65,607.6,609.85,25223246
2019-03-25,604.85,607.65,598.5,602.05,17494382
2019-03-26,604.65,623.45,604.55,621.45,20854434
2019-03-27,626.35,626.35,611.05,613.3,22207182
2019-03-28,613.75,622.65,610.35,618.15,23062464
2019-03-29,622.75,625.85,615.95,619.65,16938396
2019-04-01,622.7,639.45,619.35,632.65,22216218
2019-04-02,635.45,637.8,627.35,631.65,17627800
2019-04-03,633.1,637.7,623.6,625.1,17268814
2019-04-04,626.85,628.95,612.35,615.05,18426482
2019-04-05,618.6,619.95,610.45,615.4,14802126
2019-04-08,616.4,617.05,601.65,604.2,19191870
2019-04-09,604.05,609.4,600.45,606.6,20894766
2019-04-10,608.15,612.7,602.95,605.15,16747964
2019-04-11,605.9,615.0,604.1,612.15,12630932
2019-04-12,613.6,616.8,607.55,610.5,13023432
2019-04-15,611.4,613.15,606.85,609.15,9339280
2019-04-16,611.4,618.15,609.1,610.8,17460416
2019-04-18,625.0,631.7,620.45,629.95,39513060
2019-04-22,618.15,621.4,609.65,611.55,23744046
2019-04-23,612.7,624.1,611.85,619.95,19921660
2019-04-24,622.85,634.0,621.05,631.6,16193952
2019-04-25,631.4,642.0,619.4,623.8,30645604
2019-04-26,625.0,634.55,623.05,633.1,15156776
2019-04-30,634.7,634.7,621.3,633.1,22477442
2019-05-02,632.7,642.7,628.2,638.65,19101512
2019-05-03,639.95,644.35,637.55,640.35,14322372
2019-05-06,635.45,637.65,626.4,629.5,15923402
2019-05-07,634.0,634.1,609.15,610.65,19529610
2019-05-08,609.1,609.1,587.35,590.65,32143194
2019-05-09,585.85,585.85,568.95,571.1,42916210
2019-05-10,575.0,580.8,565.9,568.7,24699028
2019-05-13,567.2,573.1,557.95,560.05,17705162
2019-05-14,562.05,576.95,559.8,572.9,28602208
2019-05-15,578.6,580.9,568.45,571.3,24560362
2019-05-16,572.7,578.15,571.9,575.15,14534634
2019-05-17,575.9,580.4,569.1,576.1,17376568
2019-05-20,597.1,608.05,592.5,602.65,27134662
2019-05-21,605.55,621.4,604.6,609.0,30518522
2019-05-22,611.65,618.05,606.9,609.3,24832280
2019-05-23,623.6,632.7,602.3,606.3,38989530
2019-05-24,612.7,615.35,598.4,607.65,22397670
2019-05-27,607.8,607.95,594.1,595.75,16169384
2019-05-28,599.9,606.7,596.95,601.7,42839850
2019-05-29,600.45,606.05,592.8,596.85,15648226
2019-05-30,598.3,610.0,598.3,604.4,23629850
2019-05-31,608.15,609.95,600.1,604.65,25872392
2019-06-03,606.85,621.45,600.55,618.3,18663942
2019-06-04,617.05,624.65,612.8,614.4,15531804
2019-06-06,619.05,619.05,600.5,603.35,16861502
2019-06-07,602.7,603.3,593.45,597.65,14807310
2019-06-10,600.4,603.15,595.5,599.65,11836326
2019-06-11,600.85,606.6,599.1,604.15,11558338
2019-06-12,606.65,608.4,602.3,605.55,10356976
2019-06-13,604.55,606.65,594.85,603.3,15776616
2019-06-14,600.9,602.3,595.15,598.9,15028928
2019-06-17,600.0,600.0,581.1,582.85,14994218
2019-06-18,581.3,585.4,576.9,582.3,16894224
2019-06-19,584.95,591.85,573.9,580.65,14576328
2019-06-20,581.85,590.9,580.9,589.4,10810826
2019-06-21,589.1,589.1,579.8,581.6,23370816
2019-06-24,578.25,580.2,571.4,573.8,11332196
2019-06-25,572.2,590.0,570.15,589.05,15053198
2019-06-26,586.85,593.0,584.7,588.25,11659872
2019-06-27,587.8,589.5,577.7,579.15,25049138
2019-06-28,580.5,583.15,567.55,569.6,19051386
2019-07-01,571.85,578.45,566.6,576.75,13556576
2019-07-02,579.1,582.3,574.2,581.1,10205252
2019-07-03,583.15,584.8,579.6,582.95,8857270
2019-07-04,582.45,586.85,581.85,583.6,9405326
2019-07-05,584.1,586.6,572.7,574.25,10989756
2019-07-08,571.85,576.4,567.35,569.1,14089996
2019-07-09,567.7,583.4,566.1,581.9,17636866
2019-07-10,581.85,586.1,576.65,581.3,12087494
2019-07-11,585.0,586.3,581.5,582.55,8658012
2019-07-12,583.15,590.9,580.9,582.05,15782918
2019-07-15,584.1,586.1,577.45,580.05,10720960
2019-07-16,581.8,588.6,580.45,587.7,10128842
2019-07-17,588.35,589.55,581.85,582.65,9536908
2019-07-18,582.7,584.7,571.85,573.6,12011772
2019-07-19,576.45,578.6,564.85,567.7,16430734
2019-07-22,568.6,583.9,557.85,582.05,29260336
2019-07-23,584.1,588.15,572.9,578.9,20433492
2019-07-24,578.9,581.3,569.8,572.35,15276760
2019-07-25,574.55,576.85,557.7,559.8,21930800
2019-07-26,559.8,564.8,550.0,551.7,20505058
2019-07-29,553.15,555.45,547.8,550.4,17727678
2019-07-30,551.8,554.55,534.55,536.8,20973356
2019-07-31,534.4,538.6,528.4,530.15,21352362
2019-08-01,528.8,540.1,522.85,536.45,22758696
2019-08-02,534.4,544.65,528.2,538.35,23903848
2019-08-05,530.45,530.45,512.7,519.7,30574414
2019-08-06,515.8,522.55,510.0,512.85,29235600
2019-08-07,512.05,517.55,501.4,504.25,25495534
2019-08-08,503.8,526.4,497.85,523.8,31378460
2019-08-09,528.15,534.35,523.8,528.2,22096688
2019-08-13,560.55,592.15,557.3,579.4,105431576
2019-08-14,592.7,592.9,581.95,585.6,31871702
2019-08-16,586.9,587.15,578.6,580.9,22104492
2019-08-19,582.3,589.45,581.85,587.55,16411690
2019-08-20,586.3,587.55,578.45,579.95,15055612
2019-08-21,579.85,581.2,575.65,577.7,10739416
2019-08-22,577.7,577.7,563.15,566.7,14112862
2019-08-23,563.15,583.6,557.5,579.95,21430776
2019-08-26,588.15,588.15,572.3,575.85,19313226
2019-08-27,584.1,584.1,573.3,579.45,28565672
2019-08-28,578.95,582.3,570.9,574.2,11672406
2019-08-29,571.1,572.85,561.5,564.4,18999142
2019-08-30,566.1,570.15,555.0,567.55,24877864
2019-09-03,564.65,565.0,545.45,548.4,18838620
2019-09-04,545.7,547.85,539.1,545.95,33139382
2019-09-05,548.55,551.45,542.4,544.85,23128078
2019-09-06,546.85,558.6,543.3,555.65,23320514
2019-09-09,554.85,560.45,551.4,555.55,11815668
2019-09-11,555.65,563.6,555.65,561.1,12197830
2019-09-12,561.4,563.85,548.05,550.15,11948506
2019-09-13,550.9,558.4,548.6,557.1,13022372
2019-09-16,540.45,554.1,539.1,550.35,20666208
2019-09-17,550.45,550.45,542.5,544.3,15730958
2019-09-18,547.7,552.85,544.15,548.05,15020018
2019-09-19,549.05,549.85,533.05,535.9,13845598
2019-09-20,539.95,577.2,533.8,570.15,48443282
2019-09-23,579.15,582.3,561.4,563.3,21735452
2019-09-24,565.3,590.35,564.85,581.2,35160548
2019-09-25,583.6,588.6,576.75,581.6,18297166
2019-09-26,587.3,590.35,583.4,589.45,18456266
2019-09-27,587.5,597.7,583.6,595.05,19168556
2019-09-30,595.45,607.15,593.4,605.6,25409442
2019-10-01,607.7,610.0,587.85,593.15,18023714
2019-10-03,584.55,597.6,582.4,595.9,13602836
2019-10-04,599.95,603.9,592.65,594.6,15078698
2019-10-07,594.6,600.35,591.65,595.5,10119600
2019-10-09,594.85,604.55,587.5,602.15,17690064
2019-10-10,602.3,622.3,600.45,619.4,35208236
2019-10-11,619.85,620.7,607.55,614.85,16692826
2019-10-14,620.4,620.4,614.05,617.3,13471506
2019-10-15,619.35,622.7,615.6,620.05,9728566
2019-10-16,622.65,627.15,619.85,623.8,19515542
2019-10-17,625.0,635.9,623.6,634.8,16131420
2019-10-18,638.15,649.05,635.8,643.8,28284102
2019-10-22,647.7,653.15,637.85,642.8,27946718
2019-10-23,643.8,648.15,628.7,632.9,18552520
2019-10-24,636.85,655.2,630.25,652.9,22773044
2019-10-25,655.05,655.2,641.45,650.55,13618028
2019-10-27,655.0,656.85,650.0,651.9,3032288
2019-10-29,657.05,672.7,655.5,666.85,25917086
2019-10-30,672.7,674.8,663.8,672.3,16435590
2019-10-31,674.55,677.15,664.4,665.65,19575970
2019-11-01,661.35,664.45,655.0,662.2,13984474
2019-11-04,666.3,668.65,656.9,662.55,14144524
2019-11-05,665.05,667.7,655.0,657.85,12758500
2019-11-06,655.75,657.45,649.35,652.2,14709836
2019-11-07,652.3,665.0,651.0,663.0,14165248
2019-11-08,658.65,663.45,655.1,657.05,12088656
2019-11-11,654.1,656.45,646.6,649.0,11423330
2019-11-13,650.0,670.9,650.0,669.25,25371200
2019-11-14,670.9,673.45,661.75,664.9,14340346
2019-11-15,666.2,675.85,665.05,668.55,15782082
2019-11-18,669.4,675.45,661.55,663.25,14157214
2019-11-19,666.85,688.6,665.9,686.25,30350252
2019-11-20,706.85,714.7,701.45,703.45,43789160
2019-11-21,702.3,707.3,694.8,698.9,14983270
2019-11-22,700.95,713.4,698.9,702.95,22481752
2019-11-25,705.05,711.3,705.0,709.8,15233488
2019-11-26,712.8,716.55,707.3,709.2,35534702
2019-11-27,709.1,716.15,707.3,713.55,9698340
2019-11-28,714.85,720.05,710.9,718.35,13826748
2019-11-29,719.1,719.1,703.55,705.05,18666608
2019-12-02,727.3,733.85,716.85,721.15,31405410
2019-12-03,723.95,724.55,714.8,717.7,13065330
2019-12-04,715.0,717.05,697.15,705.75,21108622
2019-12-05,715.45,718.1,701.85,704.95,20057448
2019-12-06,705.9,712.7,700.5,706.8,13160684
2019-12-09,707.35,717.0,702.95,714.8,12715576
2019-12-10,714.6,715.3,706.45,709.95,10231994
2019-12-11,707.1,715.65,704.8,710.2,12435936
2019-12-12,713.75,715.35,707.55,712.85,10386150
2019-12-13,718.15,722.7,714.7,719.5,12741348
2019-12-16,723.65,724.5,711.05,712.1,11961292
2019-12-17,712.15,717.7,707.1,710.35,20441792
2019-12-18,710.45,718.15,710.0,716.3,14827080
2019-12-19,715.35,734.05,714.45,731.8,20626064
2019-12-20,734.1,735.25,725.5,726.9,21394162
2019-12-23,709.1,717.1,708.1,714.3,25252544
2019-12-24,713.15,714.6,701.15,702.9,18152516
2019-12-26,700.75,705.9,686.45,688.8,29932622
2019-12-27,694.1,702.85,691.5,701.05,17779500
2019-12-30,702.7,703.45,694.6,701.9,17222484
2019-12-31,700.9,701.65,685.5,688.2,22331028
2020-01-01,690.0,694.1,684.35,686.2,14085218
2020-01-02,687.3,700.4,687.3,697.85,17812434
2020-01-03,696.85,700.75,692.3,698.7,21105696
2020-01-06,690.9,694.5,680.9,682.5,24660554
2020-01-07,690.45,697.5,687.95,693.0,16779820
2020-01-08,688.65,697.45,686.35,687.8,16140434
2020-01-09,699.4,704.55,696.05,703.65,15069134
2020-01-10,705.4,708.15,699.85,703.45,12550310
2020-01-13,702.3,708.5,699.3,701.65,18387798
2020-01-14,700.0,704.55,691.75,695.2,15907734
2020-01-15,698.15,699.95,690.1,692.65,15909064
2020-01-16,695.0,701.55,694.55,699.05,12922056
2020-01-17,706.15,720.4,706.0,718.65,29633358
2020-01-20,731.35,731.35,693.8,696.55,32733510
2020-01-21,694.8,702.65,691.85,697.2,19031828
2020-01-22,701.85,703.1,695.95,696.95,10382340
2020-01-23,698.4,700.9,691.2,694.05,11312594
2020-01-24,694.1,698.35,690.25,691.6,14712792
2020-01-27,688.6,692.9,684.1,684.8,13464944
2020-01-28,685.7,686.35,665.3,668.95,24673688
2020-01-29,670.05,679.3,665.5,672.65,24889254
2020-01-30,672.3,672.6,654.55,656.25,22531864
2020-01-31,660.45,660.6,639.65,641.65,34950680
2020-02-01,638.8,648.65,623.2,628.8,24250382
2020-02-03,622.65,636.35,619.6,629.8,30889378
2020-02-04,636.4,651.15,635.35,648.4,25530266
2020-02-05,652.2,660.35,650.1,658.4,18578610
2020-02-06,660.95,666.85,654.6,662.6,15628174
2020-02-07,659.55,660.15,649.25,651.65,12279610
2020-02-10,649.1,657.05,641.15,652.55,15229788
2020-02-11,657.9,666.45,656.85,660.35,14080540
2020-02-12,661.9,670.35,661.35,668.35,13611600
2020-02-13,671.7,671.7,664.8,670.05,13643878
2020-02-14,671.45,682.45,660.5,676.2,21350242
2020-02-17,676.85,684.65,670.1,671.9,13224948
2020-02-18,670.9,670.9,662.45,667.0,11191320
2020-02-19,672.45,684.75,670.5,683.55,14165620
2020-02-20,680.45,685.45,674.45,675.4,16989670
2020-02-24,668.1,671.35,654.35,656.8,21493434
2020-02-25,659.7,659.7,640.9,643.8,27905040
2020-02-26,640.9,641.95,630.65,632.7,29532054
2020-02-27,630.9,633.55,622.3,630.15,25199460
2020-02-28,615.9,616.85,602.3,603.9,39542464
2020-03-02,615.95,622.3,591.4,598.25,29670594
2020-03-03,604.4,615.4,600.9,610.35,27556780
2020-03-04,614.55,615.35,594.5,608.95,22232720
2020-03-05,614.65,617.25,593.6,595.95,30686312
2020-03-06,577.3,585.55,564.1,577.7,33928550
2020-03-09,563.65,564.1,497.7,506.4,88699178
2020-03-11,503.6,535.65,503.6,524.35,59922780
2020-03-12,493.15,500.45,476.65,483.15,56293974
2020-03-13,453.6,518.15,428.4,502.4,73721466
2020-03-16,482.1,490.75,456.85,461.65,38708404
2020-03-17,476.05,481.85,456.0,458.15,45710372
2020-03-18,466.05,470.9,436.85,440.2,44991094
2020-03-19,418.25,439.55,405.55,417.15,61758536
2020-03-20,427.05,470.4,422.7,462.7,63728558
2020-03-23,416.45,431.85,398.0,401.85,40906168
2020-03-24,422.7,440.9,407.15,428.8,46022508
2020-03-25,438.1,523.4,437.85,491.9,73552878
2020-03-26,498.1,507.65,473.8,484.65,46008454
2020-03-27,497.7,503.35,475.55,484.4,41898216
2020-03-30,473.0,488.55,463.6,468.4,30404630
2020-03-31,488.15,513.55,476.4,506.25,44549800
2020-04-01,510.15,511.2,475.1,491.1,41837618
2020-04-03,515.65,515.65,480.15,489.75,41606496
2020-04-07,500.95,551.85,500.0,548.2,54689926
2020-04-08,536.4,558.6,527.3,541.9,50168302
2020-04-09,551.85,560.35,542.3,554.55,33223764
2020-04-13,547.25,552.3,536.4,540.55,23810316
2020-04-15,544.1,561.85,519.55,522.65,35525510
2020-04-16,522.65,539.75,520.45,530.9,37671772
2020-04-17,552.7,559.1,542.15,556.4,33461356
2020-04-20,557.3,571.4,546.4,565.35,36239146
2020-04-21,550.0,569.1,529.1,562.45,61726954
2020-04-22,600.0,629.5,590.9,619.85,143507966
2020-04-23,621.55,629.95,615.15,623.15,65842328
2020-04-24,613.7,679.5,612.35,644.1,135765054
2020-04-27,651.85,670.45,646.85,649.9,58820326
2020-04-28,659.1,661.6,632.8,649.15,78906038
2020-04-29,656.8,660.75,645.45,648.65,37711388
2020-04-30,660.9,679.5,653.65,666.35,71759382
2020-05-04,654.55,665.9,644.3,652.4,53766328
2020-05-05,660.75,672.3,657.85,663.95,45163154
2020-05-06,665.45,674.95,657.05,663.95,40722668
2020-05-07,661.35,688.05,656.85,684.95,50317364
2020-05-08,702.3,718.15,698.7,709.9,84749248
2020-05-11,718.15,734.1,714.65,716.75,67474888
2020-05-12,711.3,712.85,665.9,672.4,101264062
2020-05-13,694.1,694.1,660.9,680.2,67447712
2020-05-14,667.7,680.35,650.05,652.7,50020770
2020-05-15,656.35,666.65,643.2,663.4,63103550
2020-05-18,668.15,673.65,649.1,654.9,63759564
2020-05-19,662.3,664.4,637.85,640.4,42964276
2020-05-20,640.9,657.65,633.15,651.65,56167522
2020-05-21,652.3,664.3,647.7,655.1,39769832
2020-05-22,659.9,662.7,648.4,650.7,38408706
2020-05-26,658.25,658.95,643.8,647.3,33727744
2020-05-27,650.45,660.9,641.85,657.1,36213680
2020-05-28,661.35,672.6,658.65,669.2,40742354
2020-05-29,667.3,669.1,660.3,665.65,40637894
2020-06-01,672.7,699.25,670.9,691.05,40554944
2020-06-02,693.65,700.0,691.3,698.05,22493024
2020-06-03,702.3,709.1,696.95,700.75,25770066
2020-06-04,701.85,722.5,700.45,718.1,34726146
2020-06-05,725.0,735.45,715.35,718.95,33594958
2020-06-08,735.65,735.65,711.35,713.4,31895722
2020-06-09,709.25,719.55,696.85,698.7,26254960
2020-06-10,701.4,718.0,700.05,714.65,22471738
2020-06-11,711.85,712.7,695.9,698.95,20698222
2020-06-12,681.85,724.1,680.45,722.15,39139244
2020-06-15,711.35,739.5,709.6,733.85,53920156
2020-06-16,746.85,749.35,720.6,735.35,51971258
2020-06-17,731.05,743.4,728.2,734.25,42421542
2020-06-18,730.45,756.85,729.8,752.7,41090926
2020-06-19,759.1,813.1,755.45,799.7,107423474
2020-06-22,806.1,820.1,788.65,793.7,61119898
2020-06-23,795.45,801.7,780.05,782.2,38546632
2020-06-24,789.05,805.75,778.05,785.35,52378752
2020-06-25,785.0,795.0,778.65,780.9,40287952
2020-06-26,785.85,796.35,780.45,791.65,31395530
2020-06-29,785.5,790.8,779.8,783.25,26015278
2020-06-30,789.55,791.35,770.7,774.6,30740684
2020-07-01,781.85,795.0,776.35,789.8,28900754
2020-07-02,792.3,803.45,788.65,800.15,29230872
2020-07-03,809.0,815.0,803.65,812.7,29884808
2020-07-06,820.45,844.55,814.6,841.75,47735928
2020-07-07,845.45,847.45,821.05,828.85,35728224
2020-07-08,829.1,834.1,813.65,817.3,26605750
2020-07-09,822.3,834.1,811.9,829.2,36976286
2020-07-10,831.15,856.6,829.2,853.65,44430078
2020-07-13,865.15,885.35,863.65,879.55,70673674
2020-07-14,879.1,882.6,857.85,871.35,68361900
2020-07-15,880.9,899.45,817.3,838.15,141808916
2020-07-16,839.55,849.55,823.85,837.9,61894784
2020-07-17,838.65,872.7,835.45,868.95,50488978
2020-07-20,871.75,878.15,863.45,872.7,37153054
2020-07-21,881.35,898.65,880.2,896.15,42819696
2020-07-22,901.35,913.65,891.2,910.9,60686492
2020-07-23,910.9,945.35,905.15,935.35,59226328
2020-07-24,935.45,983.15,935.35,975.55,122444944
2020-07-27,990.35,999.45,967.2,980.1,81534088
2020-07-28,980.1,997.3,977.55,989.9,55958360
2020-07-29,989.95,992.15,941.15,953.05,73779994
2020-07-30,954.1,972.6,941.85,958.55,73973936
2020-07-31,961.15,967.7,933.1,939.6,76105426
2020-08-03,932.4,935.0,910.5,913.15,47432302
2020-08-04,918.45,985.0,909.2,977.55,93449896
2020-08-05,985.9,998.15,962.85,966.6,75692950
2020-08-06,980.45,985.35,958.1,970.05,50077998
2020-08-07,968.1,980.85,963.7,975.65,33489244
2020-08-10,981.4,984.1,958.2,963.55,27372266
2020-08-11,970.35,981.85,954.7,969.9,47544990
2020-08-12,964.1,975.0,957.6,967.1,30728564
2020-08-13,967.3,972.2,959.1,964.6,25210352
2020-08-14,964.8,980.45,949.65,960.85,33734270
2020-08-17,956.85,956.85,940.95,950.65,31453892
2020-08-18,947.7,970.1,946.55,963.0,31015450
2020-08-19,973.15,979.1,964.25,968.85,34609100
2020-08-20,963.65,965.4,949.1,953.2,22885042
2020-08-21,962.7,964.55,944.1,946.3,25668018
2020-08-24,950.65,956.6,941.15,952.6,33217866
2020-08-25,957.3,959.65,944.55,946.4,19684960
2020-08-26,947.7,976.35,930.45,971.5,60788262
2020-08-27,976.35,977.3,956.05,959.4,28516706
2020-08-28,963.65,969.5,957.4,961.9,27582904
2020-08-31,988.15,988.15,936.55,945.75,63028110
2020-09-01,954.55,964.7,937.45,948.75,39207274
2020-09-02,950.9,971.85,947.7,967.4,27361860
2020-09-03,967.3,972.15,955.9,960.05,18871030
2020-09-04,947.1,953.15,941.9,944.2,28911752
2020-09-07,947.3,957.15,929.2,946.65,22262018
2020-09-08,950.9,964.1,945.65,957.8,27816276
2020-09-09,947.7,985.35,946.15,982.45,56157322
2020-09-10,992.3,1065.9,988.8,1051.8,142453886
2020-09-11,1050.9,1062.65,1039.6,1054.45,60380942
2020-09-14,1056.8,1072.7,1037.3,1046.6,44738056
2020-09-15,1050.9,1057.15,1040.05,1054.05,27594954
2020-09-16,1054.55,1076.95,1050.25,1056.6,34472092
2020-09-17,1054.55,1060.75,1041.75,1044.9,26223980
2020-09-18,1051.95,1054.3,1034.8,1048.05,33581022
2020-09-21,1045.45,1061.8,1021.55,1025.35,34142752
2020-09-22,1035.0,1035.0,1000.7,1005.05,35324566
2020-09-23,1027.3,1034.9,1002.4,1014.0,43647580
2020-09-24,1003.6,1011.85,989.1,991.45,30283706
2020-09-25,995.0,1005.85,985.1,1000.75,28811090
2020-09-28,1012.3,1017.3,1003.2,1007.4,19968932
2020-09-29,1011.35,1029.1,1007.4,1020.5,26240410
2020-09-30,1027.3,1030.45,1011.35,1015.65,24840816
2020-10-01,1029.0,1029.0,1006.35,1011.45,21101228
2020-10-05,1020.0,1022.35,1002.7,1005.55,19212358
2020-10-06,1011.45,1015.4,1000.75,1004.7,18694174
2020-10-07,1015.9,1049.55,1009.1,1026.15,53984964
2020-10-08,1026.8,1030.9,1010.05,1017.85,21400518
2020-10-09,1015.9,1024.1,1007.8,1015.2,18829244
2020-10-12,1015.9,1025.35,1011.9,1016.85,14444156
2020-10-13,1013.9,1038.95,1011.75,1036.7,23465816
2020-10-14,1035.9,1047.3,1031.15,1039.8,27151272
2020-10-15,1040.9,1040.9,997.7,1002.95,20343164
2020-10-16,1006.85,1014.8,987.55,989.0,21914376
2020-10-19,995.5,1013.05,979.65,989.15,31677936
2020-10-20,990.45,996.85,978.3,979.95,18765166
2020-10-21,985.45,996.35,953.55,965.7,34605976
2020-10-22,967.0,969.35,950.45,957.7,31273562
2020-10-23,957.3,970.45,952.9,960.5,23780642
2020-10-26,955.4,955.4,917.5,922.3,37895748
2020-10-27,924.95,936.3,911.35,924.8,37037024
2020-10-28,928.1,935.35,912.45,914.3,30382118
2020-10-29,907.7,928.15,905.0,921.3,31124898
2020-10-30,924.35,938.7,919.0,933.85,34542470
2020-11-02,921.35,921.35,845.05,853.4,100887174
2020-11-03,859.1,867.7,834.1,841.1,90048574
2020-11-04,835.0,876.85,835.0,869.65,81406844
2020-11-05,888.65,891.35,878.15,888.65,37774602
2020-11-06,904.55,927.3,899.15,922.35,67694176
2020-11-09,937.3,940.45,925.45,932.15,36386828
2020-11-10,944.1,950.0,927.85,947.55,37499324
2020-11-11,949.55,952.3,899.1,907.85,57592650
2020-11-12,900.45,912.9,893.15,900.0,40659226
2020-11-13,900.9,925.75,900.8,907.45,46083100
2020-11-14,915.9,916.05,906.95,910.1,5306180
2020-11-17,947.7,947.7,902.3,906.05,47254648
2020-11-18,906.05,912.05,890.95,903.25,30867434
2020-11-19,903.25,913.85,894.65,896.9,28221618
2020-11-20,897.7,901.75,861.35,863.4,58350538
2020-11-23,886.85,895.45,875.6,886.65,46021064
2020-11-24,892.7,897.3,878.15,892.75,31409582
2020-11-25,900.0,905.9,882.85,885.35,33137228
2020-11-26,887.75,893.15,877.3,887.55,26233960
2020-11-27,882.05,889.1,873.4,877.15,48061048
2020-12-01,881.95,893.75,877.3,888.6,20052866
2020-12-02,890.2,891.85,879.55,890.05,22528370
2020-12-03,896.35,900.5,890.3,892.75,28210480
2020-12-04,895.0,895.0,881.85,884.9,18747054
2020-12-07,882.1,893.15,882.1,890.1,18521288
2020-12-08,891.45,915.6,886.35,906.25,44067114
2020-12-09,913.65,924.45,908.75,921.35,29621626
2020-12-10,918.9,922.05,909.55,912.3,16311304
2020-12-11,915.0,926.35,897.4,911.75,27356440
2020-12-14,912.7,915.9,902.85,905.1,17577626
2020-12-15,904.4,904.4,891.4,897.45,18835094
2020-12-16,903.65,906.8,893.5,898.4,18844988
2020-12-17,902.05,911.35,898.7,902.55,20562212
2020-12-18,900.05,911.3,893.15,905.25,18748874
2020-12-21,913.65,919.1,843.3,881.65,44810800
2020-12-22,885.9,890.4,858.4,880.35,28570534
2020-12-23,877.3,887.0,873.05,883.55,19799776
2020-12-24,885.0,908.55,884.5,906.45,21094870
2020-12-28,912.15,917.3,906.95,910.6,17484982
2020-12-29,913.15,914.65,901.15,904.6,18896696
2020-12-30,906.9,912.4,898.0,907.05,22380890
2020-12-31,906.15,914.5,899.4,902.4,19068536
2021-01-01,903.65,907.7,900.9,903.4,10168404
2021-01-04,906.9,908.6,894.55,904.95,24888582
2021-01-05,895.0,901.6,889.1,893.7,24492166
2021-01-06,893.6,893.65,865.95,870.1,47111394
2021-01-07,872.95,884.1,865.95,868.7,32820494
2021-01-08,871.85,881.1,869.1,878.95,27961542
2021-01-11,881.3,881.3,860.2,862.4,33817424
2021-01-12,865.0,890.9,863.6,889.6,41791304
2021-01-13,892.55,897.7,872.0,881.3,27026728
2021-01-14,884.1,894.05,881.35,891.2,21883000
2021-01-15,891.2,897.15,872.75,880.65,20908338
2021-01-18,885.95,907.7,874.25,901.8,35637484
2021-01-19,906.65,923.15,906.65,916.55,32496306
2021-01-20,918.8,935.45,909.7,933.95,31397672
2021-01-21,946.35,963.65,943.15,954.3,39685772
2021-01-22,959.55,961.55,925.05,931.6,30999800
2021-01-25,924.95,924.95,878.15,882.3,55036454
2021-01-27,875.0,875.0,858.15,861.35,43018380
2021-01-28,854.65,874.25,850.0,853.0,34589040
2021-01-29,861.05,869.6,831.85,837.25,44381168
2021-02-01,845.2,865.9,840.0,861.5,34703908
2021-02-02,870.1,881.85,843.15,875.35,42104510
2021-02-03,876.5,887.3,863.65,877.55,30765302
2021-02-04,874.55,881.85,865.9,874.65,26019066
2021-02-05,877.3,883.95,872.7,874.4,20557834
2021-02-08,878.65,895.0,876.85,887.0,21507500
2021-02-09,891.8,904.4,887.4,889.15,19904078
2021-02-10,888.1,902.15,876.05,897.4,21559032
2021-02-11,900.0,938.25,896.45,934.4,43190114
2021-02-12,934.35,944.55,916.1,928.0,30963622
2021-02-15,930.9,936.95,920.45,923.9,16032698
2021-02-16,927.15,945.2,925.0,936.15,21749404
2021-02-17,936.35,952.7,932.1,946.9,24106254
2021-02-18,947.7,958.4,935.95,939.9,18932168
2021-02-19,935.0,956.8,933.35,945.6,23761548
2021-02-22,945.45,949.95,906.8,912.8,24168534
2021-02-23,930.9,933.15,915.3,919.75,26036454
2021-02-24,922.7,938.75,920.95,936.85,10973018
2021-02-25,943.65,978.15,942.3,974.7,35388974
2021-02-26,962.3,969.95,941.2,948.1,38054666
2021-03-01,959.15,960.0,937.5,955.35,17951274
2021-03-02,964.55,968.15,949.6,957.3,17413160
2021-03-03,964.1,1009.05,957.85,1000.95,32412894
2021-03-04,990.9,995.4,980.75,989.05,21763714
2021-03-05,980.0,1005.4,978.65,990.35,25901986
2021-03-08,985.65,1014.5,985.45,995.95,19805288
2021-03-09,1000.0,1006.3,975.7,995.9,15386342
2021-03-10,1003.15,1006.9,986.45,991.8,11695600
2021-03-12,997.7,1002.9,965.4,971.6,17122980
2021-03-15,972.75,976.8,945.65,958.6,16953864
2021-03-16,960.9,966.35,952.5,954.8,14086066
2021-03-17,953.65,955.9,925.05,934.25,19504146
2021-03-18,942.2,947.6,909.55,913.2,20963380
2021-03-19,905.0,952.65,901.3,946.35,42426762
2021-03-22,941.35,942.7,924.15,937.45,18856632
2021-03-23,937.25,958.95,934.55,948.85,17687704
2021-03-24,945.35,945.35,927.45,930.6,17080198
2021-03-25,933.65,933.65,902.3,905.2,22338266
2021-03-26,914.55,915.35,897.15,906.65,20488952
2021-03-30,912.7,931.3,905.25,922.4,20754470
2021-03-31,917.3,931.8,908.65,910.5,16499428
2021-04-01,917.3,922.7,910.55,919.05,11902676
2021-04-05,920.4,920.45,891.9,905.7,15102684
2021-04-06,910.9,911.35,895.0,901.95,14223530
2021-04-07,909.1,930.4,906.05,910.35,24637620
2021-04-08,914.1,919.1,905.9,911.55,15604332
2021-04-09,908.4,911.95,900.0,900.9,14252660
2021-04-12,890.45,891.55,863.75,868.7,21221268
2021-04-13,874.55,882.1,871.75,878.1,19708174
2021-04-15,875.6,891.35,869.55,883.8,20025482
2021-04-16,880.3,886.3,875.65,878.2,15896494
2021-04-19,865.45,871.1,859.1,864.4,18761528
2021-04-20,868.4,872.3,859.3,864.15,17466878
2021-04-22,860.1,870.2,853.05,866.55,14712660
2021-04-23,866.35,872.2,861.55,865.65,12009836
2021-04-26,872.7,891.85,868.85,880.85,21165728
2021-04-27,881.85,907.85,881.05,903.95,20298404
2021-04-28,908.15,912.7,900.05,907.85,17384404
2021-04-29,919.5,929.35,912.4,920.05,17679014
2021-04-30,912.95,925.45,903.4,906.6,20132142
2021-05-03,893.65,899.55,883.2,890.5,24001872
2021-05-04,886.35,894.45,868.65,871.2,22184124
2021-05-05,874.25,881.15,867.3,872.8,12583228
2021-05-06,873.55,879.55,866.6,877.7,14848418
2021-05-07,880.8,888.95,875.45,878.1,12476558
2021-05-10,881.35,884.9,873.15,875.55,14154534
2021-05-11,870.45,881.15,868.15,878.7,13684478
2021-05-12,877.3,878.6,866.85,869.65,13379580
2021-05-14,876.35,882.7,866.35,880.6,13494974
2021-05-17,880.6,892.45,877.45,891.05,12054732
2021-05-18,900.45,910.3,896.6,903.65,12249508
2021-05-19,900.0,916.6,896.35,907.75,16566646
2021-05-20,908.15,914.05,900.45,902.45,11597294
2021-05-21,905.45,913.45,902.7,910.25,10950622
2021-05-24,912.7,913.55,900.9,902.55,8682600
2021-05-25,907.45,907.7,890.9,892.35,15006234
2021-05-26,897.7,899.8,893.35,895.5,7594648
2021-05-27,895.6,905.9,891.9,898.2,27229620
2021-05-28,904.55,956.85,904.55,952.15,57333900
2021-05-31,955.45,996.2,947.75,981.95,60028720
2021-06-01,984.55,1000.9,975.65,985.9,28442434
2021-06-02,980.45,1004.35,980.45,1000.6,25006996
2021-06-03,1009.55,1022.7,998.2,1004.4,24341056
2021-06-04,1006.75,1007.45,992.85,995.65,14690012
2021-06-07,1000.9,1019.1,993.15,1012.45,16586518
2021-06-08,1012.1,1012.35,999.15,1006.6,9822756
2021-06-09,1008.65,1009.55,980.9,988.65,11583718
2021-06-10,997.0,1013.65,989.8,992.3,14372230
2021-06-11,992.2,1012.7,990.95,1005.95,13973344
2021-06-14,1006.85,1026.45,997.75,1020.4,20643516
2021-06-15,1027.7,1034.05,1018.35,1022.7,15406376
2021-06-16,1020.4,1021.35,1002.65,1005.3,10962546
2021-06-17,1000.0,1015.9,990.9,1007.15,15986884
2021-06-18,1011.6,1015.9,992.85,1011.65,29818362
2021-06-21,1001.6,1021.6,1000.05,1016.9,12372896
2021-06-22,1024.55,1027.7,1008.8,1011.7,13068850
2021-06-23,1022.7,1023.0,1000.75,1002.45,16908752
2021-06-24,1003.15,1006.6,972.7,978.85,92861312
2021-06-25,978.85,978.85,945.95,956.6,56201934
2021-06-28,964.55,966.6,945.9,948.15,20587274
2021-06-29,949.8,958.65,947.3,949.0,27559358
2021-06-30,952.85,964.85,950.5,959.4,20065224
2021-07-01,962.7,965.05,952.3,953.65,12726180
2021-07-02,953.15,969.5,951.35,967.75,14302140
2021-07-05,971.15,978.85,968.85,977.4,11881328
2021-07-06,974.95,976.8,963.7,965.85,10224194
2021-07-07,967.15,967.15,953.65,959.1,10614848
2021-07-08,962.25,962.25,945.9,951.2,11356594
2021-07-09,949.1,950.75,939.1,941.45,9175950
2021-07-12,945.35,955.2,942.95,947.3,8716644
2021-07-13,954.55,955.9,949.1,954.4,6819904
2021-07-14,954.7,957.65,946.05,948.15,8663090
2021-07-15,952.3,952.3,944.8,946.55,9592914
2021-07-16,948.95,961.25,948.9,960.2,8963254
2021-07-19,954.55,965.45,951.05,954.1,8482270
2021-07-20,954.35,958.15,947.3,951.75,6844608
2021-07-22,963.15,963.6,953.7,958.15,3540170
2021-07-23,970.2,970.2,955.5,957.15,10089064
2021-07-26,958.15,964.1,941.4,944.05,12579226
2021-07-27,944.0,947.15,928.15,934.1,10990136
2021-07-28,935.45,935.45,916.45,926.05,13095182
2021-07-29,933.65,942.9,928.8,933.3,13976350
2021-07-30,935.45,939.95,923.2,925.1,11524268
2021-08-02,933.8,945.2,927.8,942.05,11092254
2021-08-03,950.0,950.45,938.25,948.95,11998100
2021-08-04,952.0,960.9,948.65,956.25,13371294
2021-08-05,961.05,979.45,956.45,970.1,21577228
2021-08-06,968.15,975.9,944.9,949.6,16875282
2021-08-09,945.9,949.9,939.35,944.15,7608802
2021-08-10,946.35,960.45,942.6,949.1,12101558
2021-08-11,953.15,963.65,947.0,962.4,9325490
2021-08-12,965.9,966.45,956.85,959.35,8262116
2021-08-13,962.4,977.2,958.65,975.3,12976444
2021-08-16,976.95,1001.35,967.35,987.95,22271048
2021-08-17,985.85,993.25,976.3,983.75,12851834
2021-08-18,988.15,994.0,978.45,987.55,10230018
2021-08-20,974.1,987.3,971.35,976.45,9570502
2021-08-23,988.15,988.15,969.25,982.85,10005164
2021-08-24,984.1,996.35,979.8,992.6,12045994
2021-08-25,993.4,1009.1,990.95,1001.2,13585278
2021-08-26,1003.65,1020.4,1002.3,1013.85,18874032
2021-08-27,1016.85,1019.4,1007.3,1012.45,10640986
2021-08-30,1022.7,1034.45,1016.75,1031.95,14241672
2021-08-31,1034.95,1038.05,1019.2,1026.45,26890682
2021-09-01,1033.2,1042.2,1028.65,1030.5,11316008
2021-09-02,1025.0,1049.0,1025.0,1042.9,10109106
2021-09-03,1050.0,1088.65,1046.6,1085.7,31133584
2021-09-06,1096.8,1127.3,1096.35,1102.55,34156416
2021-09-07,1104.55,1117.3,1096.35,1109.5,17615330
2021-09-08,1114.55,1115.45,1093.95,1105.15,14520462
2021-09-09,1103.6,1108.15,1098.2,1102.55,9100384
2021-09-13,1105.9,1105.9,1076.35,1078.0,16560716
2021-09-14,1079.55,1088.2,1075.45,1076.55,9044652
2021-09-15,1076.6,1088.95,1076.6,1081.05,9209860
2021-09-16,1082.55,1107.6,1075.9,1103.7,13654646
2021-09-17,1111.8,1116.3,1079.8,1086.6,35415818
2021-09-20,1078.2,1099.25,1077.3,1088.35,11960048
2021-09-21,1093.2,1098.45,1083.65,1093.05,10067444
2021-09-22,1094.55,1110.0,1090.1,1104.95,10449226
2021-09-23,1112.45,1135.0,1111.6,1131.8,15989342
2021-09-24,1138.0,1138.85,1123.65,1128.5,15424598
2021-09-27,1130.45,1149.95,1125.1,1147.45,15609048
2021-09-28,1151.8,1165.9,1142.2,1158.2,18311192
2021-09-29,1168.2,1168.2,1145.5,1149.05,9868586
2021-09-30,1147.7,1152.1,1136.55,1145.1,13798588
2021-10-01,1137.25,1154.45,1134.1,1147.15,9095996
2021-10-04,1160.45,1170.35,1153.2,1161.9,11085602
2021-10-05,1161.4,1187.3,1157.85,1186.0,13740694
2021-10-06,1190.9,1190.9,1159.6,1163.55,10415838
2021-10-07,1179.55,1181.25,1167.15,1169.3,6433614
2021-10-08,1175.1,1220.2,1173.4,1214.2,16013806
2021-10-11,1227.9,1236.35,1202.45,1205.75,14994622
2021-10-12,1202.3,1219.55,1200.55,1212.6,6784244
2021-10-13,1217.7,1236.15,1213.3,1224.95,10112144
2021-10-14,1227.45,1235.2,1221.45,1227.45,8755406
2021-10-18,1213.0,1247.7,1210.1,1230.7,13802470
2021-10-19,1238.1,1250.65,1230.9,1241.75,8968558
2021-10-20,1246.7,1246.7,1223.4,1227.45,12905038
2021-10-21,1239.7,1240.0,1183.25,1192.05,21150386
2021-10-22,1190.9,1211.3,1187.05,1194.3,11196192
2021-10-25,1218.2,1218.2,1168.2,1182.6,17461548
2021-10-26,1189.6,1213.15,1183.25,1209.55,9899354
2021-10-27,1205.45,1216.75,1190.9,1194.3,10047708
2021-10-28,1190.9,1199.05,1177.5,1181.2,10037436
2021-10-29,1180.05,1180.05,1137.15,1152.85,14450786
2021-11-01,1152.85,1161.8,1133.7,1153.55,15717970
2021-11-02,1156.8,1158.2,1134.2,1136.75,10730834
2021-11-03,1139.1,1145.45,1118.65,1128.9,12172864
2021-11-04,1133.15,1138.6,1131.8,1135.85,1731752
2021-11-08,1145.2,1145.45,1116.55,1137.25,20648336
2021-11-09,1138.65,1149.5,1130.5,1146.2,15922434
2021-11-10,1143.95,1162.7,1138.05,1159.05,10410346
2021-11-11,1154.55,1168.4,1152.55,1161.15,10886528
2021-11-12,1164.95,1181.25,1162.3,1178.7,8845636
2021-11-15,1181.8,1182.8,1168.2,1171.75,4876758
2021-11-16,1169.1,1170.45,1134.1,1144.5,11511042
2021-11-17,1135.9,1135.9,1118.65,1120.0,10358118
2021-11-18,1118.2,1131.35,1113.65,1124.25,8635760
2021-11-22,1107.3,1113.2,1068.65,1074.45,24493400
2021-11-23,1060.5,1091.45,1049.55,1084.45,25714494
2021-11-24,1081.8,1095.4,1065.25,1068.8,17077640
2021-11-25,1078.65,1137.3,1071.45,1133.15,43050672
2021-11-26,1121.75,1126.2,1091.6,1096.6,16004310
2021-11-29,1108.7,1136.35,1090.5,1109.8,24697524
2021-11-30,1121.8,1125.4,1085.85,1093.4,32664524
2021-12-01,1105.9,1124.55,1102.3,1121.35,10259208
2021-12-02,1122.6,1134.65,1118.9,1128.55,12915030
2021-12-03,1135.65,1135.7,1090.9,1094.65,19516578
2021-12-06,1098.2,1102.3,1071.45,1073.9,10490334
2021-12-07,1080.05,1092.7,1072.7,1082.65,11407016
2021-12-08,1101.9,1105.35,1093.8,1099.1,8877962
2021-12-09,1106.8,1124.95,1102.3,1116.55,13415710
2021-12-10,1109.2,1120.9,1104.7,1117.7,8492388
2021-12-13,1124.3,1124.6,1092.7,1095.3,13099126
2021-12-14,1081.8,1093.65,1078.8,1081.9,13190290
2021-12-15,1083.65,1093.2,1073.2,1078.7,9510282
2021-12-16,1093.5,1097.95,1076.65,1092.7,9910624
2021-12-17,1090.05,1094.55,1054.55,1063.85,21371876
2021-12-20,1053.55,1053.55,1021.4,1035.15,14545028
2021-12-21,1050.65,1066.35,1041.9,1050.55,13032956
2021-12-22,1056.8,1078.15,1055.45,1075.5,17928714
2021-12-23,1079.1,1081.8,1071.85,1075.1,9211206
2021-12-24,1077.3,1087.3,1062.55,1078.55,8007156
2021-12-27,1073.45,1080.9,1067.3,1077.4,4076010
2021-12-28,1079.8,1093.15,1078.65,1090.2,6472142
2021-12-29,1086.8,1099.55,1082.8,1092.05,15661314
2021-12-30,1090.9,1093.15,1066.2,1074.55,29778314
2021-12-31,1078.65,1083.6,1072.7,1076.45,9622290
2022-01-03,1075.0,1094.5,1074.35,1092.65,5504560
2022-01-04,1098.15,1118.65,1092.7,1117.3,11013696
2022-01-05,1119.1,1125.9,1105.9,1122.55,11821960
2022-01-06,1114.2,1115.45,1095.0,1098.4,14668462
2022-01-07,1104.95,1117.3,1096.15,1107.3,13312726
2022-01-10,1114.55,1116.8,1098.2,1108.2,9388204
2022-01-11,1107.3,1124.95,1106.8,1116.15,16453098
2022-01-12,1123.3,1147.7,1120.45,1145.95,15026884
2022-01-13,1146.05,1155.0,1140.2,1152.4,12038116
2022-01-14,1152.3,1166.95,1148.15,1154.1,20235100
2022-01-17,1153.65,1165.9,1153.2,1160.1,8159408
2022-01-18,1161.25,1164.7,1143.55,1146.3,6310118
2022-01-19,1150.0,1155.45,1140.45,1146.2,9904742
2022-01-20,1136.35,1140.9,1115.9,1126.15,16746846
2022-01-21,1114.55,1137.4,1114.55,1126.3,13542670
2022-01-24,1125.0,1138.55,1070.5,1080.9,22203524
2022-01-25,1068.0,1085.75,1047.7,1078.75,24885204
2022-01-27,1061.8,1070.95,1050.5,1062.8,20326738
2022-01-28,1075.0,1079.95,1058.4,1061.75,14892138
2022-01-31,1072.8,1093.8,1071.0,1084.8,12329478
2022-02-01,1094.55,1100.3,1066.9,1081.2,13402472
2022-02-02,1094.1,1094.1,1079.6,1083.45,10170958
2022-02-03,1087.3,1091.55,1066.9,1069.45,9719300
2022-02-04,1064.1,1067.45,1055.05,1059.7,11230474
2022-02-07,1064.55,1071.3,1047.7,1053.2,10878396
2022-02-08,1059.4,1072.7,1050.0,1070.95,12245376
2022-02-09,1077.8,1085.1,1071.8,1083.4,11661960
2022-02-10,1088.95,1088.95,1075.05,1082.3,12655194
2022-02-11,1078.75,1083.85,1065.5,1080.2,16187298
2022-02-14,1063.75,1070.45,1051.35,1063.0,10883640
2022-02-15,1068.7,1101.8,1061.7,1099.05,11384222
2022-02-16,1104.55,1105.9,1089.05,1096.8,10551846
2022-02-17,1100.05,1115.9,1095.45,1110.7,13049902
2022-02-18,1111.1,1116.55,1100.05,1102.0,6879120
2022-02-21,1096.35,1107.95,1083.9,1090.9,11277130
2022-02-22,1069.5,1089.05,1066.9,1085.9,13701382
2022-02-23,1091.4,1093.85,1076.35,1079.1,7421954
2022-02-24,1047.7,1063.6,1019.7,1025.35,25226796
2022-02-25,1036.4,1049.05,1034.65,1038.15,14793006
2022-02-28,1019.55,1076.05,1019.55,1072.55,21623290
2022-03-02,1061.15,1091.35,1058.7,1090.25,21800298
2022-03-03,1090.9,1097.65,1077.3,1081.05,10342602
2022-03-04,1069.55,1074.7,1054.7,1057.05,10970990
2022-03-07,1035.75,1050.95,1010.0,1018.0,18258450
2022-03-08,1005.2,1020.9,990.9,1016.15,21615094
2022-03-09,1016.35,1075.9,1015.55,1070.05,20726558
2022-03-10,1090.9,1093.2,1072.7,1087.4,18255590
2022-03-11,1080.05,1095.9,1080.05,1090.55,12444958
2022-03-14,1084.95,1102.0,1079.1,1099.45,8468288
2022-03-15,1103.65,1103.65,1064.05,1074.3,16169428
2022-03-16,1082.7,1094.5,1080.5,1092.45,11320416
2022-03-17,1105.8,1135.2,1097.8,1128.05,21749850
2022-03-21,1110.9,1129.1,1108.65,1121.55,12183054
2022-03-22,1118.2,1152.25,1115.3,1150.55,22902180
2022-03-23,1146.8,1165.85,1146.8,1154.2,15698754
2022-03-24,1140.9,1174.65,1140.9,1172.15,13369736
2022-03-25,1173.85,1189.1,1171.35,1179.95,14440088
2022-03-28,1186.35,1195.35,1175.7,1191.8,10042760
2022-03-29,1199.1,1199.1,1185.2,1192.05,8816930
2022-03-30,1199.95,1221.8,1189.6,1214.95,16053462
2022-03-31,1211.35,1213.5,1194.8,1197.6,13426036
2022-04-01,1198.2,1211.45,1191.8,1207.2,8044098
2022-04-04,1207.0,1215.9,1200.75,1210.75,8050476
2022-04-05,1205.05,1213.6,1191.2,1193.65,13351058
2022-04-06,1175.95,1197.5,1175.95,1190.5,12444746
2022-04-07,1179.6,1184.55,1166.8,1169.45,15733590
2022-04-08,1163.65,1193.2,1163.65,1188.95,15384322
2022-04-11,1181.8,1199.35,1174.1,1186.45,9395796
2022-04-12,1175.9,1183.0,1161.55,1164.1,13419970
2022-04-13,1170.2,1178.45,1157.05,1159.85,10512652
2022-04-18,1151.35,1163.55,1146.3,1156.3,10126826
2022-04-19,1162.7,1212.7,1159.55,1200.35,26541782
2022-04-20,1207.8,1242.7,1204.1,1235.65,25455838
2022-04-21,1250.4,1267.7,1241.8,1264.6,22040768
2022-04-22,1254.05,1273.65,1247.4,1254.0,15284478
2022-04-25,1246.55,1253.8,1210.75,1225.0,17324276
2022-04-26,1231.8,1270.45,1230.75,1261.65,12414746
2022-04-27,1252.65,1285.45,1252.3,1262.85,19634824
2022-04-28,1277.25,1295.9,1266.4,1281.75,26005962
2022-04-29,1298.25,1298.25,1262.4,1268.3,18493544
2022-05-02,1255.45,1275.2,1253.65,1263.85,9611848
2022-05-04,1265.9,1268.2,1216.5,1224.4,19542142
2022-05-05,1237.95,1240.9,1196.35,1200.4,17473986
2022-05-06,1187.4,1208.65,1178.85,1191.2,19950586
2022-05-09,1170.45,1180.5,1139.55,1144.7,18360428
2022-05-10,1134.1,1148.45,1117.3,1124.85,19810200
2022-05-11,1123.95,1129.5,1100.9,1113.3,16898546
2022-05-12,1103.4,1106.75,1077.3,1090.65,20803816
2022-05-13,1102.7,1126.35,1097.85,1103.0,19604196
2022-05-16,1106.55,1127.7,1098.45,1103.25,13643506
2022-05-17,1106.9,1154.5,1105.45,1149.65,16805066
2022-05-18,1154.4,1168.2,1140.1,1153.8,17541118
2022-05-19,1129.1,1142.05,1120.95,1127.2,14924010
2022-05-20,1142.05,1202.0,1137.3,1192.95,22126518
2022-05-23,1196.15,1206.15,1178.65,1184.95,15486116
2022-05-24,1185.0,1199.1,1180.75,1189.05,13734790
2022-05-25,1197.7,1207.6,1182.5,1187.3,12909072
2022-05-26,1192.9,1197.7,1158.2,1175.95,18155612
2022-05-27,1178.65,1184.15,1154.6,1170.5,16774754
2022-05-30,1188.65,1215.45,1179.2,1211.3,14065350
2022-05-31,1200.65,1217.6,1188.95,1196.65,71701124
2022-06-01,1197.4,1206.9,1189.2,1197.05,9926574
2022-06-02,1197.3,1242.0,1197.3,1238.3,22465098
2022-06-03,1247.3,1280.65,1246.35,1263.4,24306062
2022-06-06,1263.65,1279.1,1250.8,1258.0,11262874
2022-06-07,1259.05,1268.7,1250.95,1260.35,12547332
2022-06-08,1260.35,1264.1,1234.7,1238.2,12670178
2022-06-09,1231.8,1274.1,1231.8,1272.15,17542658
2022-06-10,1259.95,1268.15,1227.95,1233.75,18369874
2022-06-13,1204.55,1214.9,1189.25,1210.4,17890396
2022-06-14,1204.55,1214.45,1187.95,1194.6,14939436
2022-06-15,1189.8,1198.8,1174.7,1180.1,11366824
2022-06-16,1192.3,1208.65,1160.9,1163.65,17373274
2022-06-17,1163.65,1193.15,1161.9,1177.3,24831374
2022-06-20,1184.1,1189.6,1145.95,1155.95,12251416
2022-06-21,1163.65,1178.8,1149.25,1174.6,11899362
2022-06-22,1162.8,1162.85,1136.8,1138.9,10779646
2022-06-23,1143.2,1147.7,1111.35,1120.45,19743846
2022-06-24,1127.3,1141.35,1121.8,1136.35,14458106
2022-06-27,1156.8,1156.8,1128.0,1133.05,15711284
2022-06-28,1128.2,1151.8,1128.2,1148.95,13780508
2022-06-29,1139.65,1180.45,1136.8,1172.8,19498978
2022-06-30,1172.7,1189.05,1166.35,1179.85,23466580
2022-07-01,1170.4,1178.2,1075.0,1094.9,83251676
2022-07-04,1081.35,1110.0,1075.5,1097.15,42498138
2022-07-05,1101.35,1120.4,1098.7,1106.05,17917326
2022-07-06,1100.05,1109.95,1085.45,1096.3,24310058
2022-07-07,1102.7,1106.05,1079.55,1085.5,23657530
2022-07-08,1099.1,1099.1,1083.0,1087.0,19300956
2022-07-11,1080.2,1104.0,1077.3,1101.8,14059328
2022-07-12,1092.7,1108.95,1092.7,1100.2,10943904
2022-07-13,1103.3,1106.35,1078.65,1080.7,14441758
2022-07-14,1085.45,1106.35,1080.45,1089.65,17229956
2022-07-15,1097.7,1097.7,1083.2,1091.75,9750136
2022-07-18,1100.45,1102.3,1087.4,1101.05,15392866
2022-07-19,1091.05,1112.3,1091.05,1107.8,16691414
2022-07-20,1154.55,1155.7,1130.1,1137.7,24290280
2022-07-21,1133.65,1136.35,1121.5,1130.1,16776030
2022-07-22,1136.35,1143.8,1134.1,1137.8,11137832
2022-07-25,1121.55,1121.55,1092.3,1100.2,23464034
2022-07-26,1100.5,1110.9,1096.05,1100.7,11476226
2022-07-27,1099.95,1103.2,1091.8,1099.65,8787506
2022-07-28,1107.3,1121.8,1100.45,1116.9,12687260
2022-07-29,1124.9,1144.1,1120.0,1140.65,15362178
2022-08-01,1145.05,1176.25,1139.8,1170.35,15940250
2022-08-02,1169.3,1185.35,1164.35,1174.85,14130854
2022-08-03,1181.8,1186.35,1167.0,1184.7,14469012
2022-08-04,1186.35,1189.9,1152.3,1169.05,14688470
2022-08-05,1170.9,1172.2,1148.65,1151.8,14155752
2022-08-08,1150.45,1174.35,1150.45,1166.9,10320702
2022-08-10,1171.3,1177.2,1162.3,1173.85,10888772
2022-08-11,1183.2,1186.3,1172.8,1177.8,8323656
2022-08-12,1177.4,1200.65,1173.7,1196.8,12844136
2022-08-16,1202.8,1207.85,1194.25,1205.1,6708468
2022-08-17,1211.35,1216.8,1207.05,1211.45,6696882
2022-08-18,1209.1,1213.2,1200.1,1209.7,7523406
2022-08-19,1204.55,1209.9,1184.05,1188.15,9605470
2022-08-22,1189.55,1196.05,1175.45,1184.8,9616594
2022-08-23,1179.1,1206.0,1177.85,1203.1,9826562
2022-08-24,1200.05,1213.65,1197.85,1199.9,10528274
2022-08-25,1204.05,1210.4,1192.1,1196.35,7992384
2022-08-26,1196.8,1204.55,1185.0,1190.0,10906388
2022-08-29,1175.0,1206.8,1171.85,1180.75,20142504
2022-08-30,1188.2,1202.4,1171.2,1199.05,23493074
2022-09-01,1173.95,1184.05,1159.4,1163.8,20214554
2022-09-02,1163.8,1170.65,1148.05,1150.2,13198232
2022-09-05,1150.45,1173.4,1150.45,1168.1,11501128
2022-09-06,1169.55,1184.55,1169.1,1180.35,11066378
2022-09-07,1170.45,1179.5,1168.2,1173.55,7603072
2022-09-08,1176.45,1180.9,1168.65,1175.2,7165048
2022-09-09,1186.35,1186.35,1165.45,1167.85,8442064
2022-09-12,1168.45,1187.3,1168.45,1180.95,7549180
2022-09-13,1190.0,1195.3,1182.3,1190.8,9024650
2022-09-14,1170.45,1186.35,1169.45,1176.55,8810994
2022-09-15,1174.1,1183.45,1162.15,1164.9,10524190
2022-09-16,1156.25,1160.45,1132.3,1136.0,20527032
2022-09-19,1136.0,1146.7,1127.85,1137.45,7696230
2022-09-20,1146.55,1153.5,1133.95,1137.65,8540140
2022-09-21,1134.9,1151.35,1134.1,1140.8,9348178
2022-09-22,1130.0,1137.7,1123.7,1130.05,10465882
2022-09-23,1129.55,1134.5,1107.3,1108.85,9673826
2022-09-26,1088.2,1099.0,1079.65,1080.65,12670456
2022-09-27,1088.2,1102.7,1072.8,1089.2,16401986
2022-09-28,1072.85,1080.9,1057.8,1060.2,17257108
2022-09-29,1072.7,1076.15,1051.35,1056.95,14896302
2022-09-30,1050.45,1091.8,1050.45,1080.8,18897798
2022-10-03,1087.05,1098.65,1074.1,1077.05,12034066
2022-10-04,1089.9,1099.1,1086.45,1096.9,9085764
2022-10-06,1104.1,1113.65,1099.15,1100.95,13556446
2022-10-07,1097.55,1110.9,1097.55,1105.65,7832368
2022-10-10,1093.2,1098.9,1085.45,1093.55,6426368
2022-10-11,1097.3,1097.3,1068.7,1071.8,9356166
2022-10-12,1069.1,1082.6,1065.05,1079.65,7530582
2022-10-13,1077.9,1088.2,1072.8,1083.1,7440616
2022-10-14,1097.7,1098.35,1076.9,1077.6,9245410
2022-10-17,1070.45,1097.3,1065.3,1094.9,16985310
2022-10-18,1100.9,1119.55,1100.05,1114.2,12605778
2022-10-19,1115.7,1149.05,1109.9,1133.6,19541616
2022-10-20,1129.55,1145.0,1129.55,1136.6,8850422
2022-10-21,1139.9,1144.0,1121.35,1123.45,8369574
2022-10-24,1118.2,1137.5,1116.05,1127.2,3421594
2022-10-25,1135.9,1135.9,1108.2,1109.8,12420406
2022-10-27,1117.3,1122.0,1105.8,1114.15,12704506
2022-10-28,1120.45,1152.3,1117.95,1148.25,17879012
2022-10-31,1155.0,1164.05,1151.0,1158.9,12609964
2022-11-01,1181.8,1181.8,1140.0,1149.95,14176798
2022-11-02,1151.05,1159.2,1143.2,1157.15,9119316
2022-11-03,1149.95,1163.45,1147.75,1161.45,6795858
2022-11-04,1160.9,1181.8,1159.6,1178.55,12768222
2022-11-07,1177.7,1186.5,1170.0,1184.8,11970128
2022-11-09,1186.5,1191.8,1177.3,1183.65,11426390
2022-11-10,1177.3,1180.25,1165.0,1169.3,6057524
2022-11-11,1181.8,1198.2,1176.35,1196.3,12498472
2022-11-14,1195.8,1200.9,1184.15,1190.5,9181470
2022-11-15,1191.95,1193.8,1177.3,1185.1,7194854
2022-11-16,1186.35,1189.05,1173.35,1178.35,9864816
2022-11-17,1174.95,1187.7,1172.7,1181.35,6763370
2022-11-18,1184.9,1185.9,1168.7,1180.75,5384336
2022-11-21,1176.35,1176.35,1155.95,1159.5,6488038
2022-11-22,1156.8,1167.5,1152.95,1165.95,6712642
2022-11-23,1170.45,1171.8,1160.1,1162.3,6511532
2022-11-24,1166.35,1179.1,1158.25,1172.3,9533096
2022-11-25,1176.8,1193.15,1173.7,1189.8,7462374
2022-11-28,1185.9,1236.85,1137.3,1230.7,32009844
2022-11-29,1229.05,1241.65,1224.55,1232.8,11228112
2022-11-30,1232.95,1247.95,1226.45,1241.55,26565302
2022-12-01,1246.3,1252.3,1234.55,1237.85,9630932
2022-12-02,1240.9,1249.1,1227.55,1237.35,11766910
2022-12-05,1232.7,1234.9,1217.3,1219.3,15055408
2022-12-06,1211.4,1225.9,1209.55,1222.8,8725734
2022-12-07,1220.45,1225.0,1200.95,1204.8,8591578
2022-12-08,1209.1,1211.35,1200.05,1204.2,7875688
2022-12-09,1202.7,1209.1,1182.65,1185.95,12849392
2022-12-12,1175.2,1192.3,1175.0,1187.8,9624882
2022-12-13,1187.8,1196.8,1184.9,1193.2,8460846
2022-12-14,1198.95,1199.5,1186.8,1188.85,7380160
2022-12-15,1182.95,1188.65,1168.65,1171.95,8821484
2022-12-16,1168.65,1190.35,1162.8,1166.2,16079654
2022-12-19,1173.2,1183.65,1166.7,1181.5,7848198
2022-12-20,1174.5,1193.65,1166.35,1191.75,7581840
2022-12-21,1191.35,1196.8,1170.95,1174.8,8658018
2022-12-22,1180.9,1183.95,1166.7,1171.75,7565122
2022-12-23,1165.1,1177.5,1132.85,1137.4,10414046
2022-12-26,1143.05,1155.45,1132.9,1147.3,6081892
2022-12-27,1150.0,1158.55,1143.3,1156.7,5851448
2022-12-28,1153.65,1159.0,1146.15,1156.55,7573520
2022-12-29,1148.65,1158.6,1147.95,1156.05,7036684
2022-12-30,1156.9,1171.35,1155.05,1157.8,7401002
2023-01-02,1159.1,1172.3,1158.25,1170.9,5397510
2023-01-03,1165.95,1169.55,1158.1,1162.3,7776112
2023-01-04,1162.3,1164.1,1142.7,1144.8,9406642
2023-01-05,1147.05,1152.9,1138.2,1142.75,13845742
2023-01-06,1148.45,1158.15,1144.7,1153.15,6446744
2023-01-09,1156.95,1182.7,1156.05,1180.35,10886808
2023-01-10,1184.55,1184.55,1157.3,1162.9,8170262
2023-01-11,1160.2,1162.7,1145.95,1148.25,11685646
2023-01-12,1147.65,1151.15,1120.45,1123.45,17959406
2023-01-13,1117.45,1124.05,1106.6,1121.6,20934040
2023-01-16,1123.95,1127.15,1103.2,1110.95,13832296
2023-01-17,1117.3,1128.65,1113.9,1126.75,10915488
2023-01-18,1124.3,1132.3,1118.35,1124.9,13654040
2023-01-19,1124.05,1127.8,1116.65,1123.65,12122732
2023-01-20,1125.0,1125.0,1107.85,1110.3,15158716
2023-01-23,1113.2,1121.0,1102.3,1104.7,11121712
2023-01-24,1109.1,1110.75,1085.15,1098.15,16741028
2023-01-25,1096.55,1097.6,1081.8,1083.0,12574504
2023-01-27,1083.8,1085.15,1050.75,1062.45,26226180
2023-01-30,1059.9,1078.15,1045.9,1072.6,22105208
2023-01-31,1082.7,1085.3,1064.1,1069.95,23038768
2023-02-01,1081.8,1081.8,1047.7,1063.6,19643816
2023-02-02,1053.65,1067.3,1050.45,1057.7,13871698
2023-02-03,1067.7,1067.7,1042.3,1058.65,25077470
2023-02-06,1052.3,1055.0,1048.1,1050.65,15064894
2023-02-07,1050.9,1057.9,1042.3,1048.15,15367002
2023-02-08,1051.35,1072.7,1048.65,1069.05,21484078
2023-02-09,1069.75,1077.65,1060.9,1070.95,13374302
2023-02-10,1070.4,1070.4,1055.1,1062.15,10955536
2023-02-13,1063.7,1068.2,1051.6,1056.05,10510882
2023-02-14,1059.05,1082.7,1056.2,1080.95,14541040
2023-02-15,1080.0,1107.8,1078.65,1105.45,34016184
2023-02-16,1113.4,1119.9,1102.3,1104.55,17528628
2023-02-17,1100.0,1112.5,1095.7,1109.2,11990202
2023-02-20,1111.35,1113.55,1095.5,1097.45,8972140
2023-02-21,1101.8,1112.2,1096.55,1106.4,13515256
2023-02-22,1102.7,1104.55,1079.55,1081.3,11193004
2023-02-23,1080.9,1088.55,1073.35,1076.15,10002642
2023-02-24,1078.2,1089.15,1076.35,1083.5,9578390
2023-02-27,1082.7,1086.2,1068.95,1076.3,11371068
2023-02-28,1070.95,1075.9,1051.65,1055.7,22330540
2023-03-01,1065.45,1066.15,1056.05,1065.4,11727874
2023-03-02,1062.3,1068.95,1055.3,1057.3,9476336
2023-03-03,1067.8,1087.95,1064.35,1084.3,14867854
2023-03-06,1090.9,1102.1,1090.9,1094.9,10327544
2023-03-08,1094.9,1099.55,1084.1,1098.8,16024126
2023-03-09,1098.2,1098.6,1070.5,1072.4,16483520
2023-03-10,1064.3,1065.45,1052.3,1055.75,13538098
2023-03-13,1058.65,1065.45,1034.1,1038.4,12966994
2023-03-14,1036.35,1047.7,1031.35,1034.5,16272738
2023-03-15,1038.2,1044.7,1012.45,1016.85,22060996
2023-03-16,1019.55,1024.55,1001.0,1011.8,18644110
2023-03-17,1020.35,1023.65,1005.75,1010.5,34534618
2023-03-20,1006.85,1009.1,990.9,1000.6,19823310
2023-03-21,1008.65,1033.65,1007.7,1031.7,21727778
2023-03-22,1038.65,1041.55,1031.8,1034.8,11087168
2023-03-23,1030.9,1031.8,1019.6,1021.75,16497980
2023-03-24,1020.6,1022.7,999.1,1001.5,12565294
2023-03-27,1007.95,1024.55,1000.1,1017.1,14269350
2023-03-28,1020.45,1025.7,1016.85,1021.85,12768840
2023-03-29,1017.7,1020.35,1005.05,1015.75,19091760
2023-03-31,1025.0,1065.2,1024.9,1059.55,28602212
2023-04-03,1065.9,1067.7,1052.3,1059.75,10450524
2023-04-05,1067.3,1067.3,1049.35,1057.2,16511746
2023-04-06,1053.7,1070.0,1053.7,1064.3,18717096
2023-04-10,1068.2,1068.4,1055.25,1056.75,13159714
2023-04-11,1060.9,1064.1,1056.35,1061.95,10703662
2023-04-12,1061.95,1076.3,1059.1,1066.65,18457222
2023-04-13,1069.55,1075.35,1064.55,1070.7,12567590
2023-04-17,1102.25,1102.25,1067.75,1076.15,18203794
2023-04-18,1080.45,1080.45,1057.3,1063.8,10564778
2023-04-19,1063.2,1071.8,1060.1,1069.1,12461256
2023-04-20,1070.05,1072.3,1060.05,1066.35,7114540
2023-04-21,1068.45,1073.2,1062.0,1067.7,7764320
2023-04-24,1079.55,1082.2,1067.3,1071.8,13134106
2023-04-25,1075.45,1082.1,1068.4,1080.05,9377436
2023-04-26,1081.35,1084.6,1070.05,1073.7,8749684
2023-04-27,1079.55,1083.65,1074.55,1080.5,9307380
2023-04-28,1082.7,1101.8,1082.6,1100.2,15803352
2023-05-02,1107.4,1111.75,1103.7,1109.55,13180422
2023-05-03,1111.35,1111.35,1096.85,1100.05,7169916
2023-05-04,1100.55,1114.95,1097.55,1112.7,8767350
2023-05-05,1109.55,1118.8,1107.3,1109.9,8880406
2023-05-08,1113.65,1128.95,1110.95,1123.6,9293832
2023-05-09,1125.0,1130.35,1119.65,1127.05,6563630
2023-05-10,1131.8,1136.3,1127.8,1134.8,11038596
2023-05-11,1135.9,1140.7,1125.7,1127.4,10719392
2023-05-12,1122.6,1130.65,1116.6,1129.25,7061756
2023-05-15,1131.8,1138.45,1124.15,1131.45,6937892
2023-05-16,1133.65,1136.2,1113.7,1115.35,8850600
2023-05-17,1119.55,1120.45,1104.1,1108.8,8933588
2023-05-18,1113.45,1116.8,1103.25,1106.35,10686568
2023-05-19,1106.35,1111.8,1099.45,1109.95,8173616
2023-05-22,1106.8,1120.9,1105.65,1115.9,7547736
2023-05-23,1118.45,1121.8,1114.3,1115.7,6175986
2023-05-24,1111.8,1120.0,1106.15,1109.2,8236368
2023-05-25,1106.3,1113.2,1098.2,1109.05,11662280
2023-05-26,1117.3,1140.45,1113.95,1139.3,12813798
2023-05-29,1145.9,1150.0,1139.65,1145.7,10163458
2023-05-30,1145.7,1153.5,1142.85,1145.45,11513774
2023-05-31,1136.35,1140.85,1118.65,1122.7,27522668
2023-06-01,1127.35,1129.5,1117.3,1119.65,14815956
2023-06-02,1123.2,1128.55,1114.1,1116.0,16042390
2023-06-05,1121.45,1128.95,1117.45,1126.05,11075582
2023-06-06,1128.85,1130.75,1119.1,1126.95,7607954
2023-06-07,1130.45,1136.35,1123.9,1135.55,10470324
2023-06-08,1139.1,1144.05,1132.3,1136.2,12255794
2023-06-09,1139.55,1140.25,1126.35,1128.15,5966934
2023-06-12,1125.2,1131.45,1120.45,1129.15,6489764
2023-06-13,1134.1,1147.0,1130.1,1145.85,11420108
2023-06-14,1145.9,1161.35,1144.1,1159.95,13478606
2023-06-15,1159.9,1164.8,1152.5,1160.25,11991964
2023-06-16,1163.7,1173.8,1163.7,1171.55,24541396
2023-06-19,1174.55,1174.55,1155.75,1159.9,6902570
2023-06-20,1158.0,1165.45,1152.3,1162.3,7026988
2023-06-21,1162.3,1168.15,1158.2,1165.6,7068114
2023-06-22,1161.8,1169.7,1150.9,1152.5,7735736
2023-06-23,1149.5,1151.55,1141.8,1143.05,6729984
2023-06-26,1139.55,1143.4,1131.2,1134.35,12834564
2023-06-27,1134.8,1140.7,1130.3,1134.75,9837712
2023-06-28,1142.3,1153.55,1135.35,1149.8,11527718
2023-06-30,1157.45,1162.15,1151.55,1159.2,11322170
2023-07-03,1162.75,1191.8,1161.55,1188.95,12333000
2023-07-04,1193.2,1193.2,1169.65,1176.7,8184984
2023-07-05,1185.9,1185.9,1170.8,1174.8,10404854
2023-07-06,1170.95,1202.0,1170.95,1199.45,19410486
2023-07-07,1197.7,1211.35,1194.55,1197.1,13579904
2023-07-10,1222.2,1252.7,1215.9,1243.2,33748576
2023-07-11,1251.3,1259.1,1244.4,1256.7,20376402
2023-07-12,1257.4,1273.65,1255.3,1258.05,19020456
2023-07-13,1265.4,1272.3,1244.2,1246.8,14907578
2023-07-14,1250.0,1254.95,1238.7,1245.75,15355538
2023-07-17,1248.65,1279.55,1240.0,1271.2,22560000
2023-07-18,1280.45,1289.75,1269.55,1282.0,26263074
2023-07-19,1286.35,1298.2,1271.35,1291.75,39720712
2023-07-20,1290.0,1315.5,1290.0,1309.95,38717624
2023-07-21,1304.5,1307.45,1261.8,1269.4,30239488
2023-07-24,1240.5,1257.45,1234.65,1243.7,23727866
2023-07-25,1247.0,1252.6,1240.0,1242.9,12026020
2023-07-26,1242.5,1273.5,1242.5,1263.1,12911012
2023-07-27,1267.0,1268.8,1245.2,1251.35,17226898
2023-07-28,1256.05,1271.45,1250.3,1263.95,20827852
2023-07-31,1263.95,1276.95,1258.95,1274.65,8551174
2023-08-01,1277.5,1279.5,1252.65,1256.6,9536632
2023-08-02,1254.6,1256.0,1231.8,1243.2,12748214
2023-08-03,1237.65,1250.45,1229.05,1237.95,10168350
2023-08-04,1249.4,1258.0,1235.8,1254.8,22885610
2023-08-07,1260.5,1264.2,1252.5,1261.95,5982870
2023-08-08,1264.0,1267.2,1249.8,1254.3,9844072
2023-08-09,1252.45,1264.5,1240.55,1262.6,11486586
2023-08-10,1262.45,1275.0,1254.25,1268.2,15470598
2023-08-11,1266.2,1279.45,1256.2,1273.55,22179330
2023-08-14,1269.5,1291.15,1262.5,1288.65,9575812
2023-08-16,1275.5,1291.4,1275.5,1287.55,10203112
2023-08-17,1283.55,1289.05,1266.45,1269.0,13673744
2023-08-18,1265.65,1288.8,1254.3,1278.4,18639978
2023-08-21,1269.95,1277.7,1257.8,1260.0,9221746
2023-08-22,1258.45,1268.95,1249.5,1259.7,7713044
2023-08-23,1262.1,1271.45,1258.45,1261.1,9517952
2023-08-24,1269.95,1269.95,1235.5,1239.9,14140020
2023-08-25,1228.0,1252.5,1221.3,1234.2,22222400
2023-08-28,1236.0,1242.0,1215.55,1221.9,12580826
2023-08-29,1226.05,1226.75,1204.05,1210.2,16876644
2023-08-30,1216.0,1221.5,1207.5,1209.05,12168946
2023-08-31,1211.5,1212.5,1199.95,1203.5,21638600
2023-09-01,1203.25,1212.8,1200.8,1206.3,18112842
2023-09-04,1206.3,1211.8,1202.65,1205.35,9347626
2023-09-05,1210.0,1216.95,1206.2,1211.8,8675876
2023-09-06,1210.55,1218.05,1208.65,1214.35,8200370
2023-09-07,1210.85,1219.1,1205.5,1216.0,13652572
2023-09-08,1220.0,1228.0,1211.45,1224.1,23109288
2023-09-11,1226.0,1238.45,1226.0,1237.3,13271074
2023-09-12,1241.5,1241.5,1218.0,1219.45,16255666
2023-09-13,1220.0,1231.3,1213.15,1225.55,12803338
2023-09-14,1230.0,1232.9,1222.5,1226.65,9209636
2023-09-15,1234.0,1234.0,1224.75,1228.95,25468592
2023-09-18,1220.05,1225.5,1216.05,1218.2,7516300
2023-09-20,1211.55,1213.8,1177.5,1191.05,57081884
2023-09-21,1187.45,1195.05,1180.0,1182.4,12226182
2023-09-22,1188.0,1191.2,1175.0,1177.45,19176786
2023-09-25,1175.2,1180.35,1167.55,1170.2,14254884
2023-09-26,1169.3,1175.1,1167.8,1171.25,10087782
2023-09-27,1171.75,1185.9,1169.25,1184.45,11722778
2023-09-28,1191.5,1191.5,1162.5,1167.05,14518346
2023-09-29,1170.9,1184.55,1167.05,1172.5,12342014
2023-10-03,1164.95,1167.8,1158.0,1159.05,8859056
2023-10-04,1154.5,1159.5,1147.55,1157.05,10286386
2023-10-05,1159.65,1164.7,1154.5,1157.05,10953682
2023-10-06,1158.55,1162.4,1156.05,1159.0,5431026
2023-10-09,1154.05,1155.95,1147.5,1149.1,7576878
2023-10-10,1153.25,1158.95,1151.9,1154.2,10236032
2023-10-11,1157.2,1174.85,1156.5,1172.55,9814118
2023-10-12,1171.95,1179.7,1169.05,1174.7,12554450
2023-10-13,1170.0,1178.75,1164.55,1174.65,10150316
2023-10-16,1172.5,1177.3,1168.0,1172.0,5929036
2023-10-17,1178.0,1179.85,1170.65,1177.6,7928180
2023-10-18,1177.6,1183.5,1160.5,1162.0,8918320
2023-10-19,1156.0,1160.9,1150.5,1153.05,12032556
2023-10-20,1150.0,1157.35,1148.15,1149.55,8913312
2023-10-23,1145.0,1153.15,1127.6,1131.6,7853962
2023-10-25,1125.05,1140.6,1121.5,1128.95,11620688
2023-10-26,1125.5,1129.0,1110.15,1113.25,15222534
2023-10-27,1120.0,1136.75,1118.0,1132.9,11771084
2023-10-30,1137.0,1162.5,1134.95,1156.25,16813304
2023-10-31,1164.0,1164.0,1141.45,1143.95,12808438
2023-11-01,1144.55,1158.75,1137.6,1148.7,10309190
2023-11-02,1156.95,1162.15,1153.95,1160.1,10562104
2023-11-03,1163.6,1167.45,1157.85,1159.85,8850156
2023-11-06,1166.15,1170.0,1162.8,1169.5,10647304
2023-11-07,1167.0,1169.55,1159.8,1161.9,6960204
2023-11-08,1166.0,1170.5,1160.9,1167.95,7884494
2023-11-09,1167.95,1167.95,1152.1,1155.3,14513610
2023-11-10,1152.8,1158.2,1149.05,1157.45,7734954
2023-11-12,1163.05,1166.0,1161.25,1165.3,1419844
2023-11-13,1161.45,1162.3,1155.85,1157.3,3854810
2023-11-15,1170.0,1180.95,1163.5,1178.2,12220648
2023-11-16,1175.55,1187.05,1173.45,1180.35,13134910
2023-11-17,1176.45,1186.6,1176.05,1177.8,7758634
2023-11-20,1174.3,1179.2,1168.2,1174.7,4490186
2023-11-21,1183.0,1194.0,1180.1,1189.45,8214450
2023-11-22,1187.5,1197.2,1186.1,1194.1,8534814
2023-11-23,1194.1,1200.0,1194.1,1197.75,8531542
2023-11-24,1195.8,1201.3,1195.55,1196.95,6749486
2023-11-28,1196.95,1199.85,1187.6,1197.2,13792174
2023-11-29,1204.0,1205.95,1199.05,1200.35,12531306
2023-11-30,1197.35,1200.35,1184.95,1188.7,28439984
2023-12-01,1189.0,1198.2,1188.8,1197.15,14342842
2023-12-04,1225.0,1225.0,1199.3,1210.1,15590990
2023-12-05,1219.5,1220.45,1210.8,1218.85,12693624
2023-12-06,1223.55,1236.45,1217.5,1230.55,16422442
2023-12-07,1230.0,1230.5,1221.0,1228.55,8142096
2023-12-08,1231.95,1238.35,1222.5,1227.85,10204894
2023-12-11,1228.0,1233.8,1226.2,1229.7,7066138
2023-12-12,1230.0,1232.45,1210.05,1212.0,9197124
2023-12-13,1211.0,1219.2,1203.15,1216.95,10031182
2023-12-14,1227.0,1237.45,1221.3,1232.05,16972354
2023-12-15,1239.0,1250.0,1235.05,1247.8,15932152
2023-12-18,1247.8,1267.45,1245.5,1260.5,14165188
2023-12-19,1277.5,1286.95,1262.6,1279.05,16820604
2023-12-20,1285.55,1299.45,1260.0,1263.55,17736722
2023-12-21,1263.5,1286.75,1259.1,1281.3,13765454
2023-12-22,1279.8,1290.45,1273.8,1282.55,16541784
2023-12-26,1284.0,1296.0,1281.35,1289.0,7465664
2023-12-27,1291.0,1299.95,1286.55,1293.4,9204156
2023-12-28,1294.9,1306.0,1293.4,1302.75,12302636
2023-12-29,1305.55,1307.0,1289.65,1292.45,10864584
2024-01-01,1290.25,1303.4,1286.6,1295.1,4030540
2024-01-02,1292.5,1307.5,1286.5,1305.85,7448800
2024-01-03,1305.0,1317.0,1288.6,1291.65,9037536
2024-01-04,1294.0,1304.95,1289.55,1298.3,9612778
2024-01-05,1301.45,1309.95,1299.0,1303.85,8086406
2024-01-08,1305.0,1316.0,1284.45,1293.7,7734652
2024-01-09,1300.0,1303.4,1288.6,1290.25,5403074
2024-01-10,1288.5,1329.5,1287.55,1325.05,11102740
2024-01-11,1329.5,1362.5,1328.5,1359.9,23725852
2024-01-12,1359.9,1373.3,1345.75,1370.7,15012164
2024-01-15,1375.0,1396.45,1366.0,1394.15,8610594
2024-01-16,1389.95,1396.3,1370.5,1374.6,9069024
2024-01-17,1359.5,1386.3,1355.05,1361.6,12197382
2024-01-18,1351.4,1371.0,1351.25,1367.95,10279438
2024-01-19,1376.0,1376.0,1359.0,1367.45,10422704
2024-01-20,1365.0,1383.5,1350.0,1356.65,7283394
2024-01-23,1371.75,1371.75,1322.55,1328.55,20055420
2024-01-24,1335.2,1349.5,1323.95,1343.85,21919128
2024-01-25,1342.95,1364.15,1335.2,1353.05,11808872
2024-01-29,1364.5,1452.5,1360.2,1448.05,23893438
2024-01-30,1459.95,1459.95,1404.45,1407.6,14093978
2024-01-31,1404.0,1434.25,1402.5,1426.65,15130226
2024-02-01,1435.0,1443.35,1418.05,1426.65,13349362
2024-02-02,1433.2,1474.9,1433.2,1457.7,19652588
2024-02-05,1460.75,1470.5,1431.5,1439.0,8814432
2024-02-06,1441.85,1441.85,1419.8,1427.8,9047984
2024-02-07,1435.9,1449.5,1429.25,1442.15,9296568
2024-02-08,1450.0,1459.45,1427.55,1450.1,14694634
2024-02-09,1454.0,1471.95,1450.95,1460.75,12556798
2024-02-12,1460.75,1461.0,1442.35,1452.35,6674430
2024-02-13,1455.5,1479.0,1454.0,1465.1,7715594
2024-02-14,1457.5,1483.65,1457.5,1481.35,7117888
2024-02-15,1483.35,1484.75,1466.5,1470.6,10006782
2024-02-16,1476.45,1477.0,1458.55,1460.55,9767498
2024-02-19,1462.05,1479.5,1453.55,1474.0,6729828
2024-02-20,1475.05,1475.5,1461.8,1471.05,7117496
2024-02-21,1474.0,1488.55,1457.55,1467.7,12720292
2024-02-22,1468.15,1484.95,1458.0,1481.75,18493728
2024-02-23,1489.5,1497.55,1483.35,1493.65,14438584
2024-02-26,1493.55,1494.5,1482.5,1487.3,7513106
2024-02-27,1483.05,1499.95,1478.05,1485.65,10826044
2024-02-28,1483.0,1491.3,1450.2,1455.65,8647950
2024-02-29,1465.0,1478.95,1454.5,1460.8,23628976
2024-03-01,1463.5,1500.0,1462.5,1492.1,12132926
2024-03-02,1492.0,1500.45,1488.0,1491.05,716300
2024-03-04,1490.5,1512.45,1487.25,1507.4,10024420
2024-03-05,1505.75,1507.4,1486.05,1500.2,7107668
2024-03-06,1493.45,1509.0,1478.5,1503.0,7805676
2024-03-07,1503.0,1503.1,1475.55,1478.95,8315726
2024-03-11,1489.0,1489.0,1463.5,1466.6,11277130
2024-03-12,1466.6,1488.0,1465.05,1475.45,9432678
2024-03-13,1479.8,1483.1,1427.75,1432.15,13522134
2024-03-14,1439.7,1448.55,1425.5,1431.45,18571102
2024-03-15,1425.95,1433.2,1412.9,1418.2,19223818
2024-03-18,1420.0,1441.75,1416.5,1439.45,9169392
2024-03-19,1428.75,1437.6,1417.25,1425.25,8275764
2024-03-20,1427.95,1445.0,1424.0,1443.75,8488806
2024-03-21,1452.55,1457.9,1444.65,1451.0,13006936
2024-03-22,1449.95,1460.0,1447.35,1455.05,19527608
2024-03-26,1445.0,1452.4,1439.0,1441.6,11415906
2024-03-27,1448.0,1500.0,1447.0,1492.85,16326644
2024-03-28,1492.9,1505.95,1478.65,1485.85,21854364
2024-04-01,1492.45,1493.95,1482.5,1484.8,5013880
2024-04-02,1484.0,1494.0,1475.0,1486.95,8910166
2024-04-03,1482.05,1484.45,1468.9,1471.6,7008292
2024-04-04,1479.75,1479.75,1450.0,1462.95,14490272
2024-04-05,1460.85,1470.8,1456.0,1460.1,7442298
2024-04-08,1463.0,1491.0,1461.0,1486.0,8357118
2024-04-09,1489.0,1489.8,1462.5,1463.65,7071414
2024-04-10,1466.35,1487.0,1466.35,1479.55,9138330
2024-04-12,1475.85,1486.45,1463.05,1467.15,15551012
2024-04-15,1461.0,1482.1,1446.3,1464.8,12902062
2024-04-16,1453.35,1471.2,1450.9,1465.75,9366184
2024-04-18,1463.5,1486.0,1459.35,1464.3,19005692
2024-04-19,1456.8,1474.0,1443.05,1470.1,15741778
2024-04-22,1472.45,1482.85,1467.8,1479.85,10350362
2024-04-23,1479.0,1493.5,1455.55,1459.3,14605554
2024-04-24,1463.5,1468.55,1449.5,1450.2,10462776
2024-04-25,1442.5,1468.0,1441.5,1459.95,15943926
2024-04-26,1463.95,1465.0,1450.0,1452.55,9413848
2024-04-29,1450.0,1467.9,1450.0,1465.05,7247974
2024-04-30,1468.0,1483.05,1462.9,1467.0,11474262
2024-05-02,1472.0,1477.3,1464.15,1466.55,14512646
2024-05-03,1471.0,1474.95,1416.15,1434.0,17226958
2024-05-06,1435.5,1440.0,1418.0,1419.5,7394208
2024-05-07,1416.0,1420.75,1392.0,1401.45,14517472
2024-05-08,1397.5,1432.95,1397.5,1418.55,9439002
2024-05-09,1413.0,1423.75,1390.0,1394.15,11009612
2024-05-10,1396.75,1410.0,1388.05,1407.45,10505096
2024-05-13,1399.9,1406.95,1384.0,1402.7,8456620
2024-05-14,1401.0,1427.05,1400.05,1420.05,7188300
2024-05-15,1420.5,1429.95,1413.05,1416.3,5046534
2024-05-16,1418.55,1427.5,1398.05,1425.35,14711774
2024-05-17,1423.05,1437.2,1413.25,1435.7,10916476
2024-05-18,1437.5,1439.5,1432.7,1434.8,426040
2024-05-21,1425.6,1441.8,1425.6,1436.15,11176128
2024-05-22,1436.3,1468.8,1436.3,1460.65,10281604
2024-05-23,1458.55,1492.25,1455.0,1486.05,14608260
2024-05-24,1483.65,1488.5,1476.1,1480.25,7094776
2024-05-27,1480.2,1484.9,1461.55,1466.25,6629010
2024-05-28,1468.0,1478.5,1452.75,1456.2,7820162
2024-05-29,1446.5,1458.0,1438.45,1440.75,7383556
2024-05-30,1435.5,1440.4,1420.1,1424.85,13206858
2024-05-31,1431.3,1442.25,1422.25,1430.4,31069832
2024-06-03,1483.0,1514.5,1459.0,1510.35,21527942
2024-06-04,1498.05,1498.05,1359.3,1397.3,36709098
2024-06-05,1422.0,1431.15,1384.1,1420.75,17464890
2024-06-06,1435.0,1443.7,1421.35,1431.6,17855722
2024-06-07,1428.5,1472.0,1426.5,1469.95,18558696
2024-06-10,1469.95,1493.35,1468.05,1471.4,9251760
2024-06-11,1469.0,1473.7,1454.65,1456.7,11774902
2024-06-12,1457.5,1476.0,1455.2,1463.3,10081742
2024-06-13,1472.0,1472.25,1460.1,1465.25,9181160
2024-06-14,1470.0,1479.65,1457.25,1477.55,8157998
2024-06-18,1487.35,1487.4,1471.35,1481.05,7196766
2024-06-19,1487.5,1487.5,1456.0,1458.65,8725874
2024-06-20,1459.0,1482.85,1450.1,1473.7,16113776
2024-06-21,1473.65,1474.7,1440.55,1454.2,31170360
2024-06-24,1445.55,1449.5,1437.5,1441.45,8878386
2024-06-25,1443.0,1455.9,1441.0,1454.15,7045386
2024-06-26,1446.05,1518.95,1445.1,1514.0,22014882
2024-06-27,1513.75,1537.5,1506.0,1530.55,28383030
2024-06-28,1531.05,1581.0,1531.05,1565.4,28957336
2024-07-01,1562.55,1579.4,1555.7,1560.15,7724306
2024-07-02,1569.5,1573.5,1557.0,1565.2,7749246
2024-07-03,1566.3,1575.0,1542.75,1552.45,9049620
2024-07-04,1557.0,1567.5,1550.8,1554.0,6837176
2024-07-05,1553.8,1598.5,1548.0,1588.65,12269710
2024-07-08,1589.0,1608.8,1582.55,1600.9,9500806
2024-07-09,1597.6,1600.5,1580.5,1590.25,6960002
2024-07-10,1595.0,1597.5,1563.15,1584.25,7134578
2024-07-11,1587.5,1604.25,1570.5,1580.65,11940946
2024-07-12,1584.5,1605.15,1574.5,1596.75,12924784
2024-07-15,1604.45,1605.85,1585.5,1597.25,5329688
2024-07-16,1593.5,1600.0,1569.15,1576.25,9386838
2024-07-18,1576.0,1593.9,1557.85,1586.7,12298374
2024-07-19,1586.0,1589.95,1552.8,1555.15,13140390
2024-07-22,1537.25,1537.5,1499.3,1500.7,19674376
2024-07-23,1501.0,1505.75,1463.0,1487.9,18052044
2024-07-24,1485.0,1509.5,1476.4,1495.7,11913362
2024-07-25,1481.0,1500.5,1477.05,1492.4,12519876
2024-07-26,1492.4,1512.45,1490.35,1509.0,9859940
2024-07-29,1511.95,1527.5,1511.8,1520.1,7538550
2024-07-30,1517.0,1525.0,1510.0,1513.15,8228208
2024-07-31,1504.0,1510.45,1501.15,1505.45,10057346
2024-08-01,1512.0,1518.0,1504.3,1515.3,10764222
2024-08-02,1505.0,1509.3,1493.25,1499.3,10268248
2024-08-05,1480.0,1483.9,1433.25,1447.3,17046704
2024-08-06,1455.15,1477.5,1451.3,1456.05,10236186
2024-08-07,1469.0,1472.5,1461.5,1464.8,8174568
2024-08-08,1457.55,1465.0,1445.9,1449.15,12387192
2024-08-09,1460.0,1476.5,1456.0,1474.3,6249776
2024-08-12,1470.0,1473.0,1457.75,1460.65,8184584
2024-08-13,1460.75,1470.05,1458.0,1463.65,6265064
2024-08-14,1463.55,1472.0,1453.7,1461.85,6267466
2024-08-16,1468.65,1480.4,1458.05,1478.2,9416902
2024-08-19,1482.5,1498.3,1480.5,1488.4,13797742
2024-08-20,1497.25,1503.95,1490.05,1495.95,8411808
2024-08-21,1493.25,1507.9,1490.0,1498.7,7769996
2024-08-22,1503.0,1506.5,1490.65,1498.15,10445782
2024-08-23,1503.75,1511.3,1498.4,1499.95,9249654
2024-08-26,1506.95,1523.0,1503.0,1512.6,8816114
2024-08-27,1510.5,1513.5,1499.45,1500.45,6251156
2024-08-28,1505.0,1507.45,1493.0,1498.3,9610286
2024-08-29,1503.1,1537.0,1494.0,1520.9,38335358
2024-08-30,1534.0,1539.75,1503.3,1509.6,41620730
2024-09-02,1510.85,1526.8,1506.65,1516.25,11240852
2024-09-03,1521.25,1523.0,1507.5,1509.15,10923800
2024-09-04,1500.7,1517.5,1499.5,1514.55,11983304
2024-09-05,1519.05,1525.75,1487.05,1493.0,16264168
2024-09-06,1492.5,1497.0,1461.65,1464.8,19394228
2024-09-09,1466.5,1469.95,1455.6,1462.45,9010298
2024-09-10,1460.5,1472.05,1457.55,1461.5,10768260
2024-09-11,1463.05,1468.75,1447.55,1451.5,9760202
2024-09-12,1457.0,1486.0,1445.85,1479.8,22349376
2024-09-13,1476.4,1483.15,1469.5,1472.6,8711328
2024-09-16,1477.55,1480.9,1464.75,1471.35,5481774
2024-09-17,1474.0,1477.45,1466.65,1472.3,5935328
2024-09-18,1470.0,1482.0,1460.55,1463.45,8574714
2024-09-19,1466.25,1476.5,1455.55,1469.65,16955902
2024-09-20,1474.0,1495.0,1471.35,1485.9,30897320
2024-09-23,1491.0,1501.5,1488.95,1493.35,8832314
2024-09-24,1488.5,1500.5,1487.9,1489.4,17137444
2024-09-25,1483.9,1496.5,1480.2,1493.95,7069002
2024-09-26,1490.65,1504.0,1488.05,1497.95,18818998
2024-09-27,1499.0,1533.5,1492.0,1526.2,20597478
2024-09-30,1519.4,1524.95,1474.4,1476.6,27008814
2024-10-01,1480.65,1487.95,1462.85,1464.8,16431642
2024-10-03,1436.6,1449.4,1402.05,1406.95,37757294
2024-10-04,1403.95,1417.35,1381.8,1386.5,37072876
2024-10-07,1393.5,1396.5,1361.35,1370.7,22181340
2024-10-08,1373.0,1401.0,1365.1,1397.35,17020808
2024-10-09,1397.55,1401.0,1372.5,1374.6,14310610
2024-10-10,1380.05,1386.0,1369.45,1371.05,22358646
2024-10-11,1370.0,1383.25,1368.8,1372.1,7980122
2024-10-14,1379.45,1380.05,1368.25,1372.55,12221432
2024-10-15,1358.55,1371.7,1340.7,1344.0,33762794
2024-10-16,1340.0,1364.0,1337.6,1354.1,20034438
2024-10-17,1365.7,1368.45,1352.05,1356.45,15543660
2024-10-18,1352.15,1368.4,1341.3,1359.3,12082452
2024-10-21,1367.1,1374.0,1357.7,1369.2,14067408
2024-10-22,1369.2,1376.0,1340.2,1343.35,15831960
2024-10-23,1337.5,1357.45,1335.0,1338.55,17214742
2024-10-24,1335.25,1343.7,1323.15,1339.8,22155934
2024-10-25,1343.5,1344.35,1322.0,1327.85,18597496
2024-10-28,1337.0,1353.0,1322.1,1334.35,10824350
2024-10-29,1328.1,1343.2,1320.3,1340.0,12008361
2024-10-30,1335.0,1350.0,1325.35,1343.9,11984423
2024-10-31,1340.0,1343.0,1326.15,1332.05,9331650
2024-11-01,1333.05,1341.95,1333.0,1338.65,2127335
2024-11-04,1337.85,1340.0,1285.1,1302.15,19796890
2024-11-05,1293.0,1309.55,1286.15,1305.3,16267479
2024-11-06,1310.0,1328.3,1300.2,1325.35,21625209
2024-11-07,1324.0,1324.0,1302.6,1305.65,9611974
2024-11-08,1297.65,1301.65,1275.0,1283.75,19814406
2024-11-11,1278.95,1286.0,1267.0,1272.7,9056552
2024-11-12,1275.55,1289.3,1267.5,1274.25,10671091
2024-11-13,1270.25,1275.45,1249.5,1252.05,14633633
2024-11-14,1253.6,1272.6,1251.1,1267.6,12612633
2024-11-18,1267.6,1272.9,1243.9,1260.75,13620611
2024-11-19,1260.75,1281.5,1235.15,1241.65,14183746
2024-11-21,1241.65,1243.95,1217.25,1223.0,19433843
2024-11-22,1229.4,1268.85,1222.45,1265.4,20471957
2024-11-25,1290.0,1304.45,1282.45,1287.0,28923341
2024-11-26,1294.95,1297.85,1284.2,1295.7,9247557
2024-11-27,1293.5,1303.85,1286.0,1293.2,9572746
2024-11-28,1289.95,1296.6,1269.05,1270.8,15027412
2024-11-29,1280.0,1299.5,1275.25,1292.2,13202307
2024-12-02,1288.0,1311.35,1277.05,1309.15,11024152
2024-12-03,1317.0,1326.8,1307.0,1323.3,16869482
2024-12-04,1326.0,1328.4,1304.05,1308.95,19608540
2024-12-05,1314.35,1329.95,1306.15,1322.05,16858723
2024-12-06,1323.9,1323.9,1310.0,1311.55,9037514
2024-12-09,1303.0,1315.0,1293.1,1295.15,14650002
2024-12-10,1289.25,1294.9,1280.2,1284.85,16043729
2024-12-11,1285.0,1290.0,1276.05,1278.2,11724373
2024-12-12,1270.0,1278.2,1260.6,1262.9,20906813
2024-12-13,1260.0,1275.2,1239.6,1272.85,28630222
2024-12-16,1275.0,1281.0,1266.55,1268.3,9486781
2024-12-17,1261.05,1263.9,1242.8,1245.3,17462791
2024-12-18,1240.65,1259.95,1240.65,1253.25,12670179
2024-12-19,1239.0,1244.9,1229.0,1230.45,14244653
2024-12-20,1224.0,1239.5,1201.5,1205.3,20312896
2024-12-23,1215.0,1227.2,1213.2,1222.3,10052824
2024-12-24,1222.3,1233.55,1221.0,1222.75,6734917
2024-12-26,1224.25,1227.7,1214.25,1216.55,10016178
2024-12-27,1218.3,1227.9,1217.0,1221.05,7000397
2024-12-30,1216.4,1223.2,1208.1,1210.7,8818766
2024-12-31,1208.0,1219.1,1206.15,1215.45,6405475
2025-01-01,1214.85,1226.3,1211.6,1221.25,5892590
2025-01-02,1221.25,1244.45,1220.0,1241.8,15486276
2025-01-03,1243.9,1262.05,1235.5,1251.15,15521102
2025-01-06,1253.95,1262.0,1215.0,1218.0,14816766
2025-01-07,1222.0,1244.5,1221.25,1240.85,10070505
2025-01-08,1249.0,1271.05,1245.35,1265.5,19346579
2025-01-09,1267.0,1269.75,1248.05,1254.75,12794704
2025-01-10,1253.85,1256.75,1236.0,1241.9,8120332
2025-01-13,1230.0,1245.25,1226.4,1239.85,13764861
2025-01-14,1244.1,1253.35,1227.25,1238.75,13095266
2025-01-15,1244.95,1257.0,1241.85,1252.2,9578856
2025-01-16,1258.9,1275.0,1251.3,1266.45,14117603
2025-01-17,1322.25,1326.0,1285.0,1302.35,29366277
2025-01-20,1316.0,1316.0,1300.25,1305.45,14040244
2025-01-21,1310.5,1313.0,1270.2,1273.7,14562976
2025-01-22,1278.3,1282.9,1268.7,1277.1,10273590
2025-01-23,1270.0,1277.35,1261.6,1263.65,8720682
2025-01-24,1266.0,1273.0,1243.5,1246.3,14235970
2025-01-27,1239.1,1240.45,1220.0,1229.35,9536019
2025-01-28,1238.0,1244.75,1218.5,1234.4,10568025
2025-01-29,1236.0,1242.75,1228.05,1235.5,5928156
2025-01-30,1235.55,1257.0,1232.4,1253.05,9269259
2025-01-31,1255.85,1267.0,1249.0,1265.1,6584612
2025-02-01,1265.1,1270.55,1241.0,1264.6,7118453
2025-02-03,1251.0,1256.0,1237.55,1245.9,9252345
2025-02-04,1248.05,1288.8,1246.6,1285.2,16691069
2025-02-05,1282.65,1290.5,1276.7,1278.2,10112028
2025-02-06,1273.7,1288.0,1270.35,1281.55,9956001
2025-02-07,1276.15,1283.7,1262.0,1266.7,8764283
2025-02-10,1264.5,1266.5,1245.55,1253.65,6970972
2025-02-11,1264.55,1264.55,1230.1,1234.85,8859714
2025-02-12,1219.45,1226.9,1193.35,1216.55,21131654
2025-02-13,1217.05,1228.0,1212.0,1216.1,8511216
2025-02-14,1219.0,1224.0,1205.45,1217.25,10298145
2025-02-17,1211.1,1227.5,1204.5,1224.9,8166683
2025-02-18,1224.85,1229.9,1216.1,1225.4,6673250
2025-02-19,1219.5,1232.75,1217.55,1227.45,6217338
2025-02-20,1223.95,1239.35,1222.0,1233.0,7795582
2025-02-21,1228.7,1240.0,1222.15,1228.15,6904025
2025-02-24,1216.55,1223.25,1210.5,1214.55,7172498
2025-02-25,1211.0,1221.0,1201.5,1204.0,11552182
2025-02-27,1212.8,1215.0,1200.65,1207.1,11509215
2025-02-28,1202.0,1217.35,1193.3,1200.1,23007298
2025-03-03,1204.0,1206.45,1156.0,1171.25,17944938
2025-03-04,1162.2,1174.0,1159.55,1161.9,11377373
2025-03-05,1161.0,1183.0,1157.0,1175.6,8664095
2025-03-06,1197.0,1213.95,1185.15,1209.6,14468014
2025-03-07,1216.0,1254.8,1212.0,1249.8,16474965
2025-03-10,1245.0,1258.0,1235.4,1238.4,11931051
2025-03-11,1240.0,1249.5,1229.75,1247.3,10089838
2025-03-12,1258.0,1263.0,1244.0,1257.05,11977555
2025-03-13,1260.05,1264.15,1243.85,1247.9,9505270
2025-03-17,1242.15,1257.4,1233.1,1238.85,16640952
2025-03-18,1244.7,1248.35,1235.0,1238.8,15745877
2025-03-19,1241.05,1253.25,1238.8,1247.15,16162399
2025-03-20,1251.85,1273.0,1250.05,1269.15,15971477
2025-03-21,1275.0,1281.0,1270.1,1276.35,21780769
2025-03-24,1291.0,1306.0,1284.25,1302.1,20299319
2025-03-25,1307.7,1307.7,1282.6,1285.45,13713899
2025-03-26,1291.0,1293.8,1268.75,1273.05,12074747
2025-03-27,1278.15,1285.0,1271.3,1278.2,15028056
2025-03-28,1280.0,1295.75,1269.0,1275.1,18147129
2025-04-01,1264.6,1277.9,1249.3,1252.6,12099648
2025-04-02,1247.55,1255.55,1243.9,1251.15,10142590
2025-04-03,1233.05,1251.8,1233.05,1248.7,7434366
2025-04-04,1241.1,1245.45,1193.15,1204.7,17908652
2025-04-07,1132.2,1171.25,1114.85,1165.7,22156106
2025-04-08,1172.0,1196.6,1163.3,1182.2,19555040
2025-04-09,1169.5,1189.8,1168.0,1185.35,10223104
2025-04-11,1195.15,1222.65,1195.15,1218.95,11224242
2025-04-15,1251.0,1251.0,1237.1,1240.1,13378535
2025-04-16,1234.1,1240.9,1229.0,1239.3,8248464
2025-04-17,1240.2,1280.2,1227.6,1274.5,15398401
2025-04-21,1270.0,1300.9,1267.0,1295.5,10429964
2025-04-22,1300.0,1303.9,1286.3,1291.2,13051707
2025-04-23,1297.0,1306.0,1285.4,1300.0,10480888
2025-04-24,1292.4,1304.5,1290.3,1301.6,10468940
2025-04-25,1303.5,1325.2,1288.1,1300.4,14431012
2025-04-28,1340.0,1374.6,1320.2,1368.8,31104496
2025-04-29,1371.0,1410.9,1370.0,1399.7,32538970
2025-04-30,1402.0,1412.4,1369.0,1405.0,25480745
2025-05-02,1414.0,1426.7,1409.1,1422.4,17535402
2025-05-05,1431.0,1439.5,1426.9,1431.3,12685649
2025-05-06,1431.0,1432.0,1410.6,1420.9,14084117
2025-05-07,1420.9,1424.4,1402.7,1406.0,13440169
2025-05-08,1404.1,1420.8,1398.0,1407.0,16106175
2025-05-09,1385.5,1394.8,1374.5,1377.2,13668904
2025-05-12,1400.0,1439.0,1400.0,1436.5,10674081
2025-05-13,1433.5,1447.7,1412.4,1415.7,11407896
2025-05-14,1420.0,1429.9,1415.5,1424.4,5570160
2025-05-15,1425.0,1461.4,1412.7,1454.2,20177211
2025-05-16,1453.2,1461.0,1447.3,1456.4,9036695
2025-05-19,1452.1,1454.6,1438.2,1440.8,6195791
2025-05-20,1438.2,1445.0,1421.8,1424.6,11270560
2025-05-21,1423.9,1436.2,1418.1,1429.2,6136364
2025-05-22,1421.2,1423.8,1396.9,1409.4,12134466
2025-05-23,1406.6,1433.8,1406.6,1426.8,6474883
2025-05-26,1432.0,1441.0,1425.1,1434.8,4842944
2025-05-27,1426.1,1437.0,1413.9,1422.1,12640414
2025-05-28,1420.1,1422.6,1410.7,1412.9,5944611
2025-05-29,1412.1,1420.0,1408.6,1417.8,13771917
2025-05-30,1418.0,1430.6,1409.7,1420.9,13788484
2025-06-02,1412.1,1417.5,1395.6,1413.7,8098668
2025-06-03,1422.3,1426.5,1403.4,1405.5,11252626
2025-06-04,1414.7,1425.7,1406.1,1423.5,8126827
2025-06-05,1428.0,1454.7,1423.6,1442.4,13716817
2025-06-06,1441.0,1451.5,1437.0,1443.5,8182161
2025-06-09,1457.0,1457.5,1445.3,1448.8,7885125
2025-06-10,1450.0,1453.9,1436.0,1438.5,7913181
2025-06-11,1445.8,1468.6,1443.1,1448.9,8195700
2025-06-12,1453.5,1457.0,1434.4,1441.6,8828114
2025-06-13,1424.0,1435.5,1414.3,1427.9,9757276
2025-06-16,1426.9,1442.4,1424.4,1437.8,8458093
2025-06-17,1448.0,1448.0,1425.8,1431.2,10366599
2025-06-18,1430.0,1442.8,1425.7,1430.1,6681735
2025-06-19,1430.1,1439.9,1425.7,1433.3,10007230
2025-06-20,1431.0,1471.0,1428.1,1466.2,29010635
2025-06-23,1453.0,1463.8,1442.0,1456.8,5989078
2025-06-24,1465.0,1475.0,1443.1,1450.8,16402744
2025-06-25,1464.0,1472.4,1460.5,1467.3,7525851
2025-06-26,1469.1,1498.8,1465.1,1495.3,14657893
2025-06-27,1499.4,1522.0,1496.9,1515.4,11117052
2025-06-30,1513.8,1524.8,1496.0,1500.6,8409527
2025-07-01,1500.6,1531.4,1500.1,1528.4,10368523
2025-07-02,1528.4,1530.0,1508.7,1518.8,6361002
2025-07-03,1520.8,1531.9,1513.0,1517.8,11283291
2025-07-04,1524.0,1530.0,1517.2,1527.3,6603501
2025-07-07,1526.6,1544.8,1525.0,1541.5,7251074
2025-07-08,1536.0,1544.9,1530.2,1537.6,7171261
2025-07-09,1536.7,1551.0,1510.1,1519.0,8870660
2025-07-10,1519.7,1524.7,1507.5,1517.2,10047129
2025-07-11,1512.0,1515.0,1490.3,1495.2,7234991
2025-07-14,1492.2,1500.0,1479.1,1483.7,10311846
2025-07-15,1486.2,1496.5,1482.4,1485.4,8132454
2025-07-16,1473.0,1491.0,1471.5,1485.6,10409983
2025-07-17,1487.4,1489.6,1473.9,1476.4,11854613
2025-07-18,1484.8,1484.8,1469.1,1476.0,10296318
2025-07-21,1465.0,1476.0,1423.1,1428.6,22442744
2025-07-22,1427.4,1431.9,1410.7,1412.8,20396320
2025-07-23,1426.0,1426.0,1414.4,1424.6,8354596
2025-07-24,1419.2,1423.0,1396.0,1402.9,14740507
2025-07-25,1398.9,1401.0,1384.1,1391.7,11854722
2025-07-28,1392.3,1407.8,1385.0,1387.6,7748361
2025-07-29,1383.0,1420.2,1383.0,1417.1,10750072
2025-07-30,1418.1,1423.3,1401.3,1410.1,7209849
2025-07-31,1388.1,1402.6,1382.2,1390.2,17065827
2025-08-01,1386.9,1405.9,1384.3,1393.7,10321171
2025-08-04,1395.1,1416.1,1391.7,1411.5,6312820
2025-08-05,1411.0,1411.0,1388.1,1391.7,9315972
2025-08-06,1391.9,1395.9,1383.3,1392.8,5834312
2025-08-07,1387.7,1393.7,1366.0,1389.4,9976705
2025-08-08,1385.0,1397.2,1365.0,1367.8,8793606
2025-08-11,1370.0,1388.0,1361.2,1386.2,9997486
2025-08-12,1381.9,1401.9,1375.2,1380.4,12244664
2025-08-13,1388.0,1391.8,1377.5,1382.6,7457021
2025-08-14,1377.3,1380.7,1370.1,1373.8,7126128
2025-08-18,1390.0,1394.9,1377.0,1381.7,11785109
2025-08-19,1390.0,1421.0,1389.1,1420.1,14384719
2025-08-20,1413.0,1424.9,1410.0,1413.0,8725641
2025-08-21,1425.0,1431.9,1420.3,1424.8,11021323
2025-08-22,1420.0,1423.4,1407.9,1409.2,5818868
2025-08-25,1414.7,1419.5,1405.7,1412.6,5979407
2025-08-26,1408.0,1410.0,1381.6,1384.9,12145259
2025-08-28,1389.9,1392.2,1366.5,1385.9,13161813
2025-08-29,1381.1,1403.5,1350.0,1357.2,18758842
2025-09-01,1356.0,1363.2,1340.6,1353.9,11232238
2025-09-02,1354.8,1384.5,1354.5,1366.5,11517006
2025-09-03,1369.7,1376.5,1360.5,1372.6,7847563
2025-09-04,1371.8,1374.0,1357.1,1359.3,13223177
2025-09-05,1363.0,1381.0,1359.3,1375.0,5777575
2025-09-08,1380.0,1386.0,1372.4,1378.5,6986720
2025-09-09,1376.6,1381.2,1368.7,1376.2,9754452
2025-09-10,1383.9,1388.5,1374.1,1377.0,7790815
2025-09-11,1376.0,1385.5,1375.0,1383.3,9766072
2025-09-12,1383.3,1396.3,1380.5,1395.0,7403368
2025-09-15,1393.0,1400.8,1388.6,1399.3,5396697
2025-09-16,1404.7,1408.0,1398.2,1405.3,8686961
2025-09-17,1407.0,1416.2,1406.9,1413.8,7519417
2025-09-18,1420.4,1422.0,1410.7,1415.0,9332642
2025-09-19,1414.9,1417.0,1403.6,1407.4,13461373
2025-09-22,1403.9,1410.7,1388.0,1390.6,7757970
2025-09-23,1391.0,1395.0,1376.8,1389.8,14014702
2025-09-24,1385.3,1396.0,1380.4,1383.0,5922759
2025-09-25,1381.3,1384.5,1369.0,1372.4,11411143
2025-09-26,1372.0,1382.7,1366.0,1377.6,9879109
2025-09-29,1381.6,1389.0,1368.0,1372.8,14231999
2025-09-30,1377.1,1377.1,1362.8,1364.0,14604684
2025-10-01,1367.0,1378.6,1362.7,1368.7,12045916
2025-10-03,1363.2,1371.6,1356.9,1363.4,12842347
2025-10-06,1360.0,1377.4,1359.0,1375.0,12396580
2025-10-07,1376.0,1395.9,1375.9,1384.8,11244040
2025-10-08,1384.8,1389.0,1364.5,1367.4,8525081
2025-10-09,1374.0,1380.0,1369.1,1377.8,8826633
2025-10-10,1377.8,1388.0,1375.1,1381.7,6373084
2025-10-13,1376.9,1377.7,1367.8,1375.0,7600682
2025-10-14,1380.0,1388.0,1370.1,1375.9,9768174
2025-10-15,1383.0,1384.0,1372.7,1374.3,10882743
2025-10-16,1375.1,1400.5,1375.0,1398.3,12315932
2025-10-17,1401.0,1423.3,1399.1,1416.8,19335561
2025-10-20,1440.0,1473.8,1433.3,1466.8,24721978
2025-10-21,1468.0,1474.0,1460.0,1465.2,2066169
2025-10-23,1475.0,1482.9,1444.6,1448.4,18707090
2025-10-24,1450.0,1459.8,1441.0,1451.6,9700837
2025-10-27,1463.0,1485.0,1458.0,1484.1,14113867
2025-10-28,1484.1,1492.0,1477.6,1486.9,17631577
2025-10-29,1490.0,1508.3,1488.1,1504.2,11884745
2025-10-30,1500.0,1503.1,1484.0,1488.5,9318663
2025-10-31,1490.4,1497.5,1482.3,1486.4,8758053
2025-11-03,1486.0,1495.0,1479.3,1484.7,8452085
2025-11-04,1483.9,1492.8,1470.1,1473.1,10007806
2025-11-06,1484.0,1501.6,1476.2,1496.1,16772678
2025-11-07,1494.6,1498.4,1475.9,1478.0,7821765
2025-11-10,1477.9,1501.0,1475.5,1489.3,7068438
2025-11-11,1497.0,1498.8,1480.2,1493.4,7127506
2025-11-12,1505.0,1524.7,1500.0,1511.5,12384459
2025-11-13,1515.0,1522.1,1506.8,1510.9,7196443
2025-11-14,1505.5,1520.9,1505.5,1518.9,7682823
2025-11-17,1520.9,1523.7,1511.5,1518.3,5871416
2025-11-18,1521.7,1527.8,1510.5,1519.4,11045042
2025-11-19,1517.4,1522.3,1512.0,1518.9,5692366
2025-11-20,1530.0,1550.9,1526.7,1549.1,18171724
2025-11-21,1541.0,1557.8,1540.1,1546.6,9615271
2025-11-24,1550.0,1550.0,1531.8,1535.9,18433951
2025-11-25,1535.9,1559.6,1525.1,1539.7,15033482
2025-11-26,1542.3,1571.6,1540.5,1569.9,14054299
2025-11-27,1575.0,1575.5,1556.0,1563.4,9794643
2025-11-28,1568.0,1581.3,1563.0,1567.5,8959508
2025-12-01,1575.0,1577.5,1563.6,1566.1,8920233
2025-12-02,1561.1,1567.5,1542.0,1546.3,11389150
2025-12-03,1545.2,1552.4,1533.0,1538.8,6090883
2025-12-04,1536.0,1560.5,1517.6,1535.6,11867930
2025-12-05,1530.4,1545.8,1520.6,1540.6,10183266
2025-12-08,1539.2,1551.0,1535.0,1543.0,11301491
2025-12-09,1540.3,1542.5,1520.1,1529.4,11503971
2025-12-10,1534.0,1547.5,1531.4,1536.9,7991629
2025-12-11,1536.9,1550.0,1524.0,1545.0,4706197
2025-12-12,1550.8,1559.8,1546.1,1556.5,5106655
2025-12-15,1551.2,1558.6,1546.5,1556.2,5774543
2025-12-16,1545.0,1551.7,1538.8,1542.3,11731856
2025-12-17,1550.0,1550.0,1539.3,1544.4,7116649
2025-12-18,1535.2,1551.5,1535.2,1544.4,6580829
2025-12-19,1554.4,1574.2,1551.0,1565.1,13937275
2025-12-22,1573.5,1577.5,1565.3,1575.4,10184852
2025-12-23,1580.9,1580.9,1568.1,1570.7,7506564
2025-12-24,1572.7,1575.7,1553.6,1558.2,8815745
2025-12-26,1554.7,1561.0,1554.3,1559.2,2311495
2025-12-29,1554.9,1558.1,1543.6,1545.6,5972105
2025-12-30,1547.0,1553.6,1537.8,1539.8,8815884
2025-12-31,1541.0,1577.0,1541.0,1570.4,5771830
2026-01-01,1573.7,1592.5,1571.1,1575.6,6408128
2026-01-02,1580.0,1594.6,1578.2,1592.3,6602230
2026-01-05,1593.0,1611.8,1575.3,1578.1,8704973
2026-01-06,1569.0,1569.0,1496.3,1507.6,27417125
2026-01-07,1510.0,1520.0,1498.0,1504.2,11199340
2026-01-08,1500.0,1503.9,1468.8,1470.6,16518684
2026-01-09,1465.0,1479.9,1465.0,1475.3,8335311
2026-01-12,1475.3,1485.3,1451.0,1483.2,8883745
2026-01-13,1485.0,1485.8,1444.7,1452.8,13499760
2026-01-14,1444.0,1467.0,1440.2,1458.8,8321764
2026-01-16,1458.8,1480.0,1455.1,1457.9,17167161
2026-01-19,1450.6,1450.6,1403.3,1413.6,20392765
2026-01-20,1410.7,1416.0,1390.0,1394.0,13189498
2026-01-21,1389.5,1412.9,1373.0,1404.6,17352720
2026-01-22,1410.1,1419.5,1395.0,1402.5,15721693
2026-01-23,1401.8,1407.0,1381.0,1386.1,9837802
2026-01-27,1380.0,1391.6,1368.0,1380.5,26302396
2026-01-28,1385.0,1409.9,1384.9,1396.7,11121657
2026-01-29,1402.9,1402.9,1384.0,1391.0,20846683
2026-01-30,1382.6,1398.0,1378.5,1395.4,11239835
2026-02-01,1396.0,1411.0,1335.0,1347.0,9714528
2026-02-02,1340.0,1392.9,1335.5,1390.4,15711165
2026-02-03,1473.9,1489.5,1430.2,1437.1,25456171
2026-02-04,1444.0,1464.0,1440.3,1456.8,8333387
2026-02-05,1457.0,1461.5,1439.5,1443.4,11763658
2026-02-06,1441.5,1452.8,1433.5,1450.8,8277304
2026-02-09,1458.0,1465.9,1453.0,1461.6,5775864
2026-02-10,1471.0,1471.0,1452.2,1458.5,10259630
2026-02-11,1459.6,1470.0,1453.6,1468.7,7106877
2026-02-12,1470.0,1473.0,1445.5,1448.9,11135399
2026-02-13,1445.5,1450.7,1416.3,1419.6,10755693
2026-02-16,1420.1,1439.6,1409.3,1437.1,5896514
2026-02-17,1431.1,1431.8,1418.6,1423.0,10731630
2026-02-18,1427.0,1442.1,1419.2,1441.3,5521096
2026-02-19,1443.0,1443.0,1400.0,1409.5,11884664
2026-02-20,1409.5,1427.4,1406.1,1419.4,8177670
2026-02-23,1425.0,1434.9,1418.3,1428.0,7758856
