Date,Open,High,Low,Close,Volume
2016-02-26,522.85,527.75,519.0,524.0,1985528
2016-02-29,528.0,528.0,505.0,514.15,3487816
2016-03-01,515.0,521.4,509.6,516.35,2146110
2016-03-02,523.5,532.0,519.4,525.6,3422308
2016-03-03,530.0,531.0,523.4,527.1,3101778
2016-03-04,533.7,545.6,530.25,537.7,2693406
2016-03-08,539.8,549.7,528.8,532.35,1409496
2016-03-09,533.85,535.0,521.35,529.3,4376676
2016-03-10,530.2,540.2,530.0,533.95,3609343
2016-03-11,534.5,538.55,530.95,534.6,2806975
2016-03-14,538.0,543.75,530.1,537.6,3909833
2016-03-15,538.6,539.0,522.0,525.05,2961527
2016-03-16,524.9,534.8,516.2,531.0,2221318
2016-03-17,536.3,537.0,521.55,524.55,2100095
2016-03-18,529.0,530.05,517.5,528.25,4345885
2016-03-21,530.0,538.4,527.5,535.85,1221223
2016-03-22,537.5,539.0,531.05,535.3,1529194
2016-03-23,534.8,536.3,525.55,532.8,1361735
2016-03-28,536.3,537.35,522.1,524.2,1947564
2016-03-29,521.05,525.0,494.55,503.5,6503207
2016-03-30,506.95,516.5,502.5,512.35,4372138
2016-03-31,513.0,518.0,507.9,511.95,3086978
2016-04-01,513.8,517.3,510.0,514.55,1239447
2016-04-04,519.0,519.0,512.15,514.3,768318
2016-04-05,513.0,516.0,501.45,503.0,1086907
2016-04-06,503.35,507.5,497.0,504.95,1820374
2016-04-07,505.75,513.05,501.7,506.4,2102922
2016-04-08,509.8,510.6,503.25,504.45,1262329
2016-04-11,505.5,506.0,497.05,502.15,2929584
2016-04-12,502.7,508.85,499.7,501.95,3622355
2016-04-13,505.15,515.0,504.0,511.9,3642720
2016-04-18,515.0,525.7,507.1,524.1,3507933
2016-04-20,525.0,530.4,519.25,527.2,2898556
2016-04-21,530.0,534.0,526.6,532.0,3392813
2016-04-22,529.7,536.55,527.0,531.35,1880283
2016-04-25,532.5,533.85,523.5,526.5,1959119
2016-04-26,524.65,542.25,524.15,540.5,1855477
2016-04-27,539.5,544.3,534.5,540.2,1456338
2016-04-28,538.9,543.75,525.0,528.25,3088525
2016-04-29,527.2,538.4,527.1,537.0,932705
2016-05-02,536.95,544.6,535.0,540.65,1336667
2016-05-03,540.0,547.0,526.55,536.85,1524809
2016-05-04,534.0,541.35,529.0,533.2,785756
2016-05-05,535.5,544.0,533.5,541.8,1025103
2016-05-06,540.0,542.75,535.1,537.35,511789
2016-05-09,538.3,540.2,533.25,536.55,727957
2016-05-10,537.0,539.5,532.75,537.05,669096
2016-05-11,532.0,539.5,530.75,536.6,943441
2016-05-12,536.95,542.45,534.35,536.3,670055
2016-05-13,534.45,538.7,530.05,531.7,891484
2016-05-16,533.85,533.85,520.35,521.8,883516
2016-05-17,523.0,528.65,522.5,523.75,679688
2016-05-18,522.55,526.75,520.05,524.55,653047
2016-05-19,524.1,525.9,510.2,512.7,1062398
2016-05-20,514.3,515.25,501.2,507.1,1700932
2016-05-23,510.0,510.0,494.8,497.4,2021694
2016-05-24,499.95,505.2,491.55,494.05,2526624
2016-05-25,480.0,480.0,457.45,469.8,15183389
2016-05-26,472.7,473.9,466.0,467.95,4432025
2016-05-27,470.9,478.5,469.1,473.45,2638981
2016-05-30,476.95,478.5,470.0,473.55,1183625
2016-05-31,475.4,479.25,471.0,472.65,2368362
2016-06-01,474.7,474.7,462.75,464.9,1247617
2016-06-02,464.45,470.0,459.0,468.1,1354914
2016-06-03,470.5,473.95,462.3,465.2,1318109
2016-06-06,468.95,471.5,465.4,466.65,1409144
2016-06-07,466.65,471.9,466.65,468.35,1797918
2016-06-08,471.85,474.0,468.0,472.15,811331
2016-06-09,473.55,481.95,469.1,479.1,1695845
2016-06-10,475.0,486.6,474.5,476.45,1704257
2016-06-13,474.95,479.9,465.55,468.7,1271568
2016-06-14,470.1,484.0,469.55,482.7,2522251
2016-06-15,485.9,492.55,483.8,490.05,1860880
2016-06-16,487.8,488.85,479.35,486.65,1239939
2016-06-17,487.0,490.0,484.05,486.45,593507
2016-06-20,486.65,490.9,482.55,488.25,1026672
2016-06-21,490.0,490.0,480.3,483.4,861422
2016-06-22,483.85,486.5,480.0,482.45,673949
2016-06-23,481.1,483.0,474.65,475.75,1918112
2016-06-24,468.0,478.0,459.6,476.55,1875935
2016-06-27,475.0,491.0,474.0,489.05,2362093
2016-06-28,490.0,499.0,486.55,497.35,1775304
2016-06-29,498.8,504.0,496.05,502.45,1048438
2016-06-30,505.0,506.8,499.45,501.0,2152521
2016-07-01,502.0,510.0,499.85,508.6,1008068
2016-07-04,510.7,513.4,508.1,510.2,1055119
2016-07-05,510.2,511.1,502.7,507.0,689915
2016-07-07,505.5,517.35,504.05,514.3,2078580
2016-07-08,518.0,522.45,513.05,520.3,1828792
2016-07-11,525.4,528.25,520.0,522.0,1441960
2016-07-12,522.5,522.9,514.1,515.7,891315
2016-07-13,516.0,519.45,511.2,514.6,1202156
2016-07-14,515.9,516.6,507.0,511.95,1257722
2016-07-15,513.95,518.9,510.2,516.4,1004156
2016-07-18,517.05,517.3,505.3,506.95,1459230
2016-07-19,507.0,510.4,500.55,505.8,1027246
2016-07-20,507.45,519.4,505.25,517.85,3584904
2016-07-21,522.5,526.95,514.0,515.85,2274652
2016-07-22,516.0,522.9,512.35,520.4,1188747
2016-07-25,514.05,526.5,513.0,524.6,1337348
2016-07-26,527.5,530.15,521.75,523.55,2105457
2016-07-27,523.0,529.15,516.95,523.15,894972
2016-07-28,523.9,527.95,519.0,520.65,1347889
2016-07-29,522.4,535.5,520.0,527.4,1785352
2016-08-01,528.8,535.0,521.5,524.05,955999
2016-08-02,525.1,529.95,516.2,517.9,1009436
2016-08-03,517.0,534.9,515.3,529.45,1846161
2016-08-04,531.2,534.0,523.0,526.95,1564658
2016-08-05,530.9,534.6,527.25,533.25,699384
2016-08-08,533.9,541.2,531.95,535.4,852842
2016-08-09,537.8,540.0,530.15,532.95,886532
2016-08-10,532.5,533.95,519.5,521.25,809814
2016-08-11,521.5,525.5,517.9,523.95,761596
2016-08-12,524.0,526.4,512.1,515.95,2124886
2016-08-16,510.2,557.55,510.2,554.15,8817547
2016-08-17,552.0,564.0,547.2,549.85,3819727
2016-08-18,553.7,557.5,548.0,552.65,1434412
2016-08-19,552.85,560.55,552.5,556.8,1598177
2016-08-22,557.0,564.9,552.3,557.6,1218782
2016-08-23,557.6,557.75,552.05,555.65,874783
2016-08-24,559.8,572.0,553.85,567.2,2340210
2016-08-25,570.0,574.55,560.0,562.9,3471437
2016-08-26,567.5,571.7,562.35,567.25,2196070
2016-08-29,568.3,570.35,562.9,568.0,1085860
2016-08-30,570.0,581.45,567.7,576.1,1075723
2016-08-31,581.05,587.5,570.0,572.95,3596264
2016-09-01,575.0,581.3,571.0,579.15,960422
2016-09-02,580.3,581.1,571.5,577.95,880437
2016-09-06,585.0,586.3,576.0,578.6,1189215
2016-09-07,580.05,585.95,575.1,580.75,1786522
2016-09-08,581.2,598.4,581.2,595.15,1573263
2016-09-09,595.1,595.6,578.0,580.5,1513978
2016-09-12,572.2,579.2,562.3,570.1,1296182
2016-09-14,570.0,583.7,569.8,577.5,1579482
2016-09-15,579.0,591.0,576.85,585.4,1294197
2016-09-16,587.1,596.0,586.1,593.55,2145891
2016-09-19,594.9,600.0,593.25,597.8,1213754
2016-09-20,598.7,607.5,596.0,602.85,2209606
2016-09-21,602.85,607.0,597.1,601.35,1578461
2016-09-22,605.0,610.95,603.9,609.1,1926725
2016-09-23,609.0,617.8,604.7,611.55,1225528
2016-09-26,609.0,615.0,603.0,604.5,1796225
2016-09-27,604.0,610.3,601.85,607.2,1443938
2016-09-28,608.7,612.4,602.25,605.8,1561039
2016-09-29,608.0,611.0,585.75,602.85,2252434
2016-09-30,601.85,603.9,562.25,580.05,6967821
2016-10-03,584.7,591.7,582.2,588.85,1146677
2016-10-04,590.3,603.85,590.3,597.8,1656807
2016-10-05,600.0,600.15,590.0,591.65,961556
2016-10-06,592.5,596.8,576.85,578.8,1504743
2016-10-07,578.85,583.4,566.5,570.05,1317543
2016-10-10,570.25,584.4,570.25,580.65,929998
2016-10-13,596.95,599.0,580.5,582.0,3834775
2016-10-14,584.75,590.0,583.0,587.0,1054501
2016-10-17,589.0,592.05,583.65,586.0,1344977
2016-10-18,587.0,594.0,582.25,592.75,1213156
2016-10-19,591.2,598.8,591.2,596.35,1001409
2016-10-20,596.5,600.5,593.8,596.6,913371
2016-10-21,597.5,597.5,570.0,583.25,1792780
2016-10-24,585.0,594.4,582.0,584.7,992033
2016-10-25,586.0,594.5,582.7,584.5,831989
2016-10-26,583.0,584.9,575.15,577.65,814132
2016-10-27,578.0,588.0,570.5,585.75,779140
2016-10-28,585.5,586.85,573.7,575.15,911117
2016-10-30,578.65,580.6,575.4,578.75,104038
2016-11-01,579.45,579.45,570.1,571.75,880843
2016-11-02,569.95,569.95,557.55,560.1,806345
2016-11-03,556.0,563.8,556.0,560.0,701598
2016-11-04,556.1,565.5,538.0,544.7,1517311
2016-11-07,549.5,555.75,544.0,545.75,939497
2016-11-08,549.7,550.9,530.2,535.3,1015538
2016-11-09,512.1,532.0,486.55,526.3,3810958
2016-11-10,545.0,568.0,545.0,563.7,3982787
2016-11-11,559.7,564.0,545.25,547.95,1232505
2016-11-15,547.6,561.05,528.6,552.4,1505372
2016-11-16,562.0,564.85,535.5,538.15,1169205
2016-11-17,539.0,549.35,536.1,545.7,924167
2016-11-18,541.2,555.65,541.2,550.95,1214083
2016-11-21,550.0,555.35,542.1,545.1,1056778
2016-11-22,547.1,559.35,543.5,550.5,1300502
2016-11-23,554.9,559.4,547.15,552.8,1520986
2016-11-24,551.4,558.3,545.05,553.65,1816603
2016-11-25,557.0,569.95,548.5,565.05,1022658
2016-11-28,569.3,577.0,568.05,570.55,1224023
2016-11-29,573.0,573.95,564.3,569.15,832424
2016-11-30,570.0,573.25,563.5,566.6,1366319
2016-12-01,567.0,579.85,566.1,568.2,1064251
2016-12-02,566.0,573.9,566.0,571.2,984594
2016-12-05,573.5,581.4,571.35,573.0,1158108
2016-12-06,575.0,580.45,570.95,574.85,779936
2016-12-07,577.45,577.6,569.4,570.85,694556
2016-12-08,573.5,583.9,570.2,582.75,1177494
2016-12-09,586.0,586.0,576.45,578.9,539344
2016-12-12,576.4,582.0,572.6,574.8,848042
2016-12-13,574.1,581.2,570.5,578.85,553306
2016-12-14,579.0,579.65,564.25,568.0,585671
2016-12-15,568.0,576.55,559.1,563.15,1032429
2016-12-16,562.9,569.9,561.35,566.2,665505
2016-12-19,565.0,574.5,561.4,569.15,997716
2016-12-20,572.85,573.8,562.0,563.1,873053
2016-12-21,565.0,567.4,561.9,562.8,743830
2016-12-22,562.3,565.95,560.0,561.4,1870565
2016-12-23,561.0,589.15,552.0,582.3,2585856
2016-12-26,581.3,581.3,548.1,554.95,2106357
2016-12-27,559.0,566.2,555.15,563.65,1063407
2016-12-28,567.0,572.0,560.8,562.4,743252
2016-12-29,563.1,569.0,562.75,564.85,985947
2016-12-30,565.6,573.45,565.6,568.8,673901
2017-01-02,569.75,572.45,563.25,566.0,520139
2017-01-03,566.8,576.8,562.0,573.65,626867
2017-01-04,572.95,576.0,567.5,568.25,729355
2017-01-05,570.2,581.5,569.3,579.85,919562
2017-01-06,580.05,591.0,577.2,582.85,851729
2017-01-09,583.55,588.95,574.9,576.7,545949
2017-01-10,577.5,582.9,573.6,574.9,430654
2017-01-11,576.95,579.0,569.5,576.95,543706
2017-01-12,573.95,587.8,567.3,586.25,1086059
2017-01-13,587.0,589.1,579.45,583.4,557024
2017-01-16,577.4,592.0,577.4,588.8,634510
2017-01-17,590.5,592.0,581.2,587.25,737937
2017-01-18,588.8,593.4,577.35,580.8,591422
2017-01-19,582.3,587.4,573.35,580.35,772657
2017-01-20,583.8,592.5,574.4,577.6,1100568
2017-01-23,574.45,583.45,573.0,575.75,1197343
2017-01-24,574.7,581.3,574.1,579.9,527089
2017-01-25,581.25,588.85,577.65,585.65,888914
2017-01-27,584.7,591.4,579.45,580.15,622149
2017-01-30,578.7,584.55,577.15,582.25,589553
2017-01-31,581.55,583.0,572.6,575.35,712955
2017-02-01,573.0,579.25,566.3,572.15,873328
2017-02-02,575.0,587.0,567.05,584.35,1033116
2017-02-03,584.3,611.5,580.4,607.9,2491068
2017-02-06,610.35,621.25,599.1,601.6,2513820
2017-02-07,601.8,608.0,594.6,597.55,1084820
2017-02-08,600.0,609.0,597.75,603.2,2122225
2017-02-09,611.0,611.55,584.45,587.65,4192748
2017-02-10,592.0,593.75,576.8,579.95,1485266
2017-02-13,582.7,585.4,576.05,582.65,946922
2017-02-14,582.0,586.6,574.1,576.05,816754
2017-02-15,577.5,578.65,571.15,574.25,1441907
2017-02-16,575.0,585.4,574.5,584.6,1156826
2017-02-17,585.9,596.45,580.65,593.25,1209276
2017-02-20,593.2,597.75,582.0,592.75,1008015
2017-02-21,591.9,595.0,588.5,593.1,712028
2017-02-22,592.2,592.9,586.0,589.25,942703
2017-02-23,589.3,594.2,586.05,592.4,1263865
2017-02-27,592.0,594.9,581.35,585.25,867683
2017-02-28,587.7,592.8,582.6,583.7,749802
2017-03-01,585.7,592.9,584.2,586.3,808027
2017-03-02,588.3,591.95,586.4,589.25,1571599
2017-03-03,588.95,596.7,585.0,588.6,759454
2017-03-06,592.0,595.0,588.2,590.1,943409
2017-03-07,591.7,591.7,586.1,588.05,475240
2017-03-08,591.75,593.35,583.05,591.85,1055453
2017-03-09,588.8,593.45,585.25,589.2,690612
2017-03-10,589.2,591.5,587.05,589.1,558480
2017-03-14,597.0,601.5,590.35,600.2,1324778
2017-03-15,602.0,605.85,598.55,600.2,1479366
2017-03-16,605.1,605.9,598.05,601.4,852049
2017-03-17,604.5,604.5,594.25,597.3,2189719
2017-03-20,597.5,601.5,593.45,596.3,1027093
2017-03-21,598.5,598.5,590.3,591.85,861663
2017-03-22,588.9,598.45,587.9,595.2,1018355
2017-03-23,595.8,598.2,582.2,596.25,1555876
2017-03-24,595.0,598.25,591.5,593.95,930175
2017-03-27,597.0,597.0,590.0,592.1,1038435
2017-03-28,592.0,596.0,591.45,594.15,772698
2017-03-29,595.0,596.55,591.9,593.15,1047812
2017-03-30,594.5,600.85,591.8,598.35,2096305
2017-03-31,598.0,598.9,591.0,592.95,2242680
2017-04-03,595.3,595.3,590.1,592.65,758083
2017-04-05,600.0,603.9,590.45,593.05,1926049
2017-04-06,591.5,593.65,587.05,590.3,1436914
2017-04-07,590.35,593.45,585.15,590.0,1958876
2017-04-10,591.0,594.2,588.25,589.65,1177737
2017-04-11,590.0,591.65,575.1,580.05,2103296
2017-04-12,575.0,582.0,570.65,579.4,1188457
2017-04-13,580.5,582.95,574.7,577.25,1038273
2017-04-17,580.0,580.0,573.05,576.5,487497
2017-04-18,576.5,578.25,573.25,575.8,1062574
2017-04-19,576.0,577.0,572.75,575.4,1078477
2017-04-20,576.0,577.2,573.3,574.05,1339006
2017-04-21,573.0,574.0,562.7,564.45,1256922
2017-04-24,565.0,565.1,553.65,557.05,1997176
2017-04-25,556.95,561.6,550.3,552.95,1543039
2017-04-26,549.8,561.0,545.4,556.75,1425158
2017-04-27,560.0,564.8,555.05,561.7,2343761
2017-04-28,561.95,561.95,555.0,557.45,865584
2017-05-02,558.0,559.0,553.8,555.35,1380964
2017-05-03,554.6,558.35,553.2,556.05,798476
2017-05-04,557.6,557.6,548.2,549.95,1271612
2017-05-05,549.0,554.4,544.15,549.95,560799
2017-05-08,549.95,554.8,546.5,551.55,302450
2017-05-09,552.0,554.0,545.05,552.95,652189
2017-05-10,552.85,562.55,551.25,561.05,718502
2017-05-11,562.45,565.0,558.3,561.95,566621
2017-05-12,560.1,569.85,557.15,567.95,725246
2017-05-15,567.0,572.45,561.0,569.0,606569
2017-05-16,566.65,570.0,564.0,565.6,330195
2017-05-17,565.1,566.0,560.05,562.35,895238
2017-05-18,559.3,564.95,556.8,560.1,2155599
2017-05-19,561.3,566.65,558.65,564.95,685662
2017-05-22,567.0,567.7,553.1,563.1,948063
2017-05-23,558.6,558.8,531.25,533.2,1225772
2017-05-24,531.0,536.35,514.0,519.65,1340656
2017-05-25,522.0,525.0,496.4,504.0,4378940
2017-05-26,483.0,504.75,480.2,488.9,7010307
2017-05-29,492.0,507.5,488.9,505.35,4118338
2017-05-30,504.8,517.6,501.4,510.5,1047968
2017-05-31,514.8,520.1,505.0,516.35,1366315
2017-06-01,519.7,529.9,513.05,515.55,1433241
2017-06-02,517.7,533.9,517.7,530.05,2152367
2017-06-05,531.3,536.7,528.0,534.8,802335
2017-06-06,537.7,539.55,522.35,534.65,765557
2017-06-07,536.4,543.45,530.7,540.2,719071
2017-06-08,538.75,554.7,537.1,550.15,1396596
2017-06-09,554.5,555.8,545.25,551.1,867969
2017-06-12,549.0,555.2,544.55,553.35,910344
2017-06-13,553.35,555.0,546.55,551.55,946713
2017-06-14,551.5,554.5,536.35,539.9,1176535
2017-06-15,539.7,550.9,537.05,549.45,826366
2017-06-16,548.0,551.95,535.05,536.75,1127326
2017-06-19,537.1,542.5,524.0,539.75,1723168
2017-06-20,539.75,549.5,536.0,547.85,774728
2017-06-21,544.5,546.0,535.2,541.0,784293
2017-06-22,540.0,545.55,539.05,540.15,750732
2017-06-23,540.9,544.0,538.3,541.15,603986
2017-06-27,542.5,551.6,533.1,534.65,1038604
2017-06-28,535.4,538.65,531.0,536.85,601643
2017-06-29,538.45,546.95,534.25,543.75,1252382
2017-06-30,545.0,558.9,542.5,555.6,830751
2017-07-03,559.0,559.9,548.85,551.85,490390
2017-07-04,557.7,558.0,543.3,545.05,559358
2017-07-05,546.1,547.8,541.45,545.9,833105
2017-07-06,546.35,547.9,540.1,542.85,556426
2017-07-07,542.6,552.0,541.5,547.15,893680
2017-07-10,550.0,551.95,546.0,549.2,123415
2017-07-11,550.5,552.65,536.05,538.45,1526837
2017-07-12,539.45,543.5,537.0,539.95,1039208
2017-07-13,540.2,544.45,538.85,543.65,694180
2017-07-14,544.25,551.15,540.85,548.05,960041
2017-07-17,549.0,559.0,546.7,556.5,692893
2017-07-18,558.0,567.0,555.1,559.75,1319574
2017-07-19,560.2,569.45,560.2,568.25,761444
2017-07-20,569.0,577.0,562.65,571.9,1090882
2017-07-21,570.0,570.0,560.15,566.2,672906
2017-07-24,564.0,575.5,562.1,569.75,873677
2017-07-25,571.0,571.4,562.4,564.4,510032
2017-07-26,564.7,577.45,563.5,575.45,864728
2017-07-27,573.7,579.4,565.0,568.7,1853099
2017-07-28,566.75,570.9,556.5,566.1,907951
2017-07-31,567.55,568.95,556.8,560.1,753415
2017-08-01,560.1,565.9,558.5,562.45,712732
2017-08-02,562.85,570.9,560.0,568.55,664681
2017-08-03,568.55,575.0,553.8,557.15,1065451
2017-08-04,551.9,571.7,543.05,568.7,1004233
2017-08-07,566.5,571.1,553.0,566.5,769606
2017-08-08,560.8,580.0,560.8,578.6,1367344
2017-08-09,581.0,581.0,557.25,561.85,1801630
2017-08-10,560.0,569.85,541.5,548.2,1217416
2017-08-11,545.0,563.7,525.45,541.4,4337214
2017-08-14,560.0,576.0,552.1,570.05,4029605
2017-08-16,569.5,593.7,561.05,590.45,1838012
2017-08-17,593.4,594.0,569.9,573.2,1422631
2017-08-18,573.4,575.8,560.2,565.3,1680225
2017-08-21,566.9,570.0,555.15,561.75,1222907
2017-08-22,562.05,567.65,558.0,559.25,848353
2017-08-23,561.7,565.0,556.65,559.15,848822
2017-08-24,559.0,575.75,557.3,574.05,1866440
2017-08-28,575.5,581.0,570.55,574.1,905222
2017-08-29,570.55,574.05,564.5,568.9,608351
2017-08-30,574.0,576.0,565.5,566.35,596376
2017-08-31,570.0,578.0,562.0,571.9,1908728
2017-09-01,573.0,577.35,565.1,568.4,891591
2017-09-04,574.5,577.0,557.55,561.7,1731377
2017-09-05,564.7,565.85,556.9,559.6,928770
2017-09-06,558.9,560.6,553.85,558.3,581901
2017-09-07,560.0,561.0,551.3,554.2,885205
2017-09-08,554.5,558.0,549.15,552.0,775272
2017-09-11,555.1,558.15,550.0,553.85,523800
2017-09-12,554.4,562.8,543.35,560.5,1330724
2017-09-13,556.0,562.1,552.55,554.4,1159840
2017-09-14,556.0,567.3,555.45,565.95,1600717
2017-09-15,564.85,565.75,556.55,561.4,926019
2017-09-18,563.2,572.15,560.65,570.7,649831
2017-09-19,571.7,574.5,564.5,573.4,675306
2017-09-20,572.5,573.8,565.2,569.7,759531
2017-09-21,570.05,594.0,570.05,591.9,3102522
2017-09-22,591.9,600.0,582.45,585.35,4003845
2017-09-25,581.9,594.4,564.35,577.2,2389495
2017-09-26,582.0,582.0,570.0,579.0,978323
2017-09-27,579.6,580.7,563.0,570.1,561243
2017-09-28,565.0,589.0,564.15,582.65,2993535
2017-09-29,580.0,592.0,577.75,586.1,1021610
2017-10-03,590.1,592.75,575.5,578.9,522462
2017-10-04,579.9,587.4,579.3,581.05,631463
2017-10-05,583.0,590.0,579.05,585.35,647977
2017-10-06,586.1,589.2,582.85,585.4,462656
2017-10-09,584.9,595.5,578.5,585.55,1116280
2017-10-10,590.0,593.45,585.55,590.15,741493
2017-10-11,591.0,594.0,579.55,586.15,1053561
2017-10-12,589.45,593.35,580.3,589.65,751507
2017-10-13,590.3,598.25,588.3,592.85,936015
2017-10-16,595.0,608.9,594.3,606.75,1716771
2017-10-17,606.0,635.9,602.0,632.1,2563968
2017-10-18,631.0,631.0,609.0,611.0,1185323
2017-10-19,613.95,613.95,602.05,607.8,151609
2017-10-23,613.0,619.45,589.5,592.9,1413195
2017-10-24,600.3,600.65,591.3,595.05,1138645
2017-10-25,599.0,604.0,589.5,592.65,991374
2017-10-26,595.4,616.8,592.55,611.5,2002276
2017-10-27,625.0,629.8,616.2,625.05,2198491
2017-10-30,623.25,630.0,614.55,626.05,1045267
2017-10-31,629.0,634.9,621.6,627.6,1522851
2017-11-01,628.25,633.35,621.15,626.75,1359809
2017-11-02,626.4,642.8,625.15,636.0,2058898
2017-11-03,640.0,648.15,629.55,640.1,1722647
2017-11-06,637.1,661.0,636.9,654.8,2195805
2017-11-07,663.4,663.4,602.0,607.55,7331364
2017-11-08,624.85,637.8,620.0,622.6,5570213
2017-11-09,624.0,628.0,611.6,614.55,1809019
2017-11-10,617.5,621.5,603.65,609.3,1400233
2017-11-13,610.3,611.3,595.7,602.1,1109147
2017-11-14,598.0,613.3,598.0,602.45,1498244
2017-11-15,602.65,607.95,590.2,593.65,1171698
2017-11-16,595.35,599.45,590.0,592.85,1228065
2017-11-17,607.0,614.9,600.65,608.55,1448847
2017-11-20,605.55,608.0,596.1,604.25,1609788
2017-11-21,607.0,624.0,607.0,616.1,2222545
2017-11-22,616.9,625.7,614.0,619.25,2014698
2017-11-23,619.25,625.2,615.0,617.6,792383
2017-11-24,619.5,623.9,613.25,615.7,1118354
2017-11-27,617.0,619.9,611.05,614.8,1388114
2017-11-28,616.0,621.7,609.8,611.8,1486189
2017-11-29,615.0,619.4,605.25,607.9,1465289
2017-11-30,605.0,607.85,597.05,600.9,1612910
2017-12-01,604.5,606.0,593.7,598.1,747562
2017-12-04,599.3,602.8,588.8,596.7,660077
2017-12-05,595.0,599.85,591.75,596.45,979009
2017-12-06,595.8,603.8,594.5,596.45,919271
2017-12-07,598.0,600.0,588.3,593.45,752359
2017-12-08,595.0,607.0,592.45,603.1,606123
2017-12-11,612.0,612.95,597.2,603.65,850998
2017-12-12,604.7,606.0,590.0,591.65,762200
2017-12-13,591.5,598.15,576.35,578.15,1197264
2017-12-14,580.0,593.7,575.1,590.45,1428906
2017-12-15,597.0,597.0,573.2,576.45,4312419
2017-12-18,578.4,594.9,571.65,591.65,2379562
2017-12-19,592.45,605.7,592.45,603.9,1474696
2017-12-20,605.7,611.0,597.75,600.65,1068145
2017-12-21,602.95,608.7,596.0,599.8,1274585
2017-12-22,603.0,604.0,598.85,601.2,668806
2017-12-26,604.05,614.9,596.1,611.75,1239536
2017-12-27,613.0,623.75,610.2,612.65,1765029
2017-12-28,614.0,616.15,603.2,606.05,1428319
2017-12-29,606.15,611.9,604.1,608.5,702774
2018-01-01,608.0,617.85,607.0,611.5,873546
2018-01-02,614.2,619.0,605.5,607.8,1038258
2018-01-03,611.0,613.9,604.55,606.8,771828
2018-01-04,609.45,618.4,603.45,616.75,990602
2018-01-05,617.0,619.85,611.1,615.15,1072254
2018-01-08,618.5,627.5,612.2,615.05,1061612
2018-01-09,617.0,618.65,610.65,615.6,846158
2018-01-10,616.0,624.15,612.85,619.75,1207313
2018-01-11,619.0,619.0,609.1,612.35,1092457
2018-01-12,614.0,618.4,603.1,612.1,891848
2018-01-15,612.5,615.5,608.2,610.25,470386
2018-01-16,610.15,613.5,599.0,601.4,1088762
2018-01-17,601.05,610.6,597.05,607.15,883340
2018-01-18,608.1,612.95,598.25,603.65,1028921
2018-01-19,603.65,605.1,600.15,602.75,818518
2018-01-22,604.4,605.0,593.1,601.15,933769
2018-01-23,602.5,625.0,600.3,622.35,2105060
2018-01-24,621.95,623.75,612.9,618.3,1089562
2018-01-25,618.15,631.0,613.7,621.4,2973765
2018-01-29,624.95,628.4,611.1,615.0,1564268
2018-01-30,613.0,613.1,603.2,605.95,596682
2018-01-31,608.0,608.5,590.0,592.15,1264055
2018-02-01,591.9,597.0,580.2,587.05,1050098
2018-02-02,586.0,593.9,575.1,581.15,998752
2018-02-05,576.0,582.1,571.2,580.1,797017
2018-02-06,561.0,572.0,558.05,564.25,1284112
2018-02-07,578.5,579.9,554.2,569.25,3161498
2018-02-08,584.0,617.15,580.15,612.65,8349913
2018-02-09,595.0,626.0,595.0,621.4,2373799
2018-02-12,629.35,635.0,618.85,621.65,1957424
2018-02-14,622.1,630.3,611.5,616.15,1306512
2018-02-15,613.25,621.45,602.95,605.85,1391858
2018-02-16,611.3,613.95,605.5,611.1,906025
2018-02-19,612.0,612.15,594.35,600.4,1216005
2018-02-20,603.45,606.1,592.0,603.45,1599249
2018-02-21,607.0,607.75,589.25,597.25,1409752
2018-02-22,595.0,597.25,586.6,589.65,1859008
2018-02-23,591.8,605.0,590.0,595.65,1576584
2018-02-26,596.25,598.3,588.75,590.1,1417465
2018-02-27,591.7,598.9,583.1,586.5,1349590
2018-02-28,590.0,596.6,587.1,589.65,2255189
2018-03-01,593.9,593.9,580.4,581.7,1343806
2018-03-05,582.1,585.0,578.05,579.25,1179725
2018-03-06,581.6,589.4,580.05,584.1,1891302
2018-03-07,587.45,589.1,578.2,580.2,1849650
2018-03-08,584.0,584.0,574.0,578.0,1084582
2018-03-09,579.95,585.2,568.05,571.05,1149194
2018-03-12,575.05,582.2,563.55,580.65,919792
2018-03-13,579.0,582.9,575.15,578.75,801792
2018-03-14,578.35,583.8,571.65,577.9,811747
2018-03-15,578.0,579.6,569.0,571.15,849222
2018-03-16,570.1,574.0,557.05,559.4,1867538
2018-03-19,563.65,566.9,555.4,559.75,1447941
2018-03-20,555.1,561.85,522.9,552.9,9119209
2018-03-21,558.5,567.45,546.4,551.05,3091963
2018-03-22,551.9,555.0,538.15,540.75,1506405
2018-03-23,539.0,540.7,534.0,538.4,1203262
2018-03-26,538.15,544.6,532.95,541.8,1105319
2018-03-27,541.0,549.0,541.0,545.05,2206872
2018-03-28,544.0,548.8,534.0,545.45,2667979
2018-04-02,548.0,578.95,545.9,576.25,2823880
2018-04-03,572.0,578.35,568.8,570.3,2493190
2018-04-04,572.35,575.45,564.5,569.8,1852997
2018-04-05,574.0,578.55,558.35,560.35,2396864
2018-04-06,560.3,571.0,557.25,558.95,2420324
2018-04-09,565.9,565.9,555.5,556.75,1470765
2018-04-10,558.0,567.0,556.6,558.15,1591682
2018-04-11,560.7,564.0,558.5,561.5,1789789
2018-04-12,562.9,562.95,554.8,556.15,1309557
2018-04-13,557.55,561.15,552.55,555.5,1019158
2018-04-16,553.05,587.8,553.05,584.95,6741354
2018-04-17,585.55,588.35,575.7,579.95,2688507
2018-04-18,582.0,597.0,582.0,584.6,3853951
2018-04-19,584.25,592.0,583.05,584.4,1525419
2018-04-20,582.35,593.4,581.5,589.05,1641179
2018-04-23,576.0,601.75,576.0,600.15,3016500
2018-04-24,601.0,604.9,595.1,601.9,2782988
2018-04-25,600.5,600.5,586.2,593.05,1125208
2018-04-26,591.0,602.9,590.55,599.95,1503008
2018-04-27,602.0,607.0,593.0,599.85,1031376
2018-04-30,602.2,609.0,602.0,607.4,687828
2018-05-02,610.0,621.9,608.95,612.0,1862999
2018-05-03,613.0,613.1,597.0,609.3,999887
2018-05-04,612.1,612.45,595.5,597.0,925559
2018-05-07,598.6,600.1,585.0,591.05,1046885
2018-05-08,592.4,601.95,586.55,590.65,1039491
2018-05-09,591.4,596.0,585.55,588.0,652527
2018-05-10,594.0,594.6,572.5,575.5,2163326
2018-05-11,577.05,580.75,565.1,573.7,921890
2018-05-14,575.0,580.5,570.85,578.5,888370
2018-05-15,579.8,593.0,573.1,575.8,2049528
2018-05-16,575.0,575.0,546.0,559.9,4071898
2018-05-17,557.9,560.0,538.8,553.75,3719963
2018-05-18,555.0,556.0,530.0,533.05,1708157
2018-05-21,531.65,536.8,516.0,520.45,2013336
2018-05-22,524.8,531.1,507.2,524.0,3080285
2018-05-23,515.0,564.9,515.0,532.4,7413823
2018-05-24,536.5,544.55,530.0,533.5,1925524
2018-05-25,538.85,538.85,527.5,536.65,1525355
2018-05-28,534.0,548.3,534.0,539.5,1460566
2018-05-29,539.1,542.6,527.7,530.6,2656979
2018-05-30,529.1,529.1,519.55,525.6,2156315
2018-05-31,528.6,533.65,521.05,524.8,3539206
2018-06-01,526.95,530.75,521.05,524.5,1625446
2018-06-04,527.5,529.0,517.15,520.7,1247023
2018-06-05,520.3,544.75,517.7,542.1,3398337
2018-06-06,542.1,548.0,533.4,538.45,2909756
2018-06-07,541.95,542.55,537.2,540.7,1119973
2018-06-08,541.8,562.0,538.75,559.65,4815940
2018-06-11,560.0,570.0,559.0,560.8,3113604
2018-06-12,561.9,573.0,561.0,567.1,3234303
2018-06-13,569.95,593.5,569.95,582.1,4657712
2018-06-14,588.95,592.9,583.5,588.05,3244655
2018-06-15,590.0,614.55,589.8,611.6,7125922
2018-06-18,612.0,618.8,600.3,606.5,2518169
2018-06-19,606.25,610.45,598.2,601.85,2992184
2018-06-20,613.0,622.75,600.35,602.85,9121187
2018-06-21,608.8,609.7,602.0,603.5,3052143
2018-06-22,604.0,618.05,595.25,615.75,3245849
2018-06-25,615.1,622.55,608.0,611.4,3253606
2018-06-26,606.0,608.7,597.25,599.5,2323337
2018-06-27,602.5,606.95,593.0,602.3,2520918
2018-06-28,604.5,609.9,596.0,600.9,4173735
2018-06-29,601.5,619.9,599.9,616.65,1525608
2018-07-02,620.0,620.0,611.0,617.0,1502606
2018-07-03,617.0,644.65,608.05,640.4,5271600
2018-07-04,644.95,648.0,623.8,628.9,5043141
2018-07-05,632.0,637.0,623.1,626.55,2127794
2018-07-06,624.9,631.0,610.4,612.5,2514518
2018-07-09,616.85,625.0,615.0,622.9,1462808
2018-07-10,626.6,633.9,620.15,632.05,1872744
2018-07-11,626.3,630.5,621.3,625.3,1669583
2018-07-12,629.4,636.7,622.7,633.35,2177684
2018-07-13,634.0,634.0,624.2,626.7,1475306
2018-07-16,629.4,636.0,611.15,620.95,2211200
2018-07-17,621.9,639.6,620.1,637.45,2228377
2018-07-18,640.0,644.0,625.1,627.4,2348371
2018-07-19,629.8,632.1,606.15,610.1,1424272
2018-07-20,614.95,630.0,602.15,625.8,2832150
2018-07-23,623.15,637.3,617.25,634.1,1553101
2018-07-24,633.95,633.95,624.5,627.35,1319369
2018-07-25,629.0,631.0,613.45,623.9,1413265
2018-07-26,619.0,631.25,617.45,627.85,3163498
2018-07-27,627.75,641.9,625.9,636.2,1508269
2018-07-30,633.0,636.25,628.0,634.3,990056
2018-07-31,636.95,647.0,628.1,641.35,2469759
2018-08-01,641.0,641.55,635.0,639.15,2411436
2018-08-02,635.0,651.9,633.05,638.5,3974559
2018-08-03,640.95,647.6,639.0,641.05,1530341
2018-08-06,647.0,648.8,635.3,637.95,2716402
2018-08-07,642.9,642.9,627.1,629.45,2414434
2018-08-08,629.0,645.45,623.6,632.55,4121062
2018-08-09,649.0,662.5,616.7,619.15,9996909
2018-08-10,624.95,628.5,614.5,621.05,3168280
2018-08-13,622.0,631.55,619.2,628.3,2374657
2018-08-14,629.1,647.0,624.0,642.75,2451003
2018-08-16,644.7,660.0,634.25,648.35,3925549
2018-08-17,650.05,655.5,643.7,646.9,2915387
2018-08-20,649.9,653.5,642.4,643.85,1296664
2018-08-21,647.9,654.45,644.0,650.25,1981523
2018-08-23,653.45,665.0,652.7,657.95,2891829
2018-08-24,658.0,658.0,645.0,651.2,1904031
2018-08-27,653.0,662.5,648.2,659.6,1381724
2018-08-28,662.0,677.5,644.65,648.3,5237362
2018-08-29,650.0,653.65,640.0,643.5,1891523
2018-08-30,645.0,651.9,640.5,649.45,2124122
2018-08-31,649.55,664.0,649.55,662.15,3056580
2018-09-03,665.5,671.2,646.6,649.1,1971733
2018-09-04,649.8,655.0,638.4,643.9,2249087
2018-09-05,645.05,650.9,637.2,646.55,2542543
2018-09-06,651.0,664.7,647.0,662.1,2841096
2018-09-07,663.85,669.5,656.3,664.75,2431363
2018-09-10,665.0,678.0,664.0,668.05,3453432
2018-09-11,670.1,675.0,650.6,654.9,3399042
2018-09-12,654.9,662.0,643.25,656.45,3302191
2018-09-14,664.0,670.0,659.05,666.4,1512857
2018-09-17,673.0,673.0,660.4,664.9,2220455
2018-09-18,665.0,673.0,660.6,663.7,1814726
2018-09-19,668.0,678.45,645.75,660.6,3043018
2018-09-21,668.0,671.55,638.4,653.2,2276641
2018-09-24,662.0,668.95,640.8,645.6,2766326
2018-09-25,644.0,665.8,643.0,661.75,2295464
2018-09-26,664.45,675.25,656.0,672.8,2131833
2018-09-27,675.0,677.0,655.95,659.35,3433359
2018-09-28,659.35,663.0,647.2,654.05,1862405
2018-10-01,653.05,659.0,643.5,654.15,1309530
2018-10-03,650.0,663.95,650.0,654.55,1533990
2018-10-04,650.1,654.65,632.1,638.4,1736407
2018-10-05,635.3,649.55,631.0,636.65,1806150
2018-10-08,636.6,642.65,628.45,638.8,1564640
2018-10-09,639.5,643.1,625.25,639.35,1535781
2018-10-10,639.35,651.0,633.3,639.6,1881053
2018-10-11,627.5,633.8,613.05,616.2,1707508
2018-10-12,620.0,627.2,612.6,622.9,2085360
2018-10-15,623.0,649.8,618.05,647.85,2666868
2018-10-16,647.85,651.65,637.35,639.75,1510216
2018-10-17,644.9,646.0,637.0,640.45,1280980
2018-10-19,640.3,645.55,626.1,633.8,2267774
2018-10-22,635.2,640.65,626.85,629.65,1399755
2018-10-23,628.8,632.0,616.0,622.35,1370461
2018-10-24,625.5,635.0,615.6,621.3,987144
2018-10-25,618.55,624.0,605.15,609.0,5739386
2018-10-26,609.2,612.35,598.65,603.7,1935618
2018-10-29,602.35,638.2,601.45,635.15,1614423
2018-10-30,636.0,636.7,608.1,610.35,2418471
2018-10-31,612.0,631.75,606.3,629.25,2305046
2018-11-01,630.0,631.95,614.0,615.4,1442392
2018-11-02,619.95,619.95,605.5,607.1,1566053
2018-11-05,607.4,617.5,557.1,563.05,12941350
2018-11-06,555.0,555.0,527.35,530.8,16941828
2018-11-07,536.0,536.0,532.1,533.35,698244
2018-11-09,535.5,535.8,524.0,526.95,6125274
2018-11-12,530.0,541.9,529.05,531.85,7669697
2018-11-13,534.0,534.0,526.5,528.1,2410643
2018-11-14,530.6,532.6,517.0,519.55,2740756
2018-11-15,521.9,525.0,514.45,519.15,2661535
2018-11-16,521.7,534.0,521.1,530.6,3483625
2018-11-19,535.0,536.0,523.95,528.25,1913914
2018-11-20,528.0,529.85,518.65,520.7,1707971
2018-11-21,522.8,528.05,521.3,522.15,1749806
2018-11-22,523.0,525.0,511.75,517.95,2045318
2018-11-26,520.0,523.75,512.8,522.1,1728468
2018-11-27,526.0,526.95,513.05,517.65,2100159
2018-11-28,519.2,523.95,513.6,515.3,2003272
2018-11-29,518.0,526.4,516.0,524.7,2799578
2018-11-30,528.0,542.0,527.0,540.85,3855382
2018-12-03,542.0,545.4,534.1,535.8,2033213
2018-12-04,536.0,549.0,535.05,546.45,3400053
2018-12-05,546.0,548.9,525.3,528.45,2192065
2018-12-06,528.0,528.0,511.0,515.3,2562048
2018-12-07,520.0,530.65,512.0,513.6,3503808
2018-12-10,509.9,514.85,503.1,512.55,2201377
2018-12-11,503.0,523.95,503.0,518.7,2326059
2018-12-12,522.9,534.3,521.1,531.3,1683131
2018-12-13,532.0,533.8,519.2,527.0,2234487
2018-12-14,528.35,533.8,516.65,521.75,1950888
2018-12-17,524.0,529.35,520.7,523.65,1196871
2018-12-18,524.0,527.0,520.05,522.9,1628240
2018-12-19,524.0,528.6,522.55,524.75,1241000
2018-12-20,523.7,526.0,515.4,520.25,2074097
2018-12-21,521.0,523.95,514.3,516.65,1758710
2018-12-24,518.8,520.8,513.0,518.8,1214348
2018-12-26,515.6,519.0,507.3,514.3,1318560
2018-12-27,518.9,521.0,514.0,517.9,1351636
2018-12-28,514.3,525.35,514.3,522.0,1933464
2018-12-31,522.0,526.0,517.2,519.5,1897948
2019-01-01,520.0,524.0,518.65,523.05,1361809
2019-01-02,521.9,522.5,513.15,514.55,1243067
2019-01-03,516.5,520.5,511.2,512.4,2086150
2019-01-04,513.0,514.9,508.05,512.8,1651456
2019-01-07,516.0,517.75,510.3,514.05,1168002
2019-01-08,516.0,517.2,511.25,513.65,1765015
2019-01-09,515.55,516.75,507.5,510.1,1929305
2019-01-10,509.0,514.9,509.0,513.25,1252439
2019-01-11,513.4,519.0,508.25,510.2,2051418
2019-01-14,510.2,514.0,505.6,511.95,1472415
2019-01-15,514.5,515.35,509.5,514.95,1177377
2019-01-16,515.0,515.95,509.0,511.5,1446921
2019-01-17,512.5,514.95,507.6,509.6,1598184
2019-01-18,510.2,513.0,507.3,509.4,1502360
2019-01-21,510.0,514.2,508.2,509.25,1150380
2019-01-22,510.0,511.4,502.45,507.1,1455953
2019-01-23,510.0,511.7,507.1,509.3,1358623
2019-01-24,510.0,510.7,496.1,500.7,1620195
2019-01-25,502.1,508.6,501.35,507.65,1193442
2019-01-28,509.0,509.0,489.1,492.15,3215535
2019-01-29,489.1,507.55,483.75,505.05,2675481
2019-01-30,504.95,507.1,497.7,505.8,1524621
2019-01-31,506.0,519.85,504.25,517.3,2203919
2019-02-01,517.65,522.55,512.5,521.35,1380838
2019-02-04,521.0,521.0,506.2,509.6,1480952
2019-02-05,506.55,514.0,501.2,508.0,4358002
2019-02-06,510.5,546.7,504.1,534.95,8775759
2019-02-07,537.1,546.6,528.15,532.9,4417618
2019-02-08,532.85,543.7,531.2,534.25,2747159
2019-02-11,538.7,545.9,535.85,543.3,2989919
2019-02-12,540.05,545.7,536.1,543.3,2252766
2019-02-13,543.0,545.65,538.2,543.5,1752070
2019-02-14,542.9,556.0,537.4,542.9,2766535
2019-02-15,540.0,551.4,528.5,540.55,2491806
2019-02-18,542.0,545.05,532.3,541.15,1590101
2019-02-19,544.8,545.0,536.75,539.65,1879600
2019-02-20,540.2,543.2,538.65,541.1,1208930
2019-02-21,542.85,547.9,540.5,545.5,1093548
2019-02-22,543.8,546.1,539.1,541.3,1592112
2019-02-25,541.5,550.85,541.0,548.3,1961905
2019-02-26,545.1,553.65,538.05,550.4,1952961
2019-02-27,551.0,555.35,544.25,551.9,2389977
2019-02-28,555.0,558.3,546.0,554.55,2618486
2019-03-01,555.0,555.3,547.4,551.55,2430914
2019-03-05,550.0,551.5,546.55,548.65,1644098
2019-03-06,551.0,552.0,541.95,547.55,1587182
2019-03-07,547.65,550.0,539.65,541.35,1144534
2019-03-08,541.0,543.4,538.25,539.95,2618767
2019-03-11,542.0,542.0,535.5,540.1,2342102
2019-03-12,541.9,543.65,537.3,538.75,2049339
2019-03-13,542.0,542.5,531.0,532.8,1582245
2019-03-14,532.05,534.1,530.5,532.75,1490894
2019-03-15,534.1,535.4,528.95,532.6,2019240
2019-03-18,533.05,535.8,529.0,534.5,1266863
2019-03-19,537.15,537.7,530.2,533.65,874797
2019-03-20,532.0,534.8,531.1,533.25,1255306
2019-03-22,534.9,539.0,523.6,526.8,1579084
2019-03-25,525.6,528.7,516.2,526.85,1874898
2019-03-26,528.5,532.5,525.7,529.3,3044792
2019-03-27,531.4,533.6,524.05,525.5,1217387
2019-03-28,525.3,527.35,522.3,525.6,4133379
2019-03-29,525.75,530.7,524.0,528.9,2162632
2019-04-01,516.3,528.75,516.3,525.65,4091454
2019-04-02,529.95,529.95,521.15,522.65,1268431
2019-04-03,523.0,524.8,519.1,520.45,3276338
2019-04-04,519.0,522.0,517.5,521.0,5555991
2019-04-05,531.4,541.0,526.0,532.1,9784780
2019-04-08,536.5,536.9,522.7,525.4,2429845
2019-04-09,526.25,534.5,525.4,532.0,2301681
2019-04-10,531.55,551.75,530.8,546.45,5992326
2019-04-11,546.35,554.7,542.0,544.85,2977870
2019-04-12,547.95,556.7,545.3,554.85,4347530
2019-04-15,555.0,569.2,552.0,566.3,2252373
2019-04-16,570.0,571.75,556.6,559.35,2246831
2019-04-18,562.0,566.65,553.2,561.55,2306549
2019-04-22,560.0,566.0,556.6,561.1,1205612
2019-04-23,562.5,575.95,560.4,561.7,2179959
2019-04-24,561.4,564.5,553.2,558.55,1896565
2019-04-25,558.7,563.95,551.15,555.6,2416194
2019-04-26,558.25,572.9,557.2,567.95,2593397
2019-04-30,569.9,571.05,558.65,565.0,1914026
2019-05-02,563.0,569.7,556.7,565.6,1700976
2019-05-03,568.0,573.0,561.65,564.5,2758638
2019-05-06,556.0,564.5,556.0,563.35,1715311
2019-05-07,564.0,566.3,555.15,557.95,1478212
2019-05-08,556.0,561.4,549.0,558.0,1890174
2019-05-09,559.9,561.05,548.7,557.75,1672967
2019-05-10,557.75,562.7,551.0,555.55,1687480
2019-05-13,552.0,556.75,529.6,546.7,2027570
2019-05-14,546.0,560.75,541.2,556.0,1822829
2019-05-15,554.0,562.5,551.5,555.7,1396473
2019-05-16,554.0,556.7,541.05,550.2,2589467
2019-05-17,549.0,551.95,541.0,544.15,1194005
2019-05-20,560.0,567.0,550.4,565.45,1586746
2019-05-21,565.45,580.0,552.75,559.35,4286383
2019-05-22,562.0,574.0,550.05,553.0,7762734
2019-05-23,561.9,568.9,543.75,564.75,5640728
2019-05-24,569.2,572.5,559.45,570.6,1796355
2019-05-27,570.0,586.0,568.0,578.7,1959075
2019-05-28,579.0,584.2,571.5,577.95,2469586
2019-05-29,577.4,582.45,559.9,564.35,1948077
2019-05-30,560.1,563.5,554.25,561.95,2577559
2019-05-31,562.7,569.0,550.85,558.85,1912387
2019-06-03,559.0,569.45,552.5,568.25,1284381
2019-06-04,564.0,575.0,561.1,562.65,1558827
2019-06-06,565.0,568.3,556.55,559.8,1750285
2019-06-07,565.0,565.0,542.0,549.5,2696228
2019-06-10,550.6,562.6,550.0,554.55,1708042
2019-06-11,555.4,566.4,551.0,559.85,2518184
2019-06-12,558.9,567.0,556.25,561.6,1253337
2019-06-13,560.05,566.6,559.25,564.6,1594956
2019-06-14,560.15,564.45,554.15,555.6,1808363
2019-06-17,555.5,556.6,543.85,545.15,1267159
2019-06-18,545.2,555.5,545.05,547.6,1257992
2019-06-19,550.6,551.9,532.55,533.7,1137906
2019-06-20,531.8,552.45,528.65,551.3,1986432
2019-06-21,549.85,553.8,545.2,551.55,1534007
2019-06-24,548.55,552.45,545.1,549.9,981017
2019-06-25,548.95,554.95,546.55,550.05,805704
2019-06-26,550.0,558.8,548.0,556.55,1020879
2019-06-27,556.85,563.9,550.3,551.95,1323494
2019-06-28,551.9,556.7,546.35,553.45,996578
2019-07-01,555.7,559.35,553.15,555.8,565463
2019-07-02,557.15,558.5,551.5,555.35,565414
2019-07-03,555.35,556.7,549.45,553.25,797387
2019-07-04,554.65,555.65,550.6,551.55,639531
2019-07-05,551.55,554.25,549.2,550.0,796604
2019-07-08,547.0,549.0,534.65,538.45,1490078
2019-07-09,536.8,552.45,536.8,548.8,1472836
2019-07-10,545.35,551.15,541.85,544.95,1045560
2019-07-11,549.0,553.8,546.0,552.4,726448
2019-07-12,554.0,566.5,547.2,556.8,1485506
2019-07-15,559.9,560.5,548.6,550.55,842129
2019-07-16,554.75,558.45,549.4,553.55,1460303
2019-07-17,554.0,558.5,547.45,557.55,1034734
2019-07-18,558.85,559.0,545.5,547.0,1355289
2019-07-19,550.8,552.0,535.5,536.7,783708
2019-07-22,536.7,540.0,526.2,530.95,1816845
2019-07-23,531.0,535.2,521.0,528.9,2353027
2019-07-24,529.0,529.0,517.05,518.75,2707033
2019-07-25,521.35,539.2,519.0,536.65,3183510
2019-07-26,533.2,539.9,528.25,532.1,1371242
2019-07-29,531.6,534.95,520.25,522.25,735045
2019-07-30,522.2,533.6,517.8,520.0,1665158
2019-07-31,516.9,522.7,506.0,521.1,1828077
2019-08-01,516.15,519.45,509.2,512.45,1289007
2019-08-02,509.0,519.7,508.7,516.1,1574251
2019-08-05,513.8,520.8,512.25,518.9,2162918
2019-08-06,518.0,527.0,496.85,500.15,7425849
2019-08-07,502.7,525.85,501.65,518.3,4668643
2019-08-08,504.75,510.0,493.8,503.05,6750611
2019-08-09,505.9,511.7,481.55,484.5,5172748
2019-08-13,484.5,486.9,473.05,475.75,2952687
2019-08-14,477.45,483.25,465.0,478.3,2376714
2019-08-16,477.0,483.4,474.5,476.1,1279325
2019-08-19,478.5,485.55,474.6,475.85,1211272
2019-08-20,478.85,481.7,470.55,478.7,1606901
2019-08-21,478.6,479.0,466.95,468.05,1065506
2019-08-22,464.9,469.95,460.6,464.0,1398888
2019-08-23,464.0,467.35,449.2,465.9,2217428
2019-08-26,468.1,470.95,454.9,466.55,2158865
2019-08-27,468.5,469.85,458.45,465.35,2992115
2019-08-28,465.8,476.2,460.15,464.25,2193022
2019-08-29,465.5,468.0,456.55,465.2,1410078
2019-08-30,468.0,475.2,461.45,472.45,1126818
2019-09-03,467.0,471.25,461.0,469.55,1564714
2019-09-04,471.1,475.0,467.05,471.4,2339657
2019-09-05,472.0,479.75,470.6,478.4,1216510
2019-09-06,479.0,482.5,473.75,474.9,1668897
2019-09-09,475.0,478.7,472.1,475.0,780846
2019-09-11,474.0,478.3,468.05,471.8,996410
2019-09-12,474.0,474.0,464.4,467.8,1179858
2019-09-13,468.05,469.65,464.5,469.0,818854
2019-09-16,467.0,472.0,464.1,470.5,1257381
2019-09-17,471.95,472.4,457.0,460.65,1753611
2019-09-18,461.4,462.8,454.35,458.65,1656705
2019-09-19,458.65,461.95,449.9,452.05,1027073
2019-09-20,454.2,465.0,445.5,463.3,2558072
2019-09-23,468.0,472.3,445.0,448.9,2819792
2019-09-24,450.0,455.05,446.6,450.25,1959468
2019-09-25,449.9,450.0,432.2,434.6,3524655
2019-09-26,439.0,440.45,430.4,438.45,3960277
2019-09-27,438.45,446.0,435.7,439.4,3151119
2019-09-30,430.0,432.8,418.0,425.5,6307161
2019-10-01,426.9,426.9,402.7,412.65,4914716
2019-10-03,411.0,421.0,406.5,418.1,2639852
2019-10-04,419.5,431.3,416.15,418.35,4182360
2019-10-07,419.95,419.95,405.5,408.25,2564196
2019-10-09,408.3,427.0,407.5,423.35,4117690
2019-10-10,423.1,427.3,418.55,422.15,2381621
2019-10-11,422.55,443.0,389.55,441.35,17354782
2019-10-14,441.35,446.45,433.5,440.9,5861895
2019-10-15,440.0,448.5,435.35,446.55,3153015
2019-10-16,446.3,447.85,438.95,446.8,2180925
2019-10-17,445.3,447.7,439.4,446.3,1818421
2019-10-18,448.5,451.15,440.1,444.15,2850227
2019-10-22,441.25,457.75,440.2,453.9,2333810
2019-10-23,453.65,456.8,448.1,454.25,2262575
2019-10-24,455.0,456.0,443.55,446.85,1733751
2019-10-25,447.1,461.45,441.75,459.85,2647759
2019-10-27,462.0,463.9,459.5,461.05,179612
2019-10-29,463.9,478.4,462.0,473.05,3498572
2019-10-30,478.95,478.95,462.25,465.0,2640132
2019-10-31,465.0,472.7,460.15,466.85,3944718
2019-11-01,467.3,474.2,462.4,469.2,3649879
2019-11-04,471.4,478.5,467.05,468.3,2393325
2019-11-05,470.15,475.5,465.15,467.85,1391429
2019-11-06,469.05,487.95,464.25,480.85,17751556
2019-11-07,482.0,487.4,470.0,471.85,5892783
2019-11-08,470.1,470.1,461.25,462.5,4300075
2019-11-11,459.4,459.4,451.75,454.85,4109355
2019-11-13,452.0,455.0,446.0,447.9,3001272
2019-11-14,445.2,458.2,442.65,451.4,2659601
2019-11-15,448.0,468.05,435.4,463.25,10693852
2019-11-18,463.0,472.0,457.65,460.6,2847404
2019-11-19,461.2,477.5,459.55,472.1,5080106
2019-11-20,472.0,483.7,468.65,482.6,4080054
2019-11-21,482.6,492.3,476.6,485.5,5600894
2019-11-22,485.0,485.0,472.7,478.85,2778328
2019-11-25,478.25,485.35,475.9,483.5,1465490
2019-11-26,483.0,490.55,476.7,478.55,3880896
2019-11-27,475.0,475.0,464.55,468.0,3494515
2019-11-28,472.0,476.5,464.1,468.35,2933958
2019-11-29,469.65,473.4,465.6,466.7,1307574
2019-12-02,469.6,469.6,455.35,464.0,2492362
2019-12-03,465.0,465.85,460.0,464.25,1067139
2019-12-04,463.0,471.85,462.0,470.0,1426757
2019-12-05,469.5,470.3,460.4,461.6,1483537
2019-12-06,463.0,467.0,454.0,455.45,2520045
2019-12-09,457.4,457.75,444.6,447.9,3761784
2019-12-10,450.6,454.95,449.5,453.05,2807906
2019-12-11,453.0,453.1,446.7,449.95,1806996
2019-12-12,452.2,463.1,452.2,461.05,2730092
2019-12-13,461.05,465.0,456.6,461.25,1213599
2019-12-16,463.05,464.75,457.5,458.25,903737
2019-12-17,462.05,466.2,460.35,463.95,2434853
2019-12-18,464.0,469.25,461.5,467.8,1705929
2019-12-19,465.65,471.5,464.8,467.6,1485123
2019-12-20,466.9,474.45,463.9,465.75,2248997
2019-12-23,467.0,469.0,464.5,467.85,866023
2019-12-24,467.25,480.0,465.5,478.7,3262749
2019-12-26,478.7,482.55,472.25,474.15,2887784
2019-12-27,474.55,483.5,472.8,481.1,2005404
2019-12-30,481.1,487.0,478.25,479.95,1809828
2019-12-31,479.95,484.3,476.95,478.2,1640854
2020-01-01,481.0,481.0,474.45,475.9,1316812
2020-01-02,478.85,479.9,472.3,473.5,1406381
2020-01-03,475.8,475.8,467.25,469.95,2252752
2020-01-06,469.8,469.95,461.2,466.75,1501855
2020-01-07,466.0,470.0,463.65,468.6,2365554
2020-01-08,467.8,470.1,461.6,464.75,1507276
2020-01-09,467.5,473.3,467.5,470.1,1700600
2020-01-10,470.1,477.0,469.75,473.5,1213600
2020-01-13,474.5,482.45,474.5,477.65,1229969
2020-01-14,480.6,485.2,479.2,484.25,2160301
2020-01-15,484.0,486.85,479.55,484.0,1413668
2020-01-16,484.0,487.45,479.0,480.25,1694372
2020-01-17,480.0,482.95,476.55,480.3,2039387
2020-01-20,480.45,483.15,476.65,480.15,1206931
2020-01-21,478.95,479.55,472.2,473.4,1448808
2020-01-22,474.5,480.3,470.25,471.6,2380518
2020-01-23,464.5,475.85,459.35,465.15,5783749
2020-01-24,465.0,467.75,456.85,458.85,2713370
2020-01-27,457.5,466.5,454.2,464.45,5849003
2020-01-28,465.0,468.0,458.95,464.7,3592413
2020-01-29,464.7,467.4,460.35,461.55,1737293
2020-01-30,461.0,461.0,446.35,451.0,2766881
2020-01-31,453.95,453.95,442.1,446.9,2184609
2020-02-01,446.5,452.2,437.75,444.2,1632513
2020-02-03,444.0,450.65,439.4,444.55,1690394
2020-02-04,446.7,452.45,444.2,448.45,2030860
2020-02-05,449.55,459.15,437.5,447.55,3637403
2020-02-06,462.5,464.35,435.35,439.65,7118843
2020-02-07,440.0,445.9,437.3,443.2,6386193
2020-02-10,444.2,451.0,442.1,444.75,3557480
2020-02-11,447.1,452.0,443.35,450.6,1889638
2020-02-12,454.95,454.95,445.0,446.8,1683136
2020-02-13,446.8,448.9,440.5,443.4,2041017
2020-02-14,444.0,448.9,441.5,447.1,1814780
2020-02-17,444.5,445.75,430.1,431.9,4581786
2020-02-18,433.0,437.65,428.1,436.0,2453801
2020-02-19,437.8,449.2,437.4,447.5,2359566
2020-02-20,448.0,448.8,434.5,435.75,3048500
2020-02-24,436.0,436.7,426.55,430.15,2569563
2020-02-25,430.2,431.2,420.0,425.8,2438218
2020-02-26,406.0,425.0,405.8,422.2,8068909
2020-02-27,411.1,424.0,409.0,421.2,5109022
2020-02-28,413.0,416.45,398.05,402.1,4200936
2020-03-02,407.0,411.25,394.65,401.95,3460583
2020-03-03,402.0,429.2,402.0,425.3,5476676
2020-03-04,425.6,449.8,420.0,447.65,9297945
2020-03-05,447.85,472.0,437.45,440.6,9637431
2020-03-06,425.0,438.15,423.05,434.4,2916146
2020-03-09,425.0,432.65,423.5,426.15,2986596
2020-03-11,425.0,426.15,410.2,417.1,5314548
2020-03-12,412.5,412.5,390.75,394.75,5636464
2020-03-13,388.0,434.95,355.3,425.55,6096909
2020-03-16,416.0,423.9,392.75,396.4,5394615
2020-03-17,397.0,422.0,390.75,401.75,2989674
2020-03-18,411.8,411.8,381.7,386.0,4200582
2020-03-19,374.8,390.75,362.9,374.7,2926155
2020-03-20,379.8,399.8,372.45,392.8,4718358
2020-03-23,370.0,406.9,370.0,375.25,5507004
2020-03-24,380.0,409.75,372.55,377.45,6652237
2020-03-25,378.0,394.9,374.0,376.45,6419109
2020-03-26,383.0,394.7,380.5,386.15,4291225
2020-03-27,393.0,411.0,391.95,407.65,6471292
2020-03-30,413.8,438.7,407.65,431.75,9021027
2020-03-31,446.0,446.6,420.0,422.85,9434756
2020-04-01,424.9,430.9,410.4,413.75,6329718
2020-04-03,425.0,454.7,416.25,449.2,17906777
2020-04-07,479.0,513.4,452.0,492.25,20843854
2020-04-08,496.95,530.0,490.0,512.75,19456194
2020-04-09,564.0,610.0,564.0,579.6,27207928
2020-04-13,605.0,605.0,583.0,592.85,15483866
2020-04-15,604.45,614.0,578.6,592.35,16213849
2020-04-16,590.0,612.8,582.0,600.45,12716392
2020-04-17,615.0,615.0,595.0,598.0,8304296
2020-04-20,598.0,599.4,580.0,585.4,5856240
2020-04-21,578.0,609.8,570.0,592.1,14471886
2020-04-22,594.9,599.75,585.0,587.2,6182389
2020-04-23,590.0,603.9,579.05,586.7,6277909
2020-04-24,586.4,606.0,583.6,599.3,11127892
2020-04-27,600.0,632.65,600.0,608.7,14089884
2020-04-28,616.8,621.25,593.25,598.6,8193432
2020-04-29,605.0,607.9,590.1,596.25,6767185
2020-04-30,607.9,611.45,586.1,589.6,9100084
2020-05-04,589.0,616.95,580.6,611.85,16816196
2020-05-05,623.05,623.05,595.0,596.9,9257197
2020-05-06,597.5,606.0,590.0,591.75,6979140
2020-05-07,598.0,601.8,587.5,589.55,4620871
2020-05-08,598.0,601.2,589.5,591.9,5051381
2020-05-11,600.95,600.95,583.45,586.05,5853898
2020-05-12,587.0,593.8,566.2,570.15,8868988
2020-05-13,600.0,605.0,568.9,570.2,10438684
2020-05-14,571.0,577.9,566.1,569.75,8546052
2020-05-15,572.0,585.0,565.6,570.3,14388640
2020-05-18,570.6,605.0,570.5,600.45,22898149
2020-05-19,600.0,608.8,590.2,594.95,10952723
2020-05-20,597.0,624.35,595.4,620.65,13441070
2020-05-21,620.65,626.85,612.3,616.6,7916847
2020-05-22,616.7,641.85,610.1,639.35,10875625
2020-05-26,640.0,646.9,624.05,627.7,8859499
2020-05-27,630.0,637.8,625.8,633.05,7710110
2020-05-28,634.0,637.65,626.05,628.35,5488725
2020-05-29,633.0,650.95,631.0,648.15,10580213
2020-06-01,649.0,652.6,634.55,642.5,7439126
2020-06-02,644.9,658.65,636.0,637.6,6883613
2020-06-03,646.85,649.5,635.3,641.2,5044705
2020-06-04,643.0,664.8,642.5,660.55,10452588
2020-06-05,665.0,669.75,649.0,650.9,6481383
2020-06-08,656.7,657.8,633.05,635.1,6263354
2020-06-09,638.9,654.3,637.05,640.05,8968473
2020-06-10,646.8,650.75,639.8,642.95,5426109
2020-06-11,645.65,646.95,632.8,635.0,3172467
2020-06-12,616.3,645.0,616.3,643.6,5579264
2020-06-15,643.0,653.5,637.0,643.65,4520269
2020-06-16,644.5,650.0,632.45,637.8,2927072
2020-06-17,640.0,643.8,635.0,640.35,2648049
2020-06-18,641.65,644.8,636.4,642.05,2161531
2020-06-19,648.85,648.85,631.5,636.2,4476030
2020-06-22,691.0,692.5,651.65,655.95,29313468
2020-06-23,674.0,674.0,655.4,659.8,8287942
2020-06-24,660.0,662.25,628.3,631.2,6955964
2020-06-25,632.0,642.0,629.15,634.9,5816412
2020-06-26,639.0,643.65,631.6,634.9,3847867
2020-06-29,637.0,648.0,635.4,644.9,6772345
2020-06-30,647.95,649.9,638.0,640.25,4319890
2020-07-01,642.6,642.6,621.05,627.1,4809654
2020-07-02,630.0,654.45,626.0,646.2,6169883
2020-07-03,652.95,652.95,635.5,638.8,5380124
2020-07-06,640.0,644.25,629.2,634.6,5604898
2020-07-07,637.95,642.6,635.2,636.55,3781547
2020-07-08,643.45,648.0,632.5,634.4,6953560
2020-07-09,643.95,643.95,636.25,639.05,4354463
2020-07-10,640.0,647.0,636.7,638.9,4119833
2020-07-13,641.0,646.0,636.6,638.35,3450074
2020-07-14,639.95,644.0,631.25,632.3,5432821
2020-07-15,634.4,643.5,633.1,638.2,4253994
2020-07-16,639.95,677.4,635.9,674.5,16098367
2020-07-17,674.5,696.65,669.25,689.1,15244105
2020-07-20,689.0,690.85,672.35,674.35,5469496
2020-07-21,676.1,682.1,660.0,662.3,4314960
2020-07-22,666.15,677.8,657.5,661.7,5918154
2020-07-23,663.95,674.0,662.2,671.45,4620517
2020-07-24,673.0,681.0,658.2,666.05,4962946
2020-07-27,673.95,673.95,650.4,652.9,4465120
2020-07-28,651.0,665.75,644.25,662.6,4583122
2020-07-29,662.6,685.55,662.6,681.25,7288841
2020-07-30,681.2,698.95,681.0,685.95,7171188
2020-07-31,687.0,724.0,687.0,720.15,18897332
2020-08-03,724.0,734.2,701.0,710.4,12500684
2020-08-04,708.0,718.9,703.2,713.85,6971075
2020-08-05,720.8,729.95,716.0,722.15,5263247
2020-08-06,724.95,739.7,720.1,731.1,9663912
2020-08-07,738.0,739.65,724.5,728.65,6159882
2020-08-10,760.0,814.5,751.35,795.6,56895564
2020-08-11,801.1,801.85,768.75,778.0,14861526
2020-08-12,778.0,778.0,755.6,762.1,7841606
2020-08-13,765.95,782.9,754.1,760.25,13741283
2020-08-14,762.0,787.75,752.55,771.8,16276397
2020-08-17,779.0,781.0,765.5,771.65,6145819
2020-08-18,772.0,779.65,763.0,764.85,5520727
2020-08-19,770.0,772.7,756.65,758.35,6296081
2020-08-20,758.35,771.75,758.35,762.7,8167571
2020-08-21,768.85,770.6,759.05,760.75,4700989
2020-08-24,763.0,767.0,750.25,751.75,4942354
2020-08-25,756.25,758.0,745.25,747.75,3424068
2020-08-26,751.5,754.0,744.2,748.0,3730761
2020-08-27,750.8,764.0,749.95,756.2,6989244
2020-08-28,763.0,771.0,746.7,748.6,8206125
2020-08-31,752.0,755.7,705.2,713.55,7649142
2020-09-01,713.55,741.0,710.0,736.55,6260042
2020-09-02,739.95,748.5,729.2,738.25,5583378
2020-09-03,742.7,745.95,735.0,738.6,3560610
2020-09-04,733.75,750.0,717.1,724.6,7473320
2020-09-07,728.0,733.8,707.0,716.75,4688730
2020-09-08,716.75,726.45,704.4,708.2,4818231
2020-09-09,709.15,734.95,705.2,727.55,9082720
2020-09-10,729.0,735.9,719.25,726.8,4571167
2020-09-11,725.8,731.5,720.25,725.95,2465472
2020-09-14,729.0,730.25,717.75,721.6,3104687
2020-09-15,723.0,754.0,722.65,742.45,14548327
2020-09-16,743.95,756.5,732.0,752.6,6773204
2020-09-17,751.0,762.0,746.7,751.5,7105873
2020-09-18,780.0,819.3,776.15,806.25,35527345
2020-09-21,806.25,811.95,762.0,768.1,12576401
2020-09-22,777.05,787.95,755.15,777.65,14483986
2020-09-23,783.95,784.0,761.8,767.4,6236596
2020-09-24,764.45,766.65,730.0,733.45,7123765
2020-09-25,752.0,777.0,740.4,770.1,13365213
2020-09-28,772.1,778.0,755.6,774.8,9291117
2020-09-29,777.6,786.0,759.05,762.35,6583112
2020-09-30,762.35,794.9,761.05,774.7,14333238
2020-10-01,779.8,781.0,765.75,773.0,5852563
2020-10-05,776.0,784.05,762.05,778.65,6798053
2020-10-06,782.0,788.0,777.0,780.35,4789613
2020-10-07,780.0,790.65,771.0,773.6,6086372
2020-10-08,775.0,815.6,774.9,811.45,12019994
2020-10-09,813.0,825.0,800.35,803.15,11673228
2020-10-12,805.0,819.75,800.15,813.65,6612623
2020-10-13,810.0,829.05,778.5,787.15,13964627
2020-10-14,788.8,794.55,766.8,781.5,8675723
2020-10-15,780.65,788.0,762.9,768.3,6291197
2020-10-16,766.95,787.5,758.4,782.35,9099048
2020-10-19,783.0,784.1,762.15,764.0,4351957
2020-10-20,765.0,774.7,756.3,764.3,6029721
2020-10-21,771.8,771.8,756.5,767.1,6932538
2020-10-22,765.0,769.85,744.0,757.5,8429302
2020-10-23,761.25,774.65,755.0,757.55,8515910
2020-10-26,761.2,763.75,742.3,747.15,4665293
2020-10-27,750.0,773.55,747.0,770.25,7004115
2020-10-28,771.4,780.0,762.15,765.25,7050213
2020-10-29,766.1,774.65,757.0,762.3,6084021
2020-10-30,765.7,767.5,746.0,754.5,4126277
2020-11-02,757.5,762.35,744.4,751.25,3265890
2020-11-03,756.1,770.55,750.75,759.3,5390467
2020-11-04,757.8,783.8,757.2,781.15,9035451
2020-11-05,786.0,796.1,778.3,793.5,6656549
2020-11-06,797.4,802.0,786.55,789.95,7765316
2020-11-09,795.1,804.0,752.3,763.2,21178707
2020-11-10,769.8,769.8,706.5,717.3,22558440
2020-11-11,727.0,745.5,718.6,742.35,18892977
2020-11-12,742.4,758.85,733.5,739.7,10422659
2020-11-13,742.5,751.0,740.15,744.65,6955531
2020-11-14,749.5,749.9,744.0,745.75,631992
2020-11-17,747.4,751.9,734.0,742.55,7313289
2020-11-18,747.3,752.0,733.5,742.95,7190828
2020-11-19,742.55,751.9,737.95,742.1,5804230
2020-11-20,742.0,748.45,732.25,739.9,5394676
2020-11-23,741.65,758.05,739.4,746.3,8690680
2020-11-24,748.3,752.0,741.6,748.45,5471533
2020-11-25,750.1,754.55,728.2,731.65,6060158
2020-11-26,734.0,741.0,726.5,738.7,6088729
2020-11-27,741.0,749.0,735.0,745.6,12777697
2020-12-01,753.0,760.0,746.15,755.6,6241872
2020-12-02,758.0,761.0,751.15,758.35,3983393
2020-12-03,760.0,764.8,756.05,762.15,3765555
2020-12-04,763.0,770.6,757.0,766.95,5423289
2020-12-07,766.95,782.5,766.0,773.15,6779545
2020-12-08,777.0,779.45,757.8,766.0,4166424
2020-12-09,769.9,773.9,759.95,762.4,4045201
2020-12-10,763.0,767.7,755.1,762.75,3679209
2020-12-11,764.0,766.1,753.0,755.85,3178041
2020-12-14,778.3,793.3,776.35,789.3,19785595
2020-12-15,789.3,798.0,779.25,781.65,8249684
2020-12-16,790.35,790.35,782.3,786.8,3817724
2020-12-17,790.75,794.85,781.1,783.2,3984988
2020-12-18,784.25,796.0,781.5,793.45,6487014
2020-12-21,793.0,816.9,760.0,778.5,14465355
2020-12-22,782.0,798.0,761.1,795.0,6139589
2020-12-23,796.35,827.0,792.25,824.65,8520251
2020-12-24,828.8,834.9,815.3,833.2,7294578
2020-12-28,837.6,839.0,825.2,830.15,4810932
2020-12-29,830.15,835.75,817.5,827.95,3311293
2020-12-30,830.0,830.0,816.05,823.8,2715404
2020-12-31,824.0,833.35,816.4,819.95,4842886
2021-01-01,822.8,828.95,820.65,826.6,2474916
2021-01-04,831.0,837.3,826.55,832.25,3487801
2021-01-05,832.25,843.75,825.3,827.25,4559213
2021-01-06,829.0,834.4,815.25,824.8,3318460
2021-01-07,830.0,830.45,818.0,826.55,2879675
2021-01-08,830.7,846.2,827.4,838.7,5072916
2021-01-11,839.0,860.0,832.75,856.85,5332109
2021-01-12,860.0,864.6,841.0,843.15,4338010
2021-01-13,847.35,852.0,832.5,841.7,3596529
2021-01-14,841.7,847.55,829.0,840.9,3652930
2021-01-15,839.0,844.9,821.0,823.7,3137877
2021-01-18,822.0,826.65,796.2,801.75,3742440
2021-01-19,802.5,825.4,802.5,822.45,3791378
2021-01-20,822.5,834.9,822.3,832.8,3056546
2021-01-21,835.0,839.3,809.0,812.75,3326213
2021-01-22,815.8,822.5,798.25,808.3,3883231
2021-01-25,813.0,857.0,808.25,836.8,10704200
2021-01-27,839.9,856.45,825.2,842.5,7410174
2021-01-28,835.5,848.85,825.7,841.9,4489853
2021-01-29,847.95,850.85,820.75,825.9,7185812
2021-02-01,815.0,831.0,779.95,806.4,13856367
2021-02-02,807.0,826.35,801.5,821.6,8486828
2021-02-03,826.0,878.9,824.2,849.25,15674616
2021-02-04,847.55,856.5,832.6,834.45,4639606
2021-02-05,839.6,854.9,830.5,847.7,7381183
2021-02-08,852.0,859.25,841.05,847.25,4244906
2021-02-09,848.0,856.85,839.0,841.75,4200281
2021-02-10,847.6,867.0,841.0,863.4,5665209
2021-02-11,868.0,874.9,856.0,859.8,5347864
2021-02-12,859.0,864.35,845.5,848.55,2473012
2021-02-15,850.1,856.6,842.0,844.3,2531913
2021-02-16,850.0,852.25,841.25,848.35,2808115
2021-02-17,849.45,854.7,833.0,835.7,2539649
2021-02-18,835.0,843.45,822.5,825.45,4114251
2021-02-19,823.8,825.45,799.0,807.35,3834443
2021-02-22,811.4,817.5,786.05,792.45,4090429
2021-02-23,795.0,803.15,788.4,790.95,3264477
2021-02-24,794.0,798.1,776.25,789.05,1587082
2021-02-25,795.0,814.0,790.45,809.15,5478169
2021-02-26,805.0,820.0,780.0,787.05,7549015
2021-03-01,795.0,800.5,782.0,789.8,2748271
2021-03-02,792.6,815.0,790.8,811.8,4275166
2021-03-03,817.95,818.15,807.6,812.5,3265559
2021-03-04,807.4,818.0,803.7,806.75,3640996
2021-03-05,806.5,812.0,800.25,805.15,3832170
2021-03-08,807.95,819.0,806.2,809.25,2915298
2021-03-09,812.6,816.7,792.1,797.0,2783825
2021-03-10,806.0,814.75,801.0,812.4,2512573
2021-03-12,816.5,818.7,802.0,805.95,2082799
2021-03-15,807.9,808.9,790.0,805.5,2651062
2021-03-16,805.1,808.5,787.0,792.3,3671229
2021-03-17,794.8,794.8,770.0,772.15,3246092
2021-03-18,776.0,778.45,750.85,755.15,2894624
2021-03-19,751.0,767.25,738.1,760.65,5262000
2021-03-22,762.0,784.6,758.7,772.85,3563266
2021-03-23,775.0,779.4,768.4,776.1,2118532
2021-03-24,777.8,798.7,772.65,792.95,6904173
2021-03-25,796.9,802.3,783.3,787.25,5292130
2021-03-26,791.0,799.0,781.25,787.45,2934548
2021-03-30,790.25,815.9,790.25,812.2,4453933
2021-03-31,811.0,823.95,805.0,815.1,3075406
2021-04-01,819.5,824.0,811.6,818.3,1910949
2021-04-05,825.0,827.0,806.1,819.75,2920638
2021-04-06,824.0,845.0,821.85,836.15,4569120
2021-04-07,836.15,844.9,830.25,840.85,2404472
2021-04-08,843.0,850.45,838.4,842.0,2459821
2021-04-09,840.9,892.3,836.65,883.05,11189432
2021-04-12,890.0,940.0,879.15,902.4,30141861
2021-04-13,921.95,932.6,878.3,885.2,11667200
2021-04-15,898.8,925.4,883.9,914.2,13218002
2021-04-16,919.75,944.25,910.9,938.05,13746268
2021-04-19,945.25,955.0,924.0,946.3,17805574
2021-04-20,965.1,966.35,941.1,949.3,10205616
2021-04-22,958.8,963.15,938.85,944.35,8522208
2021-04-23,944.35,952.85,922.75,935.6,7972589
2021-04-26,935.6,940.0,902.15,905.4,10255697
2021-04-27,913.0,919.5,901.0,912.4,5669049
2021-04-28,914.35,918.0,902.95,910.2,7251009
2021-04-29,911.95,917.4,904.0,906.5,4953091
2021-04-30,900.75,921.0,900.75,910.35,6459737
2021-05-03,919.1,924.4,906.4,910.2,6330144
2021-05-04,912.9,912.9,876.0,878.45,8347795
2021-05-05,885.0,899.0,869.0,888.65,10491085
2021-05-06,907.0,916.7,880.9,884.3,17973153
2021-05-07,893.0,895.5,877.0,882.9,5479029
2021-05-10,892.5,906.45,877.5,900.25,8379304
2021-05-11,899.95,905.95,888.2,890.9,5864464
2021-05-12,889.3,906.75,884.3,898.6,5224240
2021-05-14,909.0,921.0,900.8,904.05,15048471
2021-05-17,895.0,905.0,870.0,881.2,14122085
2021-05-18,887.0,888.35,878.45,884.4,5129966
2021-05-19,887.85,905.95,881.0,903.95,7242643
2021-05-20,906.0,927.9,905.0,924.2,12378690
2021-05-21,930.0,935.0,922.3,926.9,6740711
2021-05-24,931.0,945.5,926.15,931.25,6420035
2021-05-25,939.65,940.0,930.0,935.6,3695242
2021-05-26,941.0,951.95,939.05,945.15,5445187
2021-05-27,946.0,948.75,934.05,942.35,6249606
2021-05-28,940.2,947.35,931.0,934.35,2156991
2021-05-31,934.35,951.0,924.0,949.35,3183414
2021-06-01,952.0,958.0,943.55,946.45,2904962
2021-06-02,946.45,960.5,946.45,954.7,2449102
2021-06-03,955.0,959.7,946.0,948.25,2258695
2021-06-04,948.0,951.5,936.5,946.4,3057699
2021-06-07,951.75,951.75,937.55,939.8,2028426
2021-06-08,939.8,955.0,931.85,953.75,2278534
2021-06-09,954.8,975.0,950.2,958.65,5498857
2021-06-10,960.95,975.0,960.0,974.2,4754350
2021-06-11,975.0,982.3,965.5,967.85,3480545
2021-06-14,972.7,979.0,957.0,976.15,2377279
2021-06-15,975.0,978.85,967.15,969.7,1289684
2021-06-16,969.0,971.15,953.8,956.75,1684500
2021-06-17,955.0,959.75,943.5,950.95,2429291
2021-06-18,950.95,967.65,945.35,960.9,4978288
2021-06-21,958.0,962.7,950.5,960.15,1625660
2021-06-22,956.2,960.9,949.15,955.85,2344400
2021-06-23,956.0,966.0,954.2,957.75,1807471
2021-06-24,957.8,958.7,944.0,950.9,1769651
2021-06-25,951.0,961.0,948.95,957.1,2134441
2021-06-28,962.0,971.35,957.1,963.05,1759671
2021-06-29,964.0,989.0,960.05,979.6,4300755
2021-06-30,992.2,997.0,969.15,971.9,7195632
2021-07-01,977.2,980.0,967.2,978.1,2291137
2021-07-02,981.85,985.8,975.1,979.2,1421148
2021-07-05,979.3,983.85,973.1,974.7,1286458
2021-07-06,975.0,975.0,964.75,969.1,1157576
2021-07-07,968.0,968.95,961.0,965.2,1740439
2021-07-08,965.5,968.0,944.8,950.65,1662518
2021-07-09,952.0,965.6,949.95,959.8,1301555
2021-07-12,960.0,967.95,955.85,959.85,1122802
2021-07-13,962.2,969.85,956.05,965.65,1317621
2021-07-14,961.1,978.4,961.1,977.15,1729994
2021-07-15,979.0,981.0,972.05,973.6,979315
2021-07-16,973.6,989.9,973.6,977.15,2087320
2021-07-19,972.1,983.6,971.25,974.0,854347
2021-07-20,972.0,974.1,952.65,955.15,1520300
2021-07-22,958.1,958.95,947.2,949.4,922495
2021-07-23,952.0,957.7,946.95,948.0,1056183
2021-07-26,948.0,960.0,947.0,950.55,1306026
2021-07-27,952.5,958.5,909.0,913.1,3366104
2021-07-28,921.6,921.6,886.65,889.9,5094903
2021-07-29,894.35,899.95,872.0,883.1,4929314
2021-07-30,885.1,929.9,877.75,920.05,6280365
2021-08-02,928.3,933.6,913.4,921.05,2981630
2021-08-03,925.0,929.55,918.5,928.15,2014511
2021-08-04,928.15,942.5,927.0,939.65,2517694
2021-08-05,944.2,953.0,932.0,945.4,4022548
2021-08-06,939.0,939.0,909.0,911.3,9727673
2021-08-09,912.1,920.0,897.4,918.65,3310964
2021-08-10,920.0,923.8,905.0,912.6,2552532
2021-08-11,912.9,914.0,891.05,909.85,2174054
2021-08-12,912.0,916.2,903.7,905.3,2127392
2021-08-13,906.0,910.95,892.35,894.4,2919925
2021-08-16,896.0,901.1,886.05,888.25,1954152
2021-08-17,891.0,906.3,889.9,904.65,3767678
2021-08-18,900.2,910.7,900.0,908.85,2323095
2021-08-20,908.9,909.05,887.0,890.85,2354874
2021-08-23,898.0,908.0,888.65,898.35,2081206
2021-08-24,903.0,919.55,897.65,917.65,2588128
2021-08-25,917.0,923.6,905.95,912.6,1697757
2021-08-26,912.6,916.75,906.3,911.3,1522032
2021-08-27,913.8,925.45,907.5,923.9,1878603
2021-08-30,924.0,936.5,920.45,934.7,2016968
2021-08-31,935.0,949.7,930.3,947.8,2463088
2021-09-01,949.0,954.9,920.0,922.85,4434153
2021-09-02,927.0,960.0,923.4,955.25,3688123
2021-09-03,956.1,963.0,930.65,941.1,3110583
2021-09-06,945.85,958.0,942.65,950.2,1699875
2021-09-07,950.2,957.3,944.05,950.5,1113880
2021-09-08,948.0,953.15,940.0,951.8,1600457
2021-09-09,951.15,952.1,926.0,949.3,3769007
2021-09-13,946.0,953.9,942.55,950.45,865538
2021-09-14,954.8,958.35,949.6,953.15,1373821
2021-09-15,955.0,956.6,948.3,952.95,2509424
2021-09-16,954.5,964.8,950.2,954.0,3574908
2021-09-17,960.0,962.5,948.05,954.05,2006356
2021-09-20,953.0,953.0,929.8,938.1,2308294
2021-09-21,935.0,959.0,933.0,956.1,2438464
2021-09-22,952.25,974.25,951.65,964.5,2145512
2021-09-23,965.45,970.0,959.5,968.1,1297533
2021-09-24,969.6,983.4,960.45,967.65,1803409
2021-09-27,965.0,970.05,952.3,962.7,1217035
2021-09-28,960.5,977.0,950.8,971.0,1542732
2021-09-29,970.5,1005.0,965.15,987.6,4052980
2021-09-30,988.0,999.75,976.35,983.55,2312926
2021-10-01,980.0,991.9,973.1,986.2,1948517
2021-10-04,986.0,996.95,954.9,957.5,4097873
2021-10-05,961.8,961.9,928.45,934.55,4986700
2021-10-06,935.55,938.55,911.15,913.45,2615582
2021-10-07,920.0,922.25,898.0,916.05,7008049
2021-10-08,923.0,929.45,911.65,917.1,2075219
2021-10-11,922.8,923.15,910.0,913.75,1449593
2021-10-12,913.5,924.7,907.85,915.95,1164581
2021-10-13,921.65,924.45,912.05,913.5,1821818
2021-10-14,917.45,920.5,909.9,911.35,913675
2021-10-18,911.35,915.9,899.5,903.75,1913667
2021-10-19,906.0,917.3,903.25,906.2,1360282
2021-10-20,905.0,912.7,900.0,905.9,1941581
2021-10-21,914.45,917.9,901.6,911.55,2723509
2021-10-22,911.55,915.0,889.35,896.35,1360319
2021-10-25,895.9,913.0,890.0,901.85,1901039
2021-10-26,908.9,914.15,900.0,907.5,1405411
2021-10-27,916.95,926.9,902.45,922.5,5111161
2021-10-28,922.4,928.55,886.3,891.75,2224983
2021-10-29,893.0,917.0,885.25,905.05,2783659
2021-11-01,917.0,918.55,902.2,909.25,986133
2021-11-02,910.0,912.85,900.5,903.4,1038025
2021-11-03,909.55,914.7,903.7,912.65,1275433
2021-11-04,912.65,914.25,908.85,910.7,96347
2021-11-08,917.95,917.95,898.7,913.7,860650
2021-11-09,913.0,925.0,909.65,914.15,843911
2021-11-10,910.0,924.5,910.0,912.45,1597922
2021-11-11,912.45,912.45,896.0,904.9,1180372
2021-11-12,910.8,917.0,905.0,915.95,936613
2021-11-15,915.0,939.85,910.1,938.15,2615304
2021-11-16,943.15,943.9,919.0,921.75,1925000
2021-11-17,921.75,921.75,901.0,905.35,1996857
2021-11-18,905.3,907.0,891.0,892.3,1009418
2021-11-22,893.0,909.0,883.0,895.4,1443344
2021-11-23,891.7,918.55,890.0,910.6,1820473
2021-11-24,911.0,915.4,891.35,893.45,1392190
2021-11-25,894.0,902.45,884.0,899.95,1325422
2021-11-26,892.0,976.05,890.65,966.7,14458893
2021-11-29,974.0,998.0,956.0,965.0,8303735
2021-11-30,965.0,984.0,958.6,971.3,4771579
2021-12-01,980.75,986.7,921.85,928.15,3879683
2021-12-02,937.95,937.95,917.5,921.25,2749084
2021-12-03,930.0,930.0,908.3,912.05,2388529
2021-12-06,915.1,915.8,892.5,894.95,1573419
2021-12-07,898.3,898.3,884.0,889.25,2471419
2021-12-08,895.0,902.0,890.3,897.95,1663728
2021-12-09,900.0,902.0,890.05,894.5,1645541
2021-12-10,895.0,901.0,891.0,893.9,947538
2021-12-13,895.2,903.0,886.55,891.3,1785608
2021-12-14,893.5,907.85,891.0,895.6,2651452
2021-12-15,896.2,901.85,891.7,895.7,1192775
2021-12-16,903.5,903.5,878.25,881.0,2280037
2021-12-17,882.0,884.5,850.0,860.2,2824703
2021-12-20,864.0,898.45,861.1,893.8,8501360
2021-12-21,893.8,897.4,882.05,886.75,2301316
2021-12-22,889.0,893.85,880.95,889.7,1271710
2021-12-23,892.0,912.5,891.25,909.75,1970110
2021-12-24,910.2,912.9,901.8,908.3,1114033
2021-12-27,912.9,933.15,910.15,930.25,4596008
2021-12-28,932.0,936.3,923.05,933.3,1907169
2021-12-29,938.0,947.6,933.25,935.55,2687014
2021-12-30,937.0,955.0,936.1,952.75,1728986
2021-12-31,955.0,957.25,942.0,944.1,2039044
2022-01-03,947.05,947.9,925.8,930.5,2013140
2022-01-04,937.45,937.45,920.25,924.25,1238138
2022-01-05,926.5,931.8,919.0,928.55,1407995
2022-01-06,928.55,935.95,919.3,922.0,1384402
2022-01-07,926.4,926.65,913.35,914.75,1546099
2022-01-10,914.75,917.85,908.65,916.2,1637506
2022-01-11,917.5,921.75,913.0,915.95,1578147
2022-01-12,918.4,918.4,901.2,906.2,2090537
2022-01-13,912.0,929.15,908.7,924.05,2739659
2022-01-14,926.05,933.0,916.3,921.5,2321761
2022-01-17,915.6,920.2,909.0,910.2,1058857
2022-01-18,910.2,914.6,898.45,902.15,1830577
2022-01-19,900.05,901.6,885.1,895.65,1413292
2022-01-20,895.0,899.9,880.05,882.35,1614683
2022-01-21,880.0,880.0,860.0,867.45,1669132
2022-01-24,871.5,895.0,867.45,892.1,4992078
2022-01-25,891.4,909.0,881.1,905.65,2322693
2022-01-27,901.0,931.5,887.0,927.6,7859401
2022-01-28,926.55,942.0,917.45,932.25,2428175
2022-01-31,939.0,950.0,930.65,945.0,2008278
2022-02-01,948.0,959.0,938.8,946.4,2033319
2022-02-02,945.5,958.5,944.75,951.8,1735750
2022-02-03,953.0,957.0,944.55,952.75,1116446
2022-02-04,951.25,957.75,940.0,946.1,1428601
2022-02-07,946.2,947.0,927.05,933.3,949273
2022-02-08,933.3,951.0,931.1,948.05,1812035
2022-02-09,954.8,972.5,950.25,968.25,2513281
2022-02-10,969.0,977.35,963.0,975.05,2044733
2022-02-11,956.5,976.05,953.0,958.5,1292417
2022-02-14,947.0,962.9,938.85,954.9,2346622
2022-02-15,916.55,938.8,912.3,921.85,8304774
2022-02-16,938.0,940.25,920.1,933.1,2480569
2022-02-17,934.8,955.5,925.7,928.2,2843010
2022-02-18,927.5,929.85,903.05,909.1,3643338
2022-02-21,903.1,913.7,896.0,907.25,1860041
2022-02-22,893.2,918.0,890.75,913.4,1884736
2022-02-23,915.25,921.3,910.25,914.9,1399309
2022-02-24,899.8,908.75,888.15,895.8,2003438
2022-02-25,903.0,926.7,890.95,923.65,2825642
2022-02-28,920.05,929.95,911.0,925.05,1534018
2022-03-02,911.1,931.3,911.1,923.1,3276260
2022-03-03,925.0,945.0,919.55,934.9,2622469
2022-03-04,929.0,941.0,920.25,931.2,2453781
2022-03-07,921.9,946.0,917.05,941.15,2604231
2022-03-08,938.0,977.0,935.4,969.55,5826939
2022-03-09,969.55,987.55,960.05,981.55,3501351
2022-03-10,982.05,992.9,975.0,987.05,4146797
2022-03-11,984.25,1053.75,981.35,1043.95,11106725
2022-03-14,1045.0,1058.0,1036.75,1048.65,5590771
2022-03-15,1045.0,1083.0,1045.0,1068.05,7945333
2022-03-16,1077.0,1078.0,1049.15,1055.8,3379138
2022-03-17,1056.0,1066.4,1045.7,1048.5,3712730
2022-03-21,1067.8,1071.0,1049.1,1050.3,2039889
2022-03-22,1045.0,1049.25,1024.0,1032.6,2269544
2022-03-23,1044.9,1044.9,1011.25,1014.45,2781735
2022-03-24,1014.0,1040.1,1001.75,1029.0,3344649
2022-03-25,1033.3,1033.3,1006.0,1013.5,1680031
2022-03-28,1022.0,1044.25,1008.9,1017.1,3847112
2022-03-29,1020.2,1041.0,1020.2,1038.85,3194089
2022-03-30,1043.0,1054.8,1025.2,1028.95,3083750
2022-03-31,1030.0,1035.0,1013.6,1018.05,1976418
2022-04-01,1023.0,1025.9,1006.0,1014.85,1285646
2022-04-04,1018.0,1029.65,1003.45,1027.8,1665075
2022-04-05,1035.0,1036.0,1017.0,1021.45,1596381
2022-04-06,1014.0,1033.85,1014.0,1029.0,1487844
2022-04-07,1036.0,1062.65,1032.3,1036.7,3496357
2022-04-08,1038.45,1038.45,1005.0,1011.6,3001682
2022-04-11,1012.0,1028.3,1011.6,1025.5,2094493
2022-04-12,1021.5,1031.7,1013.0,1027.25,2746930
2022-04-13,1031.0,1033.8,1012.2,1016.6,1890795
2022-04-18,1016.6,1035.0,1010.1,1027.85,2092141
2022-04-19,1034.7,1038.9,980.35,1000.3,1813890
2022-04-20,1001.9,1015.0,990.05,1012.05,1796999
2022-04-21,1016.05,1020.0,996.7,998.55,1526774
2022-04-22,998.0,998.55,959.0,967.0,2455188
2022-04-25,957.1,963.0,946.3,953.15,1309361
2022-04-26,958.15,980.6,957.05,978.4,1806747
2022-04-27,965.2,980.25,964.0,977.75,1033333
2022-04-28,988.0,990.6,977.95,981.2,1840948
2022-04-29,981.3,994.9,976.5,981.2,1972427
2022-05-02,979.0,989.75,971.8,976.6,1767117
2022-05-04,977.5,983.0,947.05,957.55,2086372
2022-05-05,959.95,967.2,944.0,948.4,2161283
2022-05-06,937.8,946.35,925.4,934.75,1828238
2022-05-09,934.75,942.0,922.0,938.3,2047297
2022-05-10,930.0,939.6,918.55,926.15,1662201
2022-05-11,912.0,942.6,904.25,937.6,5296875
2022-05-12,935.0,937.0,915.5,920.75,2242769
2022-05-13,924.1,940.1,922.2,934.6,1734146
2022-05-16,926.05,945.0,926.05,933.4,1456551
2022-05-17,935.0,941.05,916.2,938.0,2301253
2022-05-18,945.8,961.2,941.35,957.1,2580102
2022-05-19,940.0,953.95,934.4,938.0,1198917
2022-05-20,950.0,982.6,939.0,978.4,2594816
2022-05-23,978.8,987.7,966.45,970.05,1220231
2022-05-24,977.0,977.7,961.75,970.4,1622192
2022-05-25,972.4,985.9,969.45,971.85,1950710
2022-05-26,972.1,977.35,960.25,964.55,1630614
2022-05-27,970.1,977.8,960.0,966.35,1249374
2022-05-30,968.4,992.0,968.0,986.8,2171285
2022-05-31,988.9,1004.9,978.7,992.95,4874664
2022-06-01,994.5,998.65,980.35,983.55,1285579
2022-06-02,977.5,1006.85,977.5,987.1,2639988
2022-06-03,990.05,998.75,957.15,960.95,1057504
2022-06-06,960.95,979.7,960.5,976.05,1412548
2022-06-07,971.55,979.65,962.0,972.75,1759986
2022-06-08,972.0,976.05,956.9,962.95,1874689
2022-06-09,962.9,974.3,955.0,971.95,1405851
2022-06-10,960.0,971.6,960.0,966.8,776457
2022-06-13,955.0,984.75,947.8,954.75,3016612
2022-06-14,955.0,970.8,950.8,964.7,1570434
2022-06-15,965.0,974.9,964.0,968.8,1112618
2022-06-16,976.0,977.75,927.8,940.95,1898194
2022-06-17,932.2,944.55,910.8,914.75,2715476
2022-06-20,914.75,928.15,902.0,925.85,942685
2022-06-21,927.1,944.45,927.1,938.2,521963
2022-06-22,931.0,945.0,912.8,916.9,1698830
2022-06-23,917.0,937.3,914.4,933.35,615616
2022-06-24,933.0,943.5,930.0,933.7,722838
2022-06-27,936.0,946.4,930.55,932.35,846797
2022-06-28,935.0,947.8,921.85,945.1,931109
2022-06-29,937.05,961.9,922.9,947.65,2455089
2022-06-30,944.0,944.0,911.4,917.2,2433648
2022-07-01,911.2,956.05,911.2,949.3,1793834
2022-07-04,944.6,950.0,928.5,930.65,1004832
2022-07-05,935.0,949.65,930.25,937.4,1532205
2022-07-06,940.0,950.0,933.15,945.6,1390651
2022-07-07,950.35,950.35,933.3,935.25,1390277
2022-07-08,942.25,942.25,927.85,935.45,1072803
2022-07-11,938.0,950.0,927.05,947.55,1037956
2022-07-12,941.9,947.35,934.0,935.75,672406
2022-07-13,940.45,958.9,932.15,953.35,1511059
2022-07-14,953.4,968.65,945.15,951.15,1713101
2022-07-15,963.0,968.0,951.5,966.05,1046876
2022-07-18,971.65,975.4,960.05,967.35,846036
2022-07-19,958.2,974.0,955.4,960.65,1162631
2022-07-20,965.7,982.95,958.85,981.5,1627220
2022-07-21,985.0,989.5,966.35,968.5,1681422
2022-07-22,973.5,976.5,967.5,972.1,977238
2022-07-25,976.0,979.8,955.05,959.8,1024751
2022-07-26,959.95,962.0,944.5,955.7,988405
2022-07-27,956.9,976.25,951.8,974.05,904733
2022-07-28,977.0,978.95,964.2,967.45,1043837
2022-07-29,973.7,983.95,953.0,977.4,2941566
2022-08-01,990.0,1031.0,988.3,1004.55,4647912
2022-08-02,1003.65,1006.1,992.0,1004.2,1184696
2022-08-03,1010.0,1028.75,1004.5,1011.85,4052763
2022-08-04,1017.8,1046.9,1015.0,1044.5,2865077
2022-08-05,1040.0,1045.95,1032.0,1034.2,1561405
2022-08-08,1036.2,1039.5,1024.1,1029.55,767289
2022-08-10,1035.55,1046.3,1029.05,1038.35,1293683
2022-08-11,1040.5,1049.0,1035.0,1038.4,838963
2022-08-12,1043.6,1043.6,1022.35,1027.15,1140717
2022-08-16,1027.15,1036.0,1025.25,1034.55,776409
2022-08-17,1039.75,1042.95,1024.2,1025.75,1102323
2022-08-18,1028.5,1034.05,1007.35,1032.2,1201720
2022-08-19,1029.05,1036.6,1020.1,1030.1,654004
2022-08-22,1016.0,1029.85,1015.5,1022.55,993053
2022-08-23,1010.2,1046.8,1010.2,1040.65,1868332
2022-08-24,1041.0,1053.85,1026.05,1037.35,1562062
2022-08-25,1043.95,1043.95,1020.55,1025.75,1112617
2022-08-26,1030.9,1035.7,1018.5,1020.8,1264070
2022-08-29,1000.0,1024.0,991.3,1017.3,1305557
2022-08-30,1018.5,1042.2,1016.1,1038.45,1571042
2022-09-01,1026.0,1044.25,1019.4,1023.0,1528731
2022-09-02,1024.0,1031.2,1012.05,1015.6,1655229
2022-09-05,1012.5,1030.45,1012.0,1025.65,1275368
2022-09-06,1025.0,1042.0,1024.9,1040.85,1369910
2022-09-07,1033.85,1061.85,1033.0,1051.5,2471263
2022-09-08,1058.5,1059.75,1044.0,1056.05,1755391
2022-09-09,1060.0,1065.95,1055.0,1058.3,1092235
2022-09-12,1058.3,1068.5,1057.1,1064.75,936787
2022-09-13,1057.05,1063.0,1052.65,1058.9,1144685
2022-09-14,1040.0,1068.0,1040.0,1059.95,998799
2022-09-15,1060.0,1062.95,1028.5,1033.3,927244
2022-09-16,1038.5,1060.0,1034.0,1043.5,2850439
2022-09-19,1043.95,1043.95,1015.0,1036.3,2073673
2022-09-20,1041.5,1097.55,1039.5,1092.3,2491392
2022-09-21,1100.0,1101.85,1064.25,1070.4,2283817
2022-09-22,1061.15,1071.8,1051.0,1061.9,1634304
2022-09-23,1067.25,1093.0,1063.25,1068.1,3268298
2022-09-26,1065.7,1081.2,1050.85,1065.65,1219450
2022-09-27,1070.95,1104.9,1069.0,1098.7,2343041
2022-09-28,1101.0,1117.7,1087.65,1097.15,3450534
2022-09-29,1100.55,1121.65,1088.1,1115.85,2093772
2022-09-30,1119.75,1128.0,1105.05,1114.95,1834565
2022-10-03,1116.8,1144.9,1115.0,1130.75,2601710
2022-10-04,1138.85,1147.5,1133.0,1144.65,1911413
2022-10-06,1150.4,1150.4,1124.0,1134.45,1561938
2022-10-07,1135.0,1147.2,1129.05,1130.5,1182984
2022-10-10,1110.0,1131.5,1110.0,1118.85,1583891
2022-10-11,1121.8,1127.15,1103.8,1110.1,1538943
2022-10-12,1111.6,1118.05,1099.2,1108.45,1231143
2022-10-13,1108.4,1127.85,1101.1,1103.65,1438932
2022-10-14,1115.1,1120.0,1105.4,1108.9,1131139
2022-10-17,1108.0,1113.05,1098.8,1108.15,1076392
2022-10-18,1113.7,1130.2,1110.3,1125.85,960283
2022-10-19,1131.5,1145.0,1119.1,1122.0,1300144
2022-10-20,1122.0,1142.0,1117.0,1136.8,1633570
2022-10-21,1136.8,1148.0,1132.5,1134.75,1349759
2022-10-24,1145.6,1150.0,1141.55,1146.9,129688
2022-10-25,1147.0,1164.85,1146.9,1155.9,2210622
2022-10-27,1169.95,1180.1,1156.3,1165.9,2359658
2022-10-28,1169.0,1171.8,1151.0,1155.2,1087865
2022-10-31,1161.0,1177.85,1159.05,1167.4,1554670
2022-11-01,1167.5,1185.25,1163.6,1173.4,1491658
2022-11-02,1173.55,1178.4,1156.2,1159.25,1479828
2022-11-03,1152.2,1176.0,1151.1,1163.1,1992697
2022-11-04,1167.85,1175.25,1141.0,1146.1,1712836
2022-11-07,1146.1,1152.0,1116.5,1130.9,2006468
2022-11-09,1141.1,1154.95,1125.0,1129.4,2068940
2022-11-10,1130.0,1152.0,1119.0,1122.3,2028565
2022-11-11,1130.0,1143.85,1116.65,1121.4,1513809
2022-11-14,1124.5,1133.6,1118.2,1129.5,1501491
2022-11-15,1134.95,1134.95,1110.85,1118.75,1262746
2022-11-16,1120.95,1136.45,1117.25,1121.2,1649021
2022-11-17,1125.0,1132.45,1116.45,1119.5,1270387
2022-11-18,1124.0,1127.05,1099.45,1102.4,1486381
2022-11-21,1104.95,1108.2,1093.75,1104.45,1488424
2022-11-22,1107.45,1109.7,1097.2,1104.1,1302811
2022-11-23,1108.9,1124.55,1098.65,1108.0,2192276
2022-11-24,1113.55,1117.65,1092.4,1095.35,2933085
2022-11-25,1093.05,1107.0,1078.5,1105.35,1454838
2022-11-28,1100.0,1110.0,1094.1,1101.75,673339
2022-11-29,1106.0,1125.85,1105.0,1121.15,1899345
2022-11-30,1121.15,1149.0,1120.0,1139.65,2680903
2022-12-01,1145.0,1145.2,1117.0,1124.9,1360439
2022-12-02,1124.9,1124.9,1099.0,1114.35,2586376
2022-12-05,1114.35,1122.55,1108.15,1115.35,1236554
2022-12-06,1115.0,1117.8,1103.4,1109.6,1180968
2022-12-07,1111.0,1122.65,1103.4,1105.3,1031921
2022-12-08,1109.2,1113.0,1103.15,1107.5,808315
2022-12-09,1115.0,1115.85,1101.1,1107.9,994866
2022-12-12,1105.0,1110.0,1093.1,1096.8,1544297
2022-12-13,1096.95,1112.5,1088.2,1109.9,1282727
2022-12-14,1114.0,1119.0,1106.15,1112.7,1013627
2022-12-15,1111.2,1118.1,1099.35,1101.8,710477
2022-12-16,1096.3,1108.0,1086.1,1089.4,1309491
2022-12-19,1090.35,1100.5,1084.45,1096.65,779326
2022-12-20,1096.0,1097.4,1088.45,1091.15,795748
2022-12-21,1096.1,1130.0,1085.65,1128.0,3224730
2022-12-22,1135.0,1147.35,1117.05,1122.45,2070809
2022-12-23,1121.0,1146.95,1113.2,1119.15,2773210
2022-12-26,1127.0,1135.0,1094.0,1096.5,1279529
2022-12-27,1094.05,1104.9,1090.1,1095.85,1209316
2022-12-28,1094.0,1103.15,1084.1,1085.8,872940
2022-12-29,1086.0,1098.0,1070.0,1087.55,1625961
2022-12-30,1094.95,1095.0,1073.5,1075.95,1185711
2023-01-02,1080.25,1082.0,1063.85,1070.95,895053
2023-01-03,1070.05,1080.95,1066.4,1075.9,952230
2023-01-04,1078.95,1081.95,1063.95,1066.9,1369415
2023-01-05,1075.0,1093.2,1067.4,1088.35,1605744
2023-01-06,1088.35,1093.1,1073.5,1076.35,824772
2023-01-09,1081.75,1096.95,1076.9,1087.45,893437
2023-01-10,1086.5,1090.25,1074.85,1078.7,594426
2023-01-11,1078.7,1083.95,1043.0,1047.6,2168577
2023-01-12,1052.8,1064.1,1043.15,1061.15,1188988
2023-01-13,1064.0,1070.6,1053.25,1067.75,1089004
2023-01-16,1070.5,1074.7,1051.0,1059.6,825308
2023-01-17,1062.8,1071.1,1053.35,1069.1,762941
2023-01-18,1068.9,1072.0,1059.35,1063.4,1299797
2023-01-19,1063.5,1069.6,1058.55,1064.85,376954
2023-01-20,1067.0,1067.0,1050.45,1053.45,954230
2023-01-23,1053.4,1064.25,1050.7,1062.55,750581
2023-01-24,1065.0,1074.9,1055.05,1062.15,712627
2023-01-25,1064.9,1068.25,1020.0,1035.25,2226483
2023-01-27,1023.25,1072.95,1023.25,1047.25,2947920
2023-01-30,1057.0,1057.0,1028.5,1034.4,2118395
2023-01-31,1043.0,1043.0,1007.5,1017.95,2705095
2023-02-01,1019.0,1035.9,1015.1,1032.05,1598213
2023-02-02,1026.1,1032.8,1017.3,1025.3,1291262
2023-02-03,1022.0,1027.8,1010.5,1022.3,1617105
2023-02-06,1020.0,1033.6,1010.15,1029.8,979035
2023-02-07,1029.8,1034.85,1021.3,1031.3,965322
2023-02-08,1035.0,1041.2,1019.15,1039.1,746863
2023-02-09,1025.3,1044.6,1020.0,1021.5,1331902
2023-02-10,1021.0,1036.85,1015.05,1033.2,1106858
2023-02-13,1036.0,1040.6,1019.0,1021.95,1042379
2023-02-14,1026.7,1032.45,1017.6,1028.35,759416
2023-02-15,1026.85,1033.45,1016.1,1030.8,662924
2023-02-16,1031.75,1038.0,1028.35,1035.5,667265
2023-02-17,1035.5,1035.75,1021.15,1025.75,1509783
2023-02-20,998.0,998.0,955.25,964.0,5829572
2023-02-21,969.8,979.1,963.5,965.95,2042234
2023-02-22,966.6,972.8,959.05,962.55,1602953
2023-02-23,965.0,967.45,956.0,960.3,1216409
2023-02-24,961.1,966.0,955.0,961.8,1585383
2023-02-27,965.6,968.6,948.65,950.2,1377270
2023-02-28,945.9,945.9,903.1,906.4,5380673
2023-03-01,907.8,910.25,896.0,899.6,3496231
2023-03-02,901.95,903.0,884.5,886.45,1887367
2023-03-03,891.0,892.0,877.0,878.65,1892639
2023-03-06,885.0,885.55,869.05,880.9,4090356
2023-03-08,883.7,883.8,871.1,877.25,2933956
2023-03-09,877.25,896.85,877.0,881.75,6176157
2023-03-10,879.15,884.6,871.3,881.2,1718841
2023-03-13,882.6,889.1,872.15,874.8,1697362
2023-03-14,873.0,883.7,853.85,872.05,2444217
2023-03-15,875.0,883.4,872.6,877.95,1286900
2023-03-16,881.0,890.0,876.75,883.45,2023997
2023-03-17,887.35,888.4,870.0,874.05,2205087
2023-03-20,874.05,876.9,861.8,866.7,997827
2023-03-21,866.8,872.4,860.6,862.35,888443
2023-03-22,864.0,866.0,852.0,863.4,1622488
2023-03-23,868.0,870.9,861.25,869.1,1865868
2023-03-24,869.1,879.0,866.15,877.25,3166046
2023-03-27,881.05,891.35,876.05,889.3,3986238
2023-03-28,891.8,894.25,886.4,889.5,3623017
2023-03-29,893.95,896.6,885.35,887.7,3049688
2023-03-31,888.8,902.7,886.7,900.5,2320879
2023-04-03,910.0,910.0,887.05,891.45,2623264
2023-04-05,889.0,897.35,886.3,895.75,1612376
2023-04-06,899.0,899.75,889.0,893.35,1512783
2023-04-10,896.95,904.5,894.2,901.85,919722
2023-04-11,905.0,908.15,902.0,907.15,1778775
2023-04-12,909.0,920.9,908.2,917.95,3449942
2023-04-13,921.9,923.05,912.3,915.75,1068355
2023-04-17,915.0,917.45,901.1,906.45,2604979
2023-04-18,905.0,925.5,897.0,924.25,1949777
2023-04-19,925.95,925.95,909.0,911.9,1538261
2023-04-20,912.0,913.7,898.95,904.0,4446158
2023-04-21,903.0,918.55,903.0,915.05,3481218
2023-04-24,916.0,917.2,901.15,903.0,1784945
2023-04-25,904.6,912.0,896.3,909.65,2440358
2023-04-26,911.85,914.2,900.05,911.1,1400796
2023-04-27,911.2,917.3,903.0,913.95,2457652
2023-04-28,918.85,919.0,905.15,908.05,2695819
2023-05-02,910.4,921.0,906.1,917.7,1857324
2023-05-03,920.95,924.5,917.0,920.65,2566561
2023-05-04,920.65,935.4,920.65,933.5,3393228
2023-05-05,935.0,935.2,920.85,924.8,2262141
2023-05-08,927.2,934.9,919.65,933.3,3877794
2023-05-09,935.0,943.0,929.1,939.2,2657968
2023-05-10,943.5,946.7,933.2,944.4,1618668
2023-05-11,946.45,947.0,935.0,943.6,1537103
2023-05-12,948.85,953.0,913.0,937.45,3850078
2023-05-15,940.0,940.0,896.85,922.8,5487301
2023-05-16,927.4,942.65,918.4,922.1,2964696
2023-05-17,924.95,932.0,917.0,923.95,1866976
2023-05-18,929.0,929.65,911.55,914.5,1881606
2023-05-19,917.0,922.0,913.0,916.25,1168086
2023-05-22,916.25,931.05,915.45,924.95,1402542
2023-05-23,926.4,932.3,919.5,930.4,1577826
2023-05-24,923.5,939.9,923.5,938.0,1034319
2023-05-25,941.45,947.0,935.0,945.45,2178160
2023-05-26,945.9,952.75,940.5,951.35,1129638
2023-05-29,952.0,959.2,945.1,956.25,1744868
2023-05-30,957.6,961.5,951.0,959.85,1337270
2023-05-31,960.2,965.0,942.3,953.05,3561991
2023-06-01,950.0,966.5,946.75,964.75,1132919
2023-06-02,965.9,969.65,954.65,965.85,1098485
2023-06-05,970.0,976.9,959.15,974.8,1469770
2023-06-06,972.9,974.95,964.05,972.05,2079735
2023-06-07,972.95,977.9,958.5,960.45,1614117
2023-06-08,964.9,969.85,963.0,965.4,1481632
2023-06-09,966.0,971.0,959.15,969.25,717024
2023-06-12,973.25,973.25,955.15,959.95,1239721
2023-06-13,963.0,983.85,957.0,981.5,2158120
2023-06-14,981.5,981.9,972.6,978.7,1830992
2023-06-15,981.95,1000.0,980.6,998.2,1804001
2023-06-16,1000.0,1007.15,993.75,1006.05,1572197
2023-06-19,1006.25,1017.55,999.2,1011.25,1015057
2023-06-20,1013.85,1018.8,1002.6,1011.15,1413571
2023-06-21,1010.2,1013.45,1002.25,1008.9,1140198
2023-06-22,1003.1,1007.0,990.1,998.3,2852669
2023-06-23,999.95,999.95,985.65,989.4,1776614
2023-06-26,989.35,1025.0,989.35,1021.9,2313439
2023-06-27,1024.0,1026.1,1005.0,1009.25,1651238
2023-06-28,1007.0,1018.5,1004.05,1009.9,1653212
2023-06-30,1009.9,1021.45,1005.0,1014.95,1963457
2023-07-03,1020.5,1029.9,999.0,1001.8,1453850
2023-07-04,1007.95,1016.0,996.5,1011.85,1112255
2023-07-05,1017.0,1018.8,1005.4,1010.8,748219
2023-07-06,1012.0,1023.55,1011.4,1021.25,1236819
2023-07-07,1009.45,1028.75,998.05,1020.65,1914093
2023-07-10,1024.0,1026.0,1013.0,1016.7,1142988
2023-07-11,1018.95,1033.5,1018.0,1027.8,814514
2023-07-12,1025.0,1032.9,1019.95,1022.2,1163653
2023-07-13,1027.85,1036.0,1018.05,1020.7,1419223
2023-07-14,1026.15,1034.8,1019.35,1030.9,787233
2023-07-17,1036.2,1039.0,1025.4,1032.65,1047614
2023-07-18,1032.65,1035.2,1019.5,1030.8,780402
2023-07-19,1030.0,1042.0,1022.7,1035.8,1069988
2023-07-20,1038.95,1057.9,1027.0,1056.55,1280545
2023-07-21,1048.9,1062.0,1045.05,1048.95,879037
2023-07-24,1048.95,1053.0,1038.0,1048.95,936947
2023-07-25,1058.0,1061.75,1049.4,1054.75,599999
2023-07-26,1060.0,1082.05,1042.15,1068.5,1854416
2023-07-27,1115.0,1219.4,1108.55,1171.45,14590950
2023-07-28,1171.45,1190.4,1155.7,1177.8,4454009
2023-07-31,1181.8,1184.75,1165.4,1175.0,2221571
2023-08-01,1175.0,1187.3,1168.1,1178.35,1362536
2023-08-02,1185.0,1185.0,1153.55,1168.3,1861901
2023-08-03,1166.05,1178.95,1150.0,1165.85,2574025
2023-08-04,1171.0,1238.7,1171.0,1209.75,8359856
2023-08-07,1195.0,1228.5,1174.2,1223.65,2468250
2023-08-08,1225.0,1269.0,1224.05,1266.45,5064238
2023-08-09,1270.0,1271.65,1252.25,1266.05,2105178
2023-08-10,1266.0,1277.9,1248.1,1258.95,2102129
2023-08-11,1258.3,1258.8,1245.0,1250.2,1286301
2023-08-14,1250.2,1252.0,1231.65,1235.6,830936
2023-08-16,1231.55,1246.0,1226.05,1243.55,1665083
2023-08-17,1235.0,1245.85,1226.05,1241.0,1855386
2023-08-18,1239.0,1257.0,1231.0,1236.4,1292509
2023-08-21,1237.45,1245.3,1230.3,1233.8,1101408
2023-08-22,1233.8,1240.25,1218.05,1221.0,1379445
2023-08-23,1252.05,1259.9,1225.05,1230.65,2562635
2023-08-24,1235.2,1239.65,1217.0,1220.5,848018
2023-08-25,1217.95,1219.9,1205.0,1209.4,887533
2023-08-28,1212.0,1237.0,1211.0,1228.9,1666004
2023-08-29,1232.0,1245.65,1227.3,1229.75,1209087
2023-08-30,1234.7,1256.8,1231.15,1236.15,1282450
2023-08-31,1240.15,1266.1,1223.2,1257.6,3103295
2023-09-01,1264.9,1268.9,1239.65,1245.4,1167597
2023-09-04,1250.3,1255.4,1232.55,1238.85,1126182
2023-09-05,1255.0,1266.0,1235.1,1238.95,2179947
2023-09-06,1246.15,1267.0,1242.6,1256.75,2721714
2023-09-07,1259.0,1261.0,1245.0,1249.3,849621
2023-09-08,1249.5,1262.0,1239.0,1244.6,787710
2023-09-11,1244.6,1252.75,1236.5,1247.35,1162138
2023-09-12,1247.95,1259.9,1234.95,1239.8,1132283
2023-09-13,1242.0,1250.0,1223.3,1228.5,1627384
2023-09-14,1230.0,1244.25,1225.0,1233.75,1713142
2023-09-15,1234.8,1241.95,1228.3,1235.5,1938487
2023-09-18,1240.95,1257.6,1237.05,1240.55,1864030
2023-09-20,1243.25,1252.6,1236.0,1239.7,1701959
2023-09-21,1232.0,1240.25,1204.0,1206.4,1895731
2023-09-22,1207.4,1209.1,1168.55,1185.9,2796199
2023-09-25,1186.0,1197.15,1177.0,1179.35,1267600
2023-09-26,1181.0,1185.0,1161.5,1163.65,1056359
2023-09-27,1187.0,1189.0,1170.1,1180.5,2165043
2023-09-28,1180.5,1185.0,1158.9,1164.05,1303811
2023-09-29,1169.9,1199.2,1165.0,1186.15,1878381
2023-10-03,1184.0,1185.7,1170.95,1182.8,1581125
2023-10-04,1178.1,1185.0,1161.3,1167.05,999123
2023-10-05,1170.1,1172.95,1155.25,1161.1,1446743
2023-10-06,1165.0,1181.7,1160.45,1163.0,928951
2023-10-09,1159.0,1166.85,1151.65,1159.5,822110
2023-10-10,1160.1,1163.6,1150.5,1155.05,822199
2023-10-11,1151.0,1175.0,1146.5,1171.95,1465239
2023-10-12,1179.05,1186.35,1152.45,1157.9,2533930
2023-10-13,1156.0,1169.2,1150.0,1167.75,940547
2023-10-16,1166.3,1170.1,1158.8,1164.4,802207
2023-10-17,1168.0,1178.05,1160.65,1173.5,877856
2023-10-18,1185.0,1219.45,1176.15,1210.6,7367540
2023-10-19,1210.5,1225.0,1189.65,1223.3,2157683
2023-10-20,1221.85,1221.85,1198.25,1200.2,692067
2023-10-23,1200.0,1210.2,1178.45,1183.8,957929
2023-10-25,1184.5,1188.75,1154.05,1157.45,1433911
2023-10-26,1154.8,1155.0,1132.0,1150.85,2016469
2023-10-27,1152.0,1197.9,1149.25,1174.25,1775011
2023-10-30,1186.0,1212.4,1177.5,1193.45,2853500
2023-10-31,1199.95,1206.1,1191.1,1200.0,1720955
2023-11-01,1200.0,1208.7,1186.55,1201.25,1051902
2023-11-02,1205.5,1211.85,1194.65,1208.5,1556467
2023-11-03,1215.0,1219.75,1204.0,1206.35,772013
2023-11-06,1211.95,1217.0,1197.25,1204.1,1262938
2023-11-07,1205.0,1217.5,1200.75,1216.45,1210644
2023-11-08,1222.0,1242.4,1220.0,1241.0,1107006
2023-11-09,1242.0,1245.0,1232.0,1238.15,751433
2023-11-10,1237.85,1242.0,1230.0,1240.1,576673
2023-11-12,1246.0,1248.9,1238.0,1243.95,119172
2023-11-13,1243.0,1243.0,1230.65,1240.55,689808
2023-11-15,1260.0,1260.0,1237.7,1241.75,1323010
2023-11-16,1241.05,1246.3,1232.65,1234.8,1251094
2023-11-17,1236.0,1256.1,1235.5,1249.4,992848
2023-11-20,1241.5,1256.0,1241.0,1247.1,848916
2023-11-21,1246.95,1255.0,1242.15,1253.25,594738
2023-11-22,1256.95,1283.55,1254.0,1271.5,1735497
2023-11-23,1270.0,1270.0,1164.55,1170.65,7643376
2023-11-24,1190.05,1205.0,1178.0,1198.65,5331201
2023-11-28,1200.0,1202.75,1188.0,1192.3,1691543
2023-11-29,1198.75,1206.8,1191.75,1201.55,2173427
2023-11-30,1200.0,1217.65,1198.1,1212.3,3219799
2023-12-01,1213.45,1217.85,1203.5,1205.7,1078680
2023-12-04,1212.3,1219.1,1206.25,1216.5,2097408
2023-12-05,1222.6,1229.0,1216.0,1224.45,2132150
2023-12-06,1225.0,1229.85,1201.0,1205.2,1416770
2023-12-07,1206.0,1225.0,1197.0,1222.8,1269290
2023-12-08,1225.0,1231.2,1204.0,1219.1,1453955
2023-12-11,1217.6,1218.95,1195.05,1202.3,1565455
2023-12-12,1210.6,1214.25,1195.2,1198.65,899911
2023-12-13,1198.65,1217.95,1195.2,1216.5,1809563
2023-12-14,1219.05,1222.55,1201.1,1204.65,1809248
2023-12-15,1215.0,1217.6,1202.85,1207.1,1976112
2023-12-18,1205.6,1218.95,1192.1,1216.8,1995091
2023-12-19,1219.45,1240.15,1212.2,1237.1,1738507
2023-12-20,1239.0,1248.0,1231.0,1236.2,2484819
2023-12-21,1236.2,1236.2,1205.85,1221.85,1580136
2023-12-22,1230.05,1242.5,1221.65,1235.6,1969524
2023-12-26,1240.0,1250.0,1231.85,1244.95,820163
2023-12-27,1247.0,1250.35,1236.7,1239.75,2528609
2023-12-28,1239.75,1263.8,1239.75,1260.8,2592699
2023-12-29,1264.0,1267.6,1242.05,1246.3,1794218
2024-01-01,1252.45,1256.8,1246.7,1251.0,343584
2024-01-02,1255.1,1285.0,1252.1,1281.55,2589484
2024-01-03,1291.0,1307.0,1274.05,1300.15,2357093
2024-01-04,1304.0,1308.0,1286.65,1296.65,1248143
2024-01-05,1300.0,1301.55,1276.15,1286.9,1013196
2024-01-08,1296.65,1297.0,1266.2,1271.75,740848
2024-01-09,1284.0,1295.0,1273.4,1289.35,1133466
2024-01-10,1296.0,1331.5,1294.3,1329.2,3625567
2024-01-11,1339.85,1340.0,1323.05,1325.65,1097204
2024-01-12,1324.2,1325.65,1300.4,1308.0,2051301
2024-01-15,1316.0,1327.75,1306.6,1313.15,762036
2024-01-16,1313.15,1314.4,1298.25,1302.35,1030845
2024-01-17,1299.35,1312.9,1282.1,1294.0,2073596
2024-01-18,1285.05,1327.2,1267.9,1322.95,1723297
2024-01-19,1330.95,1330.95,1316.6,1327.95,1135846
2024-01-20,1335.65,1337.95,1307.05,1316.25,353704
2024-01-23,1385.0,1425.0,1368.7,1409.0,7556815
2024-01-24,1409.0,1423.05,1394.85,1417.35,1808713
2024-01-25,1413.35,1413.45,1353.5,1369.65,1801468
2024-01-29,1365.0,1365.0,1325.3,1336.85,2480508
2024-01-30,1345.0,1352.0,1314.15,1317.1,1908926
2024-01-31,1317.1,1352.9,1312.0,1351.0,1723379
2024-02-01,1359.7,1394.85,1352.05,1387.65,2784507
2024-02-02,1387.0,1404.7,1385.0,1392.65,1161705
2024-02-05,1400.65,1447.0,1394.3,1433.9,2369316
2024-02-06,1444.85,1445.9,1412.55,1425.45,979752
2024-02-07,1436.0,1444.5,1420.85,1438.75,890299
2024-02-08,1448.0,1457.7,1417.65,1420.2,1447767
2024-02-09,1428.1,1447.55,1417.05,1439.75,1215784
2024-02-12,1440.0,1452.75,1425.0,1434.75,453460
2024-02-13,1439.0,1463.55,1430.0,1457.75,981536
2024-02-14,1454.8,1454.8,1410.45,1425.35,1113254
2024-02-15,1425.35,1437.95,1412.0,1422.35,1402161
2024-02-16,1430.0,1449.0,1425.9,1440.7,857301
2024-02-19,1444.95,1473.6,1438.95,1470.35,888909
2024-02-20,1475.0,1479.0,1436.0,1451.65,1550412
2024-02-21,1452.0,1462.5,1433.45,1447.3,1074054
2024-02-22,1455.55,1456.0,1420.55,1453.3,1582836
2024-02-23,1456.15,1482.35,1449.75,1466.4,1308103
2024-02-26,1473.5,1481.2,1461.55,1469.85,898290
2024-02-27,1473.45,1491.0,1469.7,1487.45,1231196
2024-02-28,1491.45,1493.95,1470.0,1477.0,1083605
2024-02-29,1475.95,1490.0,1451.4,1480.35,4923680
2024-03-01,1494.0,1494.0,1460.0,1470.9,1982189
2024-03-02,1486.0,1492.0,1474.35,1482.3,80914
2024-03-04,1483.0,1495.3,1469.75,1471.5,1147249
2024-03-05,1465.15,1479.7,1452.8,1473.45,1306046
2024-03-06,1476.0,1489.9,1448.15,1485.25,1158132
2024-03-07,1485.25,1490.45,1475.5,1483.15,1569074
2024-03-11,1493.0,1519.0,1488.55,1504.1,2183994
2024-03-12,1512.0,1514.0,1460.0,1465.75,1855916
2024-03-13,1470.0,1479.0,1449.0,1471.25,1720173
2024-03-14,1467.1,1501.45,1454.35,1496.65,1748907
2024-03-15,1494.8,1496.2,1466.05,1488.05,1537072
2024-03-18,1489.0,1495.85,1471.0,1488.45,996530
2024-03-19,1482.55,1486.8,1431.1,1435.7,1647925
2024-03-20,1435.8,1444.9,1415.6,1417.4,1728210
2024-03-21,1427.0,1455.1,1420.2,1448.7,1699939
2024-03-22,1453.0,1489.6,1451.05,1481.25,1746930
2024-03-26,1473.0,1481.25,1460.0,1472.25,1635695
2024-03-27,1484.0,1496.0,1458.0,1463.35,1642266
2024-03-28,1472.0,1514.2,1461.15,1496.95,2110407
2024-04-01,1510.0,1510.0,1493.8,1498.65,563831
2024-04-02,1502.9,1502.9,1483.3,1489.4,614238
2024-04-03,1493.35,1501.55,1467.0,1471.5,1465540
2024-04-04,1479.0,1481.2,1445.1,1459.55,1474799
2024-04-05,1439.0,1474.0,1437.5,1449.4,1211684
2024-04-08,1457.15,1472.85,1449.4,1462.45,1039235
2024-04-09,1467.75,1470.0,1447.1,1450.3,1225255
2024-04-10,1453.15,1455.3,1406.0,1422.95,2493253
2024-04-12,1423.0,1424.85,1388.0,1396.8,2190583
2024-04-15,1389.95,1399.0,1375.55,1381.4,1125072
2024-04-16,1385.0,1391.95,1371.55,1375.2,1433760
2024-04-18,1376.0,1383.65,1342.4,1347.3,2974196
2024-04-19,1347.0,1357.7,1335.0,1345.75,1173025
2024-04-22,1350.25,1361.95,1348.0,1354.85,974434
2024-04-23,1369.75,1369.75,1344.5,1346.7,1031497
2024-04-24,1353.45,1401.9,1352.2,1398.2,4415480
2024-04-25,1407.0,1410.45,1384.1,1406.2,2027213
2024-04-26,1413.1,1417.2,1401.25,1409.15,695034
2024-04-29,1419.0,1420.1,1392.4,1408.0,1082487
2024-04-30,1415.05,1418.95,1395.05,1400.0,1327606
2024-05-02,1400.0,1426.0,1398.15,1420.05,1540210
2024-05-03,1428.0,1434.0,1415.2,1424.75,804513
2024-05-06,1431.0,1431.85,1405.05,1423.4,929301
2024-05-07,1423.4,1428.85,1377.75,1387.2,1085239
2024-05-08,1375.05,1398.15,1375.05,1384.75,1497782
2024-05-09,1387.85,1392.2,1353.0,1358.8,1152636
2024-05-10,1371.35,1396.9,1317.25,1339.55,5080539
2024-05-13,1371.0,1425.95,1369.55,1414.65,7910590
2024-05-14,1410.0,1410.0,1350.1,1357.35,3721994
2024-05-15,1395.0,1428.45,1386.7,1406.7,7893092
2024-05-16,1409.0,1425.9,1387.3,1421.1,3226214
2024-05-17,1417.1,1419.9,1396.4,1399.05,3443452
2024-05-18,1403.9,1407.3,1400.25,1404.05,60540
2024-05-21,1410.0,1445.95,1396.4,1442.3,2939271
2024-05-22,1450.95,1494.8,1437.25,1482.3,4216347
2024-05-23,1482.0,1504.55,1462.7,1489.15,4389470
2024-05-24,1489.15,1493.9,1479.05,1486.45,758326
2024-05-27,1491.0,1492.55,1475.2,1478.65,1393334
2024-05-28,1482.95,1494.75,1475.2,1479.45,784496
2024-05-29,1475.25,1497.6,1472.6,1493.55,1607691
2024-05-30,1495.05,1496.55,1454.0,1466.6,1732140
2024-05-31,1466.95,1472.7,1440.0,1447.2,3270743
2024-06-03,1482.0,1483.0,1446.05,1452.35,1335614
2024-06-04,1460.0,1476.95,1418.55,1462.55,2049577
2024-06-05,1490.0,1514.0,1466.85,1496.95,1834280
2024-06-06,1500.0,1501.0,1464.0,1477.0,1605122
2024-06-07,1484.0,1503.4,1479.3,1497.25,1591055
2024-06-10,1506.9,1540.85,1502.0,1534.25,2751606
2024-06-11,1545.0,1546.45,1527.0,1530.25,1699446
2024-06-12,1542.45,1549.0,1532.0,1540.95,1578793
2024-06-13,1550.0,1551.0,1520.4,1544.55,1525789
2024-06-14,1545.0,1567.0,1535.8,1564.75,1845043
2024-06-18,1570.0,1576.95,1563.6,1574.8,2068897
2024-06-19,1577.4,1582.0,1553.4,1559.8,1881544
2024-06-20,1558.0,1559.15,1540.0,1544.85,1705002
2024-06-21,1549.9,1562.9,1533.5,1541.55,2613883
2024-06-24,1528.0,1528.0,1495.05,1504.4,1283529
2024-06-25,1511.6,1517.8,1495.5,1499.7,1199626
2024-06-26,1503.7,1507.2,1475.0,1479.1,1930909
2024-06-27,1481.0,1486.2,1465.3,1480.9,2792582
2024-06-28,1486.3,1492.2,1476.05,1480.8,2087765
2024-07-01,1484.95,1493.7,1472.2,1479.1,1313651
2024-07-02,1480.0,1492.75,1479.25,1488.65,1191962
2024-07-03,1494.0,1500.0,1474.6,1483.75,1061247
2024-07-04,1477.75,1488.95,1467.0,1480.75,1498413
2024-07-05,1487.0,1516.0,1486.0,1509.9,2188675
2024-07-08,1516.0,1524.65,1483.2,1487.05,1524489
2024-07-09,1496.9,1515.0,1487.3,1512.05,1791406
2024-07-10,1512.1,1517.25,1492.25,1513.2,671042
2024-07-11,1517.0,1519.0,1495.0,1506.0,1314312
2024-07-12,1506.05,1515.0,1502.4,1512.05,1192685
2024-07-15,1516.6,1531.95,1513.25,1517.2,1825510
2024-07-16,1517.2,1524.45,1503.1,1510.4,963199
2024-07-18,1497.0,1513.0,1485.6,1506.65,2169744
2024-07-19,1501.6,1506.0,1480.2,1485.5,868261
2024-07-22,1475.05,1507.05,1470.65,1490.0,1328847
2024-07-23,1490.0,1504.0,1475.15,1497.9,1241630
2024-07-24,1495.35,1511.3,1485.0,1503.5,2266300
2024-07-25,1498.0,1508.7,1489.8,1500.05,2200932
2024-07-26,1504.75,1600.0,1501.0,1575.0,4687416
2024-07-29,1588.0,1589.0,1528.8,1553.95,3983153
2024-07-30,1554.0,1564.05,1526.0,1528.9,2988651
2024-07-31,1530.1,1548.55,1523.55,1544.3,1645138
2024-08-01,1545.95,1552.5,1535.55,1546.2,1529481
2024-08-02,1529.0,1541.4,1523.7,1528.8,1353707
2024-08-05,1472.0,1527.95,1472.0,1515.05,1719770
2024-08-06,1513.0,1542.35,1505.7,1531.9,1775016
2024-08-07,1532.1,1556.9,1532.1,1553.55,1359682
2024-08-08,1545.0,1589.65,1545.0,1569.95,3541556
2024-08-09,1574.8,1581.2,1561.5,1574.75,956684
2024-08-12,1574.7,1593.0,1571.05,1586.25,1731555
2024-08-13,1600.0,1606.7,1580.0,1583.45,2281463
2024-08-14,1597.0,1597.0,1555.0,1563.8,896638
2024-08-16,1567.0,1580.45,1560.0,1576.1,909870
2024-08-19,1578.45,1584.95,1569.7,1575.5,742635
2024-08-20,1576.5,1579.0,1558.2,1562.85,1413845
2024-08-21,1565.65,1596.15,1561.0,1594.6,1074905
2024-08-22,1599.0,1599.0,1576.05,1585.8,906819
2024-08-23,1580.05,1585.8,1568.45,1574.55,770573
2024-08-26,1570.0,1596.0,1566.55,1593.95,658120
2024-08-27,1586.5,1619.8,1586.5,1598.05,1570234
2024-08-28,1604.0,1630.0,1595.2,1618.2,1433847
2024-08-29,1622.0,1642.3,1609.0,1618.55,2749546
2024-08-30,1615.0,1663.7,1615.0,1654.9,3296701
2024-09-02,1669.0,1681.6,1642.0,1646.65,1306971
2024-09-03,1643.3,1659.85,1643.3,1653.2,1264708
2024-09-04,1635.05,1658.0,1630.8,1651.9,1019049
2024-09-05,1651.1,1659.95,1623.4,1627.75,1081756
2024-09-06,1627.75,1631.95,1608.05,1611.05,913336
2024-09-09,1611.05,1636.8,1610.0,1620.15,1003511
2024-09-10,1633.0,1644.35,1624.3,1632.0,1248269
2024-09-11,1627.1,1652.3,1624.25,1628.35,1243738
2024-09-12,1635.0,1660.0,1630.55,1657.25,1728200
2024-09-13,1658.9,1669.2,1643.5,1659.7,747149
2024-09-16,1661.2,1671.85,1654.15,1659.4,683436
2024-09-17,1660.0,1683.0,1656.7,1671.8,958137
2024-09-18,1673.0,1673.0,1638.05,1651.6,1084127
2024-09-19,1660.0,1668.0,1632.75,1637.7,2048750
2024-09-20,1645.9,1652.6,1609.8,1638.65,2504382
2024-09-23,1646.85,1664.85,1638.0,1658.15,1129445
2024-09-24,1625.0,1659.6,1624.95,1637.55,1476260
2024-09-25,1638.0,1649.0,1618.25,1643.2,759761
2024-09-26,1643.2,1652.45,1602.3,1621.8,2613098
2024-09-27,1630.15,1679.05,1630.0,1672.5,3866952
2024-09-30,1675.0,1678.9,1646.3,1654.1,1313437
2024-10-01,1660.0,1667.05,1651.55,1664.85,945740
2024-10-03,1661.25,1678.0,1640.35,1656.55,1533472
2024-10-04,1645.1,1656.4,1577.3,1623.3,2371220
2024-10-07,1623.0,1644.85,1612.05,1624.65,1553239
2024-10-08,1624.65,1653.2,1623.85,1640.7,1239808
2024-10-09,1630.5,1702.05,1630.5,1680.5,1671718
2024-10-10,1693.95,1694.0,1614.1,1618.9,2288313
2024-10-11,1602.1,1613.8,1573.75,1595.75,1894245
2024-10-14,1600.0,1605.95,1571.05,1598.45,2301224
2024-10-15,1601.9,1604.95,1568.0,1571.75,2206500
2024-10-16,1561.4,1573.0,1550.4,1562.2,2519123
2024-10-17,1562.2,1578.7,1552.15,1558.7,1498368
2024-10-18,1549.05,1562.05,1536.35,1551.7,1879293
2024-10-21,1552.0,1561.25,1517.15,1523.75,1297970
2024-10-22,1523.0,1526.7,1501.5,1510.35,1757792
2024-10-23,1504.75,1514.1,1482.3,1485.6,1925211
2024-10-24,1496.0,1508.0,1482.05,1492.3,1178365
2024-10-25,1492.3,1506.75,1478.8,1488.9,1175088
2024-10-28,1496.8,1513.2,1471.7,1503.15,928896
2024-10-29,1510.0,1517.15,1450.0,1477.55,3475282
2024-10-30,1440.0,1440.0,1403.0,1418.25,5064434
2024-10-31,1560.05,1565.95,1518.05,1551.75,17447689
2024-11-01,1565.1,1573.45,1551.75,1559.55,538362
2024-11-04,1584.0,1602.95,1563.0,1584.6,4190449
2024-11-05,1583.6,1609.95,1577.65,1601.2,2238168
2024-11-06,1610.2,1612.35,1581.0,1594.05,2074821
2024-11-07,1600.0,1602.0,1558.55,1576.15,1512145
2024-11-08,1575.1,1597.75,1568.7,1592.6,1718495
2024-11-11,1590.1,1599.75,1544.5,1552.8,1725382
2024-11-12,1551.05,1556.95,1521.95,1525.15,2782808
2024-11-13,1516.5,1525.9,1501.2,1505.6,1552443
2024-11-14,1497.0,1517.0,1490.25,1499.75,1469143
2024-11-18,1497.5,1505.15,1460.85,1465.25,1760344
2024-11-19,1465.0,1485.85,1456.85,1471.55,1116002
2024-11-21,1470.0,1478.1,1453.85,1465.5,1363706
2024-11-22,1466.0,1496.15,1460.05,1486.5,704859
2024-11-25,1495.9,1507.5,1487.5,1503.3,2453548
2024-11-26,1515.0,1515.0,1490.05,1492.7,873585
2024-11-27,1487.1,1502.0,1468.5,1491.15,1676606
2024-11-28,1485.1,1505.0,1473.9,1492.75,4358321
2024-11-29,1490.0,1547.7,1490.0,1533.9,3256635
2024-12-02,1532.0,1548.5,1504.3,1507.7,5328936
2024-12-03,1517.05,1549.4,1508.5,1533.9,1951182
2024-12-04,1530.0,1536.75,1492.25,1500.85,2971135
2024-12-05,1507.0,1507.0,1470.1,1498.25,4084059
2024-12-06,1513.25,1513.25,1476.0,1477.4,3768932
2024-12-09,1480.0,1484.75,1467.3,1469.0,2144057
2024-12-10,1476.95,1479.0,1452.3,1455.2,3397465
2024-12-11,1456.1,1467.9,1448.0,1454.1,2448702
2024-12-12,1460.0,1461.35,1438.6,1445.4,2651833
2024-12-13,1445.1,1449.5,1423.8,1447.3,1318852
2024-12-16,1448.0,1457.55,1436.1,1448.45,2076469
2024-12-17,1470.0,1483.0,1448.0,1450.85,3500888
2024-12-18,1455.0,1482.95,1453.2,1472.4,2499842
2024-12-19,1450.0,1510.05,1449.9,1506.55,3426222
2024-12-20,1506.55,1506.6,1469.05,1472.05,2196991
2024-12-23,1473.95,1491.0,1458.8,1476.05,760728
2024-12-24,1476.0,1487.6,1461.3,1475.75,909994
2024-12-26,1475.75,1494.95,1466.25,1490.55,1254464
2024-12-27,1488.6,1512.75,1484.0,1506.6,1446303
2024-12-30,1509.0,1526.7,1495.1,1521.4,1501086
2024-12-31,1517.9,1535.95,1514.6,1529.0,1664122
2025-01-01,1531.95,1547.85,1518.7,1529.1,1578715
2025-01-02,1534.9,1543.45,1527.25,1537.9,1448048
2025-01-03,1539.0,1539.0,1505.1,1511.25,1581838
2025-01-06,1500.0,1509.25,1479.5,1491.4,981443
2025-01-07,1490.0,1510.0,1487.95,1497.45,1045516
2025-01-08,1504.9,1513.0,1487.55,1494.9,1277871
2025-01-09,1490.1,1499.4,1481.0,1488.2,995821
2025-01-10,1483.1,1497.7,1465.15,1468.8,930723
2025-01-13,1460.0,1463.95,1436.35,1439.2,873093
2025-01-14,1436.0,1451.95,1434.45,1447.75,1028726
2025-01-15,1454.95,1455.0,1429.85,1447.2,1126634
2025-01-16,1451.75,1454.3,1430.85,1443.5,1080833
2025-01-17,1443.5,1449.65,1434.0,1442.3,658778
2025-01-20,1442.3,1449.55,1428.9,1445.45,738447
2025-01-21,1450.5,1464.8,1425.0,1428.0,820225
2025-01-22,1431.1,1440.95,1420.2,1439.4,808605
2025-01-23,1432.55,1458.2,1432.55,1451.15,1070838
2025-01-24,1445.25,1451.0,1408.0,1411.4,1615412
2025-01-27,1408.1,1414.9,1384.2,1396.1,1448841
2025-01-28,1395.05,1473.0,1366.1,1420.6,5627159
2025-01-29,1440.0,1455.0,1410.6,1423.95,3775947
2025-01-30,1431.0,1469.8,1426.0,1457.45,1773294
2025-01-31,1460.0,1491.0,1452.1,1479.4,2083385
2025-02-01,1479.4,1486.5,1427.25,1439.5,1306859
2025-02-03,1435.0,1439.3,1406.15,1420.55,1757831
2025-02-04,1425.9,1463.25,1423.5,1449.05,1750660
2025-02-05,1457.85,1458.0,1429.3,1436.8,2516488
2025-02-06,1443.95,1475.3,1438.15,1471.5,2918537
2025-02-07,1473.5,1481.85,1455.0,1472.25,1445335
2025-02-10,1476.2,1477.6,1431.55,1458.85,1282801
2025-02-11,1465.0,1468.0,1443.4,1453.15,1938792
2025-02-12,1453.15,1462.3,1435.15,1449.2,1791670
2025-02-13,1449.2,1493.0,1447.1,1472.15,1879916
2025-02-14,1478.0,1480.15,1438.55,1459.45,1703559
2025-02-17,1457.45,1480.7,1451.3,1474.65,1113888
2025-02-18,1474.65,1483.85,1466.1,1482.1,967394
2025-02-19,1454.95,1474.0,1426.35,1464.15,1210464
2025-02-20,1462.0,1483.0,1461.5,1479.7,1652209
2025-02-21,1489.0,1502.0,1468.65,1475.75,1413123
2025-02-24,1460.0,1489.0,1457.6,1476.75,1403090
2025-02-25,1471.0,1482.4,1454.6,1463.35,992994
2025-02-27,1452.0,1464.3,1436.0,1441.15,1260808
2025-02-28,1440.0,1448.7,1400.0,1407.5,3340343
2025-03-03,1400.0,1418.1,1396.0,1407.55,854264
2025-03-04,1402.45,1405.0,1389.3,1401.8,1456530
2025-03-05,1395.1,1431.9,1393.1,1419.75,2187830
2025-03-06,1424.95,1464.45,1419.75,1461.75,1525159
2025-03-07,1465.95,1471.1,1451.55,1458.45,678497
2025-03-10,1458.35,1482.2,1457.0,1462.75,905854
2025-03-11,1448.0,1459.0,1438.0,1445.75,1231247
2025-03-12,1442.0,1457.0,1437.75,1454.3,1254797
2025-03-13,1456.4,1465.7,1445.65,1461.9,804032
2025-03-17,1459.85,1496.95,1455.7,1492.6,1329904
2025-03-18,1499.1,1512.0,1496.8,1508.65,1571087
2025-03-19,1515.0,1515.0,1496.5,1499.15,1015731
2025-03-20,1499.65,1517.6,1495.45,1512.05,984355
2025-03-21,1513.9,1528.9,1510.0,1523.85,2846648
2025-03-24,1525.05,1535.0,1515.2,1524.05,826040
2025-03-25,1530.0,1534.0,1505.05,1511.2,1092805
2025-03-26,1507.0,1512.35,1472.3,1476.2,1375794
2025-03-27,1464.7,1489.0,1462.4,1482.9,1848444
2025-03-28,1475.0,1478.65,1434.45,1442.2,1495932
2025-04-01,1438.55,1466.0,1429.0,1444.25,1080262
2025-04-02,1441.0,1464.0,1428.4,1452.35,1054143
2025-04-03,1482.0,1523.3,1480.0,1495.7,3488899
2025-04-04,1495.7,1495.7,1390.05,1415.25,2768438
2025-04-07,1336.0,1401.35,1335.0,1384.7,1604721
2025-04-08,1394.8,1437.6,1382.65,1432.55,1324180
2025-04-09,1416.5,1423.0,1396.05,1415.6,1701314
2025-04-11,1460.0,1488.5,1448.55,1463.05,2311803
2025-04-15,1482.2,1485.9,1462.1,1481.8,1720323
2025-04-16,1467.1,1499.0,1464.4,1496.4,1023697
2025-04-17,1498.0,1522.0,1486.0,1515.2,1211601
2025-04-21,1525.0,1525.0,1505.0,1511.1,570266
2025-04-22,1514.9,1534.7,1502.7,1528.2,954974
2025-04-23,1533.0,1539.0,1516.0,1533.7,819016
2025-04-24,1533.7,1556.0,1524.9,1551.7,1590469
2025-04-25,1556.0,1566.7,1513.5,1525.9,1353813
2025-04-28,1525.9,1565.0,1525.9,1555.1,1207247
2025-04-29,1555.0,1560.6,1531.0,1541.5,1385331
2025-04-30,1542.0,1570.8,1538.0,1550.1,2315010
2025-05-02,1537.5,1552.5,1513.5,1525.6,2020145
2025-05-05,1532.0,1549.0,1528.3,1542.9,786898
2025-05-06,1530.0,1531.9,1495.0,1511.4,1788719
2025-05-07,1500.0,1517.8,1499.4,1508.8,1424662
2025-05-08,1500.0,1508.7,1477.9,1486.8,2773328
2025-05-09,1469.9,1486.4,1463.7,1480.0,1042380
2025-05-12,1478.0,1516.9,1462.2,1511.6,1706217
2025-05-13,1515.0,1539.9,1497.1,1520.1,4042184
2025-05-14,1495.0,1505.9,1474.6,1494.8,3417567
2025-05-15,1495.0,1512.9,1475.0,1502.2,3918531
2025-05-16,1509.7,1510.2,1492.0,1499.9,1660861
2025-05-19,1499.9,1511.7,1489.0,1491.6,1857648
2025-05-20,1495.4,1497.8,1451.2,1454.4,3573210
2025-05-21,1459.0,1491.0,1454.6,1482.4,2001251
2025-05-22,1483.0,1489.7,1460.1,1468.5,1804507
2025-05-23,1468.5,1489.0,1461.0,1484.2,915286
2025-05-26,1486.1,1493.9,1478.5,1484.2,885022
2025-05-27,1485.7,1491.9,1475.8,1480.5,881728
2025-05-28,1485.0,1486.0,1465.0,1468.5,1090511
2025-05-29,1475.0,1479.5,1463.0,1476.9,1384536
2025-05-30,1476.0,1489.0,1457.1,1465.7,7040777
2025-06-02,1468.0,1474.8,1458.0,1470.2,962897
2025-06-03,1472.4,1479.4,1460.4,1473.2,870331
2025-06-04,1473.2,1488.0,1465.9,1471.9,1297075
2025-06-05,1476.0,1498.8,1475.0,1489.8,1570159
2025-06-06,1489.8,1505.9,1484.0,1504.2,861882
2025-06-09,1511.7,1511.7,1497.0,1506.6,689631
2025-06-10,1508.9,1513.2,1505.0,1510.8,929786
2025-06-11,1512.5,1527.9,1509.4,1521.7,1046396
2025-06-12,1527.0,1537.9,1494.5,1502.8,1199034
2025-06-13,1480.0,1510.5,1480.0,1505.2,874315
2025-06-16,1501.9,1541.0,1499.8,1527.0,2679763
2025-06-17,1527.0,1533.4,1495.5,1503.5,1334810
2025-06-18,1503.5,1512.9,1495.9,1498.1,1075494
2025-06-19,1502.4,1509.8,1480.2,1484.0,1124204
2025-06-20,1484.0,1508.2,1481.1,1499.7,1917041
2025-06-23,1499.7,1504.9,1482.1,1499.1,657381
2025-06-24,1506.7,1518.3,1500.2,1502.4,1351552
2025-06-25,1509.9,1518.0,1500.0,1510.0,1032762
2025-06-26,1511.0,1522.4,1503.0,1513.8,1440423
2025-06-27,1502.0,1508.7,1492.0,1502.4,1851991
2025-06-30,1509.4,1514.7,1500.2,1505.9,1053681
2025-07-01,1505.9,1517.7,1496.2,1515.7,1112637
2025-07-02,1515.7,1525.0,1493.3,1497.6,1273704
2025-07-03,1504.0,1513.2,1498.8,1508.7,869963
2025-07-04,1508.4,1521.0,1503.9,1513.3,1118483
2025-07-07,1516.0,1519.2,1506.5,1510.5,1061434
2025-07-08,1505.5,1510.5,1477.1,1488.3,2197699
2025-07-09,1486.0,1501.7,1486.0,1491.7,1364142
2025-07-10,1489.0,1490.9,1463.2,1477.8,2178068
2025-07-11,1480.0,1490.5,1470.0,1485.0,920651
2025-07-14,1488.9,1492.5,1476.0,1484.0,1554680
2025-07-15,1483.8,1492.4,1469.4,1490.9,1203850
2025-07-16,1485.0,1485.0,1468.2,1475.8,1569604
2025-07-17,1475.0,1489.0,1472.0,1482.4,1349535
2025-07-18,1481.1,1484.8,1470.0,1482.3,1001794
2025-07-21,1481.1,1482.5,1468.5,1473.9,1198993
2025-07-22,1475.0,1479.4,1454.5,1464.4,1908949
2025-07-23,1465.3,1476.5,1462.4,1473.5,1268156
2025-07-24,1470.5,1490.0,1470.3,1487.9,1389152
2025-07-25,1485.0,1553.7,1469.0,1532.5,5226395
2025-07-28,1541.2,1577.0,1520.5,1572.0,3843168
2025-07-29,1563.4,1579.4,1559.6,1574.0,1303888
2025-07-30,1574.3,1579.9,1551.2,1559.4,1390012
2025-07-31,1540.0,1564.7,1536.6,1554.6,2457841
2025-08-01,1544.0,1549.7,1494.0,1502.8,2109707
2025-08-04,1510.0,1519.3,1505.0,1515.1,549494
2025-08-05,1513.5,1517.3,1491.1,1499.8,1156528
2025-08-06,1498.8,1498.8,1475.0,1486.7,1157300
2025-08-07,1476.1,1499.8,1464.1,1491.0,1882304
2025-08-08,1483.0,1493.8,1478.3,1485.8,920270
2025-08-11,1488.0,1514.0,1480.2,1504.8,898160
2025-08-12,1504.0,1524.9,1501.1,1521.6,910349
2025-08-13,1521.6,1567.8,1520.4,1561.0,1859765
2025-08-14,1562.5,1574.8,1552.0,1564.0,2535958
2025-08-18,1566.2,1572.8,1557.5,1565.2,1783835
2025-08-19,1565.2,1568.7,1546.1,1548.9,898746
2025-08-20,1539.2,1556.9,1533.4,1546.1,936556
2025-08-21,1540.1,1596.0,1538.7,1592.8,1698280
2025-08-22,1590.0,1602.0,1585.0,1592.8,1574526
2025-08-25,1594.0,1607.8,1592.0,1601.2,1298471
2025-08-26,1604.0,1604.1,1573.0,1579.8,2332380
2025-08-28,1594.0,1594.0,1568.7,1580.3,1903230
2025-08-29,1578.5,1596.4,1567.8,1589.4,1342344
2025-09-01,1589.4,1598.0,1583.0,1587.2,783524
2025-09-02,1587.0,1593.0,1563.3,1569.2,1161872
2025-09-03,1570.0,1596.4,1569.0,1578.4,1160380
2025-09-04,1599.0,1599.0,1573.7,1577.8,614470
2025-09-05,1577.8,1585.6,1550.0,1553.4,701865
2025-09-08,1554.5,1564.9,1538.9,1541.2,588546
2025-09-09,1541.2,1555.2,1533.1,1551.6,788242
2025-09-10,1555.0,1571.0,1553.9,1563.8,718311
2025-09-11,1563.5,1570.5,1554.1,1560.8,732911
2025-09-12,1562.1,1578.3,1562.1,1574.6,785508
2025-09-15,1568.0,1579.8,1546.1,1548.3,758979
2025-09-16,1556.0,1560.2,1550.0,1559.0,471395
2025-09-17,1556.0,1562.5,1549.1,1559.6,785651
2025-09-18,1560.0,1580.0,1556.4,1578.2,874860
2025-09-19,1581.0,1584.9,1557.5,1575.8,1464121
2025-09-22,1575.0,1583.2,1540.0,1542.2,1257495
2025-09-23,1542.2,1550.7,1517.5,1527.1,1487350
2025-09-24,1527.0,1542.5,1520.3,1538.0,943785
2025-09-25,1538.0,1544.8,1505.4,1509.7,2502680
2025-09-26,1495.6,1504.9,1475.2,1499.4,2653841
2025-09-29,1506.9,1527.3,1485.3,1488.0,1778220
2025-09-30,1488.1,1506.6,1488.1,1503.3,1040806
2025-10-01,1505.0,1517.4,1498.4,1513.0,1000285
2025-10-03,1522.0,1537.8,1509.5,1517.7,1070489
2025-10-06,1511.0,1520.0,1497.8,1513.1,772031
2025-10-07,1514.9,1522.0,1506.2,1513.3,834623
2025-10-08,1512.0,1519.3,1490.8,1494.6,1068066
2025-10-09,1510.0,1516.7,1499.3,1513.1,878167
2025-10-10,1513.0,1569.0,1506.9,1561.8,1495524
2025-10-13,1559.0,1566.9,1550.1,1563.6,671620
2025-10-14,1563.0,1566.1,1537.1,1552.3,1056222
2025-10-15,1550.0,1564.8,1546.0,1558.7,1638237
2025-10-16,1559.0,1572.0,1555.1,1569.4,989785
2025-10-17,1565.3,1582.1,1558.4,1577.6,1222051
2025-10-20,1590.0,1647.0,1577.9,1639.1,3372906
2025-10-21,1646.7,1669.0,1642.1,1663.6,709223
2025-10-23,1665.0,1673.0,1638.1,1645.1,2150725
2025-10-24,1625.1,1625.1,1581.1,1584.4,2941997
2025-10-27,1585.0,1593.8,1575.2,1584.0,1213749
2025-10-28,1585.8,1589.9,1562.1,1568.1,1489133
2025-10-29,1575.0,1588.0,1571.7,1581.1,898965
2025-10-30,1587.0,1593.3,1504.0,1540.1,4053965
2025-10-31,1510.1,1529.4,1500.0,1501.3,3365093
2025-11-03,1502.9,1514.9,1490.3,1511.5,1505905
2025-11-04,1511.5,1524.0,1498.1,1503.3,1590643
2025-11-06,1510.8,1512.9,1498.0,1501.5,1596245
2025-11-07,1500.0,1510.0,1491.6,1505.7,1037508
2025-11-10,1510.0,1516.7,1503.9,1511.5,1143959
2025-11-11,1511.3,1517.5,1506.1,1514.9,850772
2025-11-12,1514.9,1528.1,1514.1,1519.3,1179131
2025-11-13,1520.0,1534.9,1515.4,1525.8,1217362
2025-11-14,1526.9,1534.4,1522.0,1532.1,810970
2025-11-17,1537.5,1538.4,1526.5,1535.6,912322
2025-11-18,1530.0,1535.0,1512.1,1514.5,747913
2025-11-19,1511.4,1529.6,1505.4,1526.8,1171078
2025-11-20,1526.9,1534.8,1519.4,1529.2,896750
2025-11-21,1521.1,1527.0,1507.7,1511.8,1126820
2025-11-24,1515.0,1524.8,1500.0,1504.0,2801854
2025-11-25,1500.2,1522.7,1500.2,1507.5,908386
2025-11-26,1505.0,1525.5,1505.0,1523.8,1087736
2025-11-27,1523.8,1531.5,1520.1,1525.2,810411
2025-11-28,1525.2,1535.8,1520.6,1531.3,991042
2025-12-01,1532.0,1536.3,1517.5,1523.1,1010599
2025-12-02,1520.0,1531.5,1513.2,1516.6,1760512
2025-12-03,1516.7,1522.8,1495.1,1508.0,1034323
2025-12-04,1503.1,1525.7,1503.1,1521.0,726473
2025-12-05,1525.0,1528.0,1513.6,1520.8,813485
2025-12-08,1515.1,1520.5,1494.3,1497.6,1263559
2025-12-09,1497.6,1502.4,1486.5,1490.6,1646840
2025-12-10,1492.0,1505.7,1484.8,1490.9,1316274
2025-12-11,1492.0,1513.4,1492.0,1512.3,606130
2025-12-12,1520.0,1524.7,1510.2,1517.4,1054050
2025-12-15,1505.0,1515.5,1498.0,1508.0,855508
2025-12-16,1500.0,1508.9,1496.1,1499.6,789492
2025-12-17,1497.6,1505.3,1491.0,1496.9,1000116
2025-12-18,1494.8,1511.0,1493.7,1498.9,974170
2025-12-19,1495.5,1520.1,1495.5,1517.1,769045
2025-12-22,1513.0,1522.5,1508.2,1512.9,757496
2025-12-23,1520.4,1522.0,1498.3,1500.7,826988
2025-12-24,1502.5,1508.0,1490.2,1496.3,1022767
2025-12-26,1496.3,1510.9,1494.0,1506.0,951555
2025-12-29,1506.0,1514.5,1492.0,1494.0,1077645
2025-12-30,1494.0,1498.7,1475.9,1492.5,1993298
2025-12-31,1492.5,1513.6,1490.1,1511.3,883966
2026-01-01,1512.0,1512.0,1499.0,1500.9,228078
2026-01-02,1500.9,1517.8,1498.6,1511.6,964611
2026-01-05,1511.0,1525.0,1507.2,1519.8,1532549
2026-01-06,1519.8,1539.7,1519.8,1530.8,1614326
2026-01-07,1516.0,1516.0,1455.0,1467.9,5076416
2026-01-08,1467.9,1469.3,1458.0,1460.6,2651011
2026-01-09,1464.7,1468.3,1456.1,1465.7,1804271
2026-01-12,1464.0,1467.5,1444.2,1465.2,2380033
2026-01-13,1460.0,1469.4,1436.6,1448.3,1909873
2026-01-14,1443.8,1449.8,1425.7,1434.5,1775529
2026-01-16,1379.0,1409.5,1367.2,1397.5,4333315
2026-01-19,1396.5,1398.1,1371.9,1392.3,1653550
2026-01-20,1392.3,1395.9,1375.4,1378.4,2040403
2026-01-21,1378.4,1398.4,1363.8,1369.6,2306655
2026-01-22,1381.2,1384.5,1366.7,1370.4,1536604
2026-01-23,1372.2,1385.9,1303.0,1315.0,6590032
2026-01-27,1300.0,1323.5,1281.7,1313.0,4109525
2026-01-28,1313.0,1334.7,1310.1,1328.4,1535898
2026-01-29,1325.0,1327.6,1307.0,1320.9,2099306
2026-01-30,1319.0,1329.9,1314.4,1324.0,2157826
2026-02-01,1328.5,1343.0,1308.7,1328.9,1117982
2026-02-02,1330.0,1333.0,1293.1,1311.6,1832963
2026-02-03,1365.0,1381.3,1319.6,1322.8,2711571
2026-02-04,1322.8,1335.1,1315.8,1326.7,1590247
2026-02-05,1335.9,1335.9,1321.0,1333.3,999810
2026-02-06,1328.0,1335.7,1316.5,1330.0,1457970
2026-02-09,1338.0,1352.0,1328.0,1342.5,1936551
2026-02-10,1349.7,1358.0,1337.0,1342.1,1053439
2026-02-11,1342.1,1352.4,1335.0,1349.9,830695
2026-02-12,1349.9,1350.0,1321.6,1330.0,1613374
2026-02-13,1328.0,1336.1,1315.8,1331.5,1236946
2026-02-16,1331.0,1358.0,1327.5,1356.4,1616868
2026-02-17,1350.0,1356.0,1340.1,1343.9,1413727
2026-02-18,1350.8,1352.9,1338.1,1349.8,1119159
2026-02-19,1349.8,1357.0,1323.7,1328.9,587384
2026-02-20,1328.9,1342.9,1324.3,1341.1,1551722
2026-02-23,1335.9,1335.9,1308.8,1326.5,2435610
